event_id,station,magnitude,mag_type,mw_estimate,epicentral_distance_km,hypocentral_distance_km,vs30_ms,nehrp_site_class,pga_g,pgv_cms,sa_g_0_1s,sa_g_0_2s,sa_g_0_5s,sa_g_1_0s,sa_g_2_0s,arias_intensity_ms,cav_ms,duration_5_95_sec,pga_rotd50_g,pga_geomean_g,pgv_rotd50_cms,pgv_geomean_cms,sa_rotd50_g_0_1s,sa_rotd50_g_0_2s,sa_rotd50_g_0_5s,sa_rotd50_g_1_0s,sa_rotd50_g_2_0s,time_utc
quakeml:eu.emsc/event/20140524_0000027,UKOP,5.0,mb,,86.3,86.32,342.0,D,0.00077,0.1384,0.00143,0.00288,0.00087,0.00026,0.00034,1.7e-05,0.0981,154.89,0.00076,0.00074,0.1313,0.1379,0.00154,0.00254,0.0008,0.00024,0.00032,2014-05-24 09:31:18.800000+00:00
quakeml:eu.emsc/event/20140524_0000027,TKR,5.0,mb,,124.46,124.48,449.0,C,0.00158,0.1087,0.00298,0.0064,0.0024,0.00037,0.00018,4.4e-05,0.1252,154.9,0.00158,0.00143,0.1001,0.1051,0.00287,0.00507,0.00183,0.00039,0.00019,2014-05-24 09:31:18.800000+00:00
quakeml:eu.emsc/event/20140524_0000027,GONE,5.0,mb,,125.67,125.69,440.0,C,0.00021,0.0622,0.00041,0.00068,0.00015,7e-05,8e-05,2e-06,0.0334,171.56,0.00019,0.00019,0.054,0.0529,0.00043,0.00042,0.0003,0.00013,0.00012,2014-05-24 09:31:18.800000+00:00
quakeml:eu.emsc/event/20180814_0000155,SINP,4.5,m,,95.72,96.24,276.0,D,0.00011,0.002,9e-05,7e-05,1e-05,1e-05,0.0,1e-06,0.0337,163.6,8e-05,8e-05,0.0017,0.0016,0.00012,0.00013,1e-05,1e-05,1e-05,2018-08-14 12:24:07.200000+00:00
quakeml:eu.emsc/event/20191212_0000017,DATC,4.9,mb,,220.68,220.7,436.0,C,0.00172,0.0341,0.00497,0.0009,0.00033,0.00022,8e-05,0.000209,0.3733,158.04,0.0015,0.00146,0.0187,0.0186,0.00133,0.00045,0.00054,0.00036,0.00013,2019-12-12 03:05:44.800000+00:00
quakeml:eu.emsc/event/20191212_0000017,DIDI,4.9,mb,,262.8,262.82,316.0,D,0.00046,0.0109,0.00073,0.00031,0.00011,9e-05,7e-05,7.2e-05,0.2568,176.59,0.00024,0.00025,0.0101,0.0101,0.00016,0.00012,0.0002,0.00012,6e-05,2019-12-12 03:05:44.800000+00:00
quakeml:eu.emsc/event/20201030_0000093,CESE,4.8,ml,4.54,42.29,45.58,410.0,C,0.0008,0.1191,0.00152,0.00301,0.0007,0.00056,0.00021,1.6e-05,0.1025,155.93,0.00075,0.00069,0.1151,0.112,0.0014,0.00216,0.00068,0.00041,0.00021,2020-10-30 11:56:04+00:00
quakeml:eu.emsc/event/20201030_0000093,KRBN,4.8,ml,4.54,64.9,67.09,843.0,B,0.00165,0.1543,0.00555,0.00627,0.00145,0.00123,0.00038,0.000381,0.4345,164.04,0.00167,0.00164,0.1488,0.1438,0.00539,0.00556,0.00121,0.00104,0.00035,2020-10-30 11:56:04+00:00
quakeml:eu.emsc/event/20201030_0000093,FOCM,4.8,ml,4.54,79.59,81.39,553.0,C,0.00076,0.1065,0.00282,0.00213,0.00043,0.00026,0.00023,1.6e-05,0.0916,152.06,0.00076,0.00073,0.1042,0.1023,0.0022,0.00225,0.00044,0.00025,0.0002,2020-10-30 11:56:04+00:00
quakeml:eu.emsc/event/20201030_0000093,DIDI,4.8,ml,4.54,92.39,93.94,316.0,D,0.00528,0.2523,0.0055,0.00633,0.00177,0.0004,0.00036,0.014918,3.6592,171.35,0.00317,0.00317,0.2297,0.2228,0.00338,0.00513,0.00276,0.00082,0.00065,2020-10-30 11:56:04+00:00
quakeml:eu.emsc/event/20230301_0000077,KHMN,4.9,m,,197.74,224.36,272.0,D,0.00029,0.0207,0.00053,0.0006,0.00032,0.00025,7e-05,2e-06,0.023,47.27,0.00028,0.00028,0.0192,0.0181,0.0005,0.00073,0.00047,0.00024,5e-05,2023-03-01 07:19:52.500000+00:00
quakeml:eu.emsc/event/20230301_0000077,KRTS,4.9,m,,320.76,337.82,313.0,D,0.00125,0.0484,0.00231,0.00494,0.00153,0.00031,6e-05,2.9e-05,0.0689,22.68,0.0012,0.00124,0.0464,0.0477,0.00242,0.00444,0.00143,0.00027,6e-05,2023-03-01 07:19:52.500000+00:00
smi:ISC/evid=616173852,YKAV,5.14,mb,,283.5,293.73,462.0,C,0.00012,0.0043,0.00019,0.00024,0.0001,5e-05,1e-05,1e-06,0.0309,173.23,0.0001,0.0001,0.0033,0.0036,0.00021,0.0002,9e-05,4e-05,1e-05,2019-07-31 04:40:03.280000+00:00
smi:ISC/evid=616173852,DATC,5.14,mb,,284.75,294.93,436.0,C,0.00116,0.0186,0.0012,0.00066,0.00043,0.00023,5e-05,9.3e-05,0.261,165.09,0.0011,0.00111,0.0154,0.0169,0.001,0.00057,0.00051,0.00024,5e-05,2019-07-31 04:40:03.280000+00:00
smi:ISC/evid=616173852,DIDI,5.14,mb,,301.18,310.82,316.0,D,0.0002,0.007,0.00041,0.00039,0.0001,8e-05,2e-05,3e-06,0.0398,113.26,0.00012,0.00011,0.0063,0.0063,0.00022,0.00028,0.00024,8e-05,2e-05,2019-07-31 04:40:03.280000+00:00
smi:ISC/evid=616173852,GMLD,5.14,mb,,348.0,356.38,289.0,D,0.0001,0.0095,0.00015,0.00017,0.00031,0.0001,2e-05,1e-06,0.0179,110.2,0.0001,9e-05,0.0073,0.0063,0.00015,0.00025,0.00024,7e-05,1e-05,2019-07-31 04:40:03.280000+00:00
smi:ISC/evid=618707167,ERCV,4.7,ms,,27.16,28.94,344.0,D,0.01584,1.0459,0.03949,0.03203,0.02446,0.01472,0.00284,0.004341,0.8569,23.97,0.01512,0.01392,0.8804,0.8845,0.0352,0.03317,0.02203,0.0127,0.00356,2020-04-03 05:43:20.910000+00:00
smi:ISC/evid=625729748,KRTS,5.0,mb,,68.98,70.59,313.0,D,0.01695,4.2631,0.01877,0.02097,0.02136,0.02635,0.0309,0.005523,1.2777,49.96,0.01405,0.01491,3.1428,3.3372,0.01675,0.02467,0.02115,0.02407,0.02194,2023-02-06 01:27:09.200000+00:00
smi:ISC/evid=625729748,SLFK,5.0,mb,,158.99,159.7,470.0,C,0.00238,0.3438,0.00304,0.00708,0.00621,0.00342,0.00241,0.000303,0.3568,86.58,0.00214,0.00225,0.2981,0.3128,0.00304,0.00614,0.00577,0.00338,0.00202,2023-02-06 01:27:09.200000+00:00
smi:ISC/evid=625729748,CMRD,5.0,mb,,194.63,195.21,426.0,C,0.00281,0.91,0.00318,0.00452,0.00869,0.00377,0.00258,0.000231,0.2624,42.06,0.00214,0.00216,0.6532,0.6299,0.00239,0.00372,0.00615,0.00376,0.00241,2023-02-06 01:27:09.200000+00:00
smi:ISC/evid=625729748,KHMN,5.0,mb,,205.69,206.24,272.0,D,0.16576,11.5681,0.18608,0.46299,0.23803,0.06433,0.07213,0.151526,5.5007,21.78,0.12068,0.11169,8.8587,8.2777,0.20572,0.33471,0.17298,0.05113,0.05839,2023-02-06 01:27:09.200000+00:00
smi:ISC/evid=642689049,TUNC,4.9,ml,4.61,176.52,176.65,558.0,C,0.0014,0.2742,0.00156,0.0028,0.00327,0.00174,0.00098,5.2e-05,0.1629,187.78,0.00136,0.00125,0.2652,0.2661,0.00152,0.00283,0.0034,0.0023,0.0008,2023-02-06 10:33:42+00:00
smi:ISC/evid=642689049,KYHL,4.9,ml,4.61,244.47,244.57,900.0,B,0.00115,0.2406,0.00136,0.00135,0.00346,0.00117,0.00031,2.2e-05,0.0891,183.33,0.00092,0.00095,0.238,0.2354,0.00106,0.00109,0.00307,0.00089,0.00029,2023-02-06 10:33:42+00:00
smi:ISC/evid=642689049,CMRD,4.9,ml,4.61,256.69,256.78,426.0,C,0.0002,0.112,0.00022,0.00036,0.00033,0.00048,0.00017,4e-06,0.0521,186.88,0.00016,0.00018,0.1044,0.1013,0.0002,0.00025,0.00039,0.00024,0.00019,2023-02-06 10:33:42+00:00
smi:ISC/evid=642689050,TUNC,4.56,mb,,178.04,178.32,558.0,C,0.00037,0.0356,0.00046,0.0009,0.00075,0.00035,0.0001,5e-06,0.0573,156.33,0.00029,0.0003,0.032,0.034,0.00039,0.00076,0.00078,0.00032,9e-05,2023-02-06 10:43:25.640000+00:00
smi:ISC/evid=642689050,KRTS,4.56,mb,,237.82,238.03,313.0,D,0.00017,0.0251,0.00017,9e-05,6e-05,3e-05,3e-05,1e-06,0.0248,167.74,0.00014,0.00014,0.0234,0.0243,0.00014,0.00017,0.00011,8e-05,7e-05,2023-02-06 10:43:25.640000+00:00
smi:ISC/evid=642709488,KHMN,4.7,mw,4.7,160.9,161.06,272.0,D,0.01113,0.2732,0.03717,0.0161,0.00307,0.00094,0.00096,0.004564,1.8347,182.17,0.01058,0.00994,0.2144,0.213,0.03157,0.0121,0.00262,0.00103,0.00072,2023-02-06 01:33:30+00:00
smi:ISC/evid=642709488,TUNC,4.7,mw,4.7,194.8,194.93,558.0,C,0.00048,0.1385,0.00079,0.00138,0.00102,0.00018,0.00024,1e-05,0.074,138.89,0.00046,0.00048,0.1201,0.1148,0.00085,0.00143,0.001,0.00021,0.00024,2023-02-06 01:33:30+00:00
smi:ISC/evid=642817752,YKAV,4.6,mb,,159.71,160.02,462.0,C,6e-05,0.0026,0.0001,0.00011,8e-05,3e-05,1e-05,1e-06,0.0225,166.9,5e-05,4e-05,0.0026,0.0023,8e-05,0.0001,7e-05,3e-05,1e-05,2025-02-03 07:36:26+00:00
smi:ISC/evid=642817752,DIDI,4.6,mb,,166.5,166.8,316.0,D,0.00047,0.0058,0.00012,0.00014,8e-05,4e-05,2e-05,9.8e-05,0.3067,175.79,0.00013,0.00012,0.005,0.0053,0.00013,0.00023,0.00017,5e-05,1e-05,2025-02-03 07:36:26+00:00
smi:ISC/evid=642817752,BODA,4.6,mb,,170.25,170.54,600.0,C,0.00013,0.0022,0.00027,5e-05,2e-05,1e-05,0.0,3e-06,0.0474,173.07,8e-05,7e-05,0.0023,0.0021,0.00018,0.00023,4e-05,1e-05,0.0,2025-02-03 07:36:26+00:00
smi:ISC/evid=642817752,DATC,4.6,mb,,187.23,187.5,436.0,C,0.00021,0.003,0.00024,0.0001,5e-05,3e-05,2e-05,2.5e-05,0.1587,176.4,4e-05,4e-05,0.0023,0.0021,5e-05,7e-05,6e-05,3e-05,1e-05,2025-02-03 07:36:26+00:00
smi:ISC/evid=642817752,CESE,4.6,mb,,191.65,191.91,410.0,C,0.00011,0.0042,4e-05,2e-05,2e-05,1e-05,1e-05,2e-06,0.0254,129.84,9e-05,7e-05,0.0016,0.0016,3e-05,3e-05,3e-05,1e-05,1e-05,2025-02-03 07:36:26+00:00
smi:ISC/evid=642817768,YKAV,4.8,mb,,158.41,158.41,462.0,C,0.0003,0.022,0.00043,0.00068,0.00058,0.00035,6e-05,2e-06,0.0371,137.15,0.00022,0.0002,0.0162,0.0177,0.00034,0.00055,0.0005,0.00029,9e-05,2025-02-04 02:46:04.910000+00:00
smi:ISC/evid=642817768,DIDI,4.8,mb,,167.64,167.64,316.0,D,0.00056,0.0478,0.00061,0.00109,0.0016,0.00065,0.00013,1.3e-05,0.0864,150.74,0.00053,0.00053,0.0433,0.0405,0.0006,0.00109,0.00135,0.00058,0.00016,2025-02-04 02:46:04.910000+00:00
smi:ISC/evid=642817768,BODA,4.8,mb,,167.76,167.76,600.0,C,0.00019,0.011,0.00021,0.00079,0.00032,0.00018,6e-05,1e-06,0.022,114.46,0.00017,0.00017,0.0104,0.0101,0.00022,0.00075,0.00024,0.00015,5e-05,2025-02-04 02:46:04.910000+00:00
smi:ISC/evid=642817768,DATC,4.8,mb,,182.06,182.06,436.0,C,0.00036,0.0197,0.00031,0.00026,0.00032,0.00027,0.00019,4.7e-05,0.2115,176.49,0.00016,0.00016,0.0187,0.0193,0.0002,0.00031,0.00037,0.00031,0.00014,2025-02-04 02:46:04.910000+00:00
smi:ISC/evid=642817768,GMLD,4.8,mb,,200.62,200.62,289.0,D,0.00148,0.0491,0.0008,0.00147,0.00178,0.0005,0.00011,0.000501,0.6323,176.64,0.00133,0.00131,0.0451,0.0449,0.00091,0.00148,0.00189,0.00045,0.0001,2025-02-04 02:46:04.910000+00:00
smi:ISC/evid=642850876,YKAV,4.9,mb,,163.58,169.84,462.0,C,0.00022,0.0177,0.0003,0.00037,0.0002,0.00026,8e-05,2e-06,0.0423,162.89,0.00021,0.00022,0.018,0.0154,0.00035,0.00058,0.00035,0.00028,0.0001,2025-02-12 01:14:58.960000+00:00
smi:ISC/evid=642850876,BODA,4.9,mb,,172.4,178.35,600.0,C,0.00021,0.017,0.00027,0.00087,0.00018,0.0002,7e-05,1e-06,0.0239,95.22,0.00018,0.00019,0.013,0.0126,0.00024,0.00084,0.00018,0.00016,5e-05,2025-02-12 01:14:58.960000+00:00
smi:ISC/evid=642850876,DATC,4.9,mb,,185.36,190.91,436.0,C,0.00167,0.027,0.00102,0.00034,0.00023,0.00031,0.00015,0.000218,0.372,180.43,0.00165,0.00149,0.0241,0.0229,0.00095,0.00033,0.00026,0.00035,0.00015,2025-02-12 01:14:58.960000+00:00
smi:ISC/evid=642850876,GMLD,4.9,mb,,208.24,213.2,289.0,D,0.00034,0.025,0.00047,0.00094,0.00089,0.00049,0.0001,4e-06,0.0415,69.14,0.00032,0.00031,0.0221,0.0223,0.00049,0.00092,0.00082,0.0004,8e-05,2025-02-12 01:14:58.960000+00:00
smi:ISC/evid=643506483,NAZL,5.4,mb,,397.96,400.53,605.0,C,7e-05,0.0035,4e-05,4e-05,7e-05,6e-05,3e-05,1e-06,0.0225,174.74,6e-05,6e-05,0.0033,0.0034,6e-05,4e-05,6e-05,6e-05,3e-05,2025-06-03 11:26:36.830000+00:00
smi:ISC/evid=643600095,DATC,5.03,mb,,209.95,210.42,436.0,C,0.00061,0.062,0.00058,0.0007,0.00111,0.00059,0.0002,2.7e-05,0.142,158.54,0.00054,0.00057,0.0522,0.0501,0.00053,0.00093,0.00139,0.0009,0.0002,2025-07-07 17:46:06.550000+00:00
smi:ISC/evid=643600095,DIDI,5.03,mb,,264.46,264.84,316.0,D,0.00054,0.0188,0.00042,0.00024,0.00016,0.00018,0.0001,1.5e-05,0.1088,177.41,0.0002,0.00021,0.0187,0.0184,0.00015,0.00022,0.00039,0.00027,0.00014,2025-07-07 17:46:06.550000+00:00
smi:ISC/evid=643600095,CAME,5.03,mb,,315.87,316.18,469.0,C,0.0001,0.006,0.00019,0.00026,0.00016,9e-05,6e-05,1e-06,0.0242,154.24,9e-05,9e-05,0.0053,0.0056,0.00015,0.00023,0.00015,9e-05,5e-05,2025-07-07 17:46:06.550000+00:00
smi:ISC/evid=643600095,DEMR,5.03,mb,,319.05,319.36,861.0,B,5e-05,0.0071,3e-05,4e-05,5e-05,5e-05,4e-05,0.0,0.0188,177.49,5e-05,5e-05,0.0065,0.0053,3e-05,5e-05,5e-05,6e-05,5e-05,2025-07-07 17:46:06.550000+00:00
smi:ISC/evid=644547991,BALB,5.9,ms,,41.1,42.3,463.0,C,0.01874,1.7609,0.0257,0.04915,0.03179,0.01362,0.00752,0.003638,0.7667,20.38,0.01613,0.01725,1.6421,1.4978,0.02356,0.0472,0.03089,0.01386,0.00796,2025-10-27 19:48:29.300000+00:00
smi:ISC/evid=644547991,GORD,5.9,ms,,45.94,47.02,662.0,C,0.04091,3.8222,0.05564,0.05406,0.08579,0.05748,0.01466,0.019592,1.4931,13.76,0.03475,0.03547,3.9603,3.5272,0.04791,0.05044,0.07737,0.06393,0.0144,2025-10-27 19:48:29.300000+00:00
smi:ISC/evid=644547991,SOMA,5.9,ms,,47.6,48.64,798.0,B,0.01816,2.7488,0.04352,0.03826,0.02929,0.01286,0.00852,0.004332,0.7995,20.99,0.01854,0.01774,2.0465,2.1453,0.03817,0.05013,0.02561,0.02466,0.01103,2025-10-27 19:48:29.300000+00:00
smi:ISC/evid=644547991,AKS,5.9,ms,,52.16,53.11,541.0,C,0.02178,1.7008,0.06511,0.05388,0.04595,0.00991,0.00526,0.007907,0.9882,15.26,0.02154,0.01986,1.6293,1.5917,0.05793,0.04396,0.03758,0.01082,0.00549,2025-10-27 19:48:29.300000+00:00
smi:ISC/evid=644682322,SMAA,4.8,ml,4.54,49.25,256.77,275.0,D,7e-05,0.0042,0.00018,6e-05,3e-05,5e-05,1e-05,0.0,0.0185,175.27,4e-05,4e-05,0.0042,0.004,9e-05,4e-05,8e-05,9e-05,3e-05,2025-02-06 02:54:24.100000+00:00
smi:ISC/evid=644682322,GOMA,4.8,ml,4.54,60.04,259.05,636.0,C,5e-05,0.0033,6e-05,8e-05,8e-05,2e-05,1e-05,0.0,0.0054,85.83,5e-05,5e-05,0.0035,0.0031,5e-05,8e-05,0.00012,3e-05,1e-05,2025-02-06 02:54:24.100000+00:00
smi:ISC/evid=644682322,SHAP,4.8,ml,4.54,70.48,261.67,496.0,C,0.00017,0.0011,5e-05,2e-05,2e-05,1e-05,0.0,3e-06,0.0474,153.76,0.00016,0.00015,0.0011,0.001,5e-05,2e-05,1e-05,1e-05,0.0,2025-02-06 02:54:24.100000+00:00
us10001rdw,DATC,5.2,mww,5.2,149.29,163.62,436.0,C,0.00188,0.1105,0.00288,0.0063,0.00333,0.00085,0.00064,5.5e-05,0.1346,86.65,0.00168,0.00173,0.1024,0.1005,0.00252,0.0058,0.00315,0.00075,0.00045,2015-03-27 23:34:54.300000+00:00
us10001rdw,YKAV,5.2,mww,5.2,168.09,180.94,462.0,C,0.00038,0.0218,0.00063,0.00077,0.00078,0.00023,0.0001,6e-06,0.0618,155.53,0.00032,0.00031,0.0214,0.0182,0.00059,0.00072,0.00059,0.0002,8e-05,2015-03-27 23:34:54.300000+00:00
us10001rdw,MRSB,5.2,mww,5.2,180.28,192.31,732.0,C,0.00148,0.0606,0.00243,0.00407,0.00219,0.00018,6e-05,4.4e-05,0.1354,110.51,0.00127,0.00135,0.0544,0.0549,0.0025,0.00415,0.00217,0.00017,6e-05,2015-03-27 23:34:54.300000+00:00
us10001udq,YKAV,4.5,mb,,204.74,205.41,462.0,C,0.00033,0.0045,0.00011,4e-05,4e-05,2e-05,1e-05,7e-06,0.0729,172.34,0.00027,0.00026,0.0032,0.0036,9e-05,4e-05,4e-05,3e-05,1e-05,2015-04-06 16:42:31.550000+00:00
us10002l9m,ERCV,4.5,mwr,4.5,39.43,39.75,344.0,D,0.00708,0.2732,0.02339,0.00915,0.00301,0.00169,0.00029,0.000341,0.2069,18.96,0.00474,0.00514,0.23,0.2521,0.01128,0.01492,0.00999,0.00208,0.00078,2015-06-23 22:35:20.120000+00:00
us10002lbs,DIDI,4.8,mb,,82.77,168.87,316.0,D,0.00077,0.0154,0.00105,0.00062,0.00011,9e-05,5e-05,8.6e-05,0.2585,182.09,0.00049,0.00048,0.0163,0.0152,0.00032,0.00022,0.00041,0.00019,6e-05,2015-06-24 08:37:15.210000+00:00
us10002w89,SLFK,4.9,mwr,4.9,94.26,98.8,470.0,C,0.00755,0.3233,0.01856,0.03259,0.00677,0.00182,0.00029,0.000789,0.3078,21.04,0.00771,0.00735,0.2806,0.2944,0.01692,0.03023,0.00629,0.00129,0.00027,2015-07-29 22:00:55.810000+00:00
us1000339b,KEMT,5.0,mww,5.0,124.99,133.63,454.0,C,0.00103,0.0486,0.00127,0.00194,0.0024,0.0003,8e-05,2.6e-05,0.0783,33.88,0.00086,0.00091,0.046,0.0473,0.00126,0.00161,0.00229,0.00028,7e-05,2015-08-18 21:19:44.530000+00:00
us1000339b,DEMR,5.0,mww,5.0,140.57,148.3,861.0,B,0.00014,0.0154,0.00017,0.00024,0.00021,0.00017,7e-05,2e-06,0.0376,168.3,0.00012,0.00011,0.0117,0.0131,0.00013,0.00025,0.00028,0.00019,0.00011,2015-08-18 21:19:44.530000+00:00
us10003ksq,DEMR,5.2,mww,5.2,7.65,23.67,861.0,B,0.01447,0.9461,0.03153,0.02891,0.01329,0.00281,0.00085,0.001543,0.3543,11.19,0.01174,0.01119,0.6932,0.6656,0.01513,0.01803,0.01707,0.01009,0.00236,2015-10-06 21:27:33+00:00
us10003ksq,KEMT,5.2,mww,5.2,76.43,79.64,454.0,C,0.01119,0.84,0.01368,0.01645,0.04376,0.00549,0.00095,0.002738,0.5745,19.62,0.00959,0.00915,0.6819,0.6108,0.01125,0.01629,0.03567,0.00524,0.00088,2015-10-06 21:27:33+00:00
us100041yx,ARPRA,4.9,mb,,59.89,60.72,773.0,B,0.00529,0.3127,0.01616,0.01612,0.00407,0.0022,0.00221,0.000486,0.2699,23.84,0.00469,0.00469,0.3313,0.303,0.01526,0.01431,0.00443,0.00376,0.0021,2015-11-29 00:28:11.870000+00:00
us100062vt,HOPA,4.8,mwr,4.8,227.29,227.51,588.0,C,0.00109,0.0415,0.0018,0.0033,0.00037,0.00014,4e-05,1.2e-05,0.0543,40.27,0.00098,0.00099,0.0371,0.0362,0.00147,0.00331,0.00051,0.00014,5e-05,2016-07-12 10:14:01.910000+00:00
us10006ndm,KRBN,4.6,mb,,209.54,272.97,843.0,B,0.00022,0.002,1e-05,1e-05,1e-05,1e-05,0.0,3.3e-05,0.1821,180.41,8e-05,7e-05,0.002,0.002,1e-05,1e-05,1e-05,2e-05,1e-05,2016-09-09 17:24:20.990000+00:00
us10006ndm,FOCM,4.6,mb,,228.08,287.45,553.0,C,8e-05,0.0015,2e-05,1e-05,1e-05,1e-05,1e-05,1e-06,0.019,178.85,7e-05,8e-05,0.0014,0.0015,2e-05,1e-05,1e-05,1e-05,1e-05,2016-09-09 17:24:20.990000+00:00
us10006nzz,AKS,4.5,mb,,6.23,11.78,541.0,C,0.05355,1.2602,0.1277,0.08699,0.02114,0.0053,0.00085,0.013414,0.6826,4.11,0.04744,0.03678,1.1601,1.1116,0.11083,0.07352,0.02287,0.00785,0.00098,2016-09-12 08:26:04.930000+00:00
us10006nzz,GOMA,4.5,mb,,26.08,27.93,636.0,C,0.00492,0.2408,0.00934,0.0172,0.00754,0.00217,0.00062,0.000189,0.1259,9.73,0.00464,0.00466,0.2351,0.2339,0.00905,0.01416,0.0086,0.00208,0.00051,2016-09-12 08:26:04.930000+00:00
us100085uc,GPNR,4.6,mwr,4.6,7.26,11.3,665.0,C,0.12208,6.2331,0.23793,0.2262,0.08038,0.01211,0.00199,0.032076,0.8778,1.77,0.10594,0.10818,4.6627,4.3526,0.18144,0.2349,0.13147,0.02206,0.00554,2017-02-28 23:27:33.770000+00:00
us100085uc,CANM,4.6,mwr,4.6,96.25,96.64,287.0,D,0.00283,0.1992,0.00457,0.00921,0.00751,0.00134,0.00028,8.1e-05,0.1014,13.2,0.00222,0.00204,0.1537,0.1341,0.00374,0.00674,0.00608,0.00096,0.0002,2017-02-28 23:27:33.770000+00:00
us10008d42,BASM,4.5,mb,,92.54,93.08,395.0,C,0.00015,0.0116,0.00022,0.00035,0.00032,0.00018,3e-05,1e-06,0.0234,157.6,0.00014,0.00014,0.0117,0.0107,0.00023,0.00036,0.00031,0.00021,3e-05,2017-03-29 18:10:45.770000+00:00
us10008d42,SEYD,4.5,mb,,112.03,112.48,382.0,C,9e-05,0.005,0.00011,0.00022,0.00017,5e-05,1e-05,1e-06,0.0201,167.93,9e-05,9e-05,0.0045,0.0045,0.00011,0.00022,0.00018,4e-05,1e-05,2017-03-29 18:10:45.770000+00:00
us10008hbd,CAME,5.0,mwr,5.0,57.88,58.74,469.0,C,0.00081,0.1141,0.00093,0.00218,0.00119,0.00058,0.00038,1.1e-05,0.0559,44.71,0.00061,0.00063,0.0877,0.0772,0.00086,0.00164,0.0011,0.00063,0.00058,2017-04-13 16:22:16.250000+00:00
us10008ji3,SMAA,5.0,mb,,37.35,38.67,275.0,D,0.0101,0.7901,0.0201,0.02506,0.01626,0.01193,0.00617,0.001851,0.5157,18.86,0.00919,0.00857,0.7487,0.639,0.02047,0.02321,0.01297,0.01012,0.00531,2017-04-21 13:09:22.060000+00:00
us10008ji3,KHL,5.0,mb,,64.13,64.9,448.0,C,0.00261,0.0905,0.00547,0.00469,0.00295,0.00029,0.00011,6.3e-05,0.0855,14.38,0.00248,0.0026,0.0883,0.0888,0.00529,0.00472,0.00225,0.00031,0.00011,2017-04-21 13:09:22.060000+00:00
us10008vt5,GOMA,5.1,mwr,5.1,10.92,14.81,636.0,C,0.04822,2.5497,0.07328,0.06755,0.10973,0.01475,0.00471,0.012111,0.7643,7.99,0.04093,0.04328,2.0543,1.8642,0.06951,0.07748,0.08329,0.0142,0.00403,2017-05-27 15:53:24.250000+00:00
us10008vt5,AKS,5.1,mwr,5.1,11.78,15.45,541.0,C,0.02987,2.1696,0.0546,0.07732,0.1016,0.02291,0.00585,0.009377,0.7027,7.68,0.0276,0.02559,1.9748,1.7462,0.04914,0.07712,0.0868,0.01695,0.00572,2017-05-27 15:53:24.250000+00:00
us1000bvut,FOCM,4.6,mb,,14.52,17.63,553.0,C,0.02003,0.702,0.04686,0.0305,0.00899,0.00512,0.00079,0.002642,0.3964,8.56,0.01769,0.0189,0.678,0.68,0.05633,0.02638,0.0108,0.00565,0.00111,2017-12-25 05:13:51.270000+00:00
us1000bvut,CAND,4.6,mb,,41.71,42.89,568.0,C,0.00587,0.2615,0.00955,0.0126,0.00506,0.00099,0.00022,0.000275,0.1826,18.71,0.00574,0.00574,0.2485,0.2551,0.01005,0.01231,0.00653,0.00193,0.0003,2017-12-25 05:13:51.270000+00:00
us1000bvut,CESE,4.6,mb,,47.33,48.37,410.0,C,0.00262,0.163,0.00609,0.00429,0.00224,0.00105,0.00026,6.9e-05,0.0889,16.71,0.00249,0.00259,0.1198,0.1174,0.00492,0.0043,0.00316,0.00139,0.0004,2017-12-25 05:13:51.270000+00:00
us1000dr1j,KHMN,5.2,mww,5.2,121.85,122.26,272.0,D,0.00227,0.1565,0.00519,0.00579,0.00354,0.00094,0.00055,8.6e-05,0.1391,36.61,0.00226,0.00224,0.1276,0.1389,0.00638,0.00527,0.00353,0.00128,0.00062,2018-04-24 00:34:31.180000+00:00
us1000ezck,ERCV,4.6,mb,,100.59,101.09,344.0,D,0.00141,0.1001,0.00263,0.00411,0.00329,0.00098,0.00065,5.3e-05,0.1313,53.59,0.00133,0.00133,0.1015,0.0912,0.0021,0.00351,0.00314,0.00099,0.00059,2018-06-23 03:50:06.150000+00:00
us1000gdb1,KHMN,5.1,mb,,71.05,71.75,272.0,D,0.00537,0.1554,0.01357,0.00937,0.00235,0.00121,0.00026,0.000303,0.376,136.69,0.00445,0.00403,0.1278,0.1286,0.0096,0.00759,0.0023,0.00097,0.00026,2018-08-19 15:22:14.240000+00:00
us1000h7gc,ALAN,4.5,mb,,71.82,100.59,822.0,B,0.00132,0.0324,0.00357,0.00221,0.00041,0.0001,2e-05,1e-05,0.0437,21.92,0.00112,0.0012,0.0295,0.0306,0.00326,0.00283,0.00038,7e-05,2e-05,2018-10-05 11:32:11.930000+00:00
us1000h7gc,MNVG,4.5,mb,,92.26,116.07,304.0,D,0.00038,0.0281,0.00087,0.00094,0.00022,4e-05,1e-05,3e-06,0.0384,159.2,0.00037,0.00036,0.0235,0.0182,0.00069,0.0009,0.0002,4e-05,2e-05,2018-10-05 11:32:11.930000+00:00
us1000h7gc,BOZY,4.5,mb,,119.4,138.62,276.0,D,0.00101,0.0224,0.00489,0.00135,0.0002,6e-05,1e-05,2e-05,0.1097,153.12,0.00092,0.00092,0.0218,0.0223,0.00364,0.00141,0.00017,5e-05,1e-05,2018-10-05 11:32:11.930000+00:00
us1000h7gc,SEYD,4.5,mb,,158.6,173.53,382.0,C,0.0001,0.0042,0.0001,0.00013,0.0001,2e-05,0.0,1e-06,0.0207,173.31,9e-05,9e-05,0.0035,0.0034,0.00016,0.00028,0.00011,3e-05,1e-05,2018-10-05 11:32:11.930000+00:00
us1000hwa8,MRSB,4.5,mwr,4.5,110.0,110.45,732.0,C,0.00019,0.0109,0.00023,0.00046,0.00041,8e-05,2e-05,2e-06,0.0276,113.19,0.00019,0.00018,0.0107,0.0106,0.00023,0.00043,0.00037,0.0001,2e-05,2018-11-25 02:40:12.270000+00:00
us1000hwa8,DATC,4.5,mwr,4.5,132.65,133.03,436.0,C,0.00062,0.0325,0.00052,0.00076,0.00064,0.00069,0.00011,4.5e-05,0.1824,162.78,0.00056,0.00058,0.0267,0.0254,0.00059,0.00061,0.00079,0.00061,0.0001,2018-11-25 02:40:12.270000+00:00
us1000jbx8,KEMT,4.5,mb,,123.62,130.57,454.0,C,0.00307,0.5832,0.00284,0.00223,0.00206,0.00159,0.00117,0.000151,0.3063,135.35,0.00217,0.00088,0.4124,0.089,0.00201,0.00158,0.00146,0.00112,0.00083,2019-03-07 16:25:39.870000+00:00
us1000jbx8,DEMR,4.5,mb,,129.76,136.4,861.0,B,3e-05,0.0026,5e-05,6e-05,6e-05,3e-05,1e-05,0.0,0.0045,102.46,3e-05,3e-05,0.0022,0.0022,4e-05,6e-05,5e-05,2e-05,1e-05,2019-03-07 16:25:39.870000+00:00
us1000jbx8,ALAN,4.5,mb,,137.12,143.42,822.0,B,0.00105,0.0517,0.00234,0.00346,0.00137,0.00013,3e-05,1.5e-05,0.0501,27.76,0.0011,0.001,0.0449,0.0399,0.00216,0.00352,0.00106,0.00012,2e-05,2019-03-07 16:25:39.870000+00:00
us1000jbx8,MNVG,4.5,mb,,137.68,143.96,304.0,D,0.00027,0.0111,0.00051,0.00094,0.00031,7e-05,2e-05,5e-06,0.0621,147.4,0.00025,0.00023,0.0103,0.0106,0.00049,0.00076,0.00038,8e-05,2e-05,2019-03-07 16:25:39.870000+00:00
us1000jj23,CAME,5.7,mww,5.7,55.46,56.03,469.0,C,0.00503,0.2578,0.00992,0.01938,0.00429,0.00188,0.00078,0.000423,0.262,22.45,0.00481,0.0048,0.2563,0.2459,0.00941,0.01819,0.00499,0.0021,0.00094,2019-03-20 06:34:27.835000+00:00
us1000jj23,BASM,5.7,mww,5.7,72.14,72.58,395.0,C,0.00519,0.6231,0.01007,0.00979,0.00927,0.00619,0.00187,0.00054,0.3732,41.81,0.00504,0.00515,0.4926,0.4944,0.01247,0.01074,0.00986,0.00639,0.00281,2019-03-20 06:34:27.835000+00:00
us1000jl8f,ARPRA,4.6,mb,,50.35,51.33,773.0,B,0.00768,0.229,0.01845,0.01704,0.00456,0.00183,0.00053,0.000641,0.2699,17.55,0.00755,0.00727,0.2279,0.2188,0.01873,0.01866,0.00533,0.00174,0.00042,2019-03-25 11:29:26.323000+00:00
us2000272w,YKAV,4.8,mb,,228.17,228.39,462.0,C,8e-05,0.0056,0.00013,0.00016,0.00014,8e-05,2e-05,0.0,0.0112,130.21,6e-05,5e-05,0.0049,0.0049,9e-05,0.00013,0.00019,6e-05,2e-05,2015-04-16 18:52:35.100000+00:00
us20002732,YKAV,5.0,mb,,231.9,232.12,462.0,C,5e-05,0.0052,0.00012,0.00014,7e-05,9e-05,2e-05,0.0,0.0108,160.56,5e-05,4e-05,0.0043,0.0047,9e-05,0.00011,8e-05,6e-05,3e-05,2015-04-16 19:02:12.040000+00:00
us2000277l,YKAV,5.3,mww,5.3,236.72,237.22,462.0,C,0.0002,0.0213,0.00022,0.00032,0.00088,0.00031,0.00011,2e-06,0.0266,73.15,0.00016,0.00017,0.02,0.021,0.00019,0.00027,0.00063,0.00026,0.00011,2015-04-17 02:05:40.330000+00:00
us200029kh,MRSB,4.5,mb,,225.91,226.13,732.0,C,9e-05,0.0038,8e-05,0.00011,0.00011,2e-05,1e-05,1e-06,0.0208,172.0,7e-05,7e-05,0.0038,0.0035,8e-05,0.00013,0.00012,2e-05,1e-05,2015-04-27 14:16:29.870000+00:00
us20002zr5,UKOP,4.8,mb,,98.84,99.32,342.0,D,0.00215,0.0935,0.00307,0.00696,0.00169,0.00056,0.00021,5.1e-05,0.0985,23.83,0.00203,0.0021,0.0906,0.0908,0.0029,0.00647,0.0017,0.00056,0.00031,2015-07-24 02:39:43.740000+00:00
us20002zr5,GONE,4.8,mb,,123.52,123.9,440.0,C,0.0009,0.0785,0.00221,0.00323,0.001,0.0014,0.00038,1.3e-05,0.0573,37.83,0.0009,0.00085,0.0734,0.073,0.00175,0.00248,0.00119,0.00115,0.00027,2015-07-24 02:39:43.740000+00:00
us20002zr5,TKR,4.8,mb,,132.71,133.07,449.0,C,0.00428,0.1356,0.00703,0.01291,0.00193,0.0004,0.0002,0.000194,0.1529,14.29,0.00386,0.00383,0.1312,0.1337,0.00896,0.0144,0.00183,0.00044,0.00021,2015-07-24 02:39:43.740000+00:00
us20002zt0,YKAV,5.1,mb,,62.82,154.01,462.0,C,0.00025,0.0384,0.00029,0.00032,0.00059,0.00041,0.0001,1e-06,0.0188,75.03,0.00021,0.0002,0.0282,0.0283,0.00023,0.00031,0.00046,0.00032,0.00011,2015-07-24 09:58:38.280000+00:00
us20002zt0,DIDI,5.1,mb,,84.07,163.83,316.0,D,0.00066,0.0453,0.00094,0.00068,0.00037,0.00032,0.00011,5.5e-05,0.2105,177.11,0.0005,0.0005,0.0427,0.0425,0.00045,0.00061,0.00098,0.00055,0.00021,2015-07-24 09:58:38.280000+00:00
us20003hpu,KRBN,4.7,mwr,4.7,42.25,42.54,843.0,B,0.00938,0.3605,0.01738,0.01932,0.01054,0.00232,0.00064,0.000533,0.2275,11.35,0.0081,0.00847,0.3085,0.3163,0.02222,0.02256,0.00953,0.0021,0.00054,2015-09-10 08:12:45+00:00
us20003hpu,FOCM,4.7,mwr,4.7,52.18,52.42,553.0,C,0.00405,0.1296,0.01094,0.00871,0.00272,0.00075,0.00036,0.000209,0.1502,13.18,0.00374,0.00368,0.1174,0.1193,0.01065,0.00956,0.00339,0.00066,0.00026,2015-09-10 08:12:45+00:00
us20003hpu,CAND,4.7,mwr,4.7,60.42,60.63,568.0,C,0.00929,0.4085,0.01632,0.01188,0.01416,0.00233,0.00038,0.000637,0.2244,8.73,0.00752,0.0076,0.3469,0.3585,0.01637,0.01212,0.01021,0.00174,0.00031,2015-09-10 08:12:45+00:00
us20003j43,CAME,4.5,mb,,35.47,35.74,469.0,C,0.00117,0.0628,0.00292,0.00269,0.00179,0.00045,0.00017,2.2e-05,0.0619,19.51,0.00111,0.0011,0.0484,0.0531,0.00261,0.00268,0.00151,0.00045,0.00016,2015-09-13 02:57:27.600000+00:00
us20003k4g,MRSB,4.9,mb,,156.69,157.1,732.0,C,0.00093,0.0593,0.00109,0.00168,0.00343,0.0005,8e-05,1.9e-05,0.0661,36.64,0.00082,0.00081,0.0575,0.0585,0.00093,0.00161,0.00281,0.00044,0.00011,2015-09-16 19:52:11.600000+00:00
us200040e1,ERCV,4.7,mb,,40.49,43.1,344.0,D,0.00832,0.5741,0.01227,0.01891,0.00929,0.01088,0.00256,0.000839,0.3991,30.97,0.0064,0.00655,0.5896,0.5509,0.00968,0.01705,0.00855,0.00957,0.00301,2015-10-29 09:46:42.170000+00:00
us20005dx2,YKAV,4.6,mb,,227.32,242.34,462.0,C,4e-05,0.0035,7e-05,0.0001,7e-05,2e-05,1e-05,0.0,0.008,159.92,3e-05,3e-05,0.0028,0.0031,6e-05,9e-05,5e-05,2e-05,1e-05,2016-04-01 14:30:48.300000+00:00
us20005dx2,DIDI,4.6,mb,,241.26,255.47,316.0,D,0.00022,0.0042,0.00021,0.00013,6e-05,3e-05,1e-05,5e-06,0.0653,180.28,0.00014,0.00013,0.004,0.004,7e-05,0.0001,9e-05,5e-05,2e-05,2016-04-01 14:30:48.300000+00:00
us20007ebw,KAVV,5.1,mww,5.1,187.98,188.09,583.0,C,0.00126,0.0303,0.00355,0.00307,0.00043,0.00027,6e-05,3.1e-05,0.0803,28.93,0.00113,0.00112,0.0294,0.0265,0.00292,0.00263,0.00043,0.00026,7e-05,2016-10-15 08:18:32.870000+00:00
us20008hv1,GPNR,5.3,mww,5.3,16.91,19.65,665.0,C,0.09903,7.0903,0.19509,0.17886,0.13289,0.03017,0.01652,0.076093,1.9273,4.56,0.09253,0.09161,5.4383,5.6679,0.16628,0.21326,0.10593,0.0275,0.01648,2017-02-06 03:51:40.640000+00:00
us20008hwm,GPNR,5.2,mww,5.2,13.96,15.71,665.0,C,0.13488,6.7011,0.2027,0.26134,0.16449,0.06109,0.0111,0.09839,1.9584,3.81,0.11774,0.11979,6.6526,6.1129,0.22153,0.25353,0.14613,0.05226,0.01108,2017-02-06 10:58:02.270000+00:00
us20008hwu,GPNR,4.9,mb,,9.28,13.64,665.0,C,0.06219,2.2059,0.12939,0.08229,0.04845,0.01226,0.00293,0.010129,0.5505,2.57,0.04517,0.04124,1.8217,1.5857,0.09609,0.07946,0.03715,0.0098,0.00212,2017-02-06 11:45:01.970000+00:00
us20008hwu,GONE,4.9,mb,,143.83,144.18,440.0,C,0.00026,0.0091,0.00043,0.00054,0.00022,0.00014,3e-05,1e-06,0.0292,147.54,0.0002,0.00022,0.009,0.009,0.0004,0.00056,0.00023,0.00014,3e-05,2017-02-06 11:45:01.970000+00:00
us20008i2k,GPNR,5.3,mww,5.3,8.5,11.94,665.0,C,0.13578,6.3748,0.33574,0.33167,0.06422,0.0399,0.00857,0.097601,2.0456,3.93,0.12453,0.12176,5.7383,5.4557,0.33092,0.27719,0.09275,0.05702,0.00994,2017-02-07 02:24:04.150000+00:00
us20008ibf,GPNR,4.5,mb,,12.83,14.21,665.0,C,0.03053,1.0417,0.04027,0.03806,0.02262,0.00727,0.0013,0.002798,0.3546,4.3,0.02264,0.02412,0.9795,1.031,0.04892,0.03875,0.02438,0.00677,0.0014,2017-02-07 21:00:54.360000+00:00
us20008idh,GPNR,4.5,mwr,4.5,10.35,14.39,665.0,C,0.02868,1.637,0.08458,0.04252,0.03871,0.01738,0.00339,0.006052,0.553,4.6,0.02663,0.02506,1.2665,1.1545,0.06424,0.04235,0.02859,0.01247,0.00283,2017-02-08 01:38:03.780000+00:00
us20008iwv,ERCV,4.5,mb,,105.08,105.55,344.0,D,0.00074,0.0466,0.0025,0.00047,0.00044,0.00028,0.00012,2.3e-05,0.1253,176.23,0.0004,0.00034,0.0403,0.0396,0.00103,0.00087,0.00102,0.00054,0.00033,2017-02-10 12:27:32.940000+00:00
us20008jcc,GPNR,5.3,mww,5.3,16.51,17.57,665.0,C,0.09114,5.4867,0.23131,0.19374,0.11122,0.03207,0.00869,0.095959,2.0325,3.97,0.10076,0.09101,4.3233,4.5698,0.23221,0.20423,0.11495,0.0257,0.00942,2017-02-12 13:48:16.090000+00:00
us20008k41,GPNR,4.5,mwr,4.5,9.83,12.13,665.0,C,0.085,3.2303,0.16706,0.19078,0.06444,0.01219,0.00343,0.025361,0.8924,3.12,0.07742,0.07502,2.7361,2.6811,0.18994,0.18898,0.05293,0.01053,0.00264,2017-02-16 00:19:00.240000+00:00
us20008kiw,GPNR,4.6,mb,,11.17,14.99,665.0,C,0.03997,1.6177,0.093,0.09373,0.02088,0.00735,0.00144,0.00547,0.5467,3.71,0.03652,0.03811,1.4333,1.3965,0.09539,0.09847,0.02307,0.0097,0.00202,2017-02-07 05:17:09.110000+00:00
us20008mfu,KRTS,4.6,mb,,82.19,82.22,313.0,D,0.0003,0.0176,0.00044,0.0011,0.00041,0.00022,0.0001,2e-06,0.021,39.5,0.00026,0.00028,0.016,0.0162,0.00038,0.00095,0.00047,0.00021,9e-05,2017-02-25 21:06:04.610000+00:00
us20009ly0,GPNR,6.3,mww,6.3,61.85,63.0,665.0,C,0.0315,3.1467,0.04885,0.11157,0.0397,0.01729,0.00667,0.013019,1.4874,20.97,0.02677,0.02888,2.5939,2.7389,0.05119,0.08846,0.04315,0.01656,0.00749,2017-06-12 12:28:39.150000+00:00
us20009ly0,AKS,6.3,mww,6.3,125.42,125.99,541.0,C,0.01007,1.1919,0.01111,0.02543,0.02245,0.00575,0.00435,0.001196,0.5018,30.72,0.00843,0.00844,0.8842,1.0101,0.01005,0.02156,0.02252,0.00676,0.00413,2017-06-12 12:28:39.150000+00:00
us20009ly0,CANM,6.3,mww,6.3,133.99,134.53,287.0,D,0.02579,2.8907,0.02893,0.04622,0.05126,0.04845,0.0061,0.007834,1.0726,26.96,0.01843,0.01979,2.3079,2.1232,0.02527,0.03473,0.0433,0.03453,0.00584,2017-06-12 12:28:39.150000+00:00
us20009ly0,GOMA,6.3,mww,6.3,136.74,137.27,636.0,C,0.00583,0.5585,0.00653,0.01171,0.01903,0.00483,0.00248,0.000727,0.3906,28.9,0.00516,0.00526,0.5189,0.4878,0.00597,0.00957,0.01495,0.00605,0.00229,2017-06-12 12:28:39.150000+00:00
us20009nz3,GPNR,4.8,mwr,4.8,75.82,76.48,665.0,C,0.00817,0.2933,0.01451,0.02504,0.00371,0.00133,0.00045,0.000566,0.3999,79.82,0.00676,0.0062,0.2205,0.2274,0.01195,0.01921,0.00401,0.00134,0.00049,2017-06-22 02:48:53.110000+00:00
us20009nz3,AKS,4.8,mwr,4.8,116.74,117.17,541.0,C,0.00081,0.0432,0.00149,0.00321,0.00164,0.00034,0.00017,1.5e-05,0.0536,32.6,0.00078,0.00076,0.041,0.0415,0.00146,0.0027,0.0015,0.00033,0.00016,2017-06-22 02:48:53.110000+00:00
us2000bjnj,CAME,4.9,mwr,4.9,107.83,127.31,469.0,C,0.00612,0.2681,0.00888,0.02287,0.00359,0.00102,0.00017,0.000142,0.0813,3.75,0.00611,0.00611,0.2238,0.2054,0.00936,0.02062,0.00362,0.0008,0.00014,2017-11-07 02:40:32.880000+00:00
us2000bt6a,CAME,5.1,mww,5.1,59.79,60.62,469.0,C,0.00072,0.0685,0.00086,0.00174,0.00084,0.00048,0.0005,8e-06,0.0471,38.65,0.00068,0.00068,0.0585,0.0532,0.00083,0.00166,0.00121,0.00046,0.00052,2017-11-22 20:22:53.540000+00:00
us2000bu6g,CAME,5.2,mww,5.2,62.38,62.59,469.0,C,0.00071,0.1017,0.00093,0.00119,0.00101,0.00096,0.00054,1.2e-05,0.057,39.23,0.00067,0.00068,0.081,0.081,0.00094,0.00186,0.00118,0.00084,0.00053,2017-11-24 21:49:15.170000+00:00
us2000dw6w,YUVA,4.7,mb,,50.46,51.44,629.0,C,0.00168,0.0873,0.00267,0.0042,0.00162,0.00058,0.00018,3.8e-05,0.0767,16.49,0.00163,0.00162,0.0747,0.0785,0.00306,0.00442,0.00155,0.00063,0.00019,2018-04-07 21:16:33.030000+00:00
us2000dw6w,SAFT,4.7,mb,,98.96,99.46,461.0,C,0.00061,0.0179,0.0017,0.00143,0.00026,0.00021,3e-05,5e-06,0.0256,18.63,0.0006,0.00059,0.0149,0.0143,0.00194,0.00122,0.00029,0.00017,3e-05,2018-04-07 21:16:33.030000+00:00
us2000dxk8,YKAV,4.9,mb,,114.19,114.7,462.0,C,0.00063,0.0295,0.00163,0.00225,0.00051,0.00041,8e-05,6e-06,0.0506,91.05,0.00063,0.00059,0.0262,0.0262,0.00202,0.00176,0.00044,0.00039,0.0001,2018-04-10 15:56:19.220000+00:00
us2000dxk8,DATC,4.9,mb,,136.35,136.78,436.0,C,0.0008,0.0186,0.00285,0.00095,0.00033,0.00023,7e-05,5.2e-05,0.1955,181.29,0.00058,0.0006,0.0169,0.0168,0.00093,0.00098,0.00037,0.00019,0.00012,2018-04-10 15:56:19.220000+00:00
us2000dzu5,SEYD,4.8,mwr,4.8,28.85,30.53,382.0,C,0.00918,0.2634,0.02065,0.02042,0.00648,0.001,0.00028,0.000501,0.174,7.65,0.00831,0.00875,0.2494,0.2546,0.02403,0.01904,0.00556,0.00117,0.00029,2018-04-13 17:14:00.680000+00:00
us2000dzu5,MNVG,4.8,mwr,4.8,61.41,62.22,304.0,D,0.00746,0.5691,0.01571,0.01826,0.01915,0.00493,0.00072,0.000603,0.2587,14.77,0.00661,0.007,0.4197,0.4383,0.01483,0.01647,0.02117,0.00457,0.0007,2018-04-13 17:14:00.680000+00:00
us2000dzu5,ALAN,4.8,mwr,4.8,67.39,68.13,822.0,B,0.00757,0.2051,0.00921,0.02624,0.00265,0.00068,9e-05,0.000412,0.1679,6.8,0.00683,0.00602,0.2135,0.169,0.01243,0.0236,0.00243,0.0006,0.00012,2018-04-13 17:14:00.680000+00:00
us2000g3yw,DATC,4.7,mb,,244.9,245.1,436.0,C,0.0031,0.0415,0.00692,0.00139,0.0002,0.00014,6e-05,0.001234,0.9865,179.03,0.0022,0.00222,0.0173,0.0182,0.00118,0.00034,0.00023,0.00018,8e-05,2018-07-13 12:42:41.300000+00:00
us2000g3yw,YKAV,4.7,mb,,260.66,260.85,462.0,C,0.0001,0.0028,3e-05,5e-05,5e-05,3e-05,2e-05,1e-06,0.0275,169.99,8e-05,8e-05,0.0026,0.0024,2e-05,4e-05,4e-05,3e-05,1e-05,2018-07-13 12:42:41.300000+00:00
us2000g3yw,MRSB,4.7,mb,,274.35,274.53,732.0,C,0.0002,0.0048,0.00015,0.00013,0.00019,4e-05,2e-05,6e-06,0.0721,172.93,0.00017,0.00016,0.0048,0.0048,0.00013,0.00016,0.00017,4e-05,2e-05,2018-07-13 12:42:41.300000+00:00
us2000hc6y,BASM,5.1,mwr,5.1,92.01,141.99,395.0,C,0.00322,0.2058,0.00379,0.00735,0.0053,0.00205,0.00039,0.000134,0.1233,13.04,0.00281,0.0026,0.1696,0.1738,0.00326,0.0074,0.0045,0.00199,0.00046,2018-09-10 23:02:56.060000+00:00
us2000hdam,MNVG,5.3,mww,5.3,74.92,90.08,304.0,D,0.00301,0.1569,0.00681,0.00951,0.00442,0.00225,0.00099,0.0003,0.2793,40.24,0.00265,0.00248,0.1436,0.1326,0.00535,0.00881,0.00419,0.00184,0.00088,2018-09-12 06:21:48.440000+00:00
us2000hdam,ALAN,5.3,mww,5.3,96.71,108.88,822.0,B,0.00483,0.1425,0.01021,0.01537,0.00227,0.00118,0.00028,0.000414,0.2919,31.34,0.0045,0.00438,0.1297,0.126,0.01107,0.01269,0.00223,0.001,0.00028,2018-09-12 06:21:48.440000+00:00
us2000hdam,DEMR,5.3,mww,5.3,103.4,114.86,861.0,B,0.00065,0.0741,0.00093,0.00187,0.00137,0.00072,0.00037,1.6e-05,0.0808,84.71,0.00064,0.00063,0.0654,0.0634,0.00092,0.00189,0.00119,0.00075,0.00037,2018-09-12 06:21:48.440000+00:00
us2000i5zt,MRSB,4.7,mb,,119.43,119.85,732.0,C,7e-05,0.0033,9e-05,9e-05,7e-05,2e-05,1e-05,1e-06,0.0339,180.4,7e-05,7e-05,0.0027,0.0028,9e-05,0.0001,9e-05,2e-05,0.0,2018-10-28 21:58:56.030000+00:00
us2000i5zt,DATC,4.7,mb,,135.21,135.58,436.0,C,0.00012,0.0051,0.00029,0.00011,8e-05,2e-05,1e-05,1e-06,0.0347,173.35,8e-05,8e-05,0.0044,0.0043,0.00019,0.00012,0.00017,4e-05,1e-05,2018-10-28 21:58:56.030000+00:00
us2000i5zt,DEMR,4.7,mb,,162.07,162.38,861.0,B,8e-05,0.0013,1e-05,1e-05,1e-05,0.0,0.0,4e-06,0.0637,178.28,6e-05,6e-05,0.0012,0.0012,1e-05,1e-05,1e-05,1e-05,0.0,2018-10-28 21:58:56.030000+00:00
us2000i79c,HOPA,5.0,mb,,218.77,219.0,588.0,C,0.00044,0.0234,0.00066,0.00196,0.00037,0.0001,5e-05,5e-06,0.0364,41.02,0.00041,0.0004,0.0199,0.0216,0.00062,0.00148,0.00038,0.00026,7e-05,2018-11-06 01:17:19.800000+00:00
us2000j6mu,MRSB,4.9,mww,4.9,123.89,124.29,732.0,C,0.00117,0.0749,0.00162,0.00261,0.00256,0.00042,9e-05,4.3e-05,0.1104,40.91,0.00118,0.00115,0.0751,0.0729,0.00164,0.00339,0.00214,0.0005,8e-05,2019-01-20 15:49:50.320000+00:00
us2000j6mu,DATC,4.9,mww,4.9,140.3,140.66,436.0,C,0.00184,0.1361,0.00388,0.00411,0.00234,0.00068,0.00028,0.000109,0.1575,31.41,0.00145,0.00139,0.117,0.1176,0.00248,0.00411,0.00301,0.00127,0.00039,2019-01-20 15:49:50.320000+00:00
us2000j7fs,MRSB,4.8,mb,,20.88,76.57,732.0,C,0.00367,0.1024,0.00834,0.00674,0.00239,0.00022,4e-05,0.000116,0.1271,21.68,0.00315,0.00343,0.088,0.0884,0.00885,0.00627,0.00239,0.00031,8e-05,2019-01-22 20:12:06.770000+00:00
us2000j7fs,DATC,4.8,mb,,30.66,79.8,436.0,C,0.00385,0.113,0.00859,0.00421,0.00156,0.00033,9e-05,0.000162,0.1672,24.81,0.00323,0.00312,0.0935,0.0945,0.00995,0.00409,0.00182,0.00061,0.00011,2019-01-22 20:12:06.770000+00:00
us2000jbrb,DATC,4.9,mb,,114.16,114.6,436.0,C,0.00147,0.0925,0.00232,0.00333,0.0048,0.00077,0.00023,2.9e-05,0.0746,23.91,0.00136,0.00141,0.087,0.0869,0.00249,0.00315,0.00448,0.0007,0.00031,2019-02-01 10:29:46.390000+00:00
us2000jbrb,MRSB,4.9,mb,,131.79,132.17,732.0,C,0.00103,0.0632,0.00154,0.00151,0.00177,0.00048,6e-05,1.4e-05,0.0591,30.73,0.00081,0.00085,0.0517,0.0512,0.00149,0.00181,0.00191,0.00043,6e-05,2019-02-01 10:29:46.390000+00:00
us2000jdne,KEMT,4.5,mb,,33.84,35.29,454.0,C,0.0051,0.9591,0.01419,0.00779,0.00277,0.00063,9e-05,0.000402,0.1938,14.41,0.00483,0.00454,0.6782,0.3816,0.01325,0.00739,0.00417,0.00156,0.00139,2019-02-05 15:11:51.880000+00:00
us2000jdne,DEMR,4.5,mb,,48.41,49.43,861.0,B,0.00108,0.0334,0.00078,0.00158,0.00098,0.00062,8e-05,0.000114,0.2828,167.2,0.00109,0.00107,0.0345,0.032,0.00088,0.00124,0.00093,0.00049,7e-05,2019-02-05 15:11:51.880000+00:00
us2000jgqe,TOS,4.8,mwr,4.8,102.8,103.29,667.0,C,0.00045,0.0338,0.00088,0.00214,0.00066,0.00048,8e-05,4e-06,0.0294,28.51,0.00044,0.00043,0.0304,0.0321,0.0008,0.00166,0.00093,0.00042,7e-05,2019-02-12 17:14:30.950000+00:00
us2000jgqe,YUVA,4.8,mwr,4.8,109.66,110.12,629.0,C,0.0009,0.0637,0.00115,0.00224,0.00133,0.00071,0.00039,1.3e-05,0.0577,33.93,0.00091,0.00089,0.0661,0.0628,0.00127,0.00246,0.00161,0.00063,0.00033,2019-02-12 17:14:30.950000+00:00
us2000jhgj,DATC,4.5,mb,,100.58,101.08,436.0,C,0.00037,0.0144,0.00063,0.00071,0.00055,8e-05,6e-05,1e-06,0.0218,104.54,0.00031,0.0003,0.0135,0.0132,0.00057,0.00066,0.00056,7e-05,5e-05,2019-02-01 10:32:51.220000+00:00
us2000jhgj,MRSB,4.5,mb,,126.32,126.72,732.0,C,0.00026,0.0113,0.00043,0.00058,0.00028,6e-05,1e-05,2e-06,0.0316,133.9,0.00025,0.00025,0.0118,0.0111,0.00047,0.00077,0.00035,5e-05,1e-05,2019-02-01 10:32:51.220000+00:00
us2000jhgj,DIDI,4.5,mb,,158.78,159.09,316.0,D,0.00059,0.0061,0.00049,0.00011,4e-05,1e-05,1e-05,0.000156,0.3868,176.88,0.00011,0.00012,0.0026,0.0025,7e-05,7e-05,6e-05,2e-05,1e-05,2019-02-01 10:32:51.220000+00:00
us60003sex,DATC,4.5,mb,,61.56,62.37,436.0,C,0.00176,0.0641,0.0025,0.00317,0.00167,0.00073,9e-05,2.6e-05,0.1053,133.31,0.00136,0.00134,0.0526,0.0546,0.00247,0.00244,0.0013,0.00065,0.0001,2019-05-26 12:07:11.990000+00:00
us60003sy2,DATC,4.6,mb,,20.71,23.0,436.0,C,0.00652,0.2855,0.01582,0.012,0.00397,0.00351,0.00167,0.000545,0.2708,19.35,0.00546,0.00531,0.2727,0.2458,0.01498,0.01193,0.00452,0.00433,0.00196,2019-05-28 05:27:47.890000+00:00
us60003sy2,YKAV,4.6,mb,,36.61,37.95,462.0,C,0.00171,0.0747,0.00368,0.00731,0.00163,0.00041,0.00017,2.7e-05,0.0687,16.9,0.00157,0.00153,0.0695,0.0692,0.00368,0.00657,0.00129,0.00039,0.00022,2019-05-28 05:27:47.890000+00:00
us6000504d,DATC,5.1,mww,5.1,171.41,171.7,436.0,C,0.00327,0.0578,0.00691,0.00149,0.00107,0.00048,0.00043,0.00202,1.3255,178.93,0.00217,0.00217,0.0526,0.0528,0.00112,0.00069,0.0009,0.00072,0.00044,2019-08-03 09:51:24.191000+00:00
us6000504d,DEMR,5.1,mww,5.1,217.41,217.64,861.0,B,0.00092,0.0099,2e-05,4e-05,5e-05,4e-05,3e-05,8e-06,0.0289,2.26,0.00035,0.00031,0.0079,0.0077,3e-05,4e-05,6e-05,7e-05,7e-05,2019-08-03 09:51:24.191000+00:00
us600053xb,YKAV,4.5,mb,,203.33,215.51,462.0,C,7e-05,0.0036,8e-05,8e-05,6e-05,4e-05,1e-05,1e-06,0.0208,159.26,6e-05,5e-05,0.003,0.003,8e-05,7e-05,8e-05,4e-05,1e-05,2019-08-12 07:57:07.017000+00:00
us600053xb,DATC,4.5,mb,,207.83,219.76,436.0,C,0.00158,0.014,0.00031,0.00043,0.00031,8e-05,5e-05,0.001166,1.0329,177.92,0.00027,0.00027,0.0088,0.0097,0.00023,0.00021,0.00037,0.0001,4e-05,2019-08-12 07:57:07.017000+00:00
us600053xb,DIDI,4.5,mb,,220.78,232.05,316.0,D,0.00065,0.0059,0.00024,0.00021,8e-05,6e-05,2e-05,9e-06,0.0853,181.18,0.00021,0.00023,0.0046,0.0049,8e-05,0.00013,0.00017,7e-05,2e-05,2019-08-12 07:57:07.017000+00:00
us600053xb,GMLD,4.5,mb,,270.15,279.43,289.0,D,5e-05,0.0047,7e-05,0.0001,0.00016,3e-05,1e-05,0.0,0.0159,164.06,5e-05,5e-05,0.0037,0.0036,6e-05,0.00011,0.00014,3e-05,1e-05,2019-08-12 07:57:07.017000+00:00
us60005mmr,TKR,4.9,mb,,53.32,54.25,449.0,C,0.0063,0.2373,0.01034,0.01663,0.00195,0.00086,0.00014,0.000186,0.1514,13.79,0.00479,0.00461,0.1748,0.1617,0.00795,0.0145,0.00197,0.00062,0.00014,2019-09-24 08:00:24.160000+00:00
us600062ps,FETI,4.6,mwr,4.6,45.46,46.55,462.0,C,0.00659,0.0995,0.01087,0.0071,0.00282,0.00049,0.00023,0.000416,0.1703,8.3,0.00647,0.00556,0.0984,0.0959,0.00923,0.00645,0.00229,0.00046,0.00018,2019-10-24 21:06:47.506000+00:00
us600062ps,CAME,4.6,mwr,4.6,77.52,78.16,469.0,C,0.00123,0.0717,0.00187,0.003,0.00147,0.00038,7e-05,1.7e-05,0.0536,16.37,0.00123,0.00117,0.0643,0.0669,0.00181,0.00296,0.00161,0.00039,9e-05,2019-10-24 21:06:47.506000+00:00
us600062ps,DATC,4.6,mwr,4.6,96.32,96.84,436.0,C,0.00167,0.0883,0.00337,0.00494,0.00148,0.00107,0.00023,6.1e-05,0.1826,142.06,0.00171,0.00157,0.0747,0.0725,0.00309,0.00432,0.00136,0.00088,0.00019,2019-10-24 21:06:47.506000+00:00
us60006pvc,SOMA,4.6,mb,,45.43,46.52,798.0,B,0.00321,0.2156,0.00658,0.00936,0.0024,0.00315,0.00054,0.000145,0.1404,16.24,0.00319,0.00315,0.2062,0.2137,0.00675,0.00813,0.00315,0.0034,0.00075,2019-12-10 20:14:03.159000+00:00
us60006pvc,SUSR,4.6,mb,,58.73,59.58,744.0,C,0.00329,0.1264,0.00873,0.00796,0.00288,0.00048,9e-05,0.000149,0.1469,19.32,0.00271,0.00279,0.1113,0.111,0.00731,0.00671,0.00248,0.00038,9e-05,2019-12-10 20:14:03.159000+00:00
us60006pvc,AKS,4.6,mb,,64.48,65.25,541.0,C,0.00264,0.0896,0.00668,0.00691,0.00215,0.00072,0.00012,7.7e-05,0.1023,19.77,0.00217,0.00214,0.0847,0.0871,0.0055,0.00586,0.0018,0.00067,0.00012,2019-12-10 20:14:03.159000+00:00
us60006pxs,DATC,5.4,mww,5.4,177.61,186.8,436.0,C,0.00156,0.1195,0.00215,0.00273,0.00263,0.00127,0.00066,8.8e-05,0.2173,114.27,0.00149,0.00145,0.0884,0.0876,0.00203,0.00241,0.00209,0.001,0.00056,2019-12-10 21:58:28.855000+00:00
us60006pxs,DIDI,5.4,mww,5.4,220.7,228.16,316.0,D,0.00075,0.034,0.0011,0.00053,0.00038,0.00029,0.00032,0.000119,0.3147,173.63,0.00041,0.00043,0.0319,0.0327,0.00038,0.00057,0.00052,0.00043,0.00022,2019-12-10 21:58:28.855000+00:00
us60007i7j,DATC,5.5,mww,5.5,172.51,172.8,436.0,C,0.00111,0.1516,0.00114,0.00142,0.00318,0.00235,0.00116,5.2e-05,0.1576,84.13,0.00102,0.00102,0.1618,0.143,0.0011,0.00139,0.00266,0.00224,0.00118,2020-01-28 15:38:34.436000+00:00
us60007i7x,DATC,4.5,mb,,171.49,171.78,436.0,C,0.00033,0.0102,0.00077,0.00019,0.00024,9e-05,4e-05,2.1e-05,0.1359,173.59,0.00023,0.00024,0.0095,0.0089,0.00034,0.00017,0.00028,0.00014,6e-05,2020-01-28 16:12:41.207000+00:00
us60007jzj,DATC,5.7,mww,5.7,175.66,175.94,436.0,C,0.00193,0.27,0.00197,0.00277,0.00462,0.00257,0.00184,0.000177,0.2798,78.18,0.00168,0.00164,0.2541,0.2339,0.00178,0.00225,0.00395,0.00374,0.00202,2020-01-30 11:21:36.743000+00:00
us60007l19,DATC,4.7,mb,,171.46,171.75,436.0,C,0.00031,0.0148,0.00067,0.00024,0.00029,0.00018,7e-05,1.9e-05,0.1306,177.35,0.00024,0.00026,0.0142,0.0144,0.00032,0.00024,0.00047,0.00024,7e-05,2020-01-31 04:34:38.218000+00:00
us60007l19,DEMR,4.7,mb,,206.89,207.13,861.0,B,0.00018,0.0021,9e-05,3e-05,2e-05,2e-05,1e-05,2e-06,0.0336,164.71,0.00015,0.00016,0.002,0.0019,8e-05,3e-05,2e-05,2e-05,1e-05,2020-01-31 04:34:38.218000+00:00
us60007phg,AKS,4.5,mb,,17.3,19.98,541.0,C,0.01679,0.5324,0.0405,0.03373,0.00838,0.00176,0.00061,0.001294,0.2578,7.07,0.01596,0.01665,0.4604,0.4923,0.04767,0.0266,0.00817,0.00239,0.00053,2020-02-04 16:47:10.864000+00:00
us60007phg,GORD,4.5,mb,,22.62,24.73,662.0,C,0.00185,0.1395,0.00263,0.00303,0.00369,0.00155,0.00023,2.6e-05,0.0628,17.03,0.00152,0.00162,0.1104,0.1185,0.00343,0.00266,0.00313,0.00144,0.00022,2020-02-04 16:47:10.864000+00:00
us60007phg,GOMA,4.5,mb,,32.3,33.81,636.0,C,0.00182,0.0894,0.00393,0.00507,0.00199,0.00074,0.00014,4.3e-05,0.0714,17.38,0.00192,0.00171,0.0858,0.0855,0.00384,0.00488,0.00206,0.00074,0.00023,2020-02-04 16:47:10.864000+00:00
us60007phg,SOMA,4.5,mb,,39.36,40.61,798.0,B,0.0068,0.2077,0.01226,0.0173,0.00205,0.0006,0.00018,0.000172,0.11,9.91,0.00536,0.00513,0.1593,0.145,0.01153,0.01263,0.00195,0.00058,0.00016,2020-02-04 16:47:10.864000+00:00
us60007pkf,AKS,4.9,mb,,18.74,19.29,541.0,C,0.0147,0.6288,0.062,0.02347,0.0142,0.00364,0.00109,0.001503,0.3419,10.3,0.01358,0.01321,0.5269,0.5277,0.04481,0.03234,0.0162,0.003,0.00101,2020-02-04 17:55:23.965000+00:00
us60007pkf,GORD,4.9,mb,,29.31,29.66,662.0,C,0.00361,0.2386,0.00655,0.00703,0.00489,0.00409,0.00069,9.9e-05,0.1231,21.5,0.00302,0.00297,0.2106,0.2071,0.00624,0.00714,0.00379,0.00337,0.00076,2020-02-04 17:55:23.965000+00:00
us60007pkf,SOMA,4.9,mb,,32.74,33.06,798.0,B,0.01111,0.8945,0.02204,0.03092,0.0301,0.00775,0.00124,0.001147,0.3012,9.59,0.01049,0.0107,0.7996,0.7869,0.02819,0.02522,0.02643,0.00784,0.0011,2020-02-04 17:55:23.965000+00:00
us60007pkf,GOMA,4.9,mb,,36.89,37.17,636.0,C,0.00304,0.1684,0.00577,0.00972,0.00449,0.00102,0.00036,0.000135,0.1308,16.4,0.00291,0.00293,0.1704,0.1632,0.00555,0.00816,0.00439,0.00124,0.00061,2020-02-04 17:55:23.965000+00:00
us600084bs,ARPRA,5.0,mww,5.0,91.91,92.45,773.0,B,0.00763,0.2648,0.01219,0.02133,0.00639,0.00146,0.0008,0.000497,0.226,14.73,0.00646,0.00674,0.2452,0.2497,0.01219,0.02095,0.00499,0.00134,0.0006,2020-02-25 23:03:37.816000+00:00
us600084lh,DATC,4.6,mb,,166.53,166.83,436.0,C,0.00122,0.0226,0.00324,0.00051,0.00045,0.0002,8e-05,0.000108,0.2801,167.69,0.00071,0.0007,0.0202,0.0186,0.00066,0.00023,0.0004,0.00027,0.0001,2020-02-26 14:20:11.092000+00:00
us6000857v,DATC,4.5,mb,,164.97,165.27,436.0,C,0.00179,0.0268,0.00524,0.0008,0.00034,0.00011,3e-05,0.000205,0.3795,157.12,0.00161,0.00154,0.0144,0.015,0.00114,0.00034,0.00031,0.0002,7e-05,2020-02-27 12:20:19.197000+00:00
us60008594,DATC,4.8,mb,,159.18,159.49,436.0,C,0.00179,0.0308,0.00087,0.0005,0.00059,0.00034,0.00012,0.000253,0.4143,183.73,0.00154,0.0016,0.0257,0.0257,0.00101,0.00043,0.00046,0.00033,0.00012,2020-02-27 14:36:14.358000+00:00
us60008g9t,DATC,4.6,mb,,182.62,182.89,436.0,C,0.00021,0.0091,0.00014,0.00011,0.00021,0.00012,3e-05,2.9e-05,0.1694,177.11,7e-05,7e-05,0.0084,0.0084,9e-05,0.00011,0.00019,0.00012,5e-05,2020-03-16 01:53:23.527000+00:00
us60009bfq,DATC,4.8,mww,4.8,96.98,112.96,436.0,C,0.00366,0.1687,0.00612,0.00599,0.00403,0.00117,0.00027,0.000693,0.6868,135.32,0.00305,0.00327,0.1232,0.1423,0.00484,0.00516,0.00415,0.00101,0.0002,2020-04-24 13:16:03.950000+00:00
us6000c7m8,DATC,5.1,mww,5.1,182.09,182.36,436.0,C,0.00036,0.0468,0.00048,0.00066,0.00081,0.00053,0.00027,4e-06,0.039,63.88,0.00026,0.00028,0.0335,0.0343,0.00047,0.00054,0.00081,0.00057,0.00021,2020-10-12 00:30:39.934000+00:00
us6000c7m8,DIDI,5.1,mww,5.1,218.14,218.37,316.0,D,0.00036,0.024,0.00023,0.00034,0.00072,0.00045,0.00011,2e-06,0.0294,58.81,0.00026,0.00028,0.0254,0.023,0.00023,0.00036,0.00071,0.00045,0.00014,2020-10-12 00:30:39.934000+00:00
us6000csja,GUMT,4.6,mb,,68.28,69.01,738.0,C,0.00031,0.0056,0.00052,0.00044,0.00013,2e-05,1e-05,1e-06,0.013,16.79,0.00028,0.00026,0.0055,0.0052,0.00054,0.00045,0.0001,3e-05,1e-05,2020-11-22 14:40:27.066000+00:00
us6000ddkk,KRBN,4.8,mb,,59.69,60.52,843.0,B,0.00435,0.2093,0.01006,0.01237,0.00295,0.0015,0.00034,0.000191,0.2773,104.12,0.00432,0.00435,0.1613,0.1646,0.0094,0.0125,0.00299,0.0027,0.00066,2021-02-01 05:46:52.958000+00:00
us6000ddkk,FOCM,4.8,mb,,64.64,65.41,553.0,C,0.00255,0.1459,0.0035,0.0048,0.00493,0.00111,0.00016,6.5e-05,0.1484,83.97,0.00229,0.00233,0.1116,0.1121,0.00427,0.00426,0.00379,0.00102,0.00022,2021-02-01 05:46:52.958000+00:00
us6000ddkk,CESE,4.8,mb,,73.84,74.51,410.0,C,0.00239,0.1228,0.00401,0.00975,0.00305,0.00131,0.0002,0.00017,0.324,170.62,0.0023,0.00204,0.1015,0.107,0.0036,0.00764,0.0028,0.0011,0.00029,2021-02-01 05:46:52.958000+00:00
us6000ddkk,EZNE,4.8,mb,,91.51,92.05,282.0,D,0.00428,0.2116,0.00547,0.01565,0.00942,0.00266,0.00046,0.000312,0.2405,67.5,0.00349,0.00383,0.2156,0.2072,0.00546,0.01276,0.00852,0.00232,0.00045,2021-02-01 05:46:52.958000+00:00
us6000dds6,KOZK,4.5,mwr,4.5,106.77,107.24,520.0,C,0.00173,0.0797,0.0025,0.00512,0.00228,0.00115,0.00022,5.7e-05,0.1193,28.39,0.00143,0.00154,0.0757,0.0762,0.0024,0.00509,0.00233,0.00119,0.00019,2021-02-02 00:02:45.031000+00:00
us6000dgvq,KMON,4.6,mb,,21.54,23.75,564.0,C,0.01241,0.7593,0.02195,0.04175,0.01206,0.00888,0.00118,0.001122,0.283,11.41,0.01307,0.01218,0.6899,0.6532,0.02227,0.0422,0.012,0.00694,0.00108,2021-02-12 03:37:56.354000+00:00
us6000dgvq,TOS,4.6,mb,,60.09,60.92,667.0,C,0.00119,0.0694,0.00245,0.00279,0.00137,0.00093,0.00018,1.9e-05,0.0517,19.37,0.00104,0.00102,0.0593,0.0585,0.00203,0.00269,0.00145,0.00084,0.00017,2021-02-12 03:37:56.354000+00:00
us6000dgvq,SAFT,4.6,mb,,74.42,75.09,461.0,C,0.0032,0.0918,0.00898,0.00977,0.00143,0.00045,7e-05,9.4e-05,0.1009,14.48,0.00245,0.0026,0.0747,0.0793,0.00797,0.00741,0.0012,0.00041,7e-05,2021-02-12 03:37:56.354000+00:00
us6000dy7s,DATC,4.7,mb,,117.58,160.26,436.0,C,0.00046,0.0266,0.00107,0.00073,0.00036,0.00015,4e-05,9e-06,0.0788,172.62,0.00028,0.00028,0.0222,0.0225,0.00059,0.00033,0.00065,0.00028,7e-05,2021-04-01 12:33:40.141000+00:00
us6000dy7s,YKAV,4.7,mb,,119.7,161.82,462.0,C,0.00012,0.0087,0.00012,0.00012,0.00018,9e-05,3e-05,1e-06,0.036,148.24,9e-05,9e-05,0.0075,0.0081,9e-05,9e-05,0.00018,9e-05,3e-05,2021-04-01 12:33:40.141000+00:00
us6000dy7s,DIDI,4.7,mb,,141.88,178.86,316.0,D,0.00017,0.0072,0.00027,0.00023,7e-05,5e-05,4e-05,2e-06,0.0408,170.61,9e-05,9e-05,0.0065,0.0067,8e-05,0.0001,0.00021,0.0001,4e-05,2021-04-01 12:33:40.141000+00:00
us6000dzl3,DATC,4.6,mb,,65.23,65.99,436.0,C,0.00114,0.0471,0.0029,0.00267,0.00098,0.00043,6e-05,2e-05,0.0637,22.86,,,,,,,,,,2021-04-07 07:08:18.018000+00:00
us6000dzl3,DIDI,4.6,mb,,118.46,118.88,316.0,D,0.00061,0.0085,0.00077,0.00036,0.0001,7e-05,2e-05,4.4e-05,0.1776,179.89,0.00047,0.00047,0.0087,0.0076,0.00029,0.00031,0.00017,0.00014,4e-05,2021-04-07 07:08:18.018000+00:00
us6000dzvs,DATC,4.5,mwr,4.5,55.61,55.83,436.0,C,0.00248,0.1579,0.00589,0.00436,0.00181,0.00114,0.00018,0.000133,0.1451,15.94,0.00173,0.00159,0.1142,0.1035,0.00406,0.00325,0.00172,0.00173,0.00053,2021-04-08 00:33:48.339000+00:00
us6000dzvs,DIDI,4.5,mwr,4.5,101.86,101.98,316.0,D,0.00037,0.0233,0.00041,0.00074,0.00064,0.00033,0.00018,7e-06,0.0723,168.26,0.00033,0.00032,0.0219,0.0225,0.00036,0.00067,0.0006,0.00036,0.00014,2021-04-08 00:33:48.339000+00:00
us6000e1bu,DATC,5.3,mww,5.3,59.2,59.47,436.0,C,0.00761,0.3946,0.01986,0.01192,0.00714,0.00349,0.00082,0.001115,0.3949,18.05,0.00547,0.00545,0.3413,0.3078,0.01591,0.01051,0.00825,0.00484,0.00181,2021-04-13 20:28:02.233000+00:00
us6000e2f0,DATC,5.0,mww,5.0,63.8,64.58,436.0,C,0.00674,0.2573,0.01385,0.01196,0.00387,0.0026,0.00037,0.00063,0.3798,47.89,0.00414,0.00416,0.2171,0.1971,0.0133,0.01071,0.00454,0.00332,0.00058,2021-04-17 17:08:00.786000+00:00
us6000f8b9,CAME,4.7,mwr,4.7,206.13,206.37,469.0,C,0.0001,0.0104,0.00018,0.00032,0.00018,0.00012,5e-05,1e-06,0.0244,158.28,9e-05,9e-05,0.0078,0.0081,0.00015,0.00025,0.00017,9e-05,4e-05,2021-08-19 11:26:33.046000+00:00
us6000fq3y,YKAV,4.6,mb,,301.39,301.56,462.0,C,0.00021,0.004,0.00061,0.00023,7e-05,1e-05,1e-05,1e-06,0.0181,166.67,0.00019,0.0002,0.0037,0.004,0.00056,0.00028,6e-05,2e-05,1e-05,2021-09-29 11:54:48.885000+00:00
us6000fq9m,DIDI,4.6,mb,,98.83,99.33,316.0,D,0.0016,0.0334,0.00141,0.00079,0.00033,0.00021,8e-05,0.000265,0.4533,162.75,0.00089,0.00094,0.0296,0.031,0.00055,0.00066,0.00064,0.00047,0.0001,2021-09-29 22:22:17.468000+00:00
us6000fq9n,DIDI,4.5,mb,,97.49,98.0,316.0,D,0.0016,0.0293,0.00141,0.00079,0.00027,0.00021,7e-05,0.000281,0.4697,179.43,0.00089,0.00091,0.0277,0.029,0.00051,0.00049,0.00062,0.00044,0.0001,2021-09-29 22:22:59.853000+00:00
us6000ftxu,DIDI,6.4,mww,6.4,262.09,262.85,316.0,D,0.00234,0.4956,0.00237,0.00254,0.00617,0.00712,0.00254,0.000324,0.4039,88.68,0.00221,0.00206,0.4666,0.4663,0.00224,0.00242,0.00516,0.00703,0.003,2021-10-12 09:24:05.099000+00:00
us6000fwd6,DATC,4.8,mb,,275.7,275.88,436.0,C,0.00056,0.0085,0.00047,0.0001,2e-05,3e-05,1e-05,2.7e-05,0.1421,169.85,0.00043,0.00043,0.0046,0.0045,0.00037,0.0001,3e-05,3e-05,1e-05,2021-10-21 08:12:57.487000+00:00
us6000fwd6,DIDI,4.8,mb,,297.9,298.07,316.0,D,0.0002,0.0028,0.00013,5e-05,2e-05,2e-05,1e-05,5e-06,0.0568,176.63,0.0001,0.0001,0.0027,0.0027,7e-05,3e-05,3e-05,3e-05,1e-05,2021-10-21 08:12:57.487000+00:00
us6000fwdx,DATC,4.7,mb,,295.86,296.03,436.0,C,0.00036,0.0057,0.00098,0.00016,3e-05,2e-05,1e-05,6e-06,0.0583,152.73,0.00023,0.00024,0.0025,0.0025,0.00025,7e-05,3e-05,2e-05,1e-05,2021-10-21 09:38:38.445000+00:00
us6000fwdx,YKAV,4.7,mb,,300.69,300.86,462.0,C,6e-05,0.0015,4e-05,2e-05,1e-05,1e-05,1e-05,0.0,0.0199,181.61,5e-05,5e-05,0.0012,0.0011,3e-05,2e-05,1e-05,1e-05,0.0,2021-10-21 09:38:38.445000+00:00
us6000fwdx,DIDI,4.7,mb,,320.58,320.74,316.0,D,0.00035,0.005,0.00045,0.00018,2e-05,1e-05,1e-05,1.6e-05,0.113,180.51,0.00015,0.00015,0.0025,0.0028,9e-05,3e-05,3e-05,3e-05,1e-05,2021-10-21 09:38:38.445000+00:00
us6000fwpx,DATC,4.5,mb,,290.63,290.8,436.0,C,8e-05,0.0029,0.00014,4e-05,4e-05,2e-05,1e-05,1e-06,0.0153,105.29,,,,,,,,,,2021-10-22 10:11:30.851000+00:00
us6000fwpx,DIDI,4.5,mb,,315.19,315.35,316.0,D,0.0002,0.0027,0.00017,6e-05,3e-05,2e-05,1e-05,7e-06,0.0731,176.57,0.0001,0.0001,0.0022,0.0024,5e-05,3e-05,5e-05,3e-05,1e-05,2021-10-22 10:11:30.851000+00:00
us6000g7ta,CESE,5.1,mww,5.1,68.76,69.48,410.0,C,0.00461,0.2563,0.00314,0.0041,0.00531,0.00307,0.00057,0.001601,1.0149,151.4,0.0043,0.00443,0.1876,0.1653,0.00256,0.0035,0.00381,0.0022,0.00057,2021-11-30 04:00:40.529000+00:00
us6000g7ta,GMLD,5.1,mww,5.1,82.53,83.13,289.0,D,0.00938,0.6827,0.01307,0.02108,0.01775,0.01257,0.00187,0.001053,0.3887,15.51,0.00846,0.00887,0.5402,0.6074,0.01553,0.01935,0.0196,0.00957,0.00133,2021-11-30 04:00:40.529000+00:00
us6000g7ta,KRBN,5.1,mww,5.1,103.88,104.36,843.0,B,0.00325,0.3009,0.00588,0.009,0.00349,0.0027,0.00193,0.000164,0.2343,130.81,0.00315,0.003,0.2855,0.2912,0.00576,0.00733,0.0038,0.00257,0.00205,2021-11-30 04:00:40.529000+00:00
us6000g7ta,KUSD,5.1,mww,5.1,106.99,107.46,616.0,C,0.00121,0.0872,0.00148,0.00461,0.00188,0.00083,0.00025,9.1e-05,0.2415,158.79,0.00113,0.00112,0.0806,0.0817,0.00173,0.00426,0.00199,0.00117,0.00025,2021-11-30 04:00:40.529000+00:00
us6000g7ta,DIDI,5.1,mww,5.1,109.87,110.32,316.0,D,0.00602,0.3956,0.00692,0.00929,0.01321,0.00486,0.00091,0.00081,0.7187,152.76,0.00508,0.00485,0.3609,0.3737,0.0057,0.00887,0.01024,0.00498,0.00106,2021-11-30 04:00:40.529000+00:00
us6000gfhq,DATC,5.6,mww,5.6,185.01,185.28,436.0,C,0.00092,0.18,0.00093,0.00111,0.00244,0.00216,0.0016,4.3e-05,0.1311,71.49,0.00081,0.00083,0.1666,0.1396,0.00085,0.00106,0.00196,0.00192,0.00144,2021-12-26 18:59:02.711000+00:00
us6000h4c4,HOPA,4.5,mb,,350.82,350.96,588.0,C,5e-05,0.0025,9e-05,0.00022,2e-05,1e-05,1e-05,0.0,0.006,138.45,4e-05,4e-05,0.0021,0.0022,8e-05,0.00019,2e-05,1e-05,1e-05,2022-03-14 01:15:46.546000+00:00
us6000h4pa,HOPA,4.7,mb,,130.25,130.63,588.0,C,0.00288,0.07,0.01217,0.0102,0.0005,0.00013,6e-05,8.2e-05,0.1071,25.71,0.00257,0.00261,0.0685,0.0694,0.00864,0.01141,0.00062,0.00017,6e-05,2022-03-15 12:25:58.936000+00:00
us6000hfzb,DIDI,4.7,mb,,248.15,248.35,316.0,D,9e-05,0.0047,8e-05,9e-05,7e-05,5e-05,2e-05,1e-06,0.0346,174.53,5e-05,5e-05,0.0041,0.0044,6e-05,8e-05,0.00013,7e-05,2e-05,2022-04-24 04:14:04.933000+00:00
us6000iq6f,CAME,4.6,mwr,4.6,36.57,37.91,469.0,C,0.00445,0.1435,0.01306,0.01803,0.00283,0.0009,0.00027,0.000198,0.1292,9.08,0.00428,0.00391,0.1151,0.1233,0.01273,0.01412,0.00275,0.00082,0.00027,2022-10-02 10:58:04.057000+00:00
us6000iqx6,ERCV,5.6,mww,5.6,157.08,157.79,344.0,D,0.00209,0.7074,0.0022,0.00349,0.00482,0.00608,0.00479,0.000339,0.3654,66.67,0.00216,0.00207,0.6261,0.6687,0.00225,0.00319,0.00587,0.00638,0.00514,2022-10-05 00:21:29.702000+00:00
us6000ir26,ERCV,4.5,mb,,159.21,159.52,344.0,D,0.00115,0.0423,0.00219,0.00023,0.00033,0.00051,0.00015,2.6e-05,0.1186,169.92,0.00047,0.00048,0.0443,0.0421,0.00134,0.0004,0.00072,0.00076,0.00025,2022-10-05 13:51:38.954000+00:00
us6000isrr,KHMN,5.0,mww,5.0,82.93,83.53,272.0,D,0.00467,0.122,0.01026,0.00942,0.00248,0.00067,0.00026,0.000128,0.128,18.23,0.00399,0.00381,0.1097,0.112,0.00783,0.00785,0.00273,0.00066,0.0002,2022-10-11 15:48:46.359000+00:00
us6000ja6e,KRTS,4.6,mwr,4.6,101.8,102.29,313.0,D,0.00124,0.0632,0.00225,0.00426,0.00162,0.00039,0.00022,2.6e-05,0.0693,27.89,0.00109,0.0011,0.0553,0.0565,0.00178,0.00365,0.00119,0.00037,0.00015,2022-12-18 18:13:09.293000+00:00
us6000ja6e,KHMN,4.6,mwr,4.6,125.95,126.35,272.0,D,0.00176,0.0827,0.00531,0.00326,0.00237,0.00065,0.0004,3.9e-05,0.0834,26.72,0.0014,0.00144,0.0698,0.0727,0.00392,0.00335,0.00191,0.0008,0.00031,2022-12-18 18:13:09.293000+00:00
us6000ja6e,CMRD,4.6,mwr,4.6,194.18,194.44,426.0,C,0.0001,0.0067,0.00013,0.0002,0.00023,8e-05,3e-05,1e-06,0.0221,171.92,9e-05,0.0001,0.0072,0.0066,0.00012,0.00018,0.00022,0.0001,3e-05,2022-12-18 18:13:09.293000+00:00
us6000ja6e,SLFK,4.6,mwr,4.6,227.78,228.0,470.0,C,0.00051,0.0167,0.00076,0.00163,0.00046,0.00012,2e-05,3e-06,0.0277,43.52,0.00038,0.00044,0.0145,0.0153,0.00066,0.0013,0.00042,0.0001,2e-05,2022-12-18 18:13:09.293000+00:00
us6000jk5x,ERCV,4.7,mb,,145.23,145.57,344.0,D,0.00024,0.0332,0.00025,0.00031,0.00076,0.00046,0.00029,3e-06,0.0365,77.79,0.00023,0.00023,0.0333,0.033,0.00025,0.00031,0.00089,0.00054,0.00026,2023-01-29 14:41:14.127000+00:00
us6000jk61,ERCV,4.5,mb,,136.32,136.69,344.0,D,0.0004,0.0233,0.00092,0.00015,0.00028,0.00023,8e-05,4e-06,0.0383,145.37,0.00028,0.00025,0.0217,0.0219,0.00068,0.00026,0.00041,0.00032,0.00017,2023-01-29 15:13:25.532000+00:00
us6000jllz,KHMN,7.8,mww,7.8,22.38,24.51,272.0,D,0.63151,108.6619,1.76051,1.38173,0.44,0.48679,0.36768,6.693879,36.4534,40.63,0.55541,0.58147,103.3547,98.3359,1.45053,1.13753,0.61189,0.55201,0.3968,2023-02-06 01:17:34.342000+00:00
us6000jllz,KRTS,7.8,mww,7.8,162.83,163.14,313.0,D,0.05495,15.4838,0.06842,0.09661,0.07105,0.05106,0.03777,0.074966,5.5601,78.73,0.04589,0.04844,14.5156,14.1189,0.06093,0.09398,0.07862,0.07039,0.03846,2023-02-06 01:17:34.342000+00:00
us6000jllz,CMRD,7.8,mww,7.8,185.17,185.44,426.0,C,0.0075,3.2596,0.00833,0.01214,0.01374,0.0138,0.00581,0.003221,1.2162,86.01,0.00663,0.00612,3.2619,2.8973,0.00714,0.00961,0.01145,0.01257,0.00793,2023-02-06 01:17:34.342000+00:00
us6000jllz,TUNC,7.8,mww,7.8,278.27,278.45,558.0,C,0.0154,11.5893,0.01534,0.01753,0.03845,0.03105,0.02814,0.022862,3.1581,76.65,0.01521,0.01455,8.4966,7.6953,0.01535,0.01809,0.03277,0.03354,0.03187,2023-02-06 01:17:34.342000+00:00
us6000jlm9,KHMN,5.6,mb,,61.14,61.95,272.0,D,0.01406,0.6768,0.028,0.03393,0.01214,0.00494,0.00388,0.006665,2.0224,161.29,0.0142,0.01369,0.5561,0.6103,0.02643,0.03234,0.01174,0.00466,0.00326,2023-02-06 01:36:27.357000+00:00
us6000jlm9,KRTS,5.6,mb,,125.48,125.88,313.0,D,0.00175,0.1924,0.00206,0.00315,0.00402,0.00243,0.00068,5.9e-05,0.1483,60.95,0.00162,0.00166,0.1556,0.1676,0.00199,0.00382,0.00391,0.00248,0.00064,2023-02-06 01:36:27.357000+00:00
us6000jlm9,CMRD,5.6,mb,,167.22,167.52,426.0,C,0.00089,0.0834,0.00094,0.00126,0.00235,0.00093,0.00026,1.1e-05,0.0563,50.77,0.0007,0.0007,0.0643,0.0569,0.00081,0.00124,0.00182,0.00071,0.0002,2023-02-06 01:36:27.357000+00:00
us6000jlm9,SLFK,5.6,mb,,252.95,253.15,470.0,C,0.00048,0.0545,0.00084,0.00135,0.00162,0.00045,0.00012,9e-06,0.0639,72.69,0.00045,0.00045,0.0535,0.0528,0.00073,0.00124,0.00129,0.00063,0.00014,2023-02-06 01:36:27.357000+00:00
us6000jlmd,KHMN,4.9,mb,,108.86,109.32,272.0,D,0.02827,0.3764,0.06136,0.01679,0.00242,0.00064,0.00025,0.00624,1.8569,168.16,0.02535,0.02298,0.2899,0.2838,0.04656,0.01406,0.00184,0.0005,0.00023,2023-02-06 01:48:12.210000+00:00
us6000jlmd,TUNC,4.9,mb,,197.37,197.62,558.0,C,0.00022,0.0305,0.00025,0.0004,0.00063,0.00052,0.00013,2e-06,0.036,148.77,0.0002,0.0002,0.0264,0.0281,0.00022,0.00047,0.00067,0.00039,0.00013,2023-02-06 01:48:12.210000+00:00
us6000jlmd,KYHL,4.9,mb,,261.25,261.44,900.0,B,9e-05,0.0125,9e-05,0.00013,0.00031,0.00021,6e-05,0.0,0.0163,143.43,8e-05,8e-05,0.01,0.0107,8e-05,0.00016,0.00031,0.00016,5e-05,2023-02-06 01:48:12.210000+00:00
us6000jlmh,KHMN,5.3,mb,,78.92,80.72,272.0,D,0.08041,0.8543,0.10836,0.02601,0.00538,0.0014,0.00086,0.010825,1.579,118.27,0.06424,0.06455,0.6835,0.6549,0.08945,0.02161,0.00425,0.00101,0.00083,2023-02-06 02:03:37.341000+00:00
us6000jlmh,TUNC,5.3,mb,,216.29,216.95,558.0,C,0.00084,0.077,0.00091,0.00124,0.00241,0.00104,0.00056,2.2e-05,0.0821,40.14,0.00079,0.00071,0.0749,0.076,0.00084,0.00123,0.00248,0.00114,0.0006,2023-02-06 02:03:37.341000+00:00
us6000jlmh,CMRD,5.3,mb,,257.46,258.02,426.0,C,0.00012,0.0183,0.00012,0.00016,0.00027,0.0002,0.00017,1e-06,0.026,156.65,0.00012,0.00011,0.0184,0.0182,0.00012,0.00014,0.00025,0.00025,0.00014,2023-02-06 02:03:37.341000+00:00
us6000jlmm,KHMN,4.8,mb,,49.65,51.13,272.0,D,0.02724,0.2459,0.03773,0.01269,0.00181,0.00058,0.00019,0.006635,1.9333,151.82,0.02148,0.02119,0.2389,0.232,0.03728,0.01015,0.00184,0.00054,0.00017,2023-02-06 02:17:40.715000+00:00
us6000jlmm,KRTS,4.8,mb,,134.19,134.74,313.0,D,0.00063,0.0351,0.00088,0.00231,0.00105,0.00023,5e-05,1e-05,0.0577,73.19,0.00058,0.00056,0.035,0.0319,0.0008,0.00216,0.00094,0.00027,8e-05,2023-02-06 02:17:40.715000+00:00
us6000jlmm,CMRD,4.8,mb,,165.85,166.3,426.0,C,0.00017,0.0099,0.00024,0.00056,0.00035,0.0001,2e-05,1e-06,0.0262,147.54,0.00016,0.00016,0.0088,0.0086,0.00024,0.00054,0.00032,8e-05,2e-05,2023-02-06 02:17:40.715000+00:00
us6000jlmm,SLFK,4.8,mb,,260.27,260.56,470.0,C,0.00025,0.01,0.00039,0.00109,0.00022,0.0001,2e-05,1e-06,0.0212,74.36,0.00023,0.00023,0.0095,0.0099,0.00036,0.00084,0.00023,9e-05,1e-05,2023-02-06 02:17:40.715000+00:00
us6000jlmn,KHMN,5.3,mb,,28.85,31.01,272.0,D,0.12216,2.4701,0.21138,0.13392,0.01759,0.00638,0.00161,0.041026,3.4275,106.98,0.11685,0.11954,2.2205,2.0891,0.22111,0.15802,0.02188,0.00775,0.00192,2023-02-06 02:23:14.336000+00:00
us6000jlmn,KRTS,5.3,mb,,156.84,157.25,313.0,D,0.00061,0.0408,0.00086,0.00192,0.00097,0.00057,0.00024,1.7e-05,0.0874,72.25,0.00058,0.0006,0.038,0.0371,0.00073,0.0018,0.00128,0.00056,0.0003,2023-02-06 02:23:14.336000+00:00
us6000jlmn,CMRD,5.3,mb,,182.46,182.81,426.0,C,0.00023,0.0178,0.00024,0.00044,0.00055,0.00034,6e-05,2e-06,0.0327,137.16,0.00021,0.00022,0.014,0.0152,0.00024,0.00034,0.0005,0.00028,6e-05,2023-02-06 02:23:14.336000+00:00
us6000jlmn,SLFK,5.3,mb,,282.82,283.05,470.0,C,0.00023,0.0118,0.00042,0.00068,0.00051,0.00015,4e-05,3e-06,0.0377,82.9,0.0002,0.00021,0.0107,0.0109,0.00032,0.00067,0.00049,0.00014,4e-05,2023-02-06 02:23:14.336000+00:00
us6000jlmv,KRTS,4.7,mb,,88.45,89.01,313.0,D,0.00099,0.0716,0.0011,0.00312,0.00297,0.00051,0.0001,1.4e-05,0.0694,135.64,0.00081,0.00077,0.0538,0.0595,0.001,0.00261,0.00239,0.0006,0.00013,2023-02-06 02:54:00.446000+00:00
us6000jlmv,KHMN,4.7,mb,,104.31,104.79,272.0,D,0.06351,1.6167,0.1348,0.09268,0.01139,0.00307,0.0008,0.012799,1.9566,100.06,0.06018,0.06,1.1617,1.0949,0.10219,0.08007,0.01138,0.00303,0.00059,2023-02-06 02:54:00.446000+00:00
us6000jlmv,SLFK,4.7,mb,,217.72,217.95,470.0,C,0.00019,0.0125,0.00037,0.00089,0.00024,0.00013,3e-05,1e-06,0.0241,119.53,0.00019,0.00018,0.0116,0.0115,0.00033,0.00072,0.00032,0.00013,3e-05,2023-02-06 02:54:00.446000+00:00
us6000jln0,KHMN,4.7,mb,,145.34,146.3,272.0,D,0.00799,0.0785,0.00806,0.00517,0.00129,0.00063,0.00024,0.010657,3.2707,177.1,0.00667,0.00711,0.0959,0.0784,0.00872,0.00643,0.00136,0.00057,0.00022,2023-02-06 03:04:45.269000+00:00
us6000jln0,TUNC,4.7,mb,,187.67,188.41,558.0,C,0.00024,0.0352,0.00024,0.00028,0.00047,0.00041,0.00018,1e-06,0.0224,56.24,0.00019,0.0002,0.0262,0.0231,0.00021,0.0003,0.00042,0.00038,0.00013,2023-02-06 03:04:45.269000+00:00
us6000jln0,KYHL,4.7,mb,,244.37,244.94,900.0,B,7e-05,0.0067,8e-05,0.00013,0.00024,8e-05,3e-05,0.0,0.0105,76.31,6e-05,7e-05,0.0062,0.0065,6e-05,0.00013,0.00021,0.0001,3e-05,2023-02-06 03:04:45.269000+00:00
us6000jln3,KHMN,4.5,mb,,19.22,19.55,272.0,D,0.01604,0.1787,0.01964,0.00752,0.00405,0.00157,0.00044,0.002694,1.4955,172.76,0.01307,0.01435,0.1678,0.1736,0.01953,0.00754,0.00375,0.00146,0.00042,2023-02-06 03:12:11.339000+00:00
us6000jln3,KRTS,4.5,mb,,201.59,201.62,313.0,D,5e-05,0.0035,7e-05,5e-05,6e-05,3e-05,2e-05,0.0,0.0173,174.58,4e-05,4e-05,0.0028,0.003,6e-05,0.00011,6e-05,4e-05,2e-05,2023-02-06 03:12:11.339000+00:00
us6000jln3,TUNC,4.5,mb,,244.65,244.68,558.0,C,7e-05,0.0043,8e-05,9e-05,0.00016,6e-05,2e-05,0.0,0.0085,114.67,6e-05,5e-05,0.0038,0.0037,6e-05,0.0001,0.00014,4e-05,2e-05,2023-02-06 03:12:11.339000+00:00
us6000jln9,KHMN,4.8,mb,,156.89,157.75,272.0,D,0.00445,0.07,0.00431,0.00554,0.00138,0.00026,0.00011,0.010566,3.2747,177.1,0.00434,0.00428,0.0622,0.0601,0.00412,0.00438,0.00132,0.00025,0.00013,2023-02-06 03:45:48.353000+00:00
us6000jln9,TUNC,4.8,mb,,195.26,195.95,558.0,C,0.00049,0.0258,0.00028,0.00081,0.00064,0.00027,0.0001,3.3e-05,0.1637,172.14,0.0004,0.00039,0.0215,0.0232,0.00029,0.00059,0.00074,0.00037,9e-05,2023-02-06 03:45:48.353000+00:00
us6000jlnd,KHMN,4.5,mb,,18.15,21.64,272.0,D,0.03227,0.7834,0.03319,0.01678,0.01016,0.00213,0.00057,0.005031,1.6561,162.83,0.0265,0.02626,0.7124,0.6757,0.03349,0.03441,0.01331,0.00235,0.00069,2023-02-06 04:16:49.374000+00:00
us6000jlnd,KRTS,4.5,mb,,199.26,199.61,313.0,D,0.00012,0.0077,0.0002,0.00041,0.00024,9e-05,2e-05,1e-06,0.0223,144.58,0.00012,0.00012,0.0065,0.0069,0.00021,0.00045,0.0002,7e-05,2e-05,2023-02-06 04:16:49.374000+00:00
us6000jlnd,CMRD,4.5,mb,,202.19,202.53,426.0,C,7e-05,0.0038,0.0001,0.00021,0.00014,5e-05,1e-05,1e-06,0.0216,169.84,7e-05,7e-05,0.0033,0.0036,9e-05,0.00019,0.00013,5e-05,1e-05,2023-02-06 04:16:49.374000+00:00
us6000jlnd,TUNC,4.5,mb,,242.42,242.71,558.0,C,0.00037,0.0296,0.00037,0.00061,0.0017,0.00049,9e-05,3e-06,0.0286,56.83,0.00036,0.00036,0.0289,0.0286,0.00036,0.00061,0.00141,0.00051,0.00011,2023-02-06 04:16:49.374000+00:00
us6000jlnf,KHMN,5.0,mb,,149.7,150.6,272.0,D,0.00653,0.1126,0.00839,0.01115,0.00147,0.00045,0.00013,0.010661,3.2798,177.58,0.00558,0.00601,0.0995,0.0916,0.00774,0.00925,0.00142,0.00043,0.00013,2023-02-06 04:18:46.986000+00:00
us6000jlnf,TUNC,5.0,mb,,188.66,189.37,558.0,C,0.00037,0.0296,0.00037,0.00061,0.0017,0.00049,0.00011,4e-06,0.0322,44.31,0.00036,0.00036,0.0289,0.0286,0.00036,0.00061,0.00141,0.00051,0.00011,2023-02-06 04:18:46.986000+00:00
us6000jlnf,KYHL,5.0,mb,,244.22,244.77,900.0,B,0.00013,0.0125,0.00014,0.00018,0.00048,0.00015,5e-05,1e-06,0.0163,59.81,0.00011,0.00011,0.011,0.0112,0.00012,0.00017,0.0005,0.00014,4e-05,2023-02-06 04:18:46.986000+00:00
us6000jlns,KHMN,4.5,mb,,96.45,96.97,272.0,D,0.00635,0.0746,0.00664,0.00303,0.00076,0.00026,5e-05,0.010965,3.3295,177.33,0.00494,0.00502,0.0677,0.0675,0.00713,0.00333,0.00075,0.00024,6e-05,2023-02-06 04:47:57.170000+00:00
us6000jlns,KRTS,4.5,mb,,99.3,99.8,313.0,D,0.00051,0.0219,0.00067,0.00139,0.00057,0.00022,5e-05,3e-06,0.0338,153.15,0.00037,0.00042,0.0209,0.0212,0.00051,0.00121,0.00049,0.00019,7e-05,2023-02-06 04:47:57.170000+00:00
us6000jlns,SLFK,4.5,mb,,228.58,228.8,470.0,C,0.00029,0.0072,0.00021,0.00037,0.00027,6e-05,1e-05,5e-06,0.0602,147.33,0.00026,0.00024,0.0056,0.0057,0.00019,0.0004,0.00019,5e-05,1e-05,2023-02-06 04:47:57.170000+00:00
us6000jlnv,KHMN,4.6,mb,,75.88,77.66,272.0,D,0.03342,0.4885,0.04136,0.01817,0.00207,0.00056,0.00015,0.014211,3.4641,170.39,0.02869,0.02798,0.3914,0.4099,0.04241,0.01737,0.00258,0.00064,0.00015,2023-02-06 05:01:50.591000+00:00
us6000jlnv,TUNC,4.6,mb,,213.55,214.19,558.0,C,0.00057,0.011,0.00022,0.00022,0.00037,0.00012,3e-05,3.8e-05,0.1705,176.33,0.00047,0.0004,0.0101,0.01,0.0002,0.00019,0.0004,0.00012,3e-05,2023-02-06 05:01:50.591000+00:00
us6000jlp1,KHMN,4.5,mb,,127.73,128.12,272.0,D,0.01235,0.2777,0.04265,0.02068,0.00469,0.00275,0.00086,0.002584,1.4529,168.43,0.01188,0.01128,0.2378,0.2459,0.03113,0.01491,0.0046,0.00215,0.00062,2023-02-06 05:55:49.697000+00:00
us6000jlp1,TUNC,4.5,mb,,212.34,212.58,558.0,C,0.00013,0.0115,0.0001,0.00013,0.00017,0.00022,4e-05,1e-06,0.0212,169.47,0.00012,0.00012,0.0104,0.0109,0.0001,0.00015,0.00016,0.0002,5e-05,2023-02-06 05:55:49.697000+00:00
us6000jlp1,KYHL,4.5,mb,,271.52,271.7,900.0,B,3e-05,0.0032,3e-05,4e-05,9e-05,4e-05,2e-05,0.0,0.0056,115.05,3e-05,3e-05,0.003,0.003,3e-05,4e-05,9e-05,4e-05,2e-05,2023-02-06 05:55:49.697000+00:00
us6000jlpi,KHMN,4.6,mb,,97.31,97.82,272.0,D,0.04227,0.5044,0.07652,0.01671,0.00185,0.00048,8e-05,0.007243,0.5681,3.11,0.04076,0.04149,0.4991,0.4462,0.07234,0.01519,0.00171,0.00039,0.0001,2023-02-06 07:41:14.046000+00:00
us6000jlpi,TUNC,4.6,mb,,208.02,208.26,558.0,C,0.00055,0.0049,0.00021,8e-05,0.00015,5e-05,2e-05,2.3e-05,0.1227,185.35,0.00048,0.00043,0.0048,0.0047,0.00018,9e-05,0.00016,5e-05,1e-05,2023-02-06 07:41:14.046000+00:00
us6000jlpp,KRTS,4.5,mb,,93.67,94.2,313.0,D,0.00041,0.0261,0.00038,0.00064,0.00029,9e-05,4e-05,2e-06,0.0303,154.72,0.00034,0.00033,0.0215,0.0191,0.00045,0.00139,0.00085,0.00016,4e-05,2023-02-06 08:01:47.818000+00:00
us6000jlpp,KHMN,4.5,mb,,107.63,108.09,272.0,D,0.01374,0.1111,0.00605,0.00192,0.00046,0.00018,7e-05,0.000227,0.1731,146.33,0.01023,0.01014,0.0869,0.0743,0.00512,0.00244,0.00037,0.00015,6e-05,2023-02-06 08:01:47.818000+00:00
us6000jlpp,SLFK,4.5,mb,,222.76,222.98,470.0,C,0.00016,0.0053,0.00023,0.00039,0.0002,5e-05,1e-05,2e-06,0.0319,142.8,0.00013,0.00013,0.0046,0.0047,0.00022,0.00036,0.00016,4e-05,1e-05,2023-02-06 08:01:47.818000+00:00
us6000jlpv,KHMN,4.8,mb,,9.24,13.62,272.0,D,0.02379,0.4986,0.0379,0.01459,0.00892,0.00418,0.00094,0.002295,0.3716,7.41,0.01874,0.01955,0.4951,0.4862,0.04374,0.02111,0.00866,0.00455,0.00096,2023-02-06 08:52:37.361000+00:00
us6000jlpv,KRTS,4.8,mb,,190.65,190.91,313.0,D,7e-05,0.0047,9e-05,0.00014,0.00012,8e-05,2e-05,0.0,0.0176,168.03,6e-05,7e-05,0.0042,0.0045,7e-05,0.00013,0.0001,7e-05,2e-05,2023-02-06 08:52:37.361000+00:00
us6000jlpv,CMRD,4.8,mb,,196.92,197.17,426.0,C,5e-05,0.0037,5e-05,7e-05,9e-05,8e-05,2e-05,0.0,0.0191,169.99,5e-05,5e-05,0.0033,0.0034,6e-05,8e-05,9e-05,7e-05,2e-05,2023-02-06 08:52:37.361000+00:00
us6000jlpv,TUNC,4.8,mb,,249.7,249.9,558.0,C,7e-05,0.01,7e-05,9e-05,0.00023,0.00013,4e-05,0.0,0.0118,109.79,7e-05,6e-05,0.0087,0.0081,7e-05,0.0001,0.0002,0.00012,4e-05,2023-02-06 08:52:37.361000+00:00
us6000jlpx,TUNC,4.5,mb,,194.09,194.42,558.0,C,0.00016,0.0113,0.00021,0.00045,0.00055,0.00015,3e-05,1e-06,0.0145,52.17,0.00013,0.00014,0.01,0.0103,0.00017,0.00034,0.0004,0.00014,3e-05,2023-02-06 08:58:34.938000+00:00
us6000jlpx,KYHL,4.5,mb,,255.88,256.13,900.0,B,5e-05,0.0044,5e-05,9e-05,0.0002,7e-05,1e-05,0.0,0.0059,61.46,4e-05,4e-05,0.0035,0.0035,4e-05,7e-05,0.00017,6e-05,1e-05,2023-02-06 08:58:34.938000+00:00
us6000jlq2,TUNC,4.5,mb,,218.66,219.32,558.0,C,7e-05,0.0047,7e-05,9e-05,0.00011,0.00011,2e-05,0.0,0.0067,83.88,5e-05,5e-05,0.0048,0.0047,6e-05,0.0001,0.00012,9e-05,2e-05,2023-02-06 09:21:01.495000+00:00
us6000jlq2,CMRD,4.5,mb,,263.32,263.87,426.0,C,6e-05,0.0013,9e-05,8e-05,3e-05,2e-05,0.0,0.0,0.0197,181.43,4e-05,4e-05,0.001,0.0011,5e-05,5e-05,3e-05,2e-05,1e-05,2023-02-06 09:21:01.495000+00:00
us6000jlq2,KRTS,4.5,mb,,265.88,266.43,313.0,D,0.00032,0.0173,0.0006,0.00075,0.00039,0.00016,4e-05,2e-06,0.0221,161.91,0.00027,0.0003,0.0166,0.0154,0.0005,0.00072,0.00035,0.00018,5e-05,2023-02-06 09:21:01.495000+00:00
us6000jlqc,KRTS,4.6,mb,,108.52,108.98,313.0,D,0.00013,0.0097,0.00014,0.00027,0.00031,0.00015,5e-05,1e-06,0.0231,140.63,0.00012,0.00011,0.0095,0.0096,0.00014,0.00025,0.00026,0.00014,5e-05,2023-02-06 10:07:31.339000+00:00
us6000jlqc,SLFK,4.6,mb,,208.56,208.8,470.0,C,0.00019,0.0039,0.00015,0.00018,0.00015,4e-05,2e-05,4e-06,0.0527,182.33,0.00016,0.00016,0.004,0.0037,0.00019,0.00018,0.00015,4e-05,2e-05,2023-02-06 10:07:31.339000+00:00
us6000jlqe,TUNC,5.8,mb,,187.01,187.28,558.0,C,0.00151,0.2188,0.00182,0.00284,0.00401,0.00344,0.00087,0.000119,0.2267,74.09,0.00172,0.0015,0.2121,0.2114,0.00205,0.00333,0.00372,0.0033,0.001,2023-02-06 10:35:58.161000+00:00
us6000jlqe,CMRD,5.8,mb,,250.19,250.39,426.0,C,0.00029,0.1093,0.00028,0.00041,0.00045,0.00078,0.00042,5e-06,0.0568,117.21,0.00023,0.00022,0.083,0.0898,0.00032,0.00036,0.00055,0.00068,0.00043,2023-02-06 10:35:58.161000+00:00
us6000jlqe,KYHL,5.8,mb,,255.82,256.02,900.0,B,0.00115,0.1735,0.00136,0.00135,0.00346,0.00191,0.00064,4e-05,0.126,65.42,0.001,0.00097,0.1719,0.1452,0.00106,0.00153,0.00307,0.00298,0.00094,2023-02-06 10:35:58.161000+00:00
us6000jlql,ARPRA,5.7,mb,,94.86,95.39,773.0,B,0.00519,0.378,0.00613,0.01297,0.01057,0.00475,0.00128,0.000712,0.4475,45.43,0.00545,0.00501,0.399,0.3765,0.00718,0.01323,0.0109,0.00561,0.00153,2023-02-06 10:51:30.994000+00:00
us6000jlql,TUNC,5.7,mb,,170.23,170.52,558.0,C,0.00448,0.3833,0.00468,0.00641,0.01184,0.00586,0.00105,0.000386,0.2892,23.89,0.00433,0.0043,0.354,0.3522,0.00459,0.00637,0.01391,0.00494,0.00107,2023-02-06 10:51:30.994000+00:00
us6000jlql,KYHL,5.7,mb,,232.22,232.44,900.0,B,0.0011,0.1363,0.00118,0.00169,0.0047,0.0027,0.00055,4.5e-05,0.1191,50.53,0.00092,0.00094,0.1006,0.1092,0.00099,0.00142,0.00402,0.00204,0.00056,2023-02-06 10:51:30.994000+00:00
us6000jlqm,TUNC,4.6,mb,,233.2,233.41,558.0,C,0.00448,0.3833,0.00468,0.00641,0.01184,0.00586,0.00105,0.000386,0.2882,23.41,0.00433,0.0043,0.354,0.3522,0.00459,0.00637,0.01391,0.00494,0.00107,2023-02-06 10:50:56.892000+00:00
us6000jlqm,KRTS,4.6,mb,,254.4,254.6,313.0,D,0.00034,0.093,0.00035,0.00043,0.00099,0.0011,0.00056,7e-06,0.0551,75.9,0.00036,0.00034,0.0913,0.0876,0.00036,0.00044,0.00096,0.00104,0.00064,2023-02-06 10:50:56.892000+00:00
us6000jlqm,CMRD,4.6,mb,,258.56,258.75,426.0,C,0.00031,0.0617,0.0003,0.00033,0.0007,0.00058,0.00047,3e-06,0.0412,121.35,0.00031,0.00027,0.0458,0.0471,0.00031,0.00034,0.00059,0.00056,0.00049,2023-02-06 10:50:56.892000+00:00
us6000jlqx,TUNC,4.9,mb,,193.44,193.7,558.0,C,0.00037,0.0361,0.00041,0.00055,0.00126,0.00071,0.00011,5e-06,0.0459,112.37,0.00033,0.00032,0.0352,0.035,0.00036,0.00053,0.00117,0.00069,0.0001,2023-02-06 11:11:40.849000+00:00
us6000jlqx,CMRD,4.9,mb,,211.93,212.17,426.0,C,7e-05,0.0057,0.00011,0.00016,0.00016,9e-05,3e-05,1e-06,0.0223,176.06,7e-05,6e-05,0.0056,0.0054,0.00012,0.00017,0.00012,0.00012,3e-05,2023-02-06 11:11:40.849000+00:00
us6000jlqx,KRTS,4.9,mb,,234.57,234.78,313.0,D,8e-05,0.0089,0.00011,0.00016,0.0002,9e-05,4e-05,0.0,0.0154,131.97,7e-05,8e-05,0.0079,0.0074,8e-05,0.00018,0.00018,0.00011,4e-05,2023-02-06 11:11:40.849000+00:00
us6000jlr7,CMRD,4.8,mb,,145.45,145.9,426.0,C,0.00016,0.013,0.00027,0.0004,0.00065,0.00014,4e-05,1e-06,0.0254,148.16,0.00016,0.00015,0.0127,0.0127,0.00024,0.00039,0.0005,0.00017,5e-05,2023-02-06 11:39:41.665000+00:00
us6000jlr7,KOZK,4.8,mb,,195.16,195.49,520.0,C,0.00033,0.0342,0.00038,0.00042,0.00086,0.00067,9e-05,4e-06,0.0443,121.02,0.00031,0.0003,0.0332,0.0342,0.00034,0.00051,0.00077,0.00063,0.0001,2023-02-06 11:39:41.665000+00:00
us6000jlr7,TUNC,4.8,mb,,199.99,200.31,558.0,C,0.00026,0.0144,0.00018,0.00026,0.00026,0.00019,4e-05,5e-06,0.0606,147.61,0.00024,0.00025,0.0125,0.0134,0.00018,0.00026,0.00035,0.00021,5e-05,2023-02-06 11:39:41.665000+00:00
us6000jlra,CMRD,4.5,mb,,123.49,123.62,426.0,C,0.00011,0.0052,0.00015,0.00018,0.00013,5e-05,1e-05,1e-06,0.0225,162.87,8e-05,8e-05,0.0048,0.0049,0.00015,0.00014,0.00017,6e-05,2e-05,2023-02-06 11:50:04.398000+00:00
us6000jlra,KRTS,4.5,mb,,177.47,177.56,313.0,D,6e-05,0.003,4e-05,4e-05,4e-05,3e-05,2e-05,1e-06,0.0228,178.19,4e-05,4e-05,0.0029,0.0028,5e-05,7e-05,8e-05,4e-05,2e-05,2023-02-06 11:50:04.398000+00:00
us6000jlra,KOZK,4.5,mb,,187.93,188.02,520.0,C,0.00022,0.0136,0.0003,0.00055,0.00036,0.00017,4e-05,2e-06,0.0352,166.56,0.00021,0.00021,0.0137,0.0134,0.00026,0.00053,0.00039,0.00017,4e-05,2023-02-06 11:50:04.398000+00:00
us6000jlrb,TUNC,4.7,mb,,182.74,183.38,558.0,C,0.00042,0.046,0.00049,0.00061,0.00093,0.00088,0.00017,7e-06,0.0585,142.25,0.00039,0.00041,0.0423,0.0439,0.00043,0.00061,0.00093,0.00079,0.00021,2023-02-06 11:58:37.429000+00:00
us6000jlrb,CMRD,4.7,mb,,230.45,230.96,426.0,C,0.00013,0.0118,0.00012,0.00021,0.00027,0.00013,4e-05,1e-06,0.0261,161.72,0.00011,0.00012,0.01,0.0107,0.00011,0.00019,0.00027,0.00016,4e-05,2023-02-06 11:58:37.429000+00:00
us6000jlrb,KRTS,4.7,mb,,254.23,254.69,313.0,D,0.00012,0.0096,0.00012,0.00037,0.00024,0.0001,4e-05,1e-06,0.0219,123.69,0.00011,0.0001,0.0089,0.009,0.00012,0.00031,0.00024,0.00011,4e-05,2023-02-06 11:58:37.429000+00:00
us6000jlrc,CMRD,6.0,mb,,140.61,140.87,426.0,C,0.00255,0.3368,0.00307,0.00352,0.00872,0.00486,0.0013,9.9e-05,0.1292,19.91,0.00248,0.00249,0.298,0.3177,0.00295,0.0034,0.00731,0.00383,0.00124,2023-02-06 12:02:11.275000+00:00
us6000jlrc,KOZK,6.0,mb,,191.78,191.97,520.0,C,0.00309,0.3434,0.00338,0.00675,0.0072,0.00646,0.002,0.000242,0.2744,53.63,0.00288,0.00289,0.3408,0.3338,0.0031,0.00626,0.00725,0.00649,0.00204,2023-02-06 12:02:11.275000+00:00
us6000jlrc,KRTS,6.0,mb,,193.32,193.51,313.0,D,0.00074,0.1141,0.0008,0.00169,0.00168,0.0018,0.00081,2.7e-05,0.1062,73.0,0.00067,0.00061,0.1081,0.1057,0.00074,0.0016,0.00141,0.00146,0.00082,2023-02-06 12:02:11.275000+00:00
us6000jlrc,TUNC,6.0,mb,,202.49,202.67,558.0,C,0.00205,0.2858,0.00219,0.0028,0.00552,0.00736,0.00134,0.000178,0.2221,37.62,0.00214,0.00188,0.271,0.2718,0.00221,0.0027,0.00534,0.00585,0.00138,2023-02-06 12:02:11.275000+00:00
us6000jlrj,TUNC,4.9,mb,,187.49,188.05,558.0,C,0.0004,0.0285,0.00043,0.00092,0.0014,0.00032,8e-05,6e-06,0.057,146.57,0.00042,0.00039,0.0266,0.027,0.00042,0.00092,0.0011,0.00038,0.00014,2023-02-06 12:34:43.513000+00:00
us6000jlrj,KYHL,4.9,mb,,249.36,249.78,900.0,B,0.00011,0.0124,0.00012,0.0002,0.00041,8e-05,6e-05,1e-06,0.0178,140.9,0.00011,0.00011,0.0097,0.0097,0.00012,0.0002,0.00043,0.00015,7e-05,2023-02-06 12:34:43.513000+00:00
us6000jlrk,TUNC,4.6,mb,,193.34,193.6,558.0,C,0.00032,0.0168,0.0002,0.00031,0.00043,0.0002,8e-05,3e-06,0.0426,115.24,0.00031,0.0003,0.0156,0.0148,0.0002,0.0003,0.00049,0.00034,7e-05,2023-02-06 12:36:33.066000+00:00
us6000jlrk,CMRD,4.6,mb,,248.12,248.32,426.0,C,0.00013,0.0071,0.00019,0.0003,0.00035,0.0001,3e-05,1e-06,0.0232,162.54,0.00012,0.00011,0.0073,0.0071,0.00018,0.00027,0.00027,0.00013,3e-05,2023-02-06 12:36:33.066000+00:00
us6000jlrk,KYHL,4.6,mb,,262.36,262.55,900.0,B,4e-05,0.005,6e-05,8e-05,0.0002,7e-05,2e-05,0.0,0.0114,122.26,4e-05,4e-05,0.0047,0.0048,5e-05,8e-05,0.00018,9e-05,3e-05,2023-02-06 12:36:33.066000+00:00
us6000jlrq,CMRD,4.6,mb,,170.11,171.15,426.0,C,0.0001,0.0128,0.00011,0.00018,0.00027,0.00019,8e-05,1e-06,0.0232,171.23,8e-05,9e-05,0.0107,0.0096,0.00011,0.00017,0.00022,0.00016,6e-05,2023-02-06 12:54:39.920000+00:00
us6000jlrq,TUNC,4.6,mb,,191.73,192.65,558.0,C,0.00028,0.02,0.00014,0.00022,0.0003,0.00025,0.0001,8e-06,0.0734,175.08,0.00024,0.00024,0.0172,0.0164,0.00016,0.00023,0.00053,0.00024,8e-05,2023-02-06 12:54:39.920000+00:00
us6000jlrq,KRTS,4.6,mb,,210.67,211.51,313.0,D,9e-05,0.0098,9e-05,0.00021,0.0004,8e-05,3e-05,0.0,0.0148,127.21,8e-05,8e-05,0.0076,0.008,9e-05,0.00018,0.00036,9e-05,4e-05,2023-02-06 12:54:39.920000+00:00
us6000jlrq,KOZK,4.6,mb,,215.97,216.79,520.0,C,0.00016,0.0178,0.00013,0.0002,0.00024,0.00038,7e-05,2e-06,0.0353,163.67,0.00013,0.00014,0.0156,0.0165,0.00012,0.00022,0.00024,0.00031,6e-05,2023-02-06 12:54:39.920000+00:00
us6000jlrt,CMRD,4.5,mb,,156.96,157.28,426.0,C,0.00021,0.0168,0.00023,0.00024,0.00044,0.00015,5e-05,1e-06,0.023,162.15,0.00015,0.00014,0.0142,0.0136,0.00019,0.00021,0.00036,0.00018,4e-05,2023-02-06 13:00:18.127000+00:00
us6000jlrt,TUNC,4.5,mb,,190.47,190.73,558.0,C,0.00046,0.0264,0.00057,0.00112,0.00087,0.00022,4e-05,4e-06,0.0433,106.31,0.0004,0.00035,0.0236,0.0244,0.0006,0.00108,0.00071,0.00026,4e-05,2023-02-06 13:00:18.127000+00:00
us6000jlrt,KOZK,4.5,mb,,199.18,199.43,520.0,C,0.00029,0.0234,0.00031,0.00064,0.00053,0.00025,5e-05,3e-06,0.0408,152.82,0.00024,0.00026,0.02,0.0202,0.00025,0.0006,0.00043,0.00025,4e-05,2023-02-06 13:00:18.127000+00:00
us6000jlry,CMRD,4.7,mb,,151.35,151.68,426.0,C,0.00025,0.0182,0.00033,0.00035,0.00039,0.00019,7e-05,2e-06,0.0294,133.23,0.00021,0.00021,0.0168,0.0172,0.00028,0.00034,0.00039,0.0002,6e-05,2023-02-06 13:11:56.990000+00:00
us6000jlry,KRTS,4.7,mb,,195.94,196.2,313.0,D,0.00044,0.0181,0.00055,0.00132,0.00036,0.00012,4e-05,3e-06,0.0357,107.07,0.00035,0.00034,0.0147,0.0142,0.00043,0.00105,0.00037,0.00012,4e-05,2023-02-06 13:11:56.990000+00:00
us6000jlry,TUNC,4.7,mb,,202.22,202.47,558.0,C,0.00016,0.0161,0.00017,0.00029,0.00046,0.00025,5e-05,1e-06,0.0292,153.04,0.00014,0.00015,0.0123,0.0126,0.00016,0.00025,0.00036,0.00019,4e-05,2023-02-06 13:11:56.990000+00:00
us6000jlry,KOZK,4.7,mb,,204.79,205.03,520.0,C,0.00021,0.0223,0.00018,0.00038,0.00048,0.00031,0.00011,3e-06,0.0432,141.84,0.0002,0.0002,0.02,0.0208,0.00019,0.00036,0.00048,0.00035,0.00011,2023-02-06 13:11:56.990000+00:00
us6000jls3,TUNC,5.3,mb,,187.07,187.34,558.0,C,0.00042,0.0497,0.00044,0.00087,0.00145,0.00097,0.00022,8e-06,0.0532,59.16,0.0004,0.00041,0.0436,0.046,0.00046,0.00089,0.0014,0.00084,0.00033,2023-02-06 13:39:24.254000+00:00
us6000jls3,CMRD,5.3,mb,,241.3,241.51,426.0,C,0.00018,0.0203,0.00023,0.00029,0.00039,0.0004,0.00013,1e-06,0.0296,137.08,0.00014,0.00014,0.0174,0.0183,0.00014,0.00021,0.00042,0.00032,0.00013,2023-02-06 13:39:24.254000+00:00
us6000jls3,KYHL,5.3,mb,,257.16,257.35,900.0,B,0.0002,0.0259,0.00022,0.00031,0.00054,0.00031,7e-05,2e-06,0.0269,64.45,0.00019,0.00018,0.0204,0.0208,0.00021,0.00029,0.00054,0.00042,9e-05,2023-02-06 13:39:24.254000+00:00
us6000jls6,TUNC,5.0,mb,,195.05,195.78,558.0,C,0.00062,0.0736,0.00073,0.00135,0.00219,0.00097,0.00021,1.1e-05,0.0572,85.6,0.00061,0.00059,0.0554,0.063,0.0007,0.00154,0.00195,0.00081,0.00021,2023-02-06 13:44:51.298000+00:00
us6000jls6,CMRD,5.0,mb,,221.93,222.57,426.0,C,0.00012,0.0123,0.0002,0.00033,0.00027,0.00019,8e-05,1e-06,0.0281,147.23,0.00012,0.00012,0.0122,0.0123,0.00019,0.00024,0.00027,0.0002,8e-05,2023-02-06 13:44:51.298000+00:00
us6000jls6,KRTS,5.0,mb,,241.26,241.85,313.0,D,0.00015,0.0144,0.00016,0.00022,0.00031,0.00024,7e-05,1e-06,0.0227,122.86,0.00013,0.00013,0.0139,0.0142,0.00014,0.00024,0.00031,0.00024,8e-05,2023-02-06 13:44:51.298000+00:00
us6000jlsb,KRTS,4.5,mb,,219.45,219.68,313.0,D,0.00012,0.006,0.00019,0.00044,0.00015,8e-05,2e-05,1e-06,0.0186,135.09,0.00012,0.00012,0.0056,0.0054,0.00021,0.0004,0.00015,8e-05,2e-05,2023-02-06 14:10:09.968000+00:00
us6000jlse,KRTS,4.5,mb,,107.04,107.51,313.0,D,0.00074,0.0401,0.00103,0.00285,0.00113,0.00037,9e-05,1e-05,0.0471,29.45,0.00072,0.00069,0.0421,0.0394,0.00097,0.00255,0.00166,0.00032,9e-05,2023-02-06 14:27:43.394000+00:00
us6000jlse,SLFK,4.5,mb,,236.01,236.22,470.0,C,0.00084,0.0104,0.00044,0.00089,0.00034,5e-05,1e-05,6e-05,0.2027,178.27,0.00069,0.00064,0.0102,0.01,0.00036,0.00074,0.00029,6e-05,1e-05,2023-02-06 14:27:43.394000+00:00
us6000jlse,KRMN,4.5,mb,,293.67,293.84,441.0,C,8e-05,0.0055,8e-05,0.00011,0.00028,0.00011,1e-05,1e-06,0.0225,174.2,8e-05,8e-05,0.0055,0.0052,8e-05,0.00012,0.00022,0.00011,1e-05,2023-02-06 14:27:43.394000+00:00
us6000jlsg,KHMN,4.6,mb,,0.78,10.03,272.0,D,0.01542,0.4452,0.02682,0.04802,0.00712,0.00134,0.00027,0.003593,1.6074,171.5,0.01369,0.01344,0.3791,0.3547,0.02613,0.03576,0.00794,0.00136,0.00028,2023-02-06 06:26:28.168000+00:00
us6000jlsg,KRTS,4.6,mb,,182.34,182.61,313.0,D,0.00023,0.0096,0.00045,0.00102,0.00027,9e-05,3e-05,2e-06,0.0312,121.59,0.00019,0.00019,0.0081,0.0083,0.00038,0.00083,0.00027,9e-05,3e-05,2023-02-06 06:26:28.168000+00:00
us6000jlsg,CMRD,4.6,mb,,192.79,193.05,426.0,C,8e-05,0.0047,0.0001,0.0002,0.00016,3e-05,1e-05,1e-06,0.0223,176.06,7e-05,8e-05,0.0043,0.0043,9e-05,0.00019,0.00014,4e-05,1e-05,2023-02-06 06:26:28.168000+00:00
us6000jlsg,TUNC,4.6,mb,,257.76,257.95,558.0,C,0.00011,0.0082,0.0001,0.00012,0.00027,7e-05,2e-05,0.0,0.0149,100.28,0.00011,0.00011,0.0063,0.0067,8e-05,0.00012,0.00021,7e-05,3e-05,2023-02-06 06:26:28.168000+00:00
us6000jlsj,TUNC,4.5,mb,,169.5,169.79,558.0,C,0.00011,0.0094,0.00022,0.0004,0.00028,7e-05,2e-05,0.0,0.0115,56.61,0.00011,0.00011,0.0067,0.0074,0.00019,0.0003,0.00032,0.0001,2e-05,2023-02-06 14:41:57.177000+00:00
us6000jlsu,TUNC,5.4,mwr,5.4,176.09,176.25,558.0,C,0.00328,0.2589,0.00349,0.00619,0.00817,0.00368,0.00143,0.000125,0.167,36.99,0.00285,0.00288,0.2323,0.2444,0.00342,0.0072,0.0075,0.00354,0.00131,2023-02-06 15:33:32.721000+00:00
us6000jlsu,KYHL,5.4,mwr,5.4,238.56,238.68,900.0,B,0.00074,0.0768,0.00083,0.00134,0.00301,0.00162,0.00046,2e-05,0.0734,47.74,0.00069,0.00067,0.0618,0.0631,0.00077,0.00114,0.00224,0.00152,0.00039,2023-02-06 15:33:32.721000+00:00
us6000jlt0,KRTS,4.5,mb,,63.42,64.2,313.0,D,0.00026,0.0122,0.00042,0.0011,0.00055,0.0001,3e-05,2e-06,0.0259,89.97,0.00023,0.00022,0.0113,0.0107,0.00039,0.00089,0.00042,9e-05,2e-05,2023-02-06 16:10:43.265000+00:00
us6000jlt0,SLFK,4.5,mb,,167.66,167.96,470.0,C,0.00019,0.0069,0.00027,0.00057,0.00016,3e-05,1e-05,2e-06,0.0367,148.0,0.00017,0.00016,0.0063,0.0063,0.00026,0.00046,0.00021,4e-05,1e-05,2023-02-06 16:10:43.265000+00:00
us6000jlt1,KHMN,4.8,mb,,87.14,87.71,272.0,D,0.05351,46.0031,0.09433,0.10229,0.1033,0.10066,0.09606,0.067179,2.2934,6.36,0.05008,0.05008,43.6987,43.6979,0.08901,0.09628,0.09669,0.09444,0.09044,2023-02-06 16:26:39.507000+00:00
us6000jlt1,CMRD,4.8,mb,,147.25,147.59,426.0,C,0.00022,0.0166,0.0003,0.00037,0.00063,0.00015,7e-05,1e-06,0.0299,143.96,0.00021,0.00022,0.015,0.0156,0.0003,0.00049,0.00052,0.0002,7e-05,2023-02-06 16:26:39.507000+00:00
us6000jlt1,KRTS,4.8,mb,,195.59,195.85,313.0,D,0.0001,0.008,0.00011,0.00035,0.00016,9e-05,4e-05,1e-06,0.0227,134.8,8e-05,9e-05,0.0075,0.0075,0.00011,0.00032,0.00016,9e-05,4e-05,2023-02-06 16:26:39.507000+00:00
us6000jlt1,KOZK,4.8,mb,,198.9,199.15,520.0,C,0.00022,0.0278,0.00026,0.00054,0.00043,0.00053,0.00012,4e-06,0.0495,137.22,0.00023,0.00021,0.0262,0.0255,0.00028,0.00054,0.00044,0.00051,9e-05,2023-02-06 16:26:39.507000+00:00
us6000jlwh,KHMN,4.5,mwr,4.5,88.31,88.87,272.0,D,0.00628,0.0733,0.00808,0.00251,0.00127,0.00036,0.00015,0.008918,3.0024,177.07,0.00636,0.00625,0.0717,0.0732,0.00795,0.00271,0.00168,0.00054,0.00015,2023-02-06 17:26:24.481000+00:00
us6000jlwh,CMRD,4.5,mwr,4.5,157.32,157.64,426.0,C,0.00021,0.0153,0.00031,0.00033,0.00029,0.0002,0.00011,1e-06,0.025,156.53,0.00018,0.00018,0.0138,0.0138,0.00038,0.00034,0.0003,0.00021,8e-05,2023-02-06 17:26:24.481000+00:00
us6000jlwh,TUNC,4.5,mwr,4.5,191.99,192.25,558.0,C,0.0003,0.0317,0.00031,0.00044,0.00074,0.00042,7e-05,2e-06,0.0284,78.85,0.00023,0.00023,0.0226,0.0211,0.00026,0.00042,0.00066,0.0003,7e-05,2023-02-06 17:26:24.481000+00:00
us6000jlwh,KOZK,4.5,mwr,4.5,201.28,201.53,520.0,C,0.0002,0.0173,0.00024,0.00049,0.00031,0.00024,7e-05,2e-06,0.04,160.57,0.00019,0.0002,0.0125,0.0146,0.00024,0.0005,0.0003,0.00027,7e-05,2023-02-06 17:26:24.481000+00:00
us6000jm13,KHMN,4.5,mb,,98.25,98.76,272.0,D,0.00462,0.0371,0.00452,0.00171,0.00054,9e-05,4e-05,0.008548,2.9557,177.02,0.00338,0.00303,0.0297,0.029,0.00374,0.00125,0.00045,0.00014,4e-05,2023-02-06 17:46:49.824000+00:00
us6000jm13,TUNC,4.5,mb,,180.54,180.82,558.0,C,0.00023,0.0166,0.00031,0.00052,0.00038,0.00018,4e-05,2e-06,0.0246,150.0,0.00023,0.00022,0.0129,0.014,0.0003,0.00054,0.00046,0.00015,3e-05,2023-02-06 17:46:49.824000+00:00
us6000jm13,KYHL,4.5,mb,,248.7,248.9,900.0,B,0.00013,0.0099,0.00012,0.00025,0.00031,0.0001,3e-05,1e-06,0.0166,109.13,0.00012,0.00012,0.0093,0.0093,0.00013,0.00019,0.00032,0.00012,3e-05,2023-02-06 17:46:49.824000+00:00
us6000jm1p,KHMN,5.2,mww,5.2,90.42,90.97,272.0,D,0.00439,0.1301,0.00525,0.00501,0.00188,0.00144,0.00036,0.008528,2.9398,176.96,0.00436,0.00409,0.1396,0.1208,0.0051,0.00742,0.00192,0.00104,0.00036,2023-02-06 18:03:53.807000+00:00
us6000jm1p,CMRD,5.2,mww,5.2,132.57,132.95,426.0,C,0.00039,0.0378,0.00057,0.00112,0.00073,0.00034,0.00015,5e-06,0.0438,87.39,0.00039,0.00037,0.0303,0.0315,0.00067,0.00105,0.00084,0.0004,0.00013,2023-02-06 18:03:53.807000+00:00
us6000jm1p,KRTS,5.2,mww,5.2,182.71,182.98,313.0,D,0.00017,0.0251,0.0002,0.00046,0.00043,0.00024,0.00013,2e-06,0.0333,110.06,0.00014,0.00015,0.0215,0.0214,0.00018,0.00039,0.00043,0.00023,0.00014,2023-02-06 18:03:53.807000+00:00
us6000jm1p,KOZK,5.2,mww,5.2,193.81,194.07,520.0,C,0.00067,0.0572,0.00067,0.00111,0.0016,0.00096,0.00025,1.5e-05,0.0835,93.12,0.00061,0.00063,0.0529,0.0537,0.00064,0.0011,0.00156,0.00086,0.00025,2023-02-06 18:03:53.807000+00:00
us6000jm1y,TUNC,6.0,mb,,191.13,191.39,558.0,C,0.00642,3.0409,0.00689,0.01061,0.02133,0.0108,0.01342,0.003313,1.2829,96.63,0.00602,0.00626,2.9544,2.774,0.00662,0.01013,0.01769,0.01129,0.01454,2023-02-06 10:26:46.742000+00:00
us6000jm1y,RFHY,6.0,mb,,220.12,220.35,739.0,C,0.00736,2.8431,0.00739,0.00747,0.00912,0.01472,0.02099,0.005624,1.7602,102.9,0.00521,0.00203,2.0109,0.8436,0.00523,0.00528,0.00645,0.01042,0.01484,2023-02-06 10:26:46.742000+00:00
us6000jm1y,KYHL,6.0,mb,,255.56,255.76,900.0,B,0.00423,2.4144,0.00426,0.00443,0.0063,0.00857,0.0056,0.001451,0.8257,95.38,0.00397,0.00354,1.9055,1.8267,0.00403,0.00428,0.00596,0.00735,0.00611,2023-02-06 10:26:46.742000+00:00
us6000jm1y,CMRD,6.0,mb,,275.97,276.15,426.0,C,0.00167,0.8035,0.00194,0.00198,0.00218,0.00287,0.00403,0.000181,0.319,128.64,0.00148,0.00139,0.7325,0.7582,0.00182,0.0017,0.00213,0.00265,0.00296,2023-02-06 10:26:46.742000+00:00
us6000jm29,KHMN,4.8,mwr,4.8,103.26,103.74,272.0,D,0.00257,0.0975,0.00337,0.00179,0.00078,0.00032,0.00012,3.8e-05,0.0866,164.83,0.0024,0.00248,0.0702,0.0694,0.00345,0.00267,0.00103,0.00058,0.00018,2023-02-06 20:05:35.045000+00:00
us6000jm29,CMRD,4.8,mwr,4.8,123.0,123.41,426.0,C,0.00043,0.0321,0.00058,0.00087,0.001,0.00031,0.0001,3e-06,0.0323,100.01,0.00038,0.00036,0.0303,0.0303,0.00056,0.00078,0.00083,0.00033,0.0001,2023-02-06 20:05:35.045000+00:00
us6000jm29,KOZK,4.8,mwr,4.8,181.07,181.35,520.0,C,0.00046,0.0559,0.00049,0.00072,0.00069,0.00089,0.00022,6e-06,0.0535,108.91,0.00041,0.00043,0.0432,0.0406,0.00044,0.0007,0.00079,0.00069,0.00016,2023-02-06 20:05:35.045000+00:00
us6000jm29,KRTS,4.8,mwr,4.8,182.27,182.54,313.0,D,0.00012,0.0092,0.00012,0.00024,0.00022,0.00013,6e-05,1e-06,0.0197,122.69,0.00012,0.00011,0.0088,0.0092,0.00012,0.00023,0.00023,0.00014,6e-05,2023-02-06 20:05:35.045000+00:00
us6000jm2t,KHMN,4.8,mwr,4.8,85.3,85.88,272.0,D,0.00703,0.0767,0.00507,0.00355,0.0017,0.00048,0.0001,0.000135,0.1628,162.91,0.00641,0.00635,0.0737,0.0671,0.00515,0.00422,0.0017,0.0005,0.00013,2023-02-06 20:44:00.230000+00:00
us6000jm2t,CMRD,4.8,mwr,4.8,144.53,144.88,426.0,C,0.00021,0.0229,0.0003,0.00057,0.00037,0.00024,7e-05,1e-06,0.0281,138.27,0.00019,0.00019,0.0166,0.0152,0.00025,0.00059,0.0003,0.0002,5e-05,2023-02-06 20:44:00.230000+00:00
us6000jm2t,KRTS,4.8,mwr,4.8,191.6,191.86,313.0,D,0.00017,0.0107,0.00028,0.00067,0.0003,0.00011,5e-05,2e-06,0.0302,117.41,0.00016,0.00016,0.0096,0.0096,0.00027,0.00063,0.0003,0.00012,6e-05,2023-02-06 20:44:00.230000+00:00
us6000jm2t,KOZK,4.8,mwr,4.8,199.93,200.18,520.0,C,0.00042,0.0346,0.00046,0.00088,0.00097,0.00061,0.00013,6e-06,0.0545,107.41,0.00039,0.00039,0.0322,0.0306,0.00043,0.00077,0.00099,0.00058,0.00013,2023-02-06 20:44:00.230000+00:00
us6000jm2x,KRTS,4.5,mb,,101.3,103.18,313.0,D,0.00053,0.0318,0.00087,0.00128,0.00086,0.00021,6e-05,5e-06,0.0317,28.25,0.0004,0.00044,0.0291,0.0303,0.00082,0.00112,0.00069,0.00045,0.0001,2023-02-06 21:02:06.978000+00:00
us6000jm2x,SLFK,4.5,mb,,230.53,231.36,470.0,C,0.00105,0.0069,0.00053,0.0005,0.00017,5e-05,2e-05,9.6e-05,0.2589,149.67,0.00085,0.00079,0.0063,0.0062,0.00044,0.00043,0.00017,6e-05,2e-05,2023-02-06 21:02:06.978000+00:00
us6000jm2x,KRMN,4.5,mb,,290.64,291.3,441.0,C,7e-05,0.0047,7e-05,9e-05,0.00012,6e-05,1e-05,1e-06,0.0231,170.25,7e-05,6e-05,0.0042,0.0042,7e-05,8e-05,0.00011,6e-05,1e-05,2023-02-06 21:02:06.978000+00:00
us6000jm30,TUNC,4.9,mwr,4.9,185.6,185.88,558.0,C,0.0005,0.051,0.0006,0.00081,0.0017,0.00073,0.00013,9e-06,0.05,48.41,0.00049,0.00047,0.0418,0.0409,0.00056,0.0009,0.00144,0.00062,0.00013,2023-02-06 21:15:18.245000+00:00
us6000jm30,KRTS,4.9,mwr,4.9,222.03,222.27,313.0,D,0.00012,0.0102,0.00014,0.00023,0.00028,0.0001,5e-05,1e-06,0.0166,95.4,0.00011,0.00011,0.0093,0.0097,0.00013,0.00026,0.00027,0.00011,5e-05,2023-02-06 21:15:18.245000+00:00
us6000jm30,KOZK,4.9,mwr,4.9,226.71,226.94,520.0,C,0.00019,0.0256,0.00016,0.0003,0.00045,0.00039,0.00014,3e-06,0.0447,146.76,0.00018,0.00018,0.0235,0.024,0.00016,0.00031,0.00042,0.0004,0.00014,2023-02-06 21:15:18.245000+00:00
us6000jm3c,CMRD,4.7,mwr,4.7,146.21,146.54,426.0,C,0.00022,0.0292,0.00038,0.00057,0.00037,0.00026,9e-05,1e-06,0.0271,138.69,0.00021,0.00019,0.0225,0.0232,0.00039,0.00051,0.00036,0.00033,0.0001,2023-02-06 21:57:43.529000+00:00
us6000jm3c,KOZK,4.7,mwr,4.7,198.72,198.96,520.0,C,0.00034,0.0431,0.00036,0.00053,0.00077,0.00083,0.00013,6e-06,0.0561,108.36,0.00033,0.00033,0.0427,0.0428,0.00038,0.00061,0.0008,0.00082,0.00017,2023-02-06 21:57:43.529000+00:00
us6000jm3c,TUNC,4.7,mwr,4.7,202.32,202.56,558.0,C,0.00092,0.0843,0.00096,0.00119,0.00343,0.0017,0.00016,1.2e-05,0.0459,30.92,0.00067,0.00057,0.0629,0.0525,0.00073,0.00106,0.00245,0.0013,0.00016,2023-02-06 21:57:43.529000+00:00
us6000jm3x,KRTS,4.5,mwr,4.5,107.79,108.34,313.0,D,0.00017,0.0138,0.00024,0.00038,0.00036,0.0002,5e-05,1e-06,0.0182,124.02,0.00015,0.00015,0.0116,0.0113,0.00022,0.00038,0.00037,0.00016,5e-05,2023-02-06 23:29:14.993000+00:00
us6000jm3x,SLFK,4.5,mwr,4.5,154.47,154.85,470.0,C,0.00113,0.0056,0.00024,0.00026,0.00014,4e-05,1e-05,0.00015,0.3132,162.29,0.00099,0.00092,0.005,0.0052,0.00024,0.00025,0.00014,6e-05,1e-05,2023-02-06 23:29:14.993000+00:00
us6000jm4n,KHMN,4.7,mb,,9.34,11.94,272.0,D,0.02697,0.7231,0.0403,0.04545,0.00922,0.00604,0.00132,0.012464,3.3199,174.61,0.02144,0.02362,0.6909,0.6844,0.04902,0.03512,0.00825,0.00586,0.00134,2023-02-06 01:51:43.490000+00:00
us6000jm4n,KRTS,4.7,mb,,187.4,187.55,313.0,D,0.00065,0.0286,0.00084,0.00199,0.00076,0.00033,8e-05,8e-06,0.0602,189.05,0.00049,0.00056,0.0277,0.0284,0.00078,0.00185,0.00083,0.00024,7e-05,2023-02-06 01:51:43.490000+00:00
us6000jm4n,CMRD,4.7,mb,,192.16,192.3,426.0,C,0.00012,0.0087,0.00014,0.00023,0.00033,0.00014,3e-05,1e-06,0.0268,167.88,0.00011,0.00011,0.0079,0.0078,0.00013,0.00022,0.00028,0.00012,3e-05,2023-02-06 01:51:43.490000+00:00
us6000jm4n,TUNC,4.7,mb,,248.91,249.02,558.0,C,0.00026,0.0339,0.00028,0.0003,0.00047,0.00048,8e-05,2e-06,0.0281,93.2,0.00024,0.00023,0.0272,0.0251,0.00026,0.00028,0.00052,0.00039,8e-05,2023-02-06 01:51:43.490000+00:00
us6000jm55,KRTS,4.7,mwr,4.7,86.73,87.3,313.0,D,0.00048,0.0344,0.00068,0.00137,0.00138,0.00042,0.00021,6e-06,0.0418,40.9,0.00042,0.00044,0.032,0.0299,0.0006,0.00118,0.00115,0.00046,0.00017,2023-02-07 02:47:37.074000+00:00
us6000jm55,SLFK,4.7,mwr,4.7,188.96,189.22,470.0,C,0.00058,0.0384,0.00101,0.00114,0.00103,0.00048,8e-05,2.1e-05,0.1201,164.71,0.00049,0.00046,0.0292,0.0271,0.00093,0.00112,0.00084,0.00034,6e-05,2023-02-07 02:47:37.074000+00:00
us6000jm55,KHMN,4.7,mwr,4.7,189.75,190.01,272.0,D,0.00307,0.0311,0.00073,0.00083,0.00038,0.00031,6e-05,0.011095,3.3604,177.16,0.00233,0.00179,0.0293,0.0277,0.00076,0.00071,0.00054,0.00028,9e-05,2023-02-07 02:47:37.074000+00:00
us6000jm55,CMRD,4.7,mwr,4.7,208.22,208.46,426.0,C,0.00011,0.0076,0.0001,0.00014,0.00021,0.00012,2e-05,1e-06,0.0225,168.95,0.0001,0.0001,0.0075,0.0071,0.00011,0.00014,0.00025,0.00011,2e-05,2023-02-07 02:47:37.074000+00:00
us6000jm6p,KHMN,5.4,mww,5.4,152.13,152.4,272.0,D,0.00237,0.1026,0.00251,0.00198,0.00219,0.00114,0.00043,0.003836,1.9764,177.09,0.002,0.00154,0.0909,0.0874,0.00227,0.00203,0.00161,0.00091,0.00043,2023-02-07 07:11:15.008000+00:00
us6000jm6p,TUNC,5.4,mww,5.4,201.53,201.73,558.0,C,0.00123,0.1698,0.00141,0.00249,0.00415,0.00166,0.00093,5.6e-05,0.1314,54.99,0.00121,0.00119,0.1342,0.1373,0.00132,0.00243,0.00347,0.00175,0.00079,2023-02-07 07:11:15.008000+00:00
us6000jm76,TUNC,4.5,mb,,187.28,188.03,558.0,C,0.00047,0.0156,0.00096,0.00087,0.00051,0.00012,6e-05,1.1e-05,0.0736,109.38,0.00039,0.0004,0.0137,0.0143,0.001,0.00086,0.00048,0.00013,4e-05,2023-02-06 11:51:22.063000+00:00
us6000jm76,KYHL,4.5,mb,,257.12,257.67,900.0,B,6e-05,0.0044,7e-05,0.0001,0.0002,9e-05,3e-05,0.0,0.011,132.25,5e-05,6e-05,0.0043,0.0043,6e-05,0.0001,0.00018,8e-05,3e-05,2023-02-06 11:51:22.063000+00:00
us6000jm7f,TUNC,5.3,mww,5.3,206.83,207.24,558.0,C,0.00085,0.0905,0.00096,0.00122,0.00286,0.00171,0.00042,1.8e-05,0.0668,30.12,0.00078,0.00078,0.0782,0.079,0.00086,0.00113,0.00227,0.00137,0.00032,2023-02-07 10:18:14.589000+00:00
us6000jm7f,KYHL,5.3,mww,5.3,263.14,263.46,900.0,B,0.00029,0.029,0.00031,0.00038,0.00166,0.00035,0.00015,3e-06,0.031,57.16,0.00029,0.00029,0.027,0.0258,0.00031,0.00038,0.00159,0.00036,0.00012,2023-02-07 10:18:14.589000+00:00
us6000jm7h,ARPRA,4.6,mb,,88.38,89.83,773.0,B,0.00156,0.0797,0.0019,0.00662,0.00206,0.00051,9e-05,4.7e-05,0.0889,24.45,0.00138,0.00135,0.0722,0.0729,0.00223,0.00573,0.00201,0.00049,9e-05,2023-02-07 10:27:32.024000+00:00
us6000jm7h,TUNC,4.6,mb,,164.33,165.11,558.0,C,0.00055,0.0289,0.00065,0.00156,0.00166,0.00018,4e-05,6e-06,0.0364,34.92,0.0005,0.0005,0.0283,0.0288,0.00062,0.00144,0.00155,0.00022,5e-05,2023-02-07 10:27:32.024000+00:00
us6000jm7h,KYHL,4.6,mb,,225.86,226.43,900.0,B,0.00012,0.0101,0.00013,0.00025,0.00037,0.00014,3e-05,1e-06,0.0143,46.93,0.0001,0.0001,0.0086,0.0089,0.00011,0.00022,0.00034,0.00011,2e-05,2023-02-07 10:27:32.024000+00:00
us6000jm7h,GUMT,4.6,mb,,264.44,264.93,738.0,C,3e-05,0.0022,4e-05,4e-05,5e-05,3e-05,1e-05,0.0,0.0032,121.12,2e-05,2e-05,0.0021,0.0021,3e-05,3e-05,5e-05,3e-05,1e-05,2023-02-07 10:27:32.024000+00:00
us6000jm7k,KRTS,4.5,mb,,183.89,184.09,313.0,D,8e-05,0.0026,3e-05,3e-05,3e-05,3e-05,1e-05,1e-06,0.0291,172.93,5e-05,4e-05,0.0024,0.0024,4e-05,5e-05,5e-05,3e-05,2e-05,2023-02-07 10:56:29.905000+00:00
us6000jm7k,KOZK,4.5,mb,,215.92,216.09,520.0,C,0.00011,0.0105,0.0001,0.00017,0.00024,0.00023,4e-05,1e-06,0.0321,174.65,0.00011,0.00011,0.0103,0.0099,9e-05,0.00015,0.00022,0.00022,4e-05,2023-02-07 10:56:29.905000+00:00
us6000jm7k,TUNC,4.5,mb,,216.58,216.75,558.0,C,0.0001,0.0071,5e-05,9e-05,0.00013,6e-05,3e-05,1e-06,0.0179,154.54,9e-05,9e-05,0.005,0.0055,7e-05,0.0001,0.0002,8e-05,2e-05,2023-02-07 10:56:29.905000+00:00
us6000jm7q,ARPRA,4.5,mb,,97.59,98.8,773.0,B,0.00072,0.0327,0.00117,0.00283,0.00096,0.00032,0.0001,1.3e-05,0.0533,32.97,0.00071,0.00068,0.0321,0.0311,0.00111,0.00261,0.00108,0.00032,7e-05,2023-02-07 12:07:03.774000+00:00
us6000jm7q,TUNC,4.5,mb,,175.78,176.45,558.0,C,0.00035,0.0222,0.0004,0.00077,0.00084,0.00017,5e-05,2e-06,0.0265,47.44,0.00037,0.00033,0.0212,0.0209,0.00042,0.00105,0.00082,0.00017,5e-05,2023-02-07 12:07:03.774000+00:00
us6000jm7q,KYHL,4.5,mb,,236.45,236.95,900.0,B,7e-05,0.0052,9e-05,0.00019,0.00029,5e-05,2e-05,0.0,0.009,50.48,7e-05,7e-05,0.005,0.0048,8e-05,0.00017,0.00027,5e-05,2e-05,2023-02-07 12:07:03.774000+00:00
us6000jm84,KRTS,4.5,mb,,67.5,68.24,313.0,D,0.00056,0.023,0.00098,0.00209,0.00091,0.00024,4e-05,6e-06,0.0388,32.4,0.00054,0.00054,0.0228,0.0228,0.001,0.00186,0.0009,0.00024,5e-05,2023-02-07 13:36:41.353000+00:00
us6000jm84,SLFK,4.5,mb,,173.36,173.65,470.0,C,0.00039,0.0147,0.0009,0.00131,0.00036,5e-05,1e-05,1.1e-05,0.0856,163.97,0.0004,0.00037,0.0153,0.0142,0.00076,0.00122,0.00036,6e-05,1e-05,2023-02-07 13:36:41.353000+00:00
us6000jm84,KHMN,4.5,mb,,185.34,185.61,272.0,D,0.00811,0.0789,0.00712,0.00191,0.0003,8e-05,3e-05,0.004983,2.2388,176.33,0.00763,0.00729,0.0729,0.0749,0.00657,0.00285,0.00028,7e-05,3e-05,2023-02-07 13:36:41.353000+00:00
us6000jm95,KRTS,4.7,mwr,4.7,180.78,181.06,313.0,D,0.00037,0.0315,0.00038,0.00064,0.00074,0.00038,8e-05,4e-06,0.0439,107.15,0.00035,0.00036,0.03,0.0307,0.00038,0.00063,0.00072,0.00047,0.00013,2023-02-07 15:31:28.295000+00:00
us6000jm95,TUNC,4.7,mwr,4.7,260.06,260.25,558.0,C,0.00011,0.0118,0.00014,0.00017,0.00021,0.00013,5e-05,0.0,0.012,78.31,8e-05,8e-05,0.0096,0.0093,9e-05,0.00016,0.00026,0.0002,6e-05,2023-02-07 15:31:28.295000+00:00
us6000jmat,CMRD,5.3,mww,5.3,144.78,145.88,426.0,C,0.00034,0.0246,0.00035,0.00051,0.00062,0.00031,0.00017,2e-06,0.0295,126.54,0.00027,0.00027,0.0242,0.0213,0.00031,0.0005,0.00049,0.00031,0.00014,2023-02-07 18:09:59.860000+00:00
us6000jmat,KRTS,5.3,mww,5.3,186.39,187.24,313.0,D,0.00015,0.0284,7e-05,0.0001,0.00011,0.00013,9e-05,2e-06,0.0401,147.29,0.00015,0.00013,0.022,0.0197,0.00011,0.00015,0.00023,0.00019,0.0002,2023-02-07 18:09:59.860000+00:00
us6000jmat,KOZK,5.3,mww,5.3,206.83,207.6,520.0,C,0.00059,0.0325,0.0006,0.00134,0.00081,0.00044,0.0002,9e-06,0.071,108.05,0.00052,0.00055,0.0292,0.0296,0.00059,0.00159,0.00076,0.00044,0.00022,2023-02-07 18:09:59.860000+00:00
us6000jmdw,KRTS,4.5,mb,,69.06,69.78,313.0,D,0.00076,0.0381,0.00087,0.00203,0.00168,0.00041,0.00011,8e-06,0.0455,30.19,0.00059,0.00064,0.0322,0.0322,0.00079,0.00202,0.00135,0.00038,8e-05,2023-02-07 23:13:02.009000+00:00
us6000jmdw,SLFK,4.5,mb,,175.14,175.43,470.0,C,0.00021,0.0075,0.00041,0.00055,0.00014,0.0001,2e-05,2e-06,0.0312,137.5,0.00021,0.00019,0.0074,0.007,0.00039,0.00064,0.00015,8e-05,1e-05,2023-02-07 23:13:02.009000+00:00
us6000jmdw,KHMN,4.5,mb,,184.79,185.06,272.0,D,0.00252,0.0175,0.00107,0.00041,0.00026,6e-05,1e-05,0.005431,2.3536,177.04,0.00199,0.00191,0.0167,0.0153,0.00095,0.00049,0.0003,6e-05,2e-05,2023-02-07 23:13:02.009000+00:00
us6000jmdw,CMRD,4.5,mb,,191.04,191.3,426.0,C,0.0001,0.0067,0.00011,0.00025,0.00027,6e-05,1e-05,1e-06,0.0212,178.05,0.0001,9e-05,0.0062,0.0063,0.00012,0.00024,0.00024,7e-05,1e-05,2023-02-07 23:13:02.009000+00:00
us6000jmfn,KHMN,4.5,mb,,157.54,157.86,272.0,D,0.00188,0.0207,0.00062,0.00073,0.00034,0.00011,4e-05,0.004461,2.1337,177.21,0.00152,0.00136,0.0184,0.0191,0.00061,0.00065,0.00041,0.00012,4e-05,2023-02-08 06:09:00.273000+00:00
us6000jmfn,CMRD,4.5,mb,,194.53,194.79,426.0,C,8e-05,0.0086,0.00011,0.00013,0.00023,7e-05,3e-05,1e-06,0.0208,167.79,7e-05,7e-05,0.0068,0.0067,0.0001,0.00012,0.00018,7e-05,2e-05,2023-02-08 06:09:00.273000+00:00
us6000jmfn,SLFK,4.5,mb,,202.7,202.95,470.0,C,0.00112,0.0217,0.0016,0.00337,0.00038,7e-05,1e-05,0.000153,0.3318,164.07,0.00101,0.00089,0.0226,0.0208,0.00171,0.00273,0.00041,9e-05,1e-05,2023-02-08 06:09:00.273000+00:00
us6000jmg1,KHMN,5.0,mww,5.0,89.76,90.32,272.0,D,0.0022,0.0311,0.00136,0.00163,0.00092,0.00013,4e-05,0.000805,0.3901,32.87,0.0018,0.00158,0.0269,0.0256,0.0012,0.00127,0.00081,0.00014,3e-05,2023-02-08 07:48:31.978000+00:00
us6000jmg1,CMRD,5.0,mww,5.0,137.64,138.0,426.0,C,0.00069,0.0705,0.00091,0.00093,0.00201,0.00079,0.00027,6e-06,0.0406,44.65,0.00054,0.00057,0.0505,0.0546,0.00073,0.00098,0.00179,0.00078,0.00022,2023-02-08 07:48:31.978000+00:00
us6000jmg1,KRTS,5.0,mww,5.0,187.68,187.95,313.0,D,0.00018,0.0202,0.00019,0.00039,0.00069,0.00021,0.00014,2e-06,0.0304,108.4,0.00016,0.00015,0.0159,0.0172,0.00017,0.00036,0.00051,0.00019,0.00013,2023-02-08 07:48:31.978000+00:00
us6000jmg1,KOZK,5.0,mww,5.0,194.75,195.01,520.0,C,0.00072,0.0714,0.00077,0.00145,0.00179,0.00104,0.00022,1.7e-05,0.0801,66.91,0.0007,0.00071,0.0642,0.0638,0.00077,0.00154,0.00152,0.00116,0.00025,2023-02-08 07:48:31.978000+00:00
us6000jmgf,KHMN,5.4,mww,5.4,75.29,75.89,272.0,D,0.00393,0.3972,0.00661,0.00499,0.0038,0.0029,0.00342,0.003542,1.7418,151.06,0.00374,0.00364,0.3185,0.2994,0.00682,0.00479,0.00546,0.00251,0.00336,2023-02-08 11:11:52.969000+00:00
us6000jmgf,TUNC,5.4,mww,5.4,195.47,195.7,558.0,C,0.00108,0.0901,0.00118,0.00192,0.00275,0.00131,0.0004,4.7e-05,0.1723,157.44,0.00095,0.00101,0.0833,0.0825,0.00101,0.00179,0.00279,0.00117,0.00038,2023-02-08 11:11:52.969000+00:00
us6000jmgf,CMRD,5.4,mww,5.4,236.67,236.86,426.0,C,0.0002,0.0474,0.00021,0.00023,0.00048,0.00039,0.00025,2e-06,0.0328,112.81,0.00018,0.00017,0.0353,0.0323,0.00018,0.00023,0.00043,0.00043,0.00022,2023-02-08 11:11:52.969000+00:00
us6000jmgg,KHMN,4.5,mwr,4.5,72.92,73.01,272.0,D,0.00199,0.0426,0.00151,0.00113,0.00122,0.00038,0.00019,0.003819,1.9739,176.99,0.00172,0.00163,0.0365,0.0387,0.00142,0.00118,0.00158,0.00045,0.00015,2023-02-08 11:24:00.758000+00:00
us6000jmgg,TUNC,4.5,mwr,4.5,195.55,195.58,558.0,C,0.00077,0.059,0.00068,0.00083,0.002,0.00062,0.00011,2.9e-05,0.1412,175.27,0.00074,0.00071,0.0537,0.0529,0.00062,0.0009,0.0018,0.00047,0.00012,2023-02-08 11:24:00.758000+00:00
us6000jmkh,ARPRA,4.5,mb,,101.27,101.76,773.0,B,0.00025,0.0101,0.00061,0.00052,0.00023,6e-05,1e-05,2e-06,0.0231,69.33,0.00023,0.00024,0.0096,0.01,0.00057,0.00057,0.00023,7e-05,1e-05,2023-02-08 20:12:06.104000+00:00
us6000jmkh,KHMN,4.5,mb,,123.48,123.88,272.0,D,0.00038,0.0076,0.00121,0.0003,0.00016,4e-05,2e-05,2e-06,0.0288,91.67,0.00037,0.00035,0.0072,0.0075,0.00091,0.00033,0.00016,6e-05,2e-05,2023-02-08 20:12:06.104000+00:00
us6000jmkh,TUNC,4.5,mb,,174.0,174.29,558.0,C,0.0002,0.0062,0.00021,0.00035,0.00023,6e-05,1e-05,4e-06,0.0496,149.59,0.0002,0.0002,0.0056,0.0056,0.00016,0.00029,0.00022,6e-05,1e-05,2023-02-08 20:12:06.104000+00:00
us6000jmkh,KYHL,4.5,mb,,237.36,237.57,900.0,B,2e-05,0.0024,3e-05,6e-05,0.0001,2e-05,0.0,0.0,0.0038,69.6,2e-05,2e-05,0.0023,0.0022,3e-05,6e-05,9e-05,3e-05,1e-05,2023-02-08 20:12:06.104000+00:00
us6000jmn0,KHMN,5.0,mb,,99.09,99.59,272.0,D,0.02746,0.2219,0.02356,0.00849,0.00119,0.00056,0.00025,0.004238,1.6583,169.05,0.0229,0.02139,0.2108,0.1996,0.02046,0.00773,0.00119,0.0006,0.00021,2023-02-06 02:06:23.457000+00:00
us6000jmn0,TUNC,5.0,mb,,202.12,202.37,558.0,C,0.00037,0.0305,0.00046,0.00093,0.00179,0.00039,0.00015,4e-06,0.0379,65.44,0.00037,0.00029,0.0282,0.0278,0.00044,0.00076,0.00136,0.00037,0.00014,2023-02-06 02:06:23.457000+00:00
us6000jmn0,KYHL,5.0,mb,,267.44,267.63,900.0,B,0.0001,0.0085,0.00011,0.00017,0.00039,7e-05,5e-05,1e-06,0.0176,74.89,8e-05,9e-05,0.0088,0.0085,9e-05,0.00016,0.00033,8e-05,5e-05,2023-02-06 02:06:23.457000+00:00
us6000jn0h,KHMN,4.7,mwr,4.7,124.51,124.91,272.0,D,0.00064,0.0369,0.00122,0.00131,0.00053,0.0003,0.00013,7e-06,0.0539,135.12,0.00062,0.00061,0.0347,0.0348,0.00126,0.00116,0.0008,0.00031,0.00015,2023-02-10 04:50:24.791000+00:00
us6000jn0h,TUNC,4.7,mwr,4.7,177.71,177.99,558.0,C,0.00065,0.0997,0.00083,0.00132,0.00131,0.00168,0.00037,8e-06,0.0403,34.06,0.00059,0.00057,0.0787,0.0727,0.00072,0.00131,0.00128,0.00131,0.00035,2023-02-10 04:50:24.791000+00:00
us6000jn0h,KYHL,4.7,mwr,4.7,240.33,240.54,900.0,B,0.00015,0.0157,0.00021,0.00024,0.00038,0.00035,0.00011,1e-06,0.017,56.19,0.00014,0.00014,0.0153,0.0153,0.00019,0.00023,0.00042,0.00035,0.0001,2023-02-10 04:50:24.791000+00:00
us6000jn9a,KHMN,4.6,mwr,4.6,41.21,41.48,272.0,D,0.00738,0.1675,0.02551,0.00957,0.00378,0.00111,0.00042,0.000371,0.1731,10.29,0.00582,0.00632,0.1629,0.1519,0.02292,0.0087,0.003,0.0009,0.00039,2023-02-11 07:55:41.897000+00:00
us6000jn9a,KRTS,4.6,mwr,4.6,150.29,150.36,313.0,D,0.00021,0.0117,0.00025,0.00048,0.00038,0.00011,4e-05,4e-06,0.0589,169.6,0.0002,0.0002,0.0114,0.0115,0.0002,0.00051,0.00035,0.0001,5e-05,2023-02-11 07:55:41.897000+00:00
us6000jn9a,SLFK,4.6,mwr,4.6,277.77,277.81,470.0,C,0.0001,0.003,9e-05,0.00016,0.00012,2e-05,1e-05,0.0,0.0172,159.33,8e-05,8e-05,0.0029,0.0029,9e-05,0.00016,0.00012,2e-05,1e-05,2023-02-11 07:55:41.897000+00:00
us6000jnar,ARPRA,4.5,mwr,4.5,34.97,36.37,773.0,B,0.0051,0.3137,0.00847,0.01193,0.0088,0.00357,0.00083,0.000394,0.207,15.37,0.00447,0.00446,0.2841,0.2579,0.00967,0.01214,0.00804,0.0031,0.00069,2023-02-11 13:09:59.585000+00:00
us6000jnar,TUNC,4.5,mwr,4.5,104.44,104.92,558.0,C,0.00077,0.0362,0.00146,0.00277,0.00145,0.00038,9e-05,1e-05,0.0441,30.32,0.00063,0.00063,0.0336,0.0353,0.00146,0.00214,0.00124,0.00043,9e-05,2023-02-11 13:09:59.585000+00:00
us6000jnar,KYHL,4.5,mwr,4.5,164.46,164.76,900.0,B,0.00024,0.0153,0.00032,0.00037,0.00087,0.00017,4e-05,2e-06,0.0231,43.55,0.00023,0.00023,0.0153,0.0152,0.00034,0.00054,0.00091,0.00016,3e-05,2023-02-11 13:09:59.585000+00:00
us6000jnar,KHMN,4.5,mwr,4.5,181.16,181.44,272.0,D,0.00018,0.0099,0.00016,0.00027,0.00025,0.00012,4e-05,3e-06,0.0468,162.24,0.00017,0.00017,0.0101,0.0099,0.00015,0.00021,0.0003,0.00013,4e-05,2023-02-11 13:09:59.585000+00:00
us6000jnh1,KHMN,4.7,mwr,4.7,15.02,17.69,272.0,D,0.00832,0.3542,0.02009,0.01643,0.01187,0.00264,0.00056,0.000555,0.2216,9.86,0.00923,0.00797,0.2784,0.3066,0.01661,0.01597,0.0091,0.00246,0.0005,2023-02-12 18:33:14.268000+00:00
us6000jnh1,KRTS,4.7,mwr,4.7,167.77,168.03,313.0,D,0.00022,0.0099,0.00018,0.00038,0.00018,0.00011,4e-05,1.2e-05,0.1047,176.92,0.00019,0.00019,0.01,0.0098,0.00015,0.0004,0.00029,0.00014,5e-05,2023-02-12 18:33:14.268000+00:00
us6000jnh1,CMRD,4.7,mwr,4.7,180.72,180.96,426.0,C,0.0001,0.0059,0.00013,0.00029,0.00018,7e-05,2e-05,1e-06,0.022,167.87,0.0001,0.0001,0.0057,0.0059,0.00013,0.00022,0.00024,6e-05,2e-05,2023-02-12 18:33:14.268000+00:00
us6000jnh1,TUNC,4.7,mwr,4.7,265.64,265.8,558.0,C,0.00011,0.0106,0.00014,0.0002,0.00037,0.00014,3e-05,0.0,0.0119,51.59,0.0001,0.0001,0.0095,0.0096,0.00013,0.00019,0.00027,0.00012,3e-05,2023-02-12 18:33:14.268000+00:00
us6000jnmc,KHMN,4.6,mwr,4.6,94.14,94.43,272.0,D,0.00246,0.1469,0.00277,0.00539,0.00271,0.00099,0.00025,3.9e-05,0.0775,104.55,0.00175,0.00182,0.1092,0.0916,0.00246,0.00465,0.00243,0.00085,0.00018,2023-02-13 19:20:27.970000+00:00
us6000jnmc,CMRD,4.6,mwr,4.6,131.22,131.43,426.0,C,0.00018,0.0164,0.00029,0.00034,0.0004,0.00021,6e-05,1e-06,0.0269,160.51,0.00017,0.00017,0.0161,0.0151,0.00028,0.00036,0.00049,0.00019,6e-05,2023-02-13 19:20:27.970000+00:00
us6000jnmc,KRTS,4.6,mwr,4.6,184.13,184.28,313.0,D,0.00022,0.0158,0.00011,0.00013,0.00025,7e-05,4e-05,1.7e-05,0.1243,179.42,0.00021,0.00022,0.0126,0.0141,0.00018,0.00026,0.00034,0.00017,4e-05,2023-02-13 19:20:27.970000+00:00
us6000jnmc,KOZK,4.6,mwr,4.6,190.1,190.25,520.0,C,0.00026,0.0249,0.00024,0.00038,0.00051,0.00032,8e-05,3e-06,0.0423,138.27,0.00021,0.00022,0.0232,0.0246,0.00023,0.00037,0.00057,0.00038,8e-05,2023-02-13 19:20:27.970000+00:00
us6000jnr5,KRTS,4.7,mb,,98.91,99.41,313.0,D,0.00017,0.0285,0.00046,0.00027,0.0001,0.0001,9e-05,2e-06,0.0369,181.38,0.00012,0.00012,0.0264,0.026,0.0003,0.00041,0.0002,0.00012,9e-05,2023-02-06 01:40:48.558000+00:00
us6000jnr5,KHMN,4.7,mb,,100.48,100.98,272.0,D,0.01619,0.2401,0.04194,0.0105,0.00287,0.00143,0.0005,0.004946,1.7993,177.01,0.01413,0.015,0.2211,0.2061,0.0361,0.00995,0.00235,0.00115,0.00041,2023-02-06 01:40:48.558000+00:00
us6000jnr5,SLFK,4.7,mb,,228.16,228.38,470.0,C,9e-05,0.0109,0.00022,0.00025,0.00014,8e-05,3e-05,1e-06,0.0206,173.14,0.0001,9e-05,0.0103,0.0102,0.0002,0.00027,0.00018,9e-05,3e-05,2023-02-06 01:40:48.558000+00:00
us6000jnr6,KHMN,4.5,mb,,88.6,89.16,272.0,D,0.02697,0.7228,0.0403,0.04545,0.00922,0.00605,0.00132,0.012456,3.3135,171.47,0.02144,0.02362,0.6907,0.6842,0.04902,0.03512,0.00825,0.00586,0.00134,2023-02-06 01:51:19.056000+00:00
us6000jnr6,KRTS,4.5,mb,,112.21,112.65,313.0,D,0.00065,0.0286,0.00084,0.00199,0.00076,0.00033,8e-05,7e-06,0.0564,92.89,0.00049,0.00056,0.0277,0.0284,0.00079,0.00185,0.00083,0.00024,7e-05,2023-02-06 01:51:19.056000+00:00
us6000jnr6,CMRD,4.5,mb,,178.29,178.57,426.0,C,0.00011,0.0087,0.00014,0.00023,0.00033,0.00014,3e-05,1e-06,0.0264,155.86,0.00011,0.00011,0.0079,0.0078,0.00013,0.00022,0.00028,0.00012,3e-05,2023-02-06 01:51:19.056000+00:00
us6000jnr6,SLFK,4.5,mb,,241.49,241.7,470.0,C,0.00047,0.0068,0.0003,0.00047,0.0002,6e-05,2e-05,2e-06,0.0294,129.94,0.00043,0.00046,0.0065,0.0067,0.00026,0.00045,0.0002,6e-05,2e-05,2023-02-06 01:51:19.056000+00:00
us6000jns2,KHMN,4.6,mb,,122.99,123.94,272.0,D,0.00794,0.1286,0.01963,0.01191,0.00161,0.00035,8e-05,0.002251,1.4324,173.94,0.00731,0.00785,0.1246,0.1284,0.01798,0.01074,0.0014,0.00039,8e-05,2023-02-06 05:33:10.998000+00:00
us6000jns2,TUNC,4.6,mb,,187.71,188.34,558.0,C,0.00015,0.0066,0.00013,0.00019,0.00018,8e-05,3e-05,1e-06,0.0278,169.95,0.00013,0.00013,0.0064,0.0066,0.00011,0.00022,0.00019,8e-05,2e-05,2023-02-06 05:33:10.998000+00:00
us6000jns2,KYHL,4.6,mb,,249.55,250.02,900.0,B,3e-05,0.0023,4e-05,7e-05,9e-05,2e-05,1e-05,0.0,0.0051,100.97,3e-05,2e-05,0.0021,0.0021,3e-05,7e-05,8e-05,3e-05,1e-05,2023-02-06 05:33:10.998000+00:00
us6000jns9,KHMN,4.8,mb,,168.22,168.9,272.0,D,0.02827,0.7228,0.06136,0.02913,0.00622,0.0057,0.00136,0.007327,1.9583,178.09,0.02695,0.02761,0.6907,0.6842,0.05074,0.03512,0.00825,0.00586,0.00134,2023-02-06 01:50:10.207000+00:00
us6000jns9,TUNC,4.8,mb,,192.22,192.81,558.0,C,0.00026,0.0339,0.00028,0.00033,0.00047,0.00052,0.00013,3e-06,0.0366,136.3,0.00024,0.00023,0.0272,0.025,0.00026,0.0004,0.00052,0.0004,0.00013,2023-02-06 01:50:10.207000+00:00
us6000jnsf,KRTS,4.5,mb,,103.89,104.37,313.0,D,0.00111,0.01,0.00022,0.00017,0.00014,0.0001,4e-05,5e-06,0.0463,137.06,0.00035,0.00036,0.0095,0.0096,0.00013,0.00021,0.00022,0.00013,0.0001,2023-02-06 07:29:40.592000+00:00
us6000jnsf,SLFK,4.5,mb,,162.87,163.18,470.0,C,0.00014,0.0053,0.0003,0.00044,0.00017,5e-05,1e-05,2e-06,0.0333,151.96,0.00014,0.00014,0.0045,0.0049,0.00031,0.0004,0.00014,5e-05,2e-05,2023-02-06 07:29:40.592000+00:00
us6000jnsj,KHMN,4.7,mb,,36.04,37.4,272.0,D,0.0069,0.1085,0.0098,0.00669,0.00225,0.00098,0.00022,0.010691,3.2533,176.34,0.00609,0.00628,0.1072,0.0963,0.00964,0.00765,0.00289,0.00084,0.00027,2023-02-06 02:34:51.505000+00:00
us6000jnsj,CMRD,4.7,mb,,191.97,192.23,426.0,C,0.00011,0.0078,0.00014,0.00023,0.00037,8e-05,2e-05,1e-06,0.0245,161.62,0.0001,0.0001,0.0062,0.0058,0.00013,0.0002,0.00033,8e-05,2e-05,2023-02-06 02:34:51.505000+00:00
us6000jnsj,SLFK,4.7,mb,,285.81,285.98,470.0,C,0.00014,0.0091,0.00051,0.00052,0.00029,8e-05,3e-05,1e-06,0.0263,91.51,0.00015,0.00014,0.0071,0.0076,0.00047,0.00046,0.00022,7e-05,3e-05,2023-02-06 02:34:51.505000+00:00
us6000jnss,KHMN,4.5,mb,,111.22,112.88,272.0,D,0.00868,0.1172,0.02262,0.00633,0.0011,0.00048,7e-05,0.002042,1.3887,176.75,0.00721,0.00734,0.0989,0.0965,0.01746,0.0056,0.00123,0.00038,6e-05,2023-02-06 05:40:38.044000+00:00
us6000jnss,TUNC,4.5,mb,,207.23,208.12,558.0,C,6e-05,0.0026,5e-05,8e-05,7e-05,2e-05,1e-05,0.0,0.0079,165.93,5e-05,5e-05,0.0023,0.0023,4e-05,6e-05,6e-05,3e-05,1e-05,2023-02-06 05:40:38.044000+00:00
us6000jnt4,TUNC,4.6,mb,,191.9,192.16,558.0,C,0.00039,0.0289,0.0005,0.00094,0.00102,0.00026,6e-05,4e-06,0.0406,132.32,0.00037,0.00032,0.024,0.0247,0.00045,0.00093,0.00094,0.00028,7e-05,2023-02-06 10:56:24.688000+00:00
us6000jnt4,KRTS,4.6,mb,,236.01,236.22,313.0,D,0.00012,0.0105,0.00016,0.0005,0.00011,7e-05,5e-05,0.0,0.0154,138.16,0.0001,0.0001,0.0104,0.0104,0.00014,0.00041,0.00015,8e-05,5e-05,2023-02-06 10:56:24.688000+00:00
us6000jnt5,CMRD,4.7,mb,,167.6,167.9,426.0,C,0.00128,0.0237,0.00144,0.00036,0.00048,0.00045,5e-05,1.5e-05,0.0555,96.22,0.00124,0.00119,0.0227,0.023,0.00158,0.00057,0.00045,0.00043,8e-05,2023-02-06 10:46:56.782000+00:00
us6000jnt5,TUNC,4.7,mb,,193.78,194.04,558.0,C,0.0003,0.0293,0.0003,0.00066,0.00057,0.0005,0.00012,4e-06,0.0507,125.85,0.00027,0.00027,0.0269,0.0282,0.00029,0.00063,0.00052,0.00044,0.00012,2023-02-06 10:46:56.782000+00:00
us6000jnt5,KRTS,4.7,mb,,208.15,208.39,313.0,D,0.00015,0.0186,0.00017,0.00021,0.00032,0.0001,6e-05,1e-06,0.0203,143.64,0.00011,0.00011,0.0184,0.0184,0.00012,0.00019,0.0003,0.0001,6e-05,2023-02-06 10:46:56.782000+00:00
us6000jnt6,ARPRA,4.3,mb,,98.02,98.53,773.0,B,0.00306,0.1789,0.00387,0.00694,0.00334,0.00118,0.00023,9.6e-05,0.1486,100.72,0.00253,0.00236,0.1488,0.1494,0.00337,0.00717,0.00342,0.0017,0.0003,2023-02-06 10:55:02.401000+00:00
us6000jnt6,TUNC,4.3,mb,,119.78,120.2,558.0,C,0.00039,0.0289,0.0005,0.00094,0.00102,0.00027,0.0001,5e-06,0.0511,122.98,0.00037,0.00032,0.024,0.0247,0.00045,0.00093,0.00094,0.00028,9e-05,2023-02-06 10:55:02.401000+00:00
us6000jnt6,KYHL,4.3,mb,,194.21,194.47,900.0,B,0.0001,0.0136,0.00011,0.00018,0.00029,0.0002,6e-05,1e-06,0.0226,137.05,9e-05,9e-05,0.0101,0.0107,0.0001,0.00016,0.00032,0.00014,6e-05,2023-02-06 10:55:02.401000+00:00
us6000jnt6,GUMT,4.3,mb,,272.79,272.97,738.0,C,2e-05,0.0144,5e-05,7e-05,7e-05,4e-05,4e-05,0.0,0.0063,174.9,2e-05,2e-05,0.0102,0.0075,4e-05,5e-05,7e-05,4e-05,3e-05,2023-02-06 10:55:02.401000+00:00
us6000jntk,TUNC,4.6,mb,,188.72,188.96,558.0,C,0.0002,0.0136,0.00022,0.00058,0.00036,8e-05,2e-05,3e-06,0.0428,126.64,0.0002,0.00019,0.0123,0.0122,0.00021,0.0005,0.00045,9e-05,2e-05,2023-02-06 13:03:17.843000+00:00
us6000jntk,KRTS,4.6,mb,,244.03,244.21,313.0,D,5e-05,0.0029,6e-05,6e-05,3e-05,2e-05,1e-05,0.0,0.0164,170.87,4e-05,4e-05,0.002,0.0021,6e-05,9e-05,5e-05,3e-05,1e-05,2023-02-06 13:03:17.843000+00:00
us6000jntl,TUNC,4.5,mb,,212.91,213.41,558.0,C,0.00014,0.0055,9e-05,0.00021,0.00017,9e-05,2e-05,1e-06,0.0285,160.17,0.00011,0.00011,0.0058,0.0052,0.0001,0.00018,0.00018,8e-05,2e-05,2023-02-06 13:14:01.462000+00:00
us6000jntl,KRTS,4.5,mb,,262.55,262.96,313.0,D,0.00025,0.0036,6e-05,4e-05,4e-05,4e-05,2e-05,1e-06,0.0247,174.13,6e-05,6e-05,0.0032,0.0034,5e-05,0.00011,7e-05,6e-05,2e-05,2023-02-06 13:14:01.462000+00:00
us6000jntm,KRTS,4.6,mb,,89.42,89.98,313.0,D,0.00044,0.021,0.00064,0.00135,0.00036,0.00017,6e-05,5e-06,0.0435,149.39,0.0004,0.00041,0.019,0.0195,0.00063,0.00154,0.00044,0.00014,5e-05,2023-02-06 13:09:21.093000+00:00
us6000jntm,CMRD,4.6,mb,,194.68,194.94,426.0,C,7e-05,0.0031,0.00017,0.00017,7e-05,5e-05,1e-05,1e-06,0.022,175.8,7e-05,7e-05,0.0032,0.0031,0.00014,0.00014,9e-05,5e-05,1e-05,2023-02-06 13:09:21.093000+00:00
us6000jntm,SLFK,4.6,mb,,210.72,210.96,470.0,C,0.00093,0.0145,0.0007,0.00068,0.00036,8e-05,2e-05,5.2e-05,0.1838,147.31,0.00084,0.00082,0.0144,0.0141,0.00069,0.00092,0.00026,0.00011,2e-05,2023-02-06 13:09:21.093000+00:00
us6000jntn,KRTS,4.5,mb,,91.03,91.58,313.0,D,8e-05,0.0047,0.00011,0.00017,7e-05,7e-05,4e-05,0.0,0.0147,169.12,7e-05,7e-05,0.0033,0.0032,0.0001,0.00024,7e-05,5e-05,3e-05,2023-02-06 13:31:39.632000+00:00
us6000jntn,SLFK,4.5,mb,,216.84,217.07,470.0,C,0.00052,0.0036,9e-05,7e-05,3e-05,4e-05,1e-05,1.6e-05,0.1025,172.62,0.0004,0.00037,0.0032,0.0028,0.0001,8e-05,3e-05,3e-05,1e-05,2023-02-06 13:31:39.632000+00:00
us6000jntw,TUNC,4.5,mb,,186.38,186.65,558.0,C,3e-05,0.0031,5e-05,6e-05,9e-05,5e-05,1e-05,0.0,0.0064,172.19,3e-05,3e-05,0.0026,0.0028,6e-05,6e-05,9e-05,4e-05,1e-05,2023-02-06 14:33:07.461000+00:00
us6000jnu4,TUNC,4.5,mb,,190.75,191.76,558.0,C,0.00022,0.0196,0.00025,0.00047,0.00075,0.00029,6e-05,2e-06,0.0307,104.76,0.00021,0.0002,0.0169,0.018,0.00024,0.00044,0.00061,0.00026,8e-05,2023-02-06 13:06:39.750000+00:00
us6000jnu4,KRTS,4.5,mb,,230.54,231.38,313.0,D,0.00037,0.0206,0.00063,0.00165,0.00051,0.00011,5e-05,2e-06,0.024,79.83,0.00034,0.00035,0.0164,0.0172,0.00062,0.00152,0.00041,0.0001,4e-05,2023-02-06 13:06:39.750000+00:00
us6000jnu4,KOZK,4.5,mb,,249.33,250.1,520.0,C,0.00012,0.0189,0.00011,9e-05,0.00014,0.00054,8e-05,2e-06,0.0351,172.41,0.00011,0.00011,0.0155,0.0145,9e-05,0.0001,0.00015,0.00041,7e-05,2023-02-06 13:06:39.750000+00:00
us6000jnu7,KHMN,4.7,mb,,17.5,18.25,272.0,D,0.05351,46.0031,0.09433,0.10229,0.1033,0.10066,0.09606,0.067179,2.2934,6.36,0.05008,0.05008,43.6987,43.6979,0.08901,0.09628,0.09669,0.09444,0.09044,2023-02-06 16:28:08.698000+00:00
us6000jnu7,KRTS,4.7,mb,,173.58,173.66,313.0,D,0.0001,0.0075,0.00011,0.00035,0.00016,8e-05,3e-05,1e-06,0.0189,156.5,8e-05,9e-05,0.0073,0.0073,0.00011,0.00032,0.00016,7e-05,4e-05,2023-02-06 16:28:08.698000+00:00
us6000jnu7,CMRD,4.7,mb,,176.86,176.94,426.0,C,0.00015,0.0093,0.0002,0.00021,0.00023,0.00015,4e-05,1e-06,0.0233,183.47,0.00011,0.00012,0.0083,0.0082,0.00019,0.00025,0.0002,0.0001,4e-05,2023-02-06 16:28:08.698000+00:00
us6000jnu7,TUNC,4.7,mb,,252.76,252.81,558.0,C,0.00018,0.0151,0.00019,0.00026,0.00053,0.00032,8e-05,1e-06,0.0261,155.72,0.00014,0.00014,0.0142,0.0146,0.00016,0.00026,0.00038,0.0003,8e-05,2023-02-06 16:28:08.698000+00:00
us6000jnut,ARPRA,4.9,mb,,96.93,97.44,773.0,B,0.00073,0.0322,0.00164,0.0023,0.00068,0.00029,0.00012,1.4e-05,0.0547,29.97,0.00071,0.00071,0.0301,0.0283,0.00172,0.00219,0.00069,0.00033,0.00011,2023-02-06 20:40:06.434000+00:00
us6000jnut,KHMN,4.9,mb,,121.53,121.94,272.0,D,0.00067,0.0166,0.00151,0.00127,0.00021,0.0001,0.0001,1.2e-05,0.0717,131.52,0.00063,0.00065,0.0165,0.0151,0.00151,0.00115,0.00025,0.0001,7e-05,2023-02-06 20:40:06.434000+00:00
us6000jnut,TUNC,4.9,mb,,163.82,164.12,558.0,C,0.00029,0.0246,0.00039,0.00059,0.00076,0.00018,0.00012,2e-06,0.0265,47.88,0.00027,0.00026,0.0214,0.0215,0.00039,0.00066,0.00075,0.00017,0.00012,2023-02-06 20:40:06.434000+00:00
us6000jnut,KYHL,4.9,mb,,229.3,229.52,900.0,B,0.00011,0.016,0.00012,0.00019,0.00035,9e-05,6e-05,1e-06,0.0152,88.27,0.00011,0.00011,0.0128,0.0142,0.00012,0.0002,0.00037,9e-05,8e-05,2023-02-06 20:40:06.434000+00:00
us6000jnuz,KHMN,4.5,mb,,66.99,67.73,272.0,D,0.00294,0.0235,0.00102,0.00063,0.00021,6e-05,2e-05,0.009033,3.0353,177.16,0.00228,0.00195,0.0196,0.018,0.00096,0.0006,0.00019,6e-05,2e-05,2023-02-06 19:25:01.538000+00:00
us6000jnuz,KRTS,4.5,mb,,182.26,182.53,313.0,D,5e-05,0.0025,6e-05,5e-05,3e-05,1e-05,1e-05,1e-06,0.0204,178.02,4e-05,4e-05,0.0024,0.0024,4e-05,9e-05,7e-05,3e-05,1e-05,2023-02-06 19:25:01.538000+00:00
us6000jnvi,KHMN,4.5,mb,,67.82,69.73,272.0,D,0.03145,0.5698,0.05793,0.02408,0.00652,0.00253,0.00086,0.005764,1.8471,150.66,0.02572,0.02827,0.4613,0.4752,0.05173,0.01866,0.00745,0.00344,0.00086,2023-02-06 02:01:18.994000+00:00
us6000jnvi,TUNC,4.5,mb,,220.29,220.89,558.0,C,0.00019,0.0218,0.0002,0.00027,0.00067,0.0003,8e-05,2e-06,0.0361,172.89,0.00018,0.00017,0.0194,0.0193,0.00018,0.00028,0.00066,0.00036,8e-05,2023-02-06 02:01:18.994000+00:00
us6000jnvi,CMRD,4.5,mb,,247.54,248.07,426.0,C,0.00034,0.0142,0.00041,0.0008,0.00067,0.00012,4e-05,2e-06,0.0308,135.33,0.00025,0.00024,0.0145,0.0142,0.00029,0.00058,0.00048,0.00015,4e-05,2023-02-06 02:01:18.994000+00:00
us6000jnvi,KRTS,4.5,mb,,250.32,250.84,313.0,D,0.00045,0.05,0.0006,0.00148,0.00088,0.00047,0.00018,6e-06,0.0546,121.73,0.00045,0.00041,0.037,0.0397,0.00063,0.00144,0.00075,0.00047,0.00016,2023-02-06 02:01:18.994000+00:00
us6000jnvk,CMRD,4.8,mb,,137.5,137.86,426.0,C,0.00025,0.0182,0.00033,0.00035,0.00039,0.00019,7e-05,2e-06,0.0294,147.14,0.00021,0.00021,0.0168,0.0172,0.00028,0.00034,0.00039,0.0002,6e-05,2023-02-06 13:12:27.843000+00:00
us6000jnvk,KRTS,4.8,mb,,179.9,180.18,313.0,D,0.00015,0.0115,0.00019,0.00046,0.00035,0.00012,4e-05,1e-06,0.0277,145.3,0.00015,0.00014,0.0109,0.0105,0.00017,0.00039,0.00036,0.00012,4e-05,2023-02-06 13:12:27.843000+00:00
us6000jnvk,KOZK,4.8,mb,,204.19,204.43,520.0,C,0.00021,0.0223,0.00018,0.00038,0.00048,0.00031,0.00011,3e-06,0.0428,155.98,0.0002,0.0002,0.02,0.0208,0.00019,0.00036,0.00048,0.00035,0.00011,2023-02-06 13:12:27.843000+00:00
us6000jnvk,TUNC,4.8,mb,,217.25,217.48,558.0,C,0.00016,0.0161,0.00017,0.00029,0.00046,0.00025,5e-05,1e-06,0.0298,149.15,0.00014,0.00015,0.0123,0.0126,0.00016,0.00025,0.00036,0.00019,4e-05,2023-02-06 13:12:27.843000+00:00
us6000jnvq,KHMN,4.6,mb,,135.91,136.66,272.0,D,0.01619,0.2168,0.02951,0.0084,0.00119,0.00133,0.00043,0.004509,1.7456,167.71,0.01389,0.01487,0.1872,0.1962,0.0293,0.00791,0.00144,0.00104,0.00038,2023-02-06 01:41:15.211000+00:00
us6000jnvq,TUNC,4.6,mb,,208.48,208.97,558.0,C,0.00017,0.0227,0.00018,0.00035,0.00047,0.00024,7e-05,1e-06,0.0228,101.83,0.00017,0.00016,0.0217,0.0212,0.00018,0.0003,0.00047,0.00029,7e-05,2023-02-06 01:41:15.211000+00:00
us6000jnw7,CMRD,4.7,mb,,151.28,151.61,426.0,C,0.00025,0.0237,0.00026,0.00029,0.00048,0.00042,9e-05,1e-06,0.028,158.13,0.00018,0.0002,0.0227,0.023,0.00021,0.00028,0.00045,0.00043,8e-05,2023-02-06 10:47:41.873000+00:00
us6000jnw7,KRTS,4.7,mb,,198.39,198.64,313.0,D,0.00015,0.0174,0.00017,0.00021,0.00032,0.0001,6e-05,1e-06,0.0191,133.91,0.00011,0.00011,0.0148,0.0152,0.00012,0.00019,0.0003,0.0001,6e-05,2023-02-06 10:47:41.873000+00:00
us6000jnw7,TUNC,4.7,mb,,199.14,199.39,558.0,C,0.0003,0.0293,0.0003,0.00066,0.00057,0.0005,0.00012,4e-06,0.0451,118.14,0.00027,0.00027,0.0268,0.0282,0.00029,0.00063,0.00052,0.00044,0.00012,2023-02-06 10:47:41.873000+00:00
us6000jnwk,TUNC,4.5,mb,,203.2,203.45,558.0,C,0.00027,0.0774,0.00027,0.00061,0.00061,0.00029,0.00023,4e-06,0.0545,178.78,0.00027,0.00025,0.063,0.0645,0.00028,0.00071,0.00054,0.00028,0.00025,2023-02-06 10:38:57.715000+00:00
us6000jnwk,CMRD,4.5,mb,,209.45,209.69,426.0,C,0.00014,0.0301,0.00022,0.00029,0.00035,0.00012,7e-05,1e-06,0.0286,180.87,0.00014,0.00014,0.0234,0.0215,0.00025,0.00029,0.00033,0.00012,7e-05,2023-02-06 10:38:57.715000+00:00
us6000jnwk,KRTS,4.5,mb,,227.38,227.6,313.0,D,0.00014,0.0635,0.00029,0.00048,0.00025,0.00017,0.00021,2e-06,0.041,175.52,0.00013,0.00013,0.0572,0.0589,0.00024,0.00047,0.00023,0.00016,0.00016,2023-02-06 10:38:57.715000+00:00
us6000jnwy,KHMN,4.7,mwr,4.7,96.59,97.11,272.0,D,0.05351,46.0031,0.09433,0.10229,0.1033,0.10066,0.09606,0.067179,2.2934,6.36,0.05008,0.05008,43.6987,43.6979,0.08901,0.09628,0.09669,0.09444,0.09044,2023-02-06 16:27:19.276000+00:00
us6000jnwy,CMRD,4.7,mwr,4.7,133.97,134.34,426.0,C,0.00022,0.0166,0.0003,0.00037,0.00063,0.00015,7e-05,1e-06,0.0288,158.55,0.00021,0.00022,0.015,0.0157,0.0003,0.00049,0.00052,0.0002,7e-05,2023-02-06 16:27:19.276000+00:00
us6000jnwy,KOZK,4.7,mwr,4.7,187.86,188.13,520.0,C,0.00022,0.0278,0.00026,0.00054,0.00043,0.00053,0.00012,4e-06,0.0492,155.41,0.00023,0.00021,0.0262,0.0255,0.00028,0.00054,0.00044,0.00051,9e-05,2023-02-06 16:27:19.276000+00:00
us6000jnwy,KRTS,4.7,mwr,4.7,188.86,189.12,313.0,D,0.0001,0.008,0.00011,0.00035,0.00016,9e-05,4e-05,1e-06,0.0225,141.79,8e-05,9e-05,0.0075,0.0075,0.00011,0.00032,0.00016,9e-05,4e-05,2023-02-06 16:27:19.276000+00:00
us6000jp3y,KRTS,4.6,mb,,211.54,211.78,313.0,D,8e-05,0.0087,3e-05,4e-05,4e-05,5e-05,4e-05,1e-06,0.0299,174.08,4e-05,4e-05,0.0084,0.0086,5e-05,7e-05,7e-05,7e-05,5e-05,2023-02-07 03:16:16.365000+00:00
us6000jp3y,TUNC,4.6,mb,,232.31,232.53,558.0,C,6e-05,0.0071,7e-05,0.00011,0.0001,8e-05,6e-05,0.0,0.0129,160.15,6e-05,6e-05,0.0066,0.0065,6e-05,0.00011,0.00011,8e-05,5e-05,2023-02-07 03:16:16.365000+00:00
us6000jpdx,KHMN,4.6,mwr,4.6,107.92,108.38,272.0,D,0.0013,0.0562,0.00241,0.0022,0.00206,0.00042,0.00016,1.1e-05,0.0447,30.38,0.00109,0.00115,0.0495,0.0509,0.0023,0.00191,0.00158,0.00052,0.00016,2023-02-16 14:45:42.473000+00:00
us6000jpdx,ARPRA,4.6,mwr,4.6,108.32,108.78,773.0,B,0.00138,0.0607,0.00244,0.0044,0.00117,0.0005,0.00029,3.8e-05,0.0863,32.53,0.00129,0.0013,0.0544,0.0567,0.00243,0.00392,0.00151,0.00072,0.00021,2023-02-16 14:45:42.473000+00:00
us6000jpdx,TUNC,4.6,mwr,4.6,168.18,168.48,558.0,C,0.00062,0.0354,0.00067,0.00131,0.00119,0.00049,7e-05,6e-06,0.0409,39.47,0.00058,0.0006,0.0361,0.0326,0.00069,0.00134,0.00126,0.00048,8e-05,2023-02-16 14:45:42.473000+00:00
us6000jphu,GUMT,4.6,mwr,4.6,153.58,153.91,738.0,C,5e-05,0.0087,7e-05,6e-05,0.00011,0.00022,5e-05,0.0,0.0063,60.83,3e-05,3e-05,0.0063,0.0069,4e-05,6e-05,7e-05,7e-05,4e-05,2023-02-17 00:35:58.508000+00:00
us6000jpy6,YKAV,4.7,mwr,4.7,214.14,214.37,462.0,C,5e-05,0.0052,4e-05,7e-05,8e-05,0.00011,4e-05,1e-06,0.0237,174.8,4e-05,5e-05,0.0053,0.0052,4e-05,6e-05,7e-05,0.0001,4e-05,2023-02-18 17:32:57.375000+00:00
us6000jpy6,BODA,4.7,mwr,4.7,218.06,218.29,600.0,C,0.00024,0.0038,0.0006,6e-05,2e-05,2e-05,3e-05,3e-06,0.0452,167.04,5e-05,5e-05,0.0017,0.0022,8e-05,4e-05,1e-05,1e-05,1e-05,2023-02-18 17:32:57.375000+00:00
us6000jpy6,DIDI,4.7,mwr,4.7,231.34,231.56,316.0,D,0.00012,0.0133,0.00011,0.00011,9e-05,0.00014,7e-05,3e-06,0.0508,176.58,8e-05,7e-05,0.0121,0.0113,8e-05,0.00011,0.00019,0.00015,6e-05,2023-02-18 17:32:57.375000+00:00
us6000jpy6,GMLD,4.7,mwr,4.7,279.52,279.7,289.0,D,0.00011,0.0098,0.00013,0.00016,0.00045,0.00012,3e-05,0.0,0.0172,122.74,0.00011,0.0001,0.0086,0.009,0.0001,0.00014,0.00034,0.00012,2e-05,2023-02-18 17:32:57.375000+00:00
us6000jpy6,CESE,4.7,mwr,4.7,286.97,287.14,410.0,C,0.0001,0.0032,5e-05,4e-05,5e-05,5e-05,2e-05,1e-06,0.0315,174.08,9e-05,9e-05,0.0033,0.0031,6e-05,3e-05,4e-05,4e-05,2e-05,2023-02-18 17:32:57.375000+00:00
us6000jpyq,KHMN,5.0,mww,5.0,89.97,90.79,272.0,D,0.00377,0.144,0.00726,0.00989,0.00175,0.00075,0.00034,8.1e-05,0.1057,22.96,0.00355,0.00366,0.1364,0.1417,0.00738,0.00764,0.00219,0.00115,0.00041,2023-02-18 19:31:31.742000+00:00
us6000jpyq,CMRD,5.0,mww,5.0,148.32,148.82,426.0,C,0.00042,0.0539,0.00048,0.00064,0.00091,0.00076,0.00035,4e-06,0.0375,82.75,0.00037,0.00038,0.0492,0.051,0.00044,0.00062,0.00085,0.00063,0.00038,2023-02-18 19:31:31.742000+00:00
us6000jpyq,NIG,5.0,mww,5.0,173.76,174.18,665.0,C,0.03325,0.1557,0.00229,0.00139,0.00078,0.00144,0.00028,0.762665,27.3668,153.98,0.01818,0.01586,0.1274,0.1234,0.00166,0.00171,0.00103,0.00155,0.00043,2023-02-18 19:31:31.742000+00:00
us6000jpyq,KOZK,5.0,mww,5.0,196.69,197.07,520.0,C,0.0005,0.0696,0.00059,0.00099,0.00083,0.00078,0.00022,1.1e-05,0.0754,88.11,0.00043,0.00046,0.0579,0.0598,0.00051,0.0009,0.00081,0.00088,0.00022,2023-02-18 19:31:31.742000+00:00
us6000jq3c,ARPRA,4.6,mwr,4.6,96.16,96.31,773.0,B,0.0026,0.1087,0.0047,0.00659,0.00254,0.00062,0.00017,6.9e-05,0.0957,20.38,0.00242,0.00227,0.1034,0.1045,0.00372,0.00803,0.00196,0.00061,0.0002,2023-02-19 12:04:33.897000+00:00
us6000jq3c,KHMN,4.6,mwr,4.6,130.61,130.72,272.0,D,0.00061,0.0354,0.00152,0.00158,0.00097,0.0002,0.00013,4e-06,0.0287,29.16,0.00058,0.00058,0.0308,0.0325,0.00147,0.00147,0.00076,0.00017,0.00012,2023-02-19 12:04:33.897000+00:00
us6000jq3c,TUNC,4.6,mwr,4.6,171.75,171.83,558.0,C,0.00069,0.0484,0.00094,0.00214,0.00131,0.00039,9e-05,1.5e-05,0.0949,153.23,0.00069,0.00064,0.0369,0.04,0.00083,0.00195,0.00135,0.00035,7e-05,2023-02-19 12:04:33.897000+00:00
us6000jqjc,KRTS,5.5,mb,,68.08,68.81,313.0,D,0.0004,0.1293,0.00069,0.00154,0.00054,0.00028,0.00046,1e-05,0.0748,134.46,0.00041,0.0004,0.1089,0.1087,0.00074,0.00151,0.00053,0.0003,0.00043,2023-02-20 17:07:35.934000+00:00
us6000jqjc,KHMN,5.5,mb,,175.03,175.32,272.0,D,0.00047,0.0597,0.001,0.00155,0.00085,0.00025,0.00037,7e-06,0.057,82.4,0.00042,0.00042,0.056,0.0546,0.00113,0.00123,0.00077,0.00025,0.00033,2023-02-20 17:07:35.934000+00:00
us6000jqjc,SLFK,5.5,mb,,180.15,180.43,470.0,C,0.00055,0.1126,0.0005,0.00064,0.00029,0.00024,0.00028,4e-06,0.0483,131.1,0.00045,0.00042,0.0841,0.0825,0.00059,0.00064,0.0003,0.00024,0.00021,2023-02-20 17:07:35.934000+00:00
us6000jqjc,CMRD,5.5,mb,,187.08,187.35,426.0,C,0.00019,0.0374,0.00021,0.00027,0.00036,0.00015,0.00013,1e-06,0.0286,172.08,0.00016,0.00018,0.037,0.037,0.00018,0.00024,0.00046,0.00016,0.00013,2023-02-20 17:07:35.934000+00:00
us6000jral,CMRD,4.5,mb,,94.39,94.92,426.0,C,0.00016,0.008,0.00029,0.00051,0.00024,0.00011,4e-05,1e-06,0.0244,166.93,0.00014,0.00015,0.0075,0.0068,0.00033,0.00046,0.00021,0.0001,3e-05,2023-02-24 14:02:00.044000+00:00
us6000jral,KRMN,4.5,mb,,109.59,110.05,441.0,C,0.00026,0.0187,0.00053,0.00067,0.00066,0.0002,5e-05,2e-06,0.0314,125.76,0.00026,0.00025,0.0164,0.0152,0.00049,0.0007,0.00057,0.00016,4e-05,2023-02-24 14:02:00.044000+00:00
us6000jral,KOZK,4.5,mb,,157.23,157.55,520.0,C,0.00017,0.0163,0.00018,0.00032,0.00048,0.00032,4e-05,2e-06,0.0383,141.7,0.00017,0.00017,0.0156,0.0162,0.00019,0.00038,0.00045,0.00031,4e-05,2023-02-24 14:02:00.044000+00:00
us6000jrej,KHMN,4.5,mwr,4.5,157.72,158.04,272.0,D,0.00028,0.0172,0.00068,0.00076,0.00026,0.00012,6e-05,2e-06,0.0338,139.92,0.00024,0.00024,0.0145,0.0133,0.00067,0.00065,0.00026,0.00015,7e-05,2023-02-24 20:25:30.019000+00:00
us6000jrej,TUNC,4.5,mwr,4.5,205.1,205.34,558.0,C,0.00016,0.0136,0.00017,0.00022,0.00039,0.00019,4e-05,0.0,0.0122,51.53,0.00013,0.00013,0.0109,0.0121,0.00014,0.00021,0.00038,0.00019,5e-05,2023-02-24 20:25:30.019000+00:00
us6000jriw,CMRD,5.2,mww,5.2,94.87,95.6,426.0,C,0.00107,0.0902,0.00202,0.00263,0.00312,0.00111,0.00062,3e-05,0.0879,34.92,0.00088,0.00084,0.0786,0.0729,0.00157,0.0025,0.00221,0.00091,0.0005,2023-02-25 10:27:10.918000+00:00
us6000jriw,KRMN,5.2,mww,5.2,109.99,110.62,441.0,C,0.00203,0.1603,0.00258,0.0034,0.00355,0.0016,0.00055,6.9e-05,0.1285,39.09,0.00155,0.00163,0.1197,0.1199,0.00253,0.00315,0.00351,0.00141,0.00046,2023-02-25 10:27:10.918000+00:00
us6000jriw,KOZK,5.2,mww,5.2,156.75,157.19,520.0,C,0.00065,0.0992,0.00068,0.00111,0.00192,0.00165,0.00035,2.3e-05,0.1018,77.72,0.00068,0.00063,0.0807,0.0845,0.00073,0.00128,0.00173,0.00156,0.00033,2023-02-25 10:27:10.918000+00:00
us6000jrn1,KRTS,4.5,mwr,4.5,81.21,81.82,313.0,D,0.00023,0.0113,0.00043,0.00071,0.00032,0.00014,7e-05,2e-06,0.0297,125.06,0.00022,0.00022,0.011,0.0109,0.00038,0.00073,0.00031,0.00011,7e-05,2023-02-26 02:26:31.012000+00:00
us6000jrn1,KHMN,4.5,mwr,4.5,180.44,180.72,272.0,D,0.00012,0.0122,0.00031,0.00034,0.00021,0.00014,7e-05,1e-06,0.0249,152.07,0.00014,0.00012,0.0086,0.008,0.00031,0.00033,0.00018,0.00011,5e-05,2023-02-26 02:26:31.012000+00:00
us6000jrn1,SLFK,4.5,mwr,4.5,189.08,189.34,470.0,C,0.00031,0.0115,0.00062,0.00144,0.00025,8e-05,2e-05,1e-06,0.0156,29.55,0.00028,0.00027,0.0106,0.0094,0.00054,0.00119,0.00018,7e-05,2e-05,2023-02-26 02:26:31.012000+00:00
us6000jrtz,KHMN,4.7,mwr,4.7,65.39,66.15,272.0,D,0.00045,0.0823,0.00077,0.00061,0.00086,0.00052,0.00046,5e-06,0.0427,69.91,0.00041,0.00042,0.0718,0.0716,0.00077,0.0006,0.00096,0.00066,0.00056,2023-02-27 02:51:21.400000+00:00
us6000jrtz,TUNC,4.7,mwr,4.7,202.64,202.89,558.0,C,0.00039,0.0437,0.00041,0.00052,0.00064,0.00101,0.00016,3e-06,0.0294,46.32,0.00034,0.00035,0.0327,0.0355,0.00036,0.00049,0.00078,0.00072,0.0002,2023-02-27 02:51:21.400000+00:00
us6000jrtz,CMRD,4.7,mwr,4.7,229.29,229.51,426.0,C,9e-05,0.0116,8e-05,9e-05,0.00022,0.00018,7e-05,1e-06,0.0234,171.83,9e-05,9e-05,0.0105,0.0106,7e-05,9e-05,0.00023,0.00018,0.0001,2023-02-27 02:51:21.400000+00:00
us6000jrtz,KRTS,4.7,mwr,4.7,243.24,243.45,313.0,D,0.00011,0.0182,0.00011,0.00012,0.00042,0.00028,0.00011,1e-06,0.0165,83.23,0.00012,0.0001,0.0156,0.0156,0.00012,0.00013,0.00035,0.00027,0.00011,2023-02-27 02:51:21.400000+00:00
us6000jrw4,ARPRA,5.2,mww,5.2,97.82,98.33,773.0,B,0.00492,0.4284,0.00718,0.01202,0.00893,0.00699,0.00274,0.000379,0.2726,31.52,0.00456,0.00474,0.4187,0.3972,0.00557,0.01142,0.00896,0.00634,0.00229,2023-02-27 09:04:51.865000+00:00
us6000jrw4,KHMN,5.2,mww,5.2,134.35,134.72,272.0,D,0.00114,0.0901,0.0027,0.00184,0.00161,0.00075,0.00046,1.8e-05,0.0739,57.28,0.00113,0.00113,0.0774,0.0844,0.00263,0.00178,0.00174,0.00074,0.00044,2023-02-27 09:04:51.865000+00:00
us6000jrw4,TUNC,5.2,mww,5.2,176.5,176.78,558.0,C,0.00138,0.1208,0.00152,0.00247,0.00267,0.00172,0.00055,3.2e-05,0.0899,40.59,0.00115,0.00119,0.1075,0.1106,0.0013,0.00258,0.00307,0.00177,0.00052,2023-02-27 09:04:51.865000+00:00
us6000jrw4,KYHL,5.2,mww,5.2,236.91,237.12,900.0,B,0.00042,0.0687,0.00043,0.00054,0.00107,0.00121,0.00054,7e-06,0.0485,55.19,0.00038,0.00037,0.058,0.0585,0.0004,0.00052,0.00102,0.00118,0.00044,2023-02-27 09:04:51.865000+00:00
us6000ka6g,KRTS,4.7,mwr,4.7,79.23,79.86,313.0,D,0.0012,0.0787,0.00232,0.00463,0.00175,0.00081,0.00026,2.4e-05,0.0711,31.19,0.00095,0.00107,0.0583,0.0601,0.0017,0.00391,0.00156,0.00062,0.0002,2023-05-07 08:36:08.971000+00:00
us6000ka6g,KHMN,4.7,mwr,4.7,142.39,142.74,272.0,D,0.00134,0.0651,0.0028,0.00362,0.00283,0.00069,0.00023,3.1e-05,0.0888,35.22,0.00114,0.00116,0.0595,0.0624,0.00278,0.00298,0.00201,0.00073,0.00022,2023-05-07 08:36:08.971000+00:00
us6000ka6g,CMRD,4.7,mwr,4.7,181.76,182.03,426.0,C,0.00012,0.0083,0.00013,0.00021,0.00029,0.00015,2e-05,1e-06,0.0227,163.9,0.0001,9e-05,0.0072,0.0066,0.00013,0.00019,0.00026,0.00011,3e-05,2023-05-07 08:36:08.971000+00:00
us6000ka6g,SLFK,4.7,mwr,4.7,203.44,203.69,470.0,C,0.00035,0.0216,0.00078,0.00116,0.00047,0.00012,5e-05,3e-06,0.0308,48.57,0.00033,0.00031,0.0157,0.017,0.0007,0.00092,0.00045,0.00017,4e-05,2023-05-07 08:36:08.971000+00:00
us6000kagp,KHMN,4.5,mb,,129.88,130.26,272.0,D,0.00081,0.0282,0.00191,0.00292,0.00048,0.00034,0.0001,5e-06,0.0349,34.67,0.00068,0.00071,0.026,0.0272,0.00176,0.00219,0.0004,0.00027,9e-05,2023-05-08 20:20:34.789000+00:00
us6000kagp,TUNC,4.5,mb,,200.38,200.63,558.0,C,0.00016,0.0138,0.00017,0.0003,0.00022,0.00016,7e-05,0.0,0.0109,51.9,0.00011,0.00012,0.0119,0.0119,0.00013,0.00021,0.00021,0.00014,8e-05,2023-05-08 20:20:34.789000+00:00
us6000kagp,KYHL,4.5,mb,,259.72,259.91,900.0,B,4e-05,0.0062,5e-05,7e-05,0.00013,0.00011,5e-05,0.0,0.0061,56.61,4e-05,4e-05,0.0053,0.0053,4e-05,7e-05,0.00013,8e-05,4e-05,2023-05-08 20:20:34.789000+00:00
us6000kbcq,KHMN,4.5,mwr,4.5,96.58,96.62,272.0,D,0.00058,0.0337,0.0011,0.0007,0.00108,0.00025,8e-05,4.5e-05,0.1878,171.98,0.00058,0.00053,0.029,0.029,0.00078,0.00073,0.00089,0.00027,7e-05,2023-05-12 08:33:21.858000+00:00
us6000kbcq,CMRD,4.5,mwr,4.5,113.23,113.27,426.0,C,0.00016,0.0092,0.00025,0.00033,0.00015,0.0001,3e-05,1e-06,0.0231,165.03,0.00014,0.00015,0.0078,0.0078,0.00029,0.00033,0.00015,0.00011,3e-05,2023-05-12 08:33:21.858000+00:00
us6000kbcq,KRTS,4.5,mwr,4.5,164.49,164.51,313.0,D,9e-05,0.0046,5e-05,6e-05,6e-05,4e-05,2e-05,1e-06,0.0332,175.85,6e-05,6e-05,0.0042,0.0044,6e-05,0.00011,0.0001,7e-05,3e-05,2023-05-12 08:33:21.858000+00:00
us6000kbcq,KOZK,4.5,mwr,4.5,190.66,190.68,520.0,C,0.00014,0.0137,0.00013,0.0002,0.00029,0.00031,7e-05,2e-06,0.0332,156.51,0.00012,0.00013,0.0134,0.0135,0.00012,0.00017,0.00029,0.00037,7e-05,2023-05-12 08:33:21.858000+00:00
us6000kx2n,KRMN,4.8,mwr,4.8,115.17,115.8,441.0,C,0.00029,0.0429,0.00034,0.00044,0.00048,0.00055,0.00026,3e-06,0.0374,107.63,0.00026,0.00025,0.0391,0.0337,0.00033,0.00042,0.00048,0.00042,0.0002,2023-08-01 15:06:52.523000+00:00
us6000kz22,ALAN,4.8,mb,,103.55,109.81,822.0,B,0.00096,0.0359,0.00125,0.00389,0.00036,0.00018,2e-05,1.2e-05,0.0521,33.58,0.00075,0.0007,0.0287,0.027,0.00142,0.00317,0.00055,0.00017,3e-05,2023-08-10 13:16:06.518000+00:00
us6000kz22,MNVG,4.8,mb,,111.61,117.44,304.0,D,0.00036,0.0203,0.00072,0.0013,0.00062,0.00023,4e-05,7e-06,0.0565,104.91,0.00034,0.00033,0.0166,0.017,0.00064,0.00105,0.00056,0.00022,4e-05,2023-08-10 13:16:06.518000+00:00
us6000kz22,KEMT,4.8,mb,,116.73,122.32,454.0,C,0.00051,0.0265,0.00143,0.00103,0.00098,0.00019,3e-05,1e-05,0.0654,102.36,0.00051,0.00045,0.0275,0.0257,0.00113,0.00093,0.0012,0.0002,4e-05,2023-08-10 13:16:06.518000+00:00
us6000kz22,DEMR,4.8,mb,,141.43,146.08,861.0,B,0.00026,0.0067,8e-05,0.00012,0.00013,0.00015,4e-05,1.6e-05,0.102,100.15,0.0002,0.00021,0.0063,0.0056,8e-05,0.00012,0.00014,0.00011,3e-05,2023-08-10 13:16:06.518000+00:00
us6000kzjz,ARPRA,4.7,mwr,4.7,90.21,90.76,773.0,B,0.00241,0.1196,0.00347,0.00683,0.0025,0.00123,0.00017,9.6e-05,0.1541,56.29,0.0022,0.00203,0.1123,0.1056,0.00329,0.00652,0.00316,0.0011,0.00023,2023-08-12 13:39:16.290000+00:00
us6000kzjz,KHMN,4.7,mwr,4.7,135.77,136.14,272.0,D,0.00165,0.0837,0.00276,0.00385,0.00146,0.00036,0.00014,2.8e-05,0.0944,71.87,0.00138,0.00148,0.0748,0.0731,0.00265,0.00309,0.00157,0.00043,0.00015,2023-08-12 13:39:16.290000+00:00
us6000kzjz,TUNC,4.7,mwr,4.7,166.72,167.02,558.0,C,0.00066,0.0396,0.0008,0.0016,0.00236,0.00044,9e-05,1.2e-05,0.0616,69.42,0.00058,0.00058,0.0388,0.0389,0.00068,0.00131,0.00211,0.00047,0.00011,2023-08-12 13:39:16.290000+00:00
us6000lfk2,YUVA,4.6,mb,,57.13,58.0,629.0,C,0.00197,0.1348,0.00323,0.00682,0.00383,0.00125,0.0003,4.1e-05,0.0795,17.47,0.00189,0.00187,0.1167,0.1041,0.00346,0.00556,0.00285,0.00094,0.00022,2023-10-14 14:07:11.266000+00:00
us6000lfk2,SAFT,4.6,mb,,89.96,90.51,461.0,C,0.00068,0.0168,0.00219,0.00085,0.0003,0.00015,3e-05,4e-06,0.022,18.7,0.00068,0.00064,0.0142,0.0143,0.002,0.00116,0.00031,0.00013,3e-05,2023-10-14 14:07:11.266000+00:00
us6000lpk6,KHMN,4.5,mb,,164.9,165.2,272.0,D,0.00014,0.0156,0.00016,0.00032,0.00028,0.00012,4e-05,0.0,0.0167,131.51,0.00012,0.00013,0.0112,0.0121,0.00017,0.00028,0.00027,0.00021,5e-05,2023-11-20 07:36:05.347000+00:00
us6000lpk6,TUNC,4.5,mb,,198.52,198.77,558.0,C,0.00018,0.0139,0.00017,0.00024,0.00062,0.00014,3e-05,1e-06,0.018,99.95,0.00014,0.00013,0.0112,0.0113,0.00013,0.00021,0.00048,0.00013,3e-05,2023-11-20 07:36:05.347000+00:00
us6000lq9s,TUNC,5.3,mww,5.3,199.35,199.6,558.0,C,0.00066,0.1229,0.00075,0.00179,0.00174,0.00137,0.00056,1.5e-05,0.0631,44.29,0.00067,0.00065,0.0938,0.0898,0.00076,0.00147,0.00218,0.00109,0.00041,2023-11-23 14:46:09.122000+00:00
us6000m009,TOS,4.9,mb,,23.08,25.15,667.0,C,0.01264,0.472,0.03521,0.02911,0.01289,0.00206,0.00045,0.00052,0.1336,4.37,0.01033,0.01085,0.4504,0.4499,0.02707,0.02373,0.01185,0.0019,0.00037,2023-12-27 13:04:12.459000+00:00
us6000m009,KMON,4.9,mb,,33.72,35.17,564.0,C,0.00204,0.1482,0.00758,0.0042,0.0038,0.00315,0.00031,5.4e-05,0.0732,14.91,0.00195,0.00197,0.148,0.144,0.00597,0.00357,0.00358,0.00224,0.0003,2023-12-27 13:04:12.459000+00:00
us6000m009,SAFT,4.9,mb,,91.04,91.59,461.0,C,0.00034,0.0126,0.00109,0.00105,0.00031,7e-05,5e-05,1e-06,0.0148,22.71,0.00028,0.00027,0.01,0.0105,0.0008,0.0008,0.0003,8e-05,4e-05,2023-12-27 13:04:12.459000+00:00
us6000m498,KHMN,4.5,mb,,97.6,98.11,272.0,D,0.00025,0.0067,0.00031,0.00029,0.00031,4e-05,1e-05,1e-05,0.0855,173.55,0.00026,0.00024,0.0067,0.0067,0.00034,0.00024,0.00025,4e-05,1e-05,2024-01-09 09:14:59.382000+00:00
us6000m498,NIG,4.5,mb,,144.43,144.78,665.0,C,0.02607,0.1447,0.00218,0.00151,0.00093,0.00054,0.00047,0.517773,21.6899,145.73,0.01407,0.0137,0.0772,0.062,0.00093,0.00073,0.00045,0.00027,0.00021,2024-01-09 09:14:59.382000+00:00
us6000n148,YKAV,4.5,mb,,45.24,158.68,462.0,C,5e-05,0.0051,0.00016,5e-05,4e-05,2e-05,1e-05,0.0,0.0076,178.06,4e-05,4e-05,0.0044,0.0047,7e-05,3e-05,8e-05,6e-05,2e-05,2024-05-26 15:15:12.095000+00:00
us6000n148,BODA,4.5,mb,,46.53,159.05,600.0,C,0.00011,0.0064,0.00019,5e-05,2e-05,1e-05,0.0,1e-06,0.0272,167.87,5e-05,5e-05,0.0049,0.0046,8e-05,8e-05,8e-05,6e-05,2e-05,2024-05-26 15:15:12.095000+00:00
us6000n148,DATC,4.5,mb,,57.01,162.42,436.0,C,0.00029,0.0102,0.00055,0.00017,9e-05,7e-05,4e-05,1.5e-05,0.1107,175.84,0.00015,0.00013,0.0086,0.0089,0.00035,0.00011,0.00019,0.00012,6e-05,2024-05-26 15:15:12.095000+00:00
us6000n148,DIDI,4.5,mb,,69.72,167.31,316.0,D,0.0004,0.0073,0.00022,0.00017,8e-05,5e-05,3e-05,4.2e-05,0.1909,183.59,0.00013,0.00013,0.0067,0.0066,8e-05,9e-05,7e-05,0.0001,4e-05,2024-05-26 15:15:12.095000+00:00
us6000n148,GMLD,4.5,mb,,145.07,210.18,289.0,D,0.00018,0.0031,9e-05,9e-05,7e-05,2e-05,1e-05,3e-06,0.0435,154.07,6e-05,6e-05,0.003,0.0031,5e-05,6e-05,0.00012,2e-05,1e-05,2024-05-26 15:15:12.095000+00:00
us6000n80m,SOMA,4.7,mww,4.7,13.41,17.89,798.0,B,0.01067,0.5002,0.01832,0.03007,0.00905,0.00352,0.00097,0.000803,0.2485,10.78,0.0101,0.01019,0.4508,0.466,0.01597,0.03075,0.01096,0.00441,0.00114,2024-06-24 22:36:44.501000+00:00
us6000n80m,BALB,4.7,mww,4.7,50.2,51.58,463.0,C,0.00268,0.0844,0.00725,0.0077,0.00209,0.00048,0.00026,9.9e-05,0.1265,21.01,0.00242,0.00231,0.0845,0.0793,0.00622,0.00645,0.00175,0.00062,0.00024,2024-06-24 22:36:44.501000+00:00
us6000n80m,GORD,4.7,mww,4.7,68.81,69.82,662.0,C,0.00072,0.0331,0.00204,0.00189,0.00091,0.00055,0.00015,8e-06,0.0484,59.05,0.00067,0.00067,0.033,0.0329,0.00217,0.00217,0.00075,0.00067,0.00013,2024-06-24 22:36:44.501000+00:00
us6000nwgc,KRMN,4.5,mb,,81.51,82.12,441.0,C,0.00021,0.0158,0.00034,0.00051,0.00031,0.00028,4e-05,2e-06,0.0294,150.07,0.0002,0.0002,0.0133,0.0138,0.00035,0.00048,0.00033,0.00024,4e-05,2024-10-04 05:57:19.724000+00:00
us6000ny1h,SAFT,4.8,mww,4.8,188.31,188.58,461.0,C,0.00034,0.0201,0.0006,0.00073,0.00032,0.0004,4e-05,1e-06,0.0151,35.82,0.00031,0.00032,0.0199,0.02,0.0006,0.00069,0.00036,0.00034,7e-05,2024-10-11 07:16:41.035000+00:00
us6000nyvh,DEMR,4.6,mww,4.6,133.11,136.04,861.0,B,0.00011,0.0141,6e-05,0.00011,0.00013,0.00017,8e-05,2e-06,0.0442,173.2,9e-05,7e-05,0.01,0.0107,6e-05,0.00013,0.00013,0.00013,6e-05,2024-10-15 16:54:21.860000+00:00
us6000nyvh,DATC,4.6,mww,4.6,165.1,167.47,436.0,C,0.00089,0.0752,0.00072,0.00103,0.00156,0.0011,0.00054,5.3e-05,0.1936,176.9,0.00087,0.00088,0.0737,0.0739,0.00076,0.00094,0.00153,0.00132,0.00053,2024-10-15 16:54:21.860000+00:00
us6000nyvh,CAME,4.6,mww,4.6,165.24,167.61,469.0,C,9e-05,0.0114,0.00011,0.00019,0.00027,0.00011,9e-05,1e-06,0.0261,166.21,8e-05,8e-05,0.0101,0.0103,9e-05,0.00017,0.00021,0.00011,9e-05,2024-10-15 16:54:21.860000+00:00
us6000nyvh,BODA,4.6,mww,4.6,202.0,203.94,600.0,C,0.00023,0.0214,0.00027,0.00062,0.00033,0.00031,0.0001,1e-06,0.0205,82.42,0.00017,0.00019,0.016,0.0162,0.00022,0.00065,0.00032,0.00023,9e-05,2024-10-15 16:54:21.860000+00:00
us6000nza6,TUNC,4.5,mwr,4.5,18.14,20.4,558.0,C,0.01959,0.6062,0.04415,0.02766,0.01563,0.00439,0.00122,0.003042,0.4862,12.8,0.01901,0.01867,0.6153,0.5806,0.04528,0.03514,0.01409,0.00559,0.00141,2024-10-17 08:29:57.386000+00:00
us6000nza6,KYHL,4.5,mwr,4.5,88.79,89.28,900.0,B,0.00049,0.0332,0.00091,0.00143,0.00173,0.00026,0.00013,8e-06,0.0435,33.0,0.00049,0.00049,0.0321,0.0325,0.001,0.00149,0.00137,0.00035,0.00013,2024-10-17 08:29:57.386000+00:00
us6000nzqk,CMRD,4.5,mb,,189.41,189.67,426.0,C,7e-05,0.0028,8e-05,0.00014,7e-05,3e-05,0.0,1e-06,0.021,180.22,6e-05,6e-05,0.0028,0.0027,8e-05,0.00014,8e-05,4e-05,1e-05,2024-10-19 11:41:10.568000+00:00
us6000phj9,MNVG,4.5,mwr,4.5,58.26,59.11,304.0,D,0.00336,0.1878,0.0074,0.00726,0.00293,0.00094,0.00052,0.000165,0.1973,29.13,0.00308,0.00305,0.1468,0.1511,0.00646,0.00638,0.00272,0.00125,0.00051,2025-01-03 13:51:02.330000+00:00
us6000phj9,SEYD,4.5,mwr,4.5,104.55,105.03,382.0,C,0.00032,0.0215,0.00073,0.0008,0.00046,0.0003,5e-05,3e-06,0.0331,103.88,0.00031,0.0003,0.0188,0.0181,0.0007,0.00085,0.00046,0.00024,5e-05,2025-01-03 13:51:02.330000+00:00
us6000pi4u,YKAV,4.5,mb,,76.78,169.34,462.0,C,4e-05,0.0011,1e-05,1e-05,2e-05,1e-05,0.0,1e-06,0.0225,172.84,3e-05,3e-05,0.0009,0.001,1e-05,1e-05,2e-05,1e-05,0.0,2025-01-06 08:46:56.186000+00:00
us6000pi4u,BODA,4.5,mb,,77.73,169.77,600.0,C,0.00015,0.002,0.00029,9e-05,2e-05,0.0,0.0,2e-06,0.0399,170.57,6e-05,5e-05,0.0017,0.0017,0.0001,9e-05,4e-05,1e-05,0.0,2025-01-06 08:46:56.186000+00:00
us6000pi4u,DATC,4.5,mb,,80.05,170.85,436.0,C,0.00154,0.0281,0.00446,0.00094,0.0001,4e-05,1e-05,0.000192,0.3625,180.41,0.00111,0.00112,0.0107,0.0104,0.00131,0.0002,7e-05,4e-05,1e-05,2025-01-06 08:46:56.186000+00:00
us6000pi4u,DIDI,4.5,mb,,99.82,180.96,316.0,D,0.00035,0.003,0.00034,7e-05,2e-05,1e-05,1e-05,5.8e-05,0.2333,177.18,0.00011,0.00011,0.0025,0.0022,9e-05,4e-05,4e-05,2e-05,1e-05,2025-01-06 08:46:56.186000+00:00
us6000pi4u,GMLD,4.5,mb,,170.02,227.35,289.0,D,6e-05,0.0017,5e-05,4e-05,2e-05,1e-05,1e-05,1e-06,0.0383,180.96,4e-05,3e-05,0.0012,0.0012,4e-05,4e-05,3e-05,1e-05,0.0,2025-01-06 08:46:56.186000+00:00
us6000pii1,HOPA,4.6,mb,,171.08,171.37,588.0,C,0.00029,0.0165,0.0007,0.00098,0.00049,0.00016,5e-05,2e-06,0.0273,60.5,0.00023,0.00025,0.0123,0.0136,0.00063,0.00092,0.00044,0.00013,3e-05,2025-01-08 01:30:03.901000+00:00
us6000plhn,GPNR,5.0,mww,5.0,14.04,15.12,665.0,C,0.04236,1.5704,0.08191,0.10117,0.0721,0.0179,0.00222,0.009386,0.7557,8.89,0.03838,0.03808,1.8465,1.5693,0.07178,0.09437,0.06297,0.0165,0.0026,2025-01-21 20:38:43.257000+00:00
us6000plhn,EZNE,5.0,mww,5.0,33.39,33.86,282.0,D,0.01008,0.4276,0.01934,0.03295,0.00883,0.00321,0.00086,0.000901,0.2934,15.51,0.00934,0.00936,0.3926,0.3187,0.01707,0.02863,0.00682,0.00297,0.00077,2025-01-21 20:38:43.257000+00:00
us6000plhn,BMYO,5.0,mww,5.0,46.78,47.12,384.0,C,0.00399,0.2098,0.00406,0.00724,0.00831,0.00148,0.00117,0.000143,0.1653,30.48,0.00301,0.00285,0.1889,0.2043,0.00435,0.00658,0.00623,0.00182,0.00118,2025-01-21 20:38:43.257000+00:00
us6000py6h,CUKT,4.6,mww,4.6,37.5,38.81,900.0,B,0.01202,1.1233,0.01287,0.03625,0.03486,0.01387,0.00144,0.00207,0.4127,11.07,0.01008,0.007,0.8698,0.6379,0.01167,0.02625,0.02808,0.01116,0.00114,2025-03-11 18:03:21.423000+00:00
us6000q5sb,GULF,4.8,mww,4.8,22.26,24.4,597.0,C,0.01819,0.5105,0.02838,0.0329,0.01035,0.00229,0.00066,0.001281,0.2605,6.13,0.01472,0.01645,0.4865,0.497,0.03335,0.03289,0.00911,0.00216,0.00048,2025-04-13 14:43:02.978000+00:00
us6000q5sb,ERBG,4.8,mww,4.8,49.45,50.45,766.0,B,0.01031,0.3454,0.01957,0.02762,0.00709,0.00309,0.00059,0.000591,0.2295,12.71,0.00822,0.00851,0.3363,0.3292,0.01864,0.02307,0.00803,0.0031,0.00052,2025-04-13 14:43:02.978000+00:00
us6000qg7w,GULF,4.5,mb,,62.91,63.7,597.0,C,0.0026,0.065,0.00646,0.00297,0.00137,0.0003,5e-05,6.4e-05,0.0781,16.29,0.00244,0.00244,0.0632,0.0577,0.00535,0.00245,0.00128,0.00036,6e-05,2025-05-12 09:26:28.135000+00:00
us6000qg7w,TOS,4.5,mb,,93.59,94.12,667.0,C,0.00042,0.0207,0.00058,0.00143,0.00036,0.00011,2e-05,2e-06,0.0134,13.04,0.00042,0.00041,0.0198,0.0205,0.00064,0.00123,0.00037,0.00011,2e-05,2025-05-12 09:26:28.135000+00:00
us6000qg7w,SINP,4.5,mb,,115.13,115.56,276.0,D,0.00047,0.0389,0.00064,0.00107,0.00081,0.00063,0.00018,4e-06,0.0337,37.78,0.00041,0.00043,0.0337,0.0327,0.00059,0.00101,0.00084,0.00053,0.00015,2025-05-12 09:26:28.135000+00:00
us6000qznb,BALB,6.1,mww,6.1,33.75,35.2,463.0,C,0.0268,2.1645,0.04986,0.07176,0.051,0.02805,0.00662,0.011277,1.2608,17.9,0.02569,0.02657,2.0103,1.9497,0.05453,0.06105,0.05962,0.02514,0.0082,2025-08-10 16:53:47.260000+00:00
us6000qznb,SOMA,6.1,mww,6.1,47.91,48.94,798.0,B,0.02674,1.9329,0.04319,0.07774,0.05371,0.01625,0.00442,0.011695,1.2455,15.26,0.02208,0.02286,1.4652,1.5913,0.04423,0.06509,0.04258,0.01437,0.00389,2025-08-10 16:53:47.260000+00:00
us6000qznb,GORD,6.1,mww,6.1,53.21,54.14,662.0,C,0.01959,2.9861,0.03439,0.03399,0.0521,0.02576,0.00684,0.007629,1.0788,21.69,0.01955,0.01947,2.8433,2.6696,0.03697,0.03241,0.0459,0.02207,0.00844,2025-08-10 16:53:47.260000+00:00
us6000qznb,AKS,6.1,mww,6.1,57.51,58.37,541.0,C,0.02871,1.7581,0.06754,0.04898,0.05154,0.01219,0.00383,0.012529,1.3539,15.47,0.02636,0.02782,1.7216,1.6252,0.06472,0.05425,0.05092,0.01215,0.00375,2025-08-10 16:53:47.260000+00:00
us6000r0e0,DATC,4.7,mb,,87.19,156.96,436.0,C,0.00115,0.0193,0.00288,0.00108,0.00036,0.00012,3e-05,0.000103,0.2874,170.99,0.00077,0.00077,0.0133,0.0133,0.00074,0.00061,0.00038,0.00013,5e-05,2025-08-13 17:39:12.999000+00:00
us6000r0e0,DIDI,4.7,mb,,121.69,178.44,316.0,D,0.00185,0.0082,0.00064,0.00044,7e-05,7e-05,2e-05,0.000387,0.5012,124.81,0.00023,0.00023,0.0067,0.0058,0.0003,0.0001,0.00016,9e-05,3e-05,2025-08-13 17:39:12.999000+00:00
us6000r0e0,GMLD,4.7,mb,,194.4,234.15,289.0,D,9e-05,0.003,0.0001,7e-05,2e-05,1e-05,1e-05,1e-06,0.0209,172.51,5e-05,5e-05,0.0025,0.0027,5e-05,4e-05,8e-05,3e-05,1e-05,2025-08-13 17:39:12.999000+00:00
us6000r0e0,CESE,4.7,mb,,227.66,262.42,410.0,C,0.00027,0.0052,1e-05,1e-05,2e-05,1e-05,1e-05,6e-06,0.0702,167.8,0.00026,0.00026,0.0016,0.0016,1e-05,1e-05,1e-05,1e-05,1e-05,2025-08-13 17:39:12.999000+00:00
us6000r1um,SOMA,4.6,mb,,39.32,40.57,798.0,B,0.0012,0.0604,0.00249,0.00238,0.00047,0.00018,4e-05,1.2e-05,0.049,20.84,0.00114,0.00108,0.0551,0.055,0.00217,0.00365,0.00173,0.00038,0.0001,2025-08-18 08:26:28.343000+00:00
us6000r1um,GORD,4.6,mb,,43.15,44.29,662.0,C,0.00058,0.0458,0.00095,0.00148,0.00105,0.00048,0.0001,6e-06,0.0378,59.41,0.00058,0.00053,0.0431,0.0403,0.00091,0.0014,0.00094,0.00085,0.00013,2025-08-18 08:26:28.343000+00:00
us6000r1um,BALB,4.6,mb,,44.16,45.28,463.0,C,0.00153,0.0768,0.00334,0.00342,0.00188,0.00078,0.0001,2.3e-05,0.0608,15.99,0.00148,0.00136,0.0606,0.0642,0.00326,0.00342,0.00184,0.00065,0.00011,2025-08-18 08:26:28.343000+00:00
us6000r1um,AKS,4.6,mb,,44.74,45.84,541.0,C,0.00117,0.0347,0.0024,0.00264,0.00077,0.00019,3e-05,1.4e-05,0.0437,17.9,0.00108,0.00098,0.034,0.0341,0.00206,0.00335,0.00076,0.00021,3e-05,2025-08-18 08:26:28.343000+00:00
us6000r3ie,GORD,4.8,mww,4.8,33.57,36.24,662.0,C,0.00216,0.1426,0.00441,0.00475,0.00325,0.00176,0.00065,6.1e-05,0.1037,28.71,0.00204,0.00202,0.127,0.1296,0.00636,0.00497,0.00267,0.00168,0.00074,2025-08-24 18:58:18.229000+00:00
us6000r3ie,AKS,4.8,mww,4.8,46.51,48.47,541.0,C,0.00431,0.1758,0.01691,0.00801,0.0037,0.00083,0.0002,0.000263,0.1966,137.66,0.00455,0.00426,0.1402,0.1505,0.01497,0.00805,0.00332,0.00072,0.0002,2025-08-24 18:58:18.229000+00:00
us6000r3ie,SOMA,4.8,mww,4.8,52.74,54.48,798.0,B,0.00379,0.1542,0.00728,0.01443,0.00427,0.00188,0.00045,0.000106,0.1288,134.64,0.00364,0.00351,0.1439,0.1517,0.0086,0.01113,0.00421,0.00135,0.0004,2025-08-24 18:58:18.229000+00:00
us6000r3ie,BALB,4.8,mww,4.8,54.56,56.24,463.0,C,0.00317,0.1664,0.00712,0.00823,0.00611,0.00124,0.00032,9.4e-05,0.1286,134.58,0.00309,0.00307,0.1397,0.1449,0.00624,0.00965,0.00498,0.00147,0.00034,2025-08-24 18:58:18.229000+00:00
us6000rcfc,GORD,4.6,mww,4.6,34.99,44.29,662.0,C,0.00164,0.1087,0.00456,0.00241,0.00159,0.00114,0.00055,2.9e-05,0.0711,24.74,0.00131,0.00134,0.0901,0.0877,0.00349,0.00256,0.00196,0.00108,0.00048,2025-09-23 22:27:50.888000+00:00
us6000rcfc,AKS,4.6,mww,4.6,44.33,51.99,541.0,C,0.00274,0.1142,0.011,0.00527,0.00477,0.00053,0.00015,9.3e-05,0.1004,13.05,0.00243,0.00239,0.0997,0.0868,0.00837,0.00412,0.0038,0.00044,0.00013,2025-09-23 22:27:50.888000+00:00
us6000rcfc,SOMA,4.6,mww,4.6,48.1,55.24,798.0,B,0.00271,0.0864,0.0055,0.00426,0.00085,0.00047,0.00013,3.7e-05,0.0732,14.98,0.00244,0.00256,0.0756,0.0718,0.00566,0.00647,0.00146,0.00061,0.00014,2025-09-23 22:27:50.888000+00:00
us6000rcfc,BALB,4.6,mww,4.6,52.02,58.68,463.0,C,0.00214,0.1317,0.00321,0.00376,0.00454,0.00071,0.00024,4.6e-05,0.0855,18.56,0.00206,0.00204,0.112,0.1133,0.00383,0.00436,0.00433,0.00123,0.00025,2025-09-23 22:27:50.888000+00:00
us6000rdf2,SMAA,5.2,mww,5.2,15.73,18.64,275.0,D,0.05262,4.0164,0.15107,0.05963,0.02326,0.02297,0.00407,0.018198,1.172,10.82,0.04329,0.04068,3.2267,3.4471,0.08947,0.07911,0.07274,0.04509,0.02511,2025-09-28 09:59:16.543000+00:00
us6000rdf2,SHAP,5.2,mww,5.2,34.24,35.67,496.0,C,0.05301,1.5391,0.10854,0.06504,0.03077,0.00654,0.00147,0.009717,0.8199,8.42,0.04549,0.04475,1.3739,1.4624,0.11386,0.06446,0.03093,0.00591,0.00148,2025-09-28 09:59:16.543000+00:00
us6000rdf2,GORD,5.2,mww,5.2,75.19,75.85,662.0,C,0.00531,0.5266,0.00545,0.00763,0.0158,0.00661,0.00188,0.00041,0.2393,15.14,0.0053,0.0053,0.5063,0.4886,0.00642,0.00829,0.01467,0.00864,0.00191,2025-09-28 09:59:16.543000+00:00
us6000rdf2,ORLT,5.2,mww,5.2,89.84,90.39,610.0,C,0.00784,0.6648,0.00922,0.01719,0.01788,0.0059,0.00146,0.000784,0.3459,25.3,0.00631,0.00685,0.4823,0.4843,0.00918,0.0152,0.01409,0.00551,0.00123,2025-09-28 09:59:16.543000+00:00
us6000rdhv,SMAA,4.6,mwr,4.6,30.97,32.54,275.0,D,0.02752,1.0099,0.06297,0.04282,0.00777,0.01049,0.00123,0.002555,0.3905,11.32,0.01783,0.01898,0.9757,0.9795,0.03943,0.03602,0.02518,0.01476,0.00406,2025-09-28 22:48:30.654000+00:00
us6000rdhv,SHAP,4.6,mwr,4.6,43.73,44.86,496.0,C,0.01615,0.5141,0.03651,0.02564,0.00634,0.00114,0.00029,0.001093,0.2436,5.31,0.01567,0.01598,0.4216,0.4614,0.03747,0.023,0.00734,0.00131,0.00029,2025-09-28 22:48:30.654000+00:00
us6000rdhv,ORLT,4.6,mwr,4.6,74.77,75.44,610.0,C,0.0008,0.04,0.00114,0.00196,0.00116,0.00033,9e-05,1.5e-05,0.0571,34.64,0.00076,0.00077,0.0386,0.0381,0.00144,0.00192,0.00096,0.00058,0.0001,2025-09-28 22:48:30.654000+00:00
us6000rdhv,GORD,4.6,mwr,4.6,88.43,88.99,662.0,C,0.00098,0.0796,0.00208,0.00108,0.00158,0.00129,0.00025,1.3e-05,0.0493,18.69,0.00089,0.00093,0.0831,0.0757,0.00181,0.00129,0.00156,0.00153,0.00025,2025-09-28 22:48:30.654000+00:00
us6000re6a,MAEG,5.0,mww,5.0,22.38,24.51,255.0,D,0.01272,0.6951,0.02402,0.02695,0.02754,0.0039,0.00107,0.001173,0.291,10.47,0.01163,0.01203,0.6705,0.6592,0.02348,0.02701,0.02773,0.00324,0.00105,2025-10-02 11:55:03.928000+00:00
us6000re6a,SILV,5.0,mww,5.0,41.93,43.11,324.0,D,0.01073,0.4128,0.0211,0.0477,0.00788,0.00235,0.00069,0.001538,0.4443,14.05,0.00948,0.00939,0.3533,0.3416,0.02016,0.03698,0.00797,0.00221,0.00077,2025-10-02 11:55:03.928000+00:00
us6000rfqg,SMAA,4.9,mww,4.9,21.36,26.03,275.0,D,0.04787,2.0965,0.07732,0.05481,0.05986,0.03437,0.00794,0.011665,1.0672,14.78,0.03892,0.03698,1.9964,1.9872,0.06785,0.05557,0.0542,0.02832,0.00719,2025-10-08 23:54:07.168000+00:00
us6000rfqg,SHAP,4.9,mww,4.9,31.02,34.4,496.0,C,0.08851,3.1913,0.17769,0.20067,0.03508,0.00634,0.00178,0.018701,0.6533,1.96,0.08334,0.07845,2.56,2.4332,0.16825,0.16413,0.04015,0.00663,0.0017,2025-10-08 23:54:07.168000+00:00
us6000rfqg,DST,4.9,mww,4.9,52.93,54.98,480.0,C,0.00452,0.4171,0.00959,0.0109,0.00735,0.00503,0.00066,0.000342,0.2258,21.56,0.00459,0.0045,0.3351,0.3684,0.00988,0.01142,0.01263,0.00433,0.00073,2025-10-08 23:54:07.168000+00:00
us6000rfqg,ORLT,4.9,mww,4.9,86.76,88.03,610.0,C,0.00595,0.3016,0.00664,0.01297,0.00549,0.00227,0.00029,0.000224,0.1806,28.33,0.00425,0.00408,0.2388,0.1965,0.00511,0.01071,0.00578,0.00182,0.00031,2025-10-08 23:54:07.168000+00:00
us6000rhb0,KOZK,4.7,mb,,143.91,144.26,520.0,C,0.00038,0.0266,0.00054,0.00089,0.00078,0.00049,8e-05,4e-06,0.0427,125.8,0.00036,0.00036,0.0237,0.0248,0.0005,0.00085,0.00079,0.00044,6e-05,2025-09-22 06:03:35.766000+00:00
us6000rhb0,NIG,4.7,mb,,169.18,169.48,665.0,C,0.0001,0.0071,0.00011,0.00022,0.00015,0.00014,3e-05,0.0,0.0079,44.23,8e-05,8e-05,0.0067,0.0068,0.0001,0.0002,0.00014,0.00013,3e-05,2025-09-22 06:03:35.766000+00:00
us6000rjsu,GORD,6.0,mww,6.0,32.18,33.16,662.0,C,0.04091,3.8222,0.05564,0.05406,0.08579,0.05748,0.01466,0.01959,1.4778,13.76,0.03475,0.03547,3.9603,3.5272,0.04791,0.05044,0.07737,0.06393,0.0144,2025-10-27 19:48:28.767000+00:00
us6000rjsu,AKS,6.0,mww,6.0,51.04,51.66,541.0,C,0.02178,1.7007,0.06511,0.05388,0.04595,0.00991,0.00526,0.0079,0.9649,15.07,0.02154,0.01986,1.6293,1.5917,0.05793,0.04396,0.03758,0.01082,0.00549,2025-10-27 19:48:28.767000+00:00
us6000rjsu,DST,6.0,mww,6.0,56.32,56.89,480.0,C,0.01414,0.9296,0.02714,0.02456,0.02124,0.00735,0.00329,0.002893,0.7301,24.97,0.013,0.01326,0.7735,0.8481,0.02914,0.02444,0.01596,0.00799,0.00405,2025-10-27 19:48:28.767000+00:00
us6000rjsu,BALB,6.0,mww,6.0,60.32,60.85,463.0,C,0.01874,1.7609,0.0257,0.04915,0.03179,0.01362,0.00752,0.003638,0.7665,20.38,0.01613,0.01725,1.6421,1.4978,0.02356,0.0472,0.03089,0.01386,0.00796,2025-10-27 19:48:28.767000+00:00
us6000rjvu,GORD,4.9,mb,,40.91,42.11,662.0,C,0.00399,0.2915,0.0065,0.00699,0.00898,0.00398,0.00089,0.000193,0.1497,15.11,0.00362,0.00347,0.2398,0.2534,0.01058,0.00512,0.00724,0.0036,0.00092,2025-10-28 07:54:13.813000+00:00
us6000rjvu,DST,4.9,mb,,46.46,47.52,480.0,C,0.00241,0.1656,0.00317,0.00403,0.00242,0.00074,0.00019,4.7e-05,0.0882,24.78,0.00214,0.00215,0.1177,0.1209,0.00391,0.00627,0.00307,0.00127,0.00027,2025-10-28 07:54:13.813000+00:00
us6000rjvu,BALB,4.9,mb,,58.62,59.47,463.0,C,0.00141,0.0837,0.00263,0.00308,0.00185,0.0011,0.00035,2.8e-05,0.0742,23.87,0.00129,0.00135,0.0799,0.0803,0.00231,0.00339,0.00183,0.00115,0.00032,2025-10-28 07:54:13.813000+00:00
us6000rjvu,SMAA,4.9,mb,,59.49,60.32,275.0,D,0.00493,0.2513,0.01162,0.01796,0.00623,0.00359,0.00108,0.000319,0.2134,19.62,0.0049,0.0049,0.2497,0.2488,0.01418,0.01473,0.00695,0.00298,0.0011,2025-10-28 07:54:13.813000+00:00
us6000rl1h,GORD,4.8,mb,,32.04,33.56,662.0,C,0.00348,0.0656,0.00599,0.00332,0.00141,0.00037,0.00016,3.4e-05,0.0551,11.33,0.00181,0.0017,0.0571,0.0532,0.00449,0.00143,0.00208,0.00078,0.00012,2025-11-02 12:41:10.199000+00:00
us6000rl1h,DST,4.8,mb,,57.55,58.41,480.0,C,0.00065,0.0193,0.00208,0.00116,0.00046,0.00014,4e-05,9e-06,0.038,22.8,0.00065,0.00064,0.0183,0.019,0.0017,0.00112,0.00052,0.00014,4e-05,2025-11-02 12:41:10.199000+00:00
us6000rl1h,SOMA,4.8,mb,,58.91,59.75,798.0,B,0.00176,0.0591,0.00435,0.00512,0.00089,0.00041,6e-05,2.9e-05,0.0636,11.83,0.00167,0.00166,0.0516,0.0487,0.0056,0.00412,0.0008,0.00031,5e-05,2025-11-02 12:41:10.199000+00:00
us6000rl6n,GORD,5.0,mww,5.0,36.02,37.38,662.0,C,0.00475,0.2911,0.01237,0.0053,0.00429,0.00137,0.00091,0.000183,0.156,19.77,0.00436,0.00415,0.2511,0.2185,0.01117,0.00607,0.00449,0.00212,0.0009,2025-11-03 12:35:37.219000+00:00
us6000rl6n,SMAA,5.0,mww,5.0,49.41,50.41,275.0,D,0.01121,0.6172,0.02059,0.02245,0.01204,0.0038,0.00288,0.001135,0.3704,16.36,0.01084,0.01087,0.5851,0.6122,0.02321,0.02698,0.01482,0.00557,0.00291,2025-11-03 12:35:37.219000+00:00
us6000rl6n,DST,5.0,mww,5.0,51.11,52.08,480.0,C,0.0044,0.1517,0.00662,0.00714,0.00609,0.00093,0.0005,0.000227,0.1856,21.91,0.00342,0.0037,0.131,0.1189,0.00686,0.00714,0.00444,0.00093,0.00038,2025-11-03 12:35:37.219000+00:00
us6000rl6n,AKS,5.0,mww,5.0,61.59,62.4,541.0,C,0.00712,0.1864,0.01954,0.01517,0.00382,0.00123,0.00027,0.000471,0.2198,14.72,0.00526,0.00551,0.1723,0.1704,0.0161,0.01302,0.0042,0.00092,0.00029,2025-11-03 12:35:37.219000+00:00
us6000rmjf,GORD,4.7,mb,,36.62,37.96,662.0,C,0.00183,0.0786,0.00389,0.0036,0.00318,0.00119,0.0003,6.2e-05,0.1328,78.31,0.00176,0.00168,0.087,0.0763,0.00395,0.00289,0.00241,0.00113,0.00029,2025-11-10 02:49:11.699000+00:00
us6000rmjf,AKS,4.7,mb,,42.54,43.7,541.0,C,0.00255,0.1457,0.00561,0.00497,0.00284,0.00101,0.00014,0.000117,0.1754,79.51,0.00241,0.00234,0.1275,0.1299,0.00707,0.00595,0.00343,0.00073,0.00015,2025-11-10 02:49:11.699000+00:00
us6000rmjf,SOMA,4.7,mb,,43.85,44.98,798.0,B,0.00178,0.0745,0.0035,0.00475,0.00194,0.00062,0.00024,5.7e-05,0.1401,81.17,0.00141,0.0015,0.0565,0.0623,0.00315,0.00395,0.00144,0.00049,0.00023,2025-11-10 02:49:11.699000+00:00
us6000rmjf,BALB,4.7,mb,,50.17,51.16,463.0,C,0.00231,0.1345,0.0047,0.00784,0.00209,0.00103,0.00035,0.000125,0.1865,77.54,0.00214,0.00223,0.1084,0.112,0.00488,0.0066,0.00355,0.00181,0.00034,2025-11-10 02:49:11.699000+00:00
us6000rmjv,GORD,4.5,mwr,4.5,26.66,28.47,662.0,C,0.00714,0.3251,0.00809,0.01225,0.00721,0.00362,0.00043,0.000156,0.1158,13.49,0.00608,0.00554,0.2772,0.2946,0.00737,0.00975,0.00735,0.00334,0.00042,2025-11-10 06:41:41.024000+00:00
us6000rmjv,AKS,4.5,mwr,4.5,48.04,49.07,541.0,C,0.00187,0.0616,0.00625,0.00462,0.00126,0.00059,0.00011,4.9e-05,0.0766,16.3,0.00169,0.00171,0.0621,0.0552,0.00567,0.00371,0.00117,0.00058,9e-05,2025-11-10 06:41:41.024000+00:00
us6000rmjv,GOMA,4.5,mwr,4.5,56.3,57.18,636.0,C,0.00224,0.1429,0.00365,0.00608,0.00566,0.00094,0.00012,6.1e-05,0.0795,11.16,0.00217,0.00186,0.1211,0.1083,0.00358,0.0064,0.00426,0.00069,0.00012,2025-11-10 06:41:41.024000+00:00
us6000rmjv,DST,4.5,mwr,4.5,60.63,61.45,480.0,C,0.0012,0.034,0.00328,0.00235,0.00072,0.00037,5e-05,2.3e-05,0.061,22.54,0.0012,0.00119,0.0343,0.0312,0.00323,0.00206,0.00084,0.0003,5e-05,2025-11-10 06:41:41.024000+00:00
us6000rt9q,KEMT,4.6,mb,,17.17,19.87,454.0,C,0.02617,0.7874,0.07418,0.0302,0.01321,0.00194,0.00037,0.006448,0.5706,6.11,0.02601,0.02374,0.6759,0.7169,0.07481,0.02989,0.02225,0.00242,0.00043,2025-12-08 00:31:56.351000+00:00
us6000rt9q,DEMR,4.6,mb,,74.93,75.59,861.0,B,0.00017,0.0146,0.00018,0.00033,0.00026,0.00017,5e-05,2e-06,0.044,173.86,0.00015,0.00016,0.0132,0.0123,0.00018,0.00027,0.00025,0.00016,6e-05,2025-12-08 00:31:56.351000+00:00
us6000rt9q,BCK,4.6,mb,,80.92,81.54,567.0,C,0.00031,0.0155,0.00027,0.0004,0.0003,0.00022,6e-05,5e-06,0.054,169.69,0.00028,0.00028,0.0114,0.0116,0.00027,0.0005,0.0003,0.00017,4e-05,2025-12-08 00:31:56.351000+00:00
us6000ru32,DST,4.5,mwr,4.5,43.95,45.07,480.0,C,0.00198,0.0682,0.00477,0.00454,0.00117,0.00051,8e-05,6.3e-05,0.1038,26.08,0.00188,0.00196,0.0659,0.0672,0.00481,0.00402,0.00189,0.00047,0.0001,2025-12-11 07:06:14.533000+00:00
us6000ru32,GORD,4.5,mwr,4.5,43.96,45.08,662.0,C,0.00258,0.1893,0.00564,0.00609,0.00423,0.00249,0.00047,7.5e-05,0.1037,18.47,0.0023,0.0023,0.167,0.1662,0.00544,0.00437,0.00336,0.00213,0.00047,2025-12-11 07:06:14.533000+00:00
us6000ru32,BALB,4.5,mwr,4.5,56.07,56.95,463.0,C,0.004,0.1861,0.00519,0.01529,0.00462,0.00106,0.00025,9.6e-05,0.1054,12.58,0.00295,0.00277,0.1639,0.1387,0.00459,0.01145,0.0036,0.00086,0.00021,2025-12-11 07:06:14.533000+00:00
us6000ru32,SMAA,4.5,mwr,4.5,60.75,61.57,275.0,D,0.00609,0.2944,0.01063,0.0169,0.00516,0.00221,0.00086,0.000301,0.1944,17.49,0.00573,0.00592,0.2653,0.2689,0.01033,0.02081,0.00548,0.00299,0.00093,2025-12-11 07:06:14.533000+00:00
us6000sshc,DATC,5.7,mww,5.7,251.44,251.87,436.0,C,0.00063,0.1252,0.0014,0.00106,0.00097,0.00103,0.00068,3.9e-05,0.1706,157.48,0.0006,0.00056,0.1081,0.1044,0.00061,0.00061,0.00121,0.00123,0.00089,2026-04-24 03:18:53.617000+00:00
us6000sshc,GMLD,5.7,mww,5.7,351.61,351.92,289.0,D,0.0004,0.0713,0.00039,0.00044,0.00223,0.00044,0.00013,5e-06,0.0443,78.62,0.00033,0.00035,0.0538,0.052,0.00034,0.00041,0.00176,0.00055,0.00014,2026-04-24 03:18:53.617000+00:00
us6000ssiq,DATC,4.7,mb,,244.52,244.72,436.0,C,0.00044,0.0078,0.00122,0.00019,8e-05,6e-05,5e-05,2.6e-05,0.1415,174.72,0.00027,0.00027,0.006,0.0065,0.00034,8e-05,9e-05,7e-05,6e-05,2026-04-24 09:26:45.507000+00:00
us6000ssiq,BODA,4.7,mb,,257.35,257.54,600.0,C,8e-05,0.0012,0.00015,2e-05,1e-05,1e-05,0.0,1e-06,0.0194,168.03,4e-05,4e-05,0.0012,0.0011,9e-05,7e-05,2e-05,1e-05,1e-05,2026-04-24 09:26:45.507000+00:00
us6000ssiq,DIDI,4.7,mb,,282.75,282.93,316.0,D,0.0005,0.0046,0.00053,7e-05,3e-05,3e-05,2e-05,5.1e-05,0.2043,175.21,0.00017,0.00016,0.0043,0.0042,0.00012,4e-05,4e-05,4e-05,3e-05,2026-04-24 09:26:45.507000+00:00
us6000ssiq,GMLD,4.7,mb,,346.37,346.51,289.0,D,2e-05,0.0027,6e-05,3e-05,6e-05,2e-05,1e-05,0.0,0.0058,164.1,2e-05,2e-05,0.0022,0.002,5e-05,2e-05,6e-05,2e-05,1e-05,2026-04-24 09:26:45.507000+00:00
us6000swsg,YKAV,4.6,mb,,71.96,175.57,462.0,C,7e-05,0.0047,6e-05,9e-05,7e-05,5e-05,1e-05,1e-06,0.0267,168.2,6e-05,6e-05,0.0041,0.0043,5e-05,8e-05,7e-05,4e-05,1e-05,2026-05-10 20:29:54.575000+00:00
us6000swsg,BODA,4.6,mb,,76.43,177.45,600.0,C,0.00028,0.0119,0.00033,0.00058,0.00025,5e-05,1e-05,0.0,0.0145,150.88,0.00016,0.00016,0.0071,0.0072,0.0002,0.00064,0.00016,4e-05,1e-05,2026-05-10 20:29:54.575000+00:00
us6000swsg,DATC,4.6,mb,,86.16,181.85,436.0,C,0.00074,0.0279,0.00087,0.00188,0.00052,0.0001,3e-05,8e-06,0.0747,162.43,0.00033,0.00032,0.0136,0.0146,0.00049,0.00082,0.0004,0.00011,2e-05,2026-05-10 20:29:54.575000+00:00
us6000swsg,DIDI,4.6,mb,,91.69,184.54,316.0,D,0.00067,0.0105,0.00053,0.00077,0.00013,5e-05,2e-05,3.7e-05,0.1744,179.67,0.00013,0.00013,0.0063,0.006,0.00015,0.0003,0.00017,7e-05,3e-05,2026-05-10 20:29:54.575000+00:00
us6000swsg,GMLD,4.6,mb,,157.13,224.36,289.0,D,6e-05,0.0029,5e-05,4e-05,2e-05,1e-05,1e-05,2e-06,0.0417,175.85,4e-05,4e-05,0.0029,0.0029,4e-05,5e-05,6e-05,4e-05,1e-05,2026-05-10 20:29:54.575000+00:00
us6000szqj,DATC,4.6,mww,4.6,173.14,173.43,436.0,C,0.00034,0.0075,0.00089,0.00032,0.00025,8e-05,2e-05,1.3e-05,0.1002,173.43,0.00018,0.00017,0.0073,0.0063,0.00023,0.00036,0.00022,0.00012,3e-05,2026-05-23 13:34:13.649000+00:00
us6000szqj,DIDI,4.6,mww,4.6,219.96,220.19,316.0,D,0.00171,0.0106,0.00091,0.00022,3e-05,3e-05,2e-05,0.000347,0.4304,130.45,0.00014,0.00016,0.0031,0.003,0.00023,6e-05,7e-05,4e-05,2e-05,2026-05-23 13:34:13.649000+00:00
us6000t7tc,DATC,5.0,mb,,169.5,169.79,436.0,C,0.00133,0.0619,0.00216,0.00291,0.00231,0.00055,0.00022,9.7e-05,0.2464,152.44,0.00103,0.00106,0.0547,0.0521,0.00143,0.00196,0.00175,0.00085,0.00022,2026-06-24 08:25:54.428000+00:00
us6000t7tc,DIDI,5.0,mb,,234.52,234.73,316.0,D,0.00185,0.0173,0.00086,0.00048,0.00029,0.00016,0.0001,0.000452,0.588,153.71,0.00024,0.00023,0.0168,0.0162,0.00026,0.00033,0.00043,0.0002,0.00012,2026-06-24 08:25:54.428000+00:00
us6000t7tc,CAME,5.0,mb,,261.08,261.27,469.0,C,0.00018,0.0086,0.00024,0.00042,0.00022,8e-05,7e-05,1e-06,0.0279,152.14,0.00016,0.00016,0.0081,0.0078,0.00026,0.00041,0.00025,0.0001,5e-05,2026-06-24 08:25:54.428000+00:00
us6000t9lz,DATC,5.3,mww,5.3,168.32,168.62,436.0,C,0.00276,0.1488,0.00344,0.00617,0.00441,0.00228,0.00075,0.000212,0.3026,68.48,0.00213,0.0024,0.1383,0.1434,0.003,0.00555,0.00418,0.0023,0.00067,2026-07-02 11:06:21.359000+00:00
us6000t9lz,BODA,5.3,mww,5.3,194.89,195.15,600.0,C,0.00035,0.0278,0.00043,0.00148,0.00049,0.00033,0.0001,6e-06,0.0439,48.97,0.00033,0.00034,0.0229,0.0242,0.00042,0.00145,0.00048,0.00026,0.00013,2026-07-02 11:06:21.359000+00:00
us6000t9lz,DIDI,5.3,mww,5.3,231.77,231.99,316.0,D,0.00066,0.0473,0.00074,0.00079,0.00045,0.00042,0.00031,0.000122,0.3231,175.16,0.00049,0.0005,0.0467,0.0463,0.00046,0.0006,0.00107,0.00074,0.00026,2026-07-02 11:06:21.359000+00:00
us6000t9lz,CAME,5.3,mww,5.3,263.83,264.02,469.0,C,0.00036,0.0423,0.00044,0.00078,0.00073,0.00059,0.00023,6e-06,0.0537,77.66,0.00036,0.00036,0.0348,0.0378,0.00044,0.00081,0.00073,0.00042,0.00025,2026-07-02 11:06:21.359000+00:00
us7000365s,ARPRA,4.5,mb,,49.59,50.59,773.0,B,0.00247,0.1261,0.00842,0.0049,0.00385,0.00093,0.00032,8.8e-05,0.1101,21.04,0.00224,0.00223,0.1047,0.1083,0.00687,0.00493,0.00316,0.00095,0.00026,2019-04-15 04:41:31.885000+00:00
us70003dri,DATC,4.8,mww,4.8,154.33,157.47,436.0,C,0.00096,0.0934,0.00127,0.00301,0.00436,0.00133,0.00022,3.9e-05,0.0951,34.22,0.00097,0.00091,0.0818,0.0816,0.00121,0.00246,0.00367,0.00119,0.00023,2019-04-29 04:43:17.623000+00:00
us70003e5j,GPNR,4.6,mb,,14.54,17.65,665.0,C,0.01154,0.325,0.0202,0.0371,0.00406,0.00101,0.00022,0.000551,0.249,15.62,0.00974,0.00969,0.2945,0.2909,0.01911,0.03086,0.00386,0.00094,0.00021,2019-04-29 18:02:43.592000+00:00
us70003e5j,EZNE,4.6,mb,,41.24,42.44,282.0,D,0.0049,0.1317,0.00957,0.01539,0.00096,0.00039,0.0001,0.000147,0.1207,12.82,0.00402,0.004,0.0999,0.1012,0.01049,0.01101,0.0009,0.00041,9e-05,2019-04-29 18:02:43.592000+00:00
us7000491h,DATC,4.6,mb,,194.46,194.72,436.0,C,0.00014,0.0252,0.00015,0.00027,0.00027,0.00024,0.0001,1e-06,0.0231,95.41,0.00011,0.00012,0.0196,0.017,0.00012,0.00022,0.00028,0.00018,9e-05,2019-07-03 01:02:08.912000+00:00
us7000491h,DEMR,4.6,mb,,227.03,227.25,861.0,B,1e-05,0.0022,1e-05,2e-05,2e-05,2e-05,1e-05,0.0,0.0049,173.09,1e-05,1e-05,0.0019,0.002,1e-05,2e-05,2e-05,2e-05,2e-05,2019-07-03 01:02:08.912000+00:00
us7000594r,DIDI,4.9,mww,4.9,191.56,191.82,316.0,D,0.00038,0.0363,0.00034,0.00061,0.00111,0.0004,0.00013,7e-06,0.0633,141.91,0.00034,0.00035,0.0264,0.0305,0.00035,0.00064,0.00079,0.00037,0.00013,2019-08-28 11:58:18.490000+00:00
us7000594r,CAME,4.9,mww,4.9,204.73,204.97,469.0,C,0.00025,0.0176,0.00033,0.00082,0.00057,0.00021,9e-05,4e-06,0.0404,78.91,0.00025,0.00025,0.0165,0.016,0.0003,0.00075,0.00059,0.00023,9e-05,2019-08-28 11:58:18.490000+00:00
us70005a9c,DIDI,4.6,mb,,37.91,39.21,316.0,D,0.01769,0.4615,0.03199,0.03542,0.00411,0.00051,0.00026,0.003851,0.6613,10.97,0.01112,0.01032,0.3424,0.3064,0.02086,0.03215,0.00591,0.00103,0.00037,2019-08-30 15:38:14.496000+00:00
us70005a9c,YKAV,4.6,mb,,56.35,57.23,462.0,C,0.00207,0.0699,0.00611,0.00539,0.00228,0.00035,8e-05,4.8e-05,0.0858,13.57,0.00165,0.00167,0.0624,0.0608,0.00496,0.0042,0.00212,0.00035,8e-05,2019-08-30 15:38:14.496000+00:00
us70005a9c,KUSD,4.6,mb,,57.75,58.61,616.0,C,0.00198,0.079,0.00397,0.00381,0.00229,0.00138,0.0002,6.4e-05,0.1992,160.59,0.00164,0.00164,0.0768,0.0712,0.00375,0.00377,0.00226,0.00109,0.0002,2019-08-30 15:38:14.496000+00:00
us70005a9c,GMLD,4.6,mb,,66.13,66.88,289.0,D,0.00407,0.1886,0.01086,0.00955,0.00538,0.00157,0.00017,0.000244,0.2245,23.32,0.00401,0.00401,0.1834,0.1823,0.01166,0.01083,0.00476,0.00118,0.00016,2019-08-30 15:38:14.496000+00:00
us70005b4k,FETI,4.6,mb,,46.35,47.42,462.0,C,0.00115,0.0112,0.0009,0.00049,0.00019,8e-05,1e-05,0.000668,0.8156,179.38,0.00088,0.00098,0.0111,0.0111,0.00142,0.0004,0.00022,6e-05,1e-05,2019-09-02 06:13:18.046000+00:00
us70005b4k,CAME,4.6,mb,,79.93,80.55,469.0,C,0.00014,0.0064,0.00024,0.00036,0.00016,7e-05,1e-05,1e-06,0.0232,161.03,0.00012,0.00013,0.0054,0.0052,0.00024,0.00035,0.00014,5e-05,1e-05,2019-09-02 06:13:18.046000+00:00
us70005b4k,DEMR,4.6,mb,,101.04,101.53,861.0,B,5e-05,0.0042,5e-05,6e-05,4e-05,1e-05,0.0,0.0,0.0157,172.09,5e-05,5e-05,0.0022,0.0024,4e-05,8e-05,5e-05,2e-05,1e-05,2019-09-02 06:13:18.046000+00:00
us70005b4k,DATC,4.6,mb,,110.25,110.7,436.0,C,0.00067,0.015,0.00084,0.00085,0.00028,7e-05,2e-05,2.6e-05,0.1396,185.85,0.00051,0.00058,0.0127,0.0137,0.00082,0.00072,0.00043,7e-05,2e-05,2019-09-02 06:13:18.046000+00:00
us70005bq9,DATC,4.6,mb,,177.49,178.07,436.0,C,0.00046,0.0136,0.00044,0.00013,0.00017,0.00017,5e-05,2e-05,0.1231,174.55,0.00043,0.00043,0.0112,0.0117,0.00038,0.00017,0.00023,0.0002,7e-05,2019-09-04 01:01:32.884000+00:00
us70005bq9,DEMR,4.6,mb,,216.5,216.98,861.0,B,5e-05,0.0022,1e-05,2e-05,1e-05,1e-05,1e-05,1e-06,0.034,177.13,4e-05,4e-05,0.002,0.0021,1e-05,2e-05,1e-05,2e-05,1e-05,2019-09-04 01:01:32.884000+00:00
us70005g9r,SAFT,4.7,mb,,67.96,68.69,461.0,C,0.00096,0.0462,0.00264,0.00241,0.00057,0.00043,0.00015,1.2e-05,0.0402,19.42,0.00097,0.00096,0.0386,0.042,0.00246,0.00292,0.00062,0.00038,0.00016,2019-09-14 06:03:13.477000+00:00
us70005g9r,TOS,4.7,mb,,92.11,92.65,667.0,C,0.00058,0.0314,0.0009,0.00289,0.00058,0.00044,0.00013,5e-06,0.0313,27.35,0.00058,0.00056,0.0334,0.0288,0.00094,0.00231,0.00071,0.00038,0.00013,2019-09-14 06:03:13.477000+00:00
us70005g9r,KMON,4.7,mb,,99.23,99.73,564.0,C,0.00067,0.0743,0.00085,0.00149,0.00131,0.00216,0.00038,1e-05,0.0481,34.93,0.00058,0.00063,0.0734,0.0699,0.00086,0.00128,0.00105,0.00188,0.00047,2019-09-14 06:03:13.477000+00:00
us70005g9r,YUVA,4.7,mb,,118.11,118.53,629.0,C,0.00087,0.0552,0.00123,0.00196,0.00198,0.00055,0.00019,1.8e-05,0.0701,35.98,0.00083,0.00086,0.0509,0.0524,0.00125,0.00224,0.00173,0.00056,0.00021,2019-09-14 06:03:13.477000+00:00
us70005q4l,DATC,5.1,mww,5.1,97.53,99.14,436.0,C,0.00735,0.513,0.01086,0.01569,0.01458,0.00408,0.00063,0.000637,0.3043,21.24,0.00621,0.00623,0.437,0.4392,0.01106,0.01186,0.01445,0.00439,0.00071,2019-10-03 04:44:56.550000+00:00
us70005q4l,CAME,5.1,mww,5.1,98.73,100.32,469.0,C,0.00175,0.088,0.00284,0.00493,0.00174,0.00062,0.00013,5.3e-05,0.1033,29.69,0.00188,0.00157,0.0815,0.081,0.00284,0.00519,0.00175,0.00062,0.00019,2019-10-03 04:44:56.550000+00:00
us70005r33,DATC,5.0,mb,,90.12,117.92,436.0,C,0.00297,0.1393,0.00593,0.0078,0.00255,0.00125,0.00017,5.8e-05,0.0874,14.07,0.00248,0.00248,0.1059,0.0973,0.00526,0.0062,0.00246,0.00102,0.00012,2019-10-05 14:51:37.881000+00:00
us70005s19,TKR,4.5,mb,,55.57,56.46,449.0,C,0.00041,0.0121,0.00089,0.0011,0.00027,4e-05,1e-05,3e-06,0.0231,35.65,0.00039,0.00039,0.012,0.0119,0.00118,0.0011,0.00021,4e-05,1e-05,2019-09-26 20:02:41.002000+00:00
us70006fht,DATC,4.5,mb,,170.67,170.96,436.0,C,0.00059,0.0157,0.00219,0.00045,0.00044,0.00011,4e-05,2.9e-05,0.1341,134.73,0.00039,0.00039,0.0122,0.0117,0.00045,0.00047,0.00035,0.00015,4e-05,2019-12-03 09:46:00.260000+00:00
us70006s5q,HOPA,4.5,mb,,131.42,131.8,588.0,C,0.00091,0.0312,0.00137,0.00354,0.00061,0.00017,2e-05,1e-05,0.0521,32.69,0.00078,0.00077,0.0307,0.0271,0.00114,0.00341,0.00078,0.00016,2e-05,2019-12-29 11:20:09.198000+00:00
us70006ye3,BOTS,4.9,mb,,22.74,24.84,600.0,C,0.01538,0.5227,0.02636,0.03156,0.01196,0.00254,0.00054,0.00057,0.1601,5.88,0.01194,0.0135,0.5215,0.5112,0.02522,0.02558,0.01199,0.00311,0.00063,2020-01-11 13:37:37.109000+00:00
us70006ye3,SINB,4.9,mb,,26.38,28.21,466.0,C,0.01053,0.4424,0.0348,0.04367,0.00872,0.00197,0.00044,0.000799,0.2322,8.78,0.01077,0.01002,0.4405,0.4329,0.03123,0.04243,0.00794,0.0025,0.00044,2020-01-11 13:37:37.109000+00:00
us70006ye3,YKBL,4.9,mb,,36.63,37.97,477.0,C,0.00828,0.3876,0.01373,0.01782,0.00688,0.00144,0.00067,0.000207,0.1564,17.86,0.00599,0.00509,0.2797,0.2256,0.01004,0.0145,0.00572,0.00138,0.00064,2020-01-11 13:37:37.109000+00:00
us70006ye3,TKR,4.9,mb,,59.52,60.35,449.0,C,0.00377,0.1316,0.00756,0.01232,0.00239,0.00067,0.00018,0.000169,0.154,16.23,0.0033,0.00336,0.1242,0.1303,0.00704,0.0116,0.00259,0.00056,0.00017,2020-01-11 13:37:37.109000+00:00
us70007k4y,DATC,4.5,mb,,164.58,164.88,436.0,C,0.00033,0.0102,0.00077,0.00019,0.00024,9e-05,4e-05,2.1e-05,0.1346,178.42,0.00023,0.00024,0.0095,0.0089,0.00034,0.00017,0.00028,0.00014,6e-05,2020-01-28 16:13:13.703000+00:00
us70007kmm,DATC,4.7,mb,,216.63,216.86,436.0,C,0.00238,0.0351,0.0017,0.00049,0.0003,0.00028,6e-05,0.000556,0.6199,137.94,0.00235,0.00234,0.0201,0.0202,0.00174,0.00047,0.00032,0.00024,5e-05,2020-02-07 03:11:46.579000+00:00
us70007kmm,DIDI,4.7,mb,,268.22,268.41,316.0,D,0.00018,0.0047,9e-05,8e-05,9e-05,7e-05,2e-05,3e-06,0.0483,163.0,0.00017,0.00017,0.0045,0.0046,9e-05,7e-05,9e-05,6e-05,3e-05,2020-02-07 03:11:46.579000+00:00
us70007mw0,DATC,4.9,mww,4.9,178.23,178.51,436.0,C,0.00032,0.0445,0.00035,0.00067,0.00075,0.00044,0.00034,4e-06,0.0437,69.12,0.00031,0.00029,0.0394,0.0395,0.00034,0.00054,0.00062,0.00048,0.0003,2020-02-10 22:46:50.831000+00:00
us70007mw0,DEMR,4.9,mww,4.9,215.78,216.01,861.0,B,6e-05,0.0075,3e-05,4e-05,5e-05,5e-05,5e-05,2e-06,0.0383,177.18,6e-05,6e-05,0.0065,0.0064,3e-05,4e-05,5e-05,4e-05,5e-05,2020-02-10 22:46:50.831000+00:00
us70007q3r,DATC,4.9,mb,,126.33,127.16,436.0,C,0.00084,0.0417,0.00119,0.00208,0.00075,0.00065,0.00018,4.2e-05,0.177,171.01,0.00063,0.00064,0.0329,0.0281,0.00109,0.00162,0.00061,0.00047,0.00016,2020-02-14 16:02:16.346000+00:00
us70007q3r,DIDI,4.9,mb,,179.77,180.35,316.0,D,0.00039,0.0091,0.00042,0.00017,9e-05,7e-05,4e-05,2.5e-05,0.1413,176.14,0.00032,0.00033,0.0089,0.009,0.0002,0.00019,0.0002,0.00017,4e-05,2020-02-14 16:02:16.346000+00:00
us70007u9g,DATC,4.5,mb,,175.22,175.51,436.0,C,0.00016,0.0028,0.0002,0.00012,5e-05,2e-05,1e-05,9e-06,0.0929,177.73,4e-05,4e-05,0.0027,0.0026,5e-05,7e-05,7e-05,3e-05,1e-05,2020-02-17 07:10:09.702000+00:00
us70007u9g,DEMR,4.5,mb,,210.3,210.54,861.0,B,9e-05,0.0021,1e-05,1e-05,1e-05,1e-05,1e-05,5e-06,0.0738,177.6,9e-05,8e-05,0.0015,0.0015,1e-05,1e-05,1e-05,1e-05,1e-05,2020-02-17 07:10:09.702000+00:00
us70007uxg,SEYD,4.7,mb,,32.65,35.03,382.0,C,0.00197,0.101,0.00472,0.00483,0.00191,0.00119,0.00016,5.3e-05,0.0824,16.97,0.00197,0.00197,0.0837,0.0884,0.00378,0.00473,0.00203,0.00098,0.00016,2020-02-22 22:26:41.698000+00:00
us70007uxg,MNVG,4.7,mb,,69.06,70.22,304.0,D,0.00222,0.1195,0.00495,0.00692,0.00658,0.0015,0.00025,0.000129,0.1578,23.1,0.00196,0.00187,0.1156,0.1138,0.00498,0.0058,0.0057,0.00168,0.00026,2020-02-22 22:26:41.698000+00:00
us70007v9g,ERCV,6.0,mww,6.0,107.01,107.48,344.0,D,0.00402,1.3049,0.00467,0.00596,0.00984,0.01635,0.00592,0.001192,0.7139,75.03,0.00403,0.00401,1.1596,1.2089,0.00432,0.00583,0.01019,0.01353,0.00591,2020-02-23 16:00:31.626000+00:00
us70007vj1,AKS,4.6,mb,,22.01,24.55,541.0,C,0.03234,1.1131,0.10436,0.05184,0.04425,0.00554,0.00116,0.004681,0.4905,6.35,0.03056,0.03095,1.0766,0.9982,0.10541,0.03958,0.03845,0.00758,0.00118,2020-02-24 02:43:34.990000+00:00
us70007vj1,GORD,4.6,mb,,28.1,30.13,662.0,C,0.00745,0.4044,0.01375,0.01533,0.0087,0.00261,0.00064,0.000359,0.185,11.0,0.00723,0.00697,0.3857,0.3803,0.01634,0.01408,0.0117,0.00504,0.00085,2020-02-24 02:43:34.990000+00:00
us70007vj1,SOMA,4.6,mb,,34.67,36.34,798.0,B,0.04458,1.522,0.06837,0.11109,0.02595,0.00525,0.00119,0.006667,0.4628,2.14,0.0398,0.03778,1.4244,1.2569,0.0764,0.09815,0.02381,0.00516,0.00096,2020-02-24 02:43:34.990000+00:00
us70007vj1,GOMA,4.6,mb,,39.12,40.6,636.0,C,0.00392,0.2984,0.00704,0.01234,0.00962,0.002,0.0003,0.000219,0.1703,18.43,0.00389,0.00389,0.2437,0.2472,0.00722,0.01186,0.0072,0.00167,0.00062,2020-02-24 02:43:34.990000+00:00
us70008cbe,ARPRA,5.2,mww,5.2,100.85,101.34,773.0,B,0.00225,0.1329,0.00393,0.00674,0.0041,0.00128,0.00033,7.6e-05,0.1064,25.14,0.00212,0.00203,0.1332,0.1288,0.00389,0.00707,0.0041,0.00141,0.00041,2020-03-19 17:53:33.384000+00:00
us70008mc2,ERCV,4.7,mwr,4.7,24.84,26.78,344.0,D,0.01584,1.0459,0.03949,0.03203,0.02446,0.01472,0.00284,0.004344,0.8651,24.53,0.01512,0.01392,0.8804,0.8845,0.0352,0.03317,0.02203,0.0127,0.00356,2020-04-03 05:44:26.600000+00:00
us70008mx0,KRTS,4.7,mww,4.7,71.31,72.44,313.0,D,0.00062,0.0693,0.0009,0.00224,0.0021,0.00099,0.00015,1.2e-05,0.0526,36.99,0.00063,0.00062,0.0512,0.0474,0.00089,0.00215,0.00162,0.00072,0.00014,2020-04-03 18:15:42.603000+00:00
us70008mx0,SLFK,4.7,mww,4.7,147.48,148.03,470.0,C,0.00098,0.0515,0.0013,0.00269,0.00182,0.00048,8e-05,1.2e-05,0.0485,31.12,0.00075,0.00073,0.0398,0.0426,0.00116,0.00196,0.00131,0.00038,6e-05,2020-04-03 18:15:42.603000+00:00
us70008ui2,ERCV,4.6,mb,,104.4,104.88,344.0,D,0.00078,0.1133,0.00091,0.00165,0.00192,0.00138,0.00068,2.7e-05,0.0978,51.61,0.00072,0.00074,0.0917,0.093,0.00083,0.00168,0.00194,0.00113,0.00062,2020-04-12 02:23:13.223000+00:00
us70008wkw,KRTS,4.6,mb,,80.11,80.73,313.0,D,0.00151,0.0964,0.00232,0.00333,0.00258,0.00147,0.00036,2.6e-05,0.0707,28.6,0.0013,0.00122,0.0885,0.0878,0.00167,0.00315,0.00232,0.00115,0.00028,2020-04-15 07:40:05.467000+00:00
us70008wkw,SLFK,4.6,mb,,153.52,153.85,470.0,C,0.00098,0.0424,0.00164,0.00276,0.0014,0.00021,5e-05,1.3e-05,0.0519,28.38,0.00091,0.00089,0.0381,0.0365,0.0017,0.00267,0.00106,0.00026,5e-05,2020-04-15 07:40:05.467000+00:00
us70008wl9,KRTS,4.5,mb,,83.57,84.17,313.0,D,0.00086,0.0519,0.00108,0.00245,0.00148,0.00026,0.0001,7e-06,0.0374,27.38,0.00074,0.00077,0.0505,0.0503,0.00092,0.00205,0.00149,0.00051,0.00014,2020-04-15 08:18:38.002000+00:00
us70008wl9,SLFK,4.5,mb,,156.45,156.77,470.0,C,0.00099,0.0433,0.00158,0.00281,0.00094,0.00017,3e-05,8e-06,0.0388,27.83,0.00074,0.00076,0.0364,0.0323,0.00158,0.00223,0.00082,0.00018,3e-05,2020-04-15 08:18:38.002000+00:00
us700097h4,CAME,4.9,mb,,64.89,65.66,469.0,C,0.00062,0.0255,0.00117,0.00195,0.00089,0.00018,5e-05,6e-06,0.0428,58.81,0.00054,0.00053,0.024,0.0206,0.001,0.00156,0.0008,0.00014,4e-05,2020-04-30 10:09:46.791000+00:00
us70009lsl,DATC,4.7,mb,,172.48,172.77,436.0,C,0.00026,0.0145,0.0002,0.0002,0.00026,0.00016,7e-05,4.1e-05,0.2033,176.75,0.00012,0.00011,0.0125,0.0127,0.00013,0.00017,0.00024,0.00023,6e-05,2020-05-20 15:44:50.486000+00:00
us7000aavx,ERCV,5.4,mww,5.4,75.23,75.89,344.0,D,0.00257,0.3299,0.00262,0.00426,0.00725,0.00476,0.00281,0.000317,0.3396,57.9,0.00213,0.00228,0.3117,0.3082,0.00242,0.00419,0.00791,0.00505,0.00219,2020-06-25 10:03:30.648000+00:00
us7000adtk,DATC,5.4,mww,5.4,52.4,81.94,436.0,C,0.02046,1.3896,0.03609,0.06199,0.01866,0.00699,0.00217,0.004101,0.8982,25.39,0.01911,0.01846,1.1538,1.092,0.04338,0.05147,0.0188,0.01107,0.00233,2020-06-28 17:43:28.644000+00:00
us7000ae1r,DATC,4.6,mwr,4.6,48.79,82.88,436.0,C,0.00859,0.165,0.02938,0.01456,0.00263,0.00069,0.00014,0.000525,0.5295,161.65,0.00638,0.00638,0.1499,0.155,0.02389,0.01129,0.00285,0.00084,0.00015,2020-06-29 04:06:24.606000+00:00
us7000akqg,DATC,4.5,mb,,174.98,175.27,436.0,C,0.00061,0.0072,0.00171,0.00023,4e-05,1e-05,0.0,7e-05,0.2493,177.12,0.00038,0.00039,0.0039,0.0039,0.00033,0.00011,4e-05,1e-05,1e-05,2020-07-03 06:16:33.822000+00:00
us7000akqg,DIDI,4.5,mb,,226.04,226.26,316.0,D,0.00021,0.0027,0.0002,9e-05,2e-05,1e-05,0.0,4e-06,0.0566,177.64,0.00015,0.00016,0.0023,0.0019,0.00011,6e-05,2e-05,1e-05,1e-05,2020-07-03 06:16:33.822000+00:00
us7000bqjg,KRMN,5.1,mww,5.1,116.21,116.64,441.0,C,0.00045,0.0402,0.00066,0.00092,0.00058,0.00059,0.00011,6e-06,0.0488,79.65,0.00041,0.00043,0.0352,0.0352,0.0006,0.00094,0.00061,0.00045,0.00011,2020-09-20 19:08:07.568000+00:00
us7000c7ye,GMLD,4.9,mb,,24.87,26.81,289.0,D,0.01434,0.3946,0.04841,0.02896,0.01154,0.0026,0.00034,0.001552,0.4834,17.4,0.01192,0.0127,0.4194,0.3919,0.03736,0.02694,0.01682,0.00226,0.00042,2020-10-30 13:00:43.929000+00:00
us7000c7ye,KUSD,4.9,mb,,36.02,37.38,616.0,C,0.0024,0.1521,0.00402,0.00475,0.00407,0.00168,0.00028,6.3e-05,0.102,17.16,0.0022,0.00217,0.116,0.1077,0.00494,0.0041,0.0031,0.00122,0.00028,2020-10-30 13:00:43.929000+00:00
us7000c7ye,DIDI,4.9,mb,,62.07,62.87,316.0,D,0.01014,0.7723,0.00984,0.01771,0.0278,0.00708,0.00133,0.003543,1.5971,165.59,0.00927,0.00944,0.7035,0.6927,0.00957,0.01751,0.02502,0.0062,0.00127,2020-10-30 13:00:43.929000+00:00
us7000c7ye,CESE,4.9,mb,,73.1,73.78,410.0,C,0.00098,0.0453,0.00191,0.00243,0.00123,0.00054,0.00019,1.3e-05,0.0599,103.29,0.00092,0.00079,0.0384,0.0347,0.00165,0.00227,0.00092,0.00042,0.00014,2020-10-30 13:00:43.929000+00:00
us7000c7zh,GMLD,5.3,mww,5.3,28.42,30.13,289.0,D,0.01666,0.9135,0.03951,0.04423,0.03599,0.00763,0.00135,0.003967,0.6658,13.43,0.01514,0.01478,0.8717,0.8451,0.04263,0.03975,0.03212,0.00655,0.0012,2020-10-30 15:14:55.887000+00:00
us7000c7zh,KUSD,5.3,mww,5.3,40.92,42.12,616.0,C,0.00359,0.1786,0.0071,0.0087,0.00687,0.00208,0.00064,0.000117,0.1298,18.4,0.00313,0.00335,0.1691,0.1582,0.00694,0.00718,0.00571,0.00183,0.00049,2020-10-30 15:14:55.887000+00:00
us7000c7zh,DIDI,5.3,mww,5.3,62.57,63.36,316.0,D,0.01193,0.2799,0.01532,0.02162,0.00316,0.00181,0.00108,0.016482,3.7656,176.96,0.0059,0.00617,0.2581,0.2459,0.00826,0.01314,0.00612,0.00267,0.00106,2020-10-30 15:14:55.887000+00:00
us7000c7zh,CESE,5.3,mww,5.3,71.88,72.57,410.0,C,0.00286,0.3018,0.00463,0.0063,0.005,0.00476,0.00121,0.0001,0.12,12.28,0.00284,0.00264,0.2255,0.1904,0.00419,0.00955,0.00394,0.00341,0.00087,2020-10-30 15:14:55.887000+00:00
us7000c8jq,GMLD,4.9,mww,4.9,25.34,25.85,289.0,D,0.01127,0.3937,0.02664,0.02127,0.01455,0.00191,0.00114,0.000962,0.3262,15.5,0.01063,0.0098,0.3945,0.3665,0.02299,0.02624,0.01424,0.00191,0.00085,2020-10-31 05:31:30.230000+00:00
us7000c8jq,KUSD,4.9,mww,4.9,39.72,40.05,616.0,C,0.00276,0.1239,0.0033,0.00756,0.00308,0.00071,0.00021,8.7e-05,0.2407,159.81,0.00234,0.00239,0.1138,0.1134,0.00315,0.00577,0.00274,0.00096,0.00023,2020-10-31 05:31:30.230000+00:00
us7000c8jq,DIDI,4.9,mww,4.9,64.33,64.53,316.0,D,0.00498,0.2884,0.00741,0.01134,0.00559,0.00254,0.00059,0.000383,0.262,18.55,0.00499,0.00485,0.2865,0.2719,0.00723,0.01135,0.00663,0.00232,0.00058,2020-10-31 05:31:30.230000+00:00
us7000c8jq,CESE,4.9,mww,4.9,70.37,70.56,410.0,C,0.00105,0.0817,0.00168,0.00284,0.00186,0.00128,0.00026,1.5e-05,0.0493,18.56,0.00087,0.00071,0.0671,0.053,0.00145,0.00222,0.00134,0.00091,0.00019,2020-10-31 05:31:30.230000+00:00
us7000c9df,GMLD,4.5,mb,,46.17,47.24,289.0,D,0.00218,0.1009,0.00417,0.00522,0.00259,0.00032,5e-05,4.6e-05,0.077,16.23,0.00197,0.00207,0.0972,0.0914,0.00415,0.0057,0.0028,0.00047,9e-05,2020-11-02 19:16:40.054000+00:00
us7000c9df,CESE,4.5,mb,,58.38,59.23,410.0,C,0.00044,0.0216,0.0006,0.0013,0.00059,0.00042,5e-05,3e-06,0.0357,131.16,0.00033,0.00034,0.0159,0.0142,0.0006,0.00097,0.00043,0.00032,5e-05,2020-11-02 19:16:40.054000+00:00
us7000c9df,KUSD,4.5,mb,,69.73,70.44,616.0,C,0.00029,0.02,0.0005,0.0005,0.00064,0.00014,3e-05,1e-06,0.0292,150.23,0.00024,0.00026,0.0164,0.0155,0.00072,0.00052,0.0005,0.00015,3e-05,2020-11-02 19:16:40.054000+00:00
us7000c9df,DIDI,4.5,mb,,82.71,83.31,316.0,D,0.00138,0.0505,0.00246,0.00278,0.00045,0.00025,7e-05,0.000126,0.3011,168.4,0.00088,0.00088,0.0417,0.0442,0.00122,0.00226,0.00112,0.00048,0.0001,2020-11-02 19:16:40.054000+00:00
us7000cat9,KUSD,4.8,mb,,31.9,33.43,616.0,C,0.0017,0.0791,0.00301,0.00663,0.00081,0.00045,0.00012,2.6e-05,0.0856,78.45,0.00163,0.00148,0.0609,0.0593,0.00344,0.00526,0.00078,0.00034,0.00011,2020-10-30 15:19:15.900000+00:00
us7000cat9,GMLD,4.8,mb,,37.31,38.63,289.0,D,0.00623,0.3008,0.01364,0.01606,0.008,0.0018,0.00041,0.000529,0.3494,73.48,0.00523,0.00522,0.2514,0.2337,0.01355,0.01521,0.00703,0.00169,0.00035,2020-10-30 15:19:15.900000+00:00
us7000cat9,DIDI,4.8,mb,,47.77,48.81,316.0,D,0.00775,0.099,0.00776,0.00733,0.00129,0.0004,0.00021,0.016065,3.7574,176.51,0.00326,0.00325,0.0852,0.0894,0.00341,0.0049,0.0016,0.0008,0.00023,2020-10-30 15:19:15.900000+00:00
us7000cda2,GMLD,4.6,mb,,25.8,27.67,289.0,D,0.01049,0.455,0.024,0.02788,0.00909,0.00252,0.00048,0.001223,0.3113,10.03,0.01066,0.00996,0.3886,0.3842,0.02721,0.02261,0.00877,0.00224,0.00036,2020-11-11 06:49:45.963000+00:00
us7000cda2,KUSD,4.6,mb,,28.3,30.01,616.0,C,0.00374,0.1435,0.00639,0.00727,0.00245,0.0009,0.00015,0.000103,0.099,9.02,0.00283,0.00305,0.1121,0.1251,0.00549,0.0066,0.00251,0.00078,0.00016,2020-11-11 06:49:45.963000+00:00
us7000cda2,DIDI,4.6,mb,,57.71,58.57,316.0,D,0.00299,0.1351,0.00493,0.00629,0.00163,0.00051,0.00033,0.000404,0.5077,172.45,0.00259,0.00253,0.1256,0.1287,0.0035,0.0075,0.00312,0.00125,0.00026,2020-11-11 06:49:45.963000+00:00
us7000cda2,CESE,4.6,mb,,79.19,79.82,410.0,C,0.00044,0.0248,0.00081,0.00087,0.00043,0.00029,0.0001,2e-06,0.0263,74.32,0.0004,0.00038,0.0185,0.018,0.00079,0.00091,0.00043,0.00021,7e-05,2020-11-11 06:49:45.963000+00:00
us7000cnf1,ALAN,5.3,mww,5.3,55.63,101.18,822.0,B,0.01794,0.801,0.02503,0.07855,0.01161,0.00423,0.00078,0.002228,0.4683,14.32,0.01789,0.01789,0.6101,0.6297,0.03274,0.07083,0.0083,0.0034,0.00064,2020-12-05 12:44:40.454000+00:00
us7000cnf1,MNVG,5.3,mww,5.3,90.37,123.74,304.0,D,0.00736,0.3177,0.01404,0.03436,0.01111,0.00474,0.0009,0.001452,0.5044,21.21,0.00656,0.00648,0.312,0.3143,0.01497,0.02729,0.00873,0.00374,0.00098,2020-12-05 12:44:40.454000+00:00
us7000cnf1,BOZY,5.3,mww,5.3,98.51,129.8,276.0,D,0.02374,0.5614,0.08316,0.03275,0.01374,0.00315,0.00058,0.003947,0.6271,12.72,0.02094,0.02039,0.5262,0.5253,0.07066,0.02988,0.01463,0.00323,0.00063,2020-12-05 12:44:40.454000+00:00
us7000cnf1,KEMT,5.3,mww,5.3,132.6,157.25,454.0,C,0.00823,0.4201,0.01862,0.01395,0.01094,0.0012,0.00032,0.001392,0.4674,22.43,0.00663,0.00688,0.3182,0.3134,0.01479,0.01297,0.009,0.00117,0.00029,2020-12-05 12:44:40.454000+00:00
us7000cnf1,SEYD,5.3,mww,5.3,148.35,170.74,382.0,C,0.00218,0.1163,0.00357,0.00372,0.00189,0.0021,0.00025,5e-05,0.0983,35.41,0.00163,0.00183,0.1098,0.0964,0.00337,0.00338,0.00222,0.00153,0.00034,2020-12-05 12:44:40.454000+00:00
us7000cr3p,ERCV,4.7,mb,,23.59,25.62,344.0,D,0.01767,1.4966,0.01963,0.02875,0.04509,0.01698,0.00403,0.003822,0.7385,20.39,0.01365,0.01219,1.0711,1.2003,0.01566,0.02332,0.03778,0.01544,0.00337,2020-12-14 21:58:46.488000+00:00
us7000crsr,DATC,4.8,mb,,174.95,175.24,436.0,C,0.00053,0.0139,0.00163,0.00044,0.00028,0.00018,6e-05,3.5e-05,0.1657,170.58,0.00038,0.00036,0.0118,0.0122,0.00057,0.00035,0.00028,0.00017,8e-05,2020-12-17 13:36:45.404000+00:00
us7000crsr,DIDI,4.8,mb,,209.71,209.95,316.0,D,0.00016,0.0077,0.00017,0.00013,0.0001,7e-05,5e-05,4e-06,0.0561,176.97,0.0001,0.0001,0.0069,0.007,9e-05,0.00018,0.00017,0.00015,4e-05,2020-12-17 13:36:45.404000+00:00
us7000d112,DATC,4.5,mb,,177.53,177.81,436.0,C,0.0001,0.0068,0.00016,0.00034,0.00027,8e-05,3e-05,1e-06,0.0223,145.82,0.0001,0.0001,0.0063,0.006,0.00018,0.00027,0.00024,7e-05,3e-05,2021-01-18 04:23:12.565000+00:00
us7000d112,DIDI,4.5,mb,,212.81,213.04,316.0,D,0.0001,0.0048,0.0003,0.00014,8e-05,4e-05,2e-05,1e-06,0.0305,170.3,7e-05,7e-05,0.0047,0.0047,7e-05,0.00013,0.00016,6e-05,2e-05,2021-01-18 04:23:12.565000+00:00
us7000d23a,SLFK,5.0,mb,,150.84,163.42,470.0,C,0.00181,0.1019,0.0035,0.00629,0.0022,0.00043,6e-05,5.3e-05,0.1018,31.49,0.00177,0.00176,0.0915,0.0846,0.00329,0.00708,0.00252,0.00042,7e-05,2021-01-21 14:27:06.745000+00:00
us7000d23a,KRTS,5.0,mb,,226.03,234.61,313.0,D,0.0006,0.0182,0.00054,0.00061,0.00047,7e-05,2e-05,3e-06,0.039,121.92,0.00038,0.00038,0.0167,0.0175,0.00048,0.00145,0.00054,0.0001,4e-05,2021-01-21 14:27:06.745000+00:00
us7000e4ey,GMLD,4.6,mb,,11.27,15.07,289.0,D,0.03486,1.0958,0.04376,0.03965,0.00525,0.00111,0.00015,0.003105,0.3856,7.23,0.03331,0.0322,0.973,0.9672,0.08066,0.07599,0.01695,0.00348,0.00062,2021-05-19 11:14:59.459000+00:00
us7000e4ey,KUSD,4.6,mb,,32.02,33.55,616.0,C,0.00125,0.0431,0.0021,0.00106,0.00088,0.0002,0.00012,2.4e-05,0.0746,38.89,0.00129,0.00124,0.0381,0.0364,0.00245,0.0012,0.0008,0.00045,0.00011,2021-05-19 11:14:59.459000+00:00
us7000e4ey,CESE,4.6,mb,,70.96,71.66,410.0,C,0.00081,0.0337,0.00193,0.00283,0.0004,0.0001,4e-05,4e-06,0.0288,56.51,0.00071,0.00065,0.031,0.0299,0.00136,0.00224,0.00074,0.0002,6e-05,2021-05-19 11:14:59.459000+00:00
us7000e4ey,FOCM,4.6,mb,,75.93,76.59,553.0,C,0.00147,0.0709,0.00269,0.00365,0.00277,0.00046,9e-05,2.2e-05,0.0499,10.77,0.00131,0.00129,0.0698,0.0591,0.00231,0.00356,0.00201,0.00039,8e-05,2021-05-19 11:14:59.459000+00:00
us7000ef1g,NAZL,5.5,mww,5.5,202.54,202.74,605.0,C,0.0004,0.0397,0.0004,0.00067,0.00112,0.00068,0.00013,5e-06,0.0464,85.57,0.00035,0.00036,0.0372,0.038,0.00036,0.00057,0.0009,0.00063,0.00015,2021-06-21 22:14:13.556000+00:00
us7000f8tq,SEYD,4.6,mb,,160.26,167.47,382.0,C,0.00013,0.0068,0.00021,0.00037,0.00021,5e-05,1e-05,1e-06,0.0237,163.49,0.00013,0.00012,0.0058,0.0053,0.00025,0.00032,0.00017,6e-05,2e-05,2021-09-07 11:15:00.102000+00:00
us7000f8tq,BASM,4.6,mb,,219.18,224.51,395.0,C,0.00012,0.0071,0.00021,0.0001,7e-05,6e-05,1e-05,1e-06,0.0239,172.3,0.0001,0.0001,0.0055,0.0055,0.00016,8e-05,0.0001,0.00012,2e-05,2021-09-07 11:15:00.102000+00:00
us7000fp8n,DATC,4.5,mb,,290.2,290.37,436.0,C,0.00046,0.0087,0.00133,0.0003,3e-05,1e-05,0.0,1.5e-05,0.1017,167.39,0.00027,0.00026,0.0031,0.003,0.00028,7e-05,1e-05,1e-05,0.0,2021-10-21 08:44:48.799000+00:00
us7000fp8n,DIDI,4.5,mb,,312.85,313.01,316.0,D,0.00027,0.0028,0.00021,5e-05,1e-05,1e-05,0.0,1.1e-05,0.0951,177.32,0.00013,0.00012,0.002,0.0019,7e-05,2e-05,1e-05,1e-05,1e-05,2021-10-21 08:44:48.799000+00:00
us7000fsfm,SEYD,5.1,mww,5.1,56.85,57.72,382.0,C,0.00367,0.0843,0.0084,0.00998,0.00158,0.00037,0.00013,0.000115,0.1148,11.74,0.00352,0.00355,0.089,0.0833,0.00965,0.0079,0.00264,0.00058,0.00017,2021-11-08 17:43:21.856000+00:00
us7000g94d,MNVG,5.1,mww,5.1,73.0,84.72,304.0,D,0.0031,0.1877,0.00507,0.00795,0.00592,0.00173,0.00034,0.000239,0.2573,43.68,0.00231,0.00264,0.1454,0.1475,0.0049,0.00733,0.00496,0.0018,0.00043,2022-01-05 03:21:16.251000+00:00
us7000g94d,ALAN,5.1,mww,5.1,80.59,91.34,822.0,B,0.01042,0.3296,0.01569,0.03555,0.00326,0.00109,0.00023,0.000705,0.2783,23.09,0.00873,0.00815,0.2503,0.2573,0.01405,0.02855,0.0037,0.00102,0.0002,2022-01-05 03:21:16.251000+00:00
us7000g94d,KEMT,5.1,mww,5.1,83.43,93.85,454.0,C,0.00487,0.2673,0.01388,0.009,0.01401,0.00168,0.00025,0.000542,0.3148,25.78,0.00446,0.00458,0.2352,0.2438,0.01152,0.00908,0.01411,0.00158,0.00035,2022-01-05 03:21:16.251000+00:00
us7000g94d,DEMR,5.1,mww,5.1,124.91,132.1,861.0,B,0.00061,0.0457,0.00061,0.00089,0.00106,0.00053,0.00021,4.4e-05,0.2061,175.67,0.00049,0.00052,0.0348,0.0392,0.0005,0.00067,0.00082,0.00055,0.00018,2022-01-05 03:21:16.251000+00:00
us7000gaqu,BOZY,6.6,mww,6.6,135.22,136.84,276.0,D,0.01339,0.5385,0.01673,0.03549,0.01014,0.00287,0.00126,0.001775,0.5702,25.7,0.01107,0.01074,0.4323,0.4504,0.01953,0.02578,0.01129,0.0027,0.00102,2022-01-11 01:07:48.064000+00:00
us7000gaqu,ALAN,6.6,mww,6.6,148.14,149.62,822.0,B,0.00776,0.4696,0.01222,0.03385,0.01654,0.00586,0.00128,0.001465,0.5811,35.67,0.00641,0.00653,0.4342,0.412,0.01286,0.02865,0.01366,0.00705,0.00111,2022-01-11 01:07:48.064000+00:00
us7000gaqu,KEMT,6.6,mww,6.6,197.63,198.74,454.0,C,0.00347,0.2837,0.00414,0.00505,0.01882,0.00368,0.00101,0.000569,0.433,45.68,0.00324,0.00329,0.294,0.2828,0.00406,0.00519,0.01414,0.00363,0.00102,2022-01-11 01:07:48.064000+00:00
us7000gcr9,KOZK,4.9,mb,,92.13,92.67,520.0,C,0.00277,0.1484,0.00664,0.00993,0.00528,0.00245,0.00059,0.000266,0.246,30.78,0.00275,0.00245,0.1417,0.1375,0.00667,0.00977,0.00476,0.00249,0.00049,2022-01-17 23:28:57.923000+00:00
us7000ggki,SEYD,4.5,mb,,62.28,63.08,382.0,C,0.00136,0.0332,0.00335,0.00323,0.00058,0.00011,3e-05,1.1e-05,0.0419,13.88,0.00134,0.00134,0.0304,0.0297,0.00402,0.0025,0.00044,0.00011,3e-05,2022-01-31 09:30:36.617000+00:00
us7000ghf9,BOZY,5.3,mww,5.3,156.17,158.38,276.0,D,0.00099,0.0353,0.00186,0.00301,0.00097,0.00041,0.00013,1.8e-05,0.0813,80.99,0.00089,0.00095,0.0347,0.0337,0.00177,0.00279,0.00126,0.00036,0.00011,2022-02-02 21:03:48.327000+00:00
us7000ghf9,ALAN,5.3,mww,5.3,167.18,169.25,822.0,B,0.00095,0.0505,0.00242,0.00264,0.00074,0.00035,6e-05,1.4e-05,0.0615,43.42,0.00092,0.00094,0.0378,0.0388,0.00185,0.00247,0.00128,0.00047,7e-05,2022-02-02 21:03:48.327000+00:00
us7000ghf9,KEMT,5.3,mww,5.3,205.73,207.42,454.0,C,0.00035,0.0229,0.00041,0.00047,0.00117,0.00019,6e-05,8e-06,0.0684,137.44,0.00034,0.00035,0.0223,0.0223,0.0004,0.0005,0.00104,0.00021,6e-05,2022-02-02 21:03:48.327000+00:00
us7000ghf9,DEMR,5.3,mww,5.3,216.66,218.26,861.0,B,0.00024,0.0116,7e-05,7e-05,0.00012,0.00014,8e-05,3.1e-05,0.1773,176.56,0.00023,0.00023,0.0112,0.0112,8e-05,8e-05,0.00012,0.00013,9e-05,2022-02-02 21:03:48.327000+00:00
us7000gkl5,HOPA,5.3,mww,5.3,215.76,215.99,588.0,C,0.00128,0.0661,0.00283,0.00668,0.0017,0.00072,0.00022,4.5e-05,0.0947,38.18,0.00126,0.00117,0.0593,0.0592,0.00222,0.00534,0.00137,0.00084,0.00023,2022-02-13 18:25:56.058000+00:00
us7000hgyu,ERCV,5.2,mww,5.2,34.71,36.12,344.0,D,0.02874,1.7562,0.04062,0.08393,0.03107,0.01641,0.01089,0.011402,1.3687,24.08,0.02716,0.02764,1.6426,1.703,0.04155,0.08251,0.0442,0.01879,0.01074,2022-06-12 18:35:20.871000+00:00
us7000hs2d,DATC,4.6,mwr,4.6,260.67,260.68,436.0,C,0.00184,0.0282,0.00089,0.00018,7e-05,5e-05,4e-05,0.000256,0.4295,166.63,0.00159,0.0017,0.0124,0.0127,0.00126,0.00021,5e-05,6e-05,4e-05,2022-07-20 09:01:02.174000+00:00
us7000hs2d,DIDI,4.6,mwr,4.6,283.19,283.2,316.0,D,0.00129,0.015,0.00158,0.00058,6e-05,4e-05,2e-05,0.000144,0.3259,169.81,0.00087,0.00087,0.0066,0.0066,0.00037,0.0001,5e-05,7e-05,2e-05,2022-07-20 09:01:02.174000+00:00
us7000i1xl,DATC,4.5,mb,,209.19,209.43,436.0,C,0.00083,0.007,0.00066,0.0001,4e-05,2e-05,1e-05,0.000148,0.2778,72.66,0.00014,0.00013,0.0023,0.0025,0.00015,6e-05,3e-05,2e-05,1e-05,2022-08-24 03:44:00.931000+00:00
us7000i1xl,BODA,4.5,mb,,222.18,222.4,600.0,C,0.00016,0.0022,0.00032,4e-05,1e-05,0.0,0.0,8e-06,0.0882,176.38,5e-05,5e-05,0.0011,0.0009,0.00015,8e-05,1e-05,0.0,0.0,2022-08-24 03:44:00.931000+00:00
us7000i3ss,ALAN,4.5,mb,,162.23,162.54,822.0,B,0.00012,0.0054,0.00024,0.00058,8e-05,4e-05,1e-05,0.0,0.0165,141.72,0.00011,9e-05,0.0046,0.0047,0.00024,0.00042,9e-05,4e-05,1e-05,2022-08-30 20:42:30.165000+00:00
us7000i3ym,DIDI,4.7,mwr,4.7,42.93,44.08,316.0,D,0.02199,0.6102,0.03471,0.04235,0.00546,0.00099,0.00071,0.006855,0.7432,7.08,0.0125,0.01321,0.4188,0.3905,0.02985,0.04425,0.01257,0.00176,0.0009,2022-08-31 09:56:40.134000+00:00
us7000i3ym,KUSD,4.7,mwr,4.7,52.94,53.88,616.0,C,0.0019,0.1198,0.00314,0.0032,0.00427,0.0011,0.00025,4e-05,0.0797,16.45,0.00176,0.00162,0.096,0.0901,0.003,0.00309,0.00321,0.00104,0.00022,2022-08-31 09:56:40.134000+00:00
us7000i3ym,GMLD,4.7,mwr,4.7,57.58,58.44,289.0,D,0.00481,0.2588,0.00824,0.0146,0.01252,0.00128,0.00029,0.000285,0.1892,14.18,0.00448,0.00463,0.2127,0.2099,0.00999,0.01546,0.00975,0.00098,0.00026,2022-08-31 09:56:40.134000+00:00
us7000i3ym,YKAV,4.7,mwr,4.7,63.93,64.71,462.0,C,0.0046,0.1793,0.00711,0.01151,0.00459,0.00127,0.00021,0.000208,0.1404,8.64,0.00373,0.00361,0.1629,0.1645,0.006,0.00951,0.00432,0.00122,0.00021,2022-08-31 09:56:40.134000+00:00
us7000i3ym,BODA,4.7,mwr,4.7,80.23,80.85,600.0,C,0.00591,0.2592,0.00727,0.02186,0.00368,0.00097,0.0004,0.000265,0.1417,7.25,0.00578,0.00551,0.2515,0.2411,0.00724,0.01727,0.00369,0.00117,0.00034,2022-08-31 09:56:40.134000+00:00
us7000i3yp,DIDI,5.4,mww,5.4,39.46,40.94,316.0,D,0.04755,2.0627,0.09925,0.16188,0.05577,0.0103,0.0011,0.018143,1.0972,8.73,0.04183,0.03913,1.831,1.6934,0.09174,0.14478,0.04943,0.01166,0.0014,2022-08-31 10:10:11.426000+00:00
us7000i3yp,KUSD,5.4,mww,5.4,51.37,52.52,616.0,C,0.00431,0.2288,0.00633,0.00795,0.00968,0.00151,0.00037,0.000204,0.1633,18.11,0.0039,0.00414,0.2024,0.2014,0.00725,0.00838,0.00832,0.0022,0.00044,2022-08-31 10:10:11.426000+00:00
us7000i3yp,GMLD,5.4,mww,5.4,58.53,59.54,289.0,D,0.01209,0.6535,0.03097,0.03152,0.01478,0.00457,0.00054,0.002265,0.5344,16.46,0.01055,0.01086,0.5074,0.5434,0.02467,0.0288,0.02189,0.00389,0.00053,2022-08-31 10:10:11.426000+00:00
us7000i3yp,YKAV,5.4,mww,5.4,60.84,61.81,462.0,C,0.00566,0.3432,0.01236,0.0162,0.0081,0.00356,0.00049,0.000485,0.2379,13.69,0.00553,0.00483,0.3656,0.3299,0.01014,0.01483,0.01421,0.00358,0.00048,2022-08-31 10:10:11.426000+00:00
us7000i3yp,BODA,5.4,mww,5.4,77.06,77.83,600.0,C,0.00878,0.4471,0.01069,0.03771,0.01195,0.00321,0.00038,0.000846,0.2817,10.21,0.00794,0.00826,0.3908,0.4115,0.0112,0.03156,0.0141,0.0031,0.00059,2022-08-31 10:10:11.426000+00:00
us7000im0t,KEMT,4.8,mb,,78.64,94.45,454.0,C,0.00241,0.5137,0.00418,0.00669,0.00323,0.00054,0.00012,0.000114,0.1461,29.04,0.00226,0.00237,0.3632,0.2503,0.00418,0.00499,0.00342,0.00086,0.00114,2022-11-02 17:41:23.230000+00:00
us7000im0t,DEMR,4.8,mb,,96.02,109.35,861.0,B,0.00028,0.0151,0.00031,0.00046,0.00044,0.00014,4e-05,1.7e-05,0.1291,175.2,0.00024,0.00023,0.0132,0.0137,0.00031,0.00046,0.00044,0.00015,5e-05,2022-11-02 17:41:23.230000+00:00
us7000im0t,MNVG,4.8,mb,,102.91,115.45,304.0,D,0.00101,0.0478,0.0018,0.00255,0.00181,0.00034,0.00011,2.4e-05,0.0901,46.98,0.0009,0.00096,0.043,0.0456,0.00177,0.00283,0.00178,0.00038,0.00011,2022-11-02 17:41:23.230000+00:00
us7000im0t,ALAN,4.8,mb,,120.03,130.94,822.0,B,0.00508,0.2169,0.01027,0.0168,0.00234,0.00083,0.00013,0.000165,0.1325,16.86,0.00451,0.0039,0.1544,0.1502,0.01019,0.01314,0.00193,0.00066,0.00011,2022-11-02 17:41:23.230000+00:00
us7000iqln,CAME,4.6,mb,,75.6,76.26,469.0,C,8e-05,0.0053,8e-05,0.00016,0.00012,4e-05,4e-05,1e-06,0.0219,176.35,8e-05,8e-05,0.0054,0.0052,7e-05,0.00018,9e-05,4e-05,4e-05,2022-11-18 04:26:35.176000+00:00
us7000ir86,BODA,5.5,mww,5.5,160.49,172.41,600.0,C,0.00028,0.0198,0.00038,0.001,0.00046,0.0001,0.00011,4e-06,0.0389,62.92,0.00027,0.00026,0.0196,0.0196,0.00038,0.00115,0.00052,0.00012,0.0001,2022-11-20 23:24:58.462000+00:00
us7000ir86,DIDI,5.5,mww,5.5,185.91,196.29,316.0,D,0.00236,0.0635,0.00242,0.00108,0.00049,0.00032,0.0002,0.000693,0.7277,176.71,0.00186,0.00176,0.0494,0.0501,0.00099,0.00072,0.00108,0.0004,0.00031,2022-11-20 23:24:58.462000+00:00
us7000irp8,SAUV,6.1,mww,6.1,56.24,57.12,605.0,C,0.0241,1.5975,0.07716,0.05735,0.03742,0.015,0.0053,0.009491,1.1185,20.8,0.02182,0.02046,1.5367,1.4873,0.06368,0.05372,0.02944,0.01468,0.00744,2022-11-23 01:08:15.435000+00:00
us7000isne,SAUV,4.5,mb,,58.66,59.51,605.0,C,0.00281,0.0828,0.00627,0.00697,0.00178,0.00041,7e-05,6.9e-05,0.0879,12.88,0.00247,0.00254,0.069,0.0675,0.00596,0.00614,0.00148,0.00036,7e-05,2022-11-27 03:57:45.879000+00:00
us7000j2pq,GPNR,4.8,mwr,4.8,8.22,12.94,665.0,C,0.05594,3.5528,0.08285,0.0777,0.08733,0.02768,0.00625,0.010336,0.6951,6.68,0.04605,0.04304,2.8825,2.6203,0.07447,0.08042,0.08035,0.02224,0.00526,2023-01-07 01:52:58.152000+00:00
us7000j2pq,EZNE,4.8,mwr,4.8,44.0,45.12,282.0,D,0.00696,0.2456,0.01494,0.01922,0.00598,0.00219,0.00046,0.000573,0.2517,16.35,0.00602,0.00595,0.206,0.2197,0.01517,0.01399,0.00533,0.00165,0.00036,2023-01-07 01:52:58.152000+00:00
us7000j2pq,BMYO,4.8,mwr,4.8,59.42,60.26,384.0,C,0.00414,0.1444,0.0047,0.01113,0.00339,0.00151,0.00057,0.000119,0.1337,20.18,0.00305,0.00315,0.1279,0.1241,0.00478,0.00964,0.00264,0.00123,0.0007,2023-01-07 01:52:58.152000+00:00
us7000j3cr,GPNR,4.9,mwr,4.9,10.65,14.61,665.0,C,0.03625,1.3932,0.05755,0.05157,0.04099,0.00932,0.00258,0.005549,0.6214,8.02,0.02649,0.03018,1.3117,1.2746,0.05224,0.06815,0.03359,0.00774,0.00274,2023-01-10 07:38:31.557000+00:00
us7000j3cr,EZNE,4.9,mwr,4.9,31.45,33.0,282.0,D,0.00439,0.1555,0.00902,0.01154,0.00199,0.00098,0.00027,0.000223,0.1665,16.94,0.004,0.004,0.1338,0.1399,0.00804,0.00922,0.00354,0.00144,0.00024,2023-01-10 07:38:31.557000+00:00
us7000j3cr,BMYO,4.9,mwr,4.9,46.76,47.82,384.0,C,0.00284,0.113,0.0051,0.00816,0.00238,0.00106,0.00054,8.2e-05,0.1235,25.88,0.00218,0.00224,0.1047,0.0977,0.00427,0.00633,0.00208,0.00122,0.00052,2023-01-10 07:38:31.557000+00:00
us7000j4gh,TUNC,4.7,mb,,198.04,198.29,558.0,C,0.00038,0.0411,0.00041,0.00073,0.00092,0.00046,0.00016,3e-06,0.0294,42.04,0.00035,0.00035,0.0378,0.0381,0.00038,0.00055,0.0009,0.0005,0.00017,2023-01-15 03:36:28.029000+00:00
us7000j4gh,KHMN,4.7,mb,,210.0,210.24,272.0,D,0.00022,0.0222,0.0003,0.00058,0.00037,0.00023,0.0001,1e-06,0.0191,68.53,0.0002,0.00019,0.0165,0.0158,0.00032,0.00059,0.00034,0.00022,9e-05,2023-01-15 03:36:28.029000+00:00
us7000jgyv,KHMN,5.0,mww,5.0,64.04,64.43,272.0,D,0.00149,0.0737,0.00364,0.00438,0.00184,0.0009,0.00027,5.4e-05,0.1401,82.57,0.00142,0.0014,0.0634,0.0662,0.0036,0.00415,0.00172,0.00091,0.00033,2023-03-03 02:53:43.065000+00:00
us7000jgyv,CMRD,5.0,mww,5.0,151.64,151.81,426.0,C,0.00031,0.0239,0.0005,0.00069,0.00072,0.00019,9e-05,2e-06,0.0315,112.23,0.00029,0.0003,0.0207,0.0201,0.00046,0.00069,0.0006,0.0002,9e-05,2023-03-03 02:53:43.065000+00:00
us7000jgyv,TUNC,5.0,mww,5.0,218.66,218.78,558.0,C,0.00029,0.0362,0.00031,0.00039,0.00073,0.00088,0.00014,3e-06,0.0286,50.65,0.00023,0.00019,0.0267,0.0248,0.00024,0.00031,0.00063,0.00063,0.00014,2023-03-03 02:53:43.065000+00:00
us7000jhi7,KRTS,4.8,mwr,4.8,75.97,76.63,313.0,D,0.00098,0.0592,0.00132,0.00387,0.00116,0.00048,0.00016,1.9e-05,0.0616,31.51,0.00081,0.00079,0.0532,0.0525,0.00118,0.00294,0.00122,0.0005,0.00017,2023-03-05 20:49:46.490000+00:00
us7000jhi7,KHMN,4.8,mwr,4.8,109.43,109.89,272.0,D,0.00099,0.0489,0.00223,0.00172,0.00147,0.00019,6e-05,2e-05,0.0858,90.82,0.00097,0.00098,0.0455,0.0475,0.00199,0.00171,0.0017,0.00032,6e-05,2023-03-05 20:49:46.490000+00:00
us7000jhi7,CMRD,4.8,mwr,4.8,143.72,144.07,426.0,C,0.00014,0.0069,0.00018,0.00023,0.0002,8e-05,3e-05,1e-06,0.0213,162.7,0.00013,0.00012,0.007,0.0063,0.00016,0.00023,0.00015,9e-05,3e-05,2023-03-05 20:49:46.490000+00:00
us7000jhi7,SLFK,4.8,mwr,4.8,204.54,204.78,470.0,C,0.00034,0.0139,0.00061,0.00072,0.0003,0.00012,3e-05,1e-06,0.0191,42.76,0.00032,0.00034,0.0133,0.0131,0.00059,0.00075,0.00038,0.0001,2e-05,2023-03-05 20:49:46.490000+00:00
us7000jhvn,KOZK,4.7,mwr,4.7,72.87,73.04,520.0,C,0.00164,0.0878,0.00247,0.00418,0.00198,0.00097,0.00022,6e-05,0.136,47.96,0.00145,0.00154,0.0755,0.0822,0.00297,0.0044,0.00197,0.00093,0.00022,2023-03-07 11:47:27.545000+00:00
us7000jhvn,CMRD,4.7,mwr,4.7,111.13,111.24,426.0,C,0.00014,0.0162,0.0003,0.00034,0.00027,0.00017,5e-05,1e-06,0.0272,138.97,0.00014,0.00014,0.0129,0.0125,0.00035,0.00029,0.00023,0.00017,6e-05,2023-03-07 11:47:27.545000+00:00
us7000jiph,KOZK,4.8,mwr,4.8,70.67,70.92,520.0,C,0.00251,0.1444,0.00458,0.00543,0.00255,0.00133,0.00044,9.1e-05,0.1404,30.17,0.00221,0.00227,0.1382,0.1321,0.00423,0.00531,0.00252,0.00174,0.00044,2023-03-10 02:28:15.208000+00:00
us7000jiph,CMRD,4.8,mwr,4.8,119.25,119.4,426.0,C,0.00014,0.0116,0.00033,0.00019,0.00013,0.00011,9e-05,1e-06,0.022,166.44,0.00011,0.00012,0.0095,0.0096,0.00029,0.00022,0.00014,0.0001,7e-05,2023-03-10 02:28:15.208000+00:00
us7000jjft,KHMN,4.6,mwr,4.6,157.17,157.27,272.0,D,0.00053,0.0447,0.00186,0.00124,0.00069,0.00031,0.00016,5e-06,0.0357,35.82,0.00054,0.00051,0.0382,0.0333,0.0015,0.0012,0.00083,0.00037,0.00016,2023-03-13 01:34:30.468000+00:00
us7000jjft,TUNC,4.6,mwr,4.6,201.53,201.6,558.0,C,0.00104,0.0195,0.00046,0.00036,0.00042,0.00026,9e-05,0.000132,0.3146,175.17,0.00081,0.00077,0.019,0.019,0.00035,0.00049,0.00058,0.0003,9e-05,2023-03-13 01:34:30.468000+00:00
us7000jjv5,KHMN,4.6,mwr,4.6,48.8,49.81,272.0,D,0.00059,0.144,0.00089,0.00094,0.00192,0.00112,0.00083,1.2e-05,0.0516,28.77,0.00059,0.00058,0.1264,0.1267,0.00091,0.00102,0.00171,0.00106,0.00073,2023-03-14 14:49:49.524000+00:00
us7000jjv5,TUNC,4.6,mwr,4.6,212.14,212.38,558.0,C,0.00016,0.021,0.00017,0.0002,0.00039,0.00031,8e-05,1e-06,0.0231,99.6,0.00015,0.00016,0.0174,0.0165,0.00017,0.00018,0.00044,0.00025,8e-05,2023-03-14 14:49:49.524000+00:00
us7000jjv5,KRTS,4.6,mwr,4.6,223.98,224.2,313.0,D,6e-05,0.0091,6e-05,7e-05,0.00016,0.00015,6e-05,0.0,0.0119,117.03,6e-05,6e-05,0.0086,0.0084,6e-05,8e-05,0.00016,0.00015,6e-05,2023-03-14 14:49:49.524000+00:00
us7000jkeb,YUVA,4.8,mww,4.8,42.15,43.32,629.0,C,0.00099,0.069,0.00256,0.00332,0.00194,0.00098,0.00064,2.1e-05,0.068,27.78,0.00095,0.00097,0.0651,0.0664,0.002,0.00253,0.00194,0.00101,0.00052,2023-03-16 10:55:07.845000+00:00
us7000jkeb,SAUV,4.8,mww,4.8,99.05,99.55,605.0,C,0.00098,0.0421,0.00326,0.00308,0.00097,0.00057,8e-05,1.6e-05,0.0557,21.57,0.00087,0.00089,0.0331,0.0368,0.003,0.00247,0.00085,0.00049,0.00017,2023-03-16 10:55:07.845000+00:00
us7000jm54,KHMN,5.3,mww,5.3,94.17,94.7,272.0,D,0.00299,0.1156,0.0067,0.00927,0.00268,0.00096,0.00046,9.8e-05,0.1295,22.65,0.0025,0.00246,0.1011,0.1022,0.00665,0.00803,0.00205,0.00092,0.0004,2023-03-23 09:19:53.459000+00:00
us7000jm54,CMRD,5.3,mww,5.3,132.02,132.4,426.0,C,0.0004,0.0375,0.00077,0.00092,0.00084,0.0005,0.0002,5e-06,0.0406,72.94,0.00037,0.00037,0.0386,0.0341,0.00077,0.00111,0.00068,0.00051,0.00017,2023-03-23 09:19:53.459000+00:00
us7000jm54,KRTS,5.3,mww,5.3,185.01,185.28,313.0,D,0.00025,0.03,0.00029,0.00052,0.00047,0.00051,0.00016,3e-06,0.0382,90.22,0.0002,0.00022,0.0313,0.0289,0.00023,0.0005,0.00047,0.0005,0.00019,2023-03-23 09:19:53.459000+00:00
us7000jm54,KOZK,5.3,mww,5.3,190.09,190.35,520.0,C,0.00055,0.0776,0.00054,0.0009,0.00111,0.00104,0.00024,1.1e-05,0.0746,83.59,0.00044,0.00047,0.0613,0.0666,0.00051,0.00093,0.00095,0.00095,0.00027,2023-03-23 09:19:53.459000+00:00
us7000jmay,KHMN,4.6,mwr,4.6,93.56,94.09,272.0,D,0.00134,0.0769,0.00265,0.00273,0.00231,0.00064,0.00014,2e-05,0.0521,22.97,0.00106,0.00099,0.0557,0.0534,0.00232,0.0025,0.00197,0.00053,0.00011,2023-03-24 00:39:53.695000+00:00
us7000jmay,CMRD,4.6,mwr,4.6,125.87,126.27,426.0,C,0.0003,0.0193,0.00038,0.00061,0.00057,0.00027,4e-05,2e-06,0.0286,128.65,0.00028,0.0003,0.0186,0.0188,0.0004,0.0006,0.0006,0.00026,5e-05,2023-03-24 00:39:53.695000+00:00
us7000jmay,KRTS,4.6,mwr,4.6,177.64,177.92,313.0,D,0.00012,0.0094,0.00015,0.0002,0.00027,6e-05,3e-05,0.0,0.0148,131.77,0.0001,0.0001,0.0092,0.0086,0.00012,0.00023,0.00031,0.00013,3e-05,2023-03-24 00:39:53.695000+00:00
us7000jmay,KOZK,4.6,mwr,4.6,190.92,191.18,520.0,C,0.00025,0.0261,0.00027,0.0006,0.00066,0.00037,0.0001,3e-06,0.0452,126.8,0.00022,0.00023,0.023,0.0237,0.00027,0.00058,0.00057,0.00039,8e-05,2023-03-24 00:39:53.695000+00:00
us7000jmme,TUNC,4.5,mb,,188.36,188.63,558.0,C,0.00011,0.0072,0.00013,0.00026,0.00028,0.0001,2e-05,0.0,0.0118,50.26,0.0001,0.0001,0.0072,0.0072,0.00012,0.00032,0.00024,9e-05,2e-05,2023-03-25 04:39:34.155000+00:00
us7000jmme,KRTS,4.5,mb,,221.83,222.06,313.0,D,5e-05,0.0025,3e-05,5e-05,3e-05,2e-05,1e-05,0.0,0.0198,176.76,3e-05,3e-05,0.002,0.0021,3e-05,7e-05,4e-05,4e-05,1e-05,2023-03-25 04:39:34.155000+00:00
us7000jw42,YKAV,5.1,mww,5.1,115.54,164.08,462.0,C,0.00045,0.0687,0.00045,0.00054,0.0008,0.00083,0.00031,2e-06,0.0303,100.36,0.00033,0.00033,0.0519,0.0395,0.00033,0.00055,0.00057,0.00064,0.00025,2023-04-26 20:00:34.782000+00:00
us7000jw42,BODA,5.1,mww,5.1,119.98,167.23,600.0,C,0.00051,0.0782,0.00053,0.00146,0.00125,0.001,0.00029,4e-06,0.0344,55.53,0.00054,0.0005,0.0703,0.0693,0.00062,0.00201,0.0011,0.00087,0.00027,2023-04-26 20:00:34.782000+00:00
us7000jw42,DIDI,5.1,mww,5.1,133.58,177.24,316.0,D,0.00232,0.1012,0.0024,0.00491,0.00192,0.0005,0.00024,0.000158,0.3516,172.43,0.00092,0.00086,0.07,0.0732,0.00088,0.00174,0.00163,0.00116,0.00029,2023-04-26 20:00:34.782000+00:00
us7000jw42,GMLD,5.1,mww,5.1,190.7,223.47,289.0,D,0.00038,0.0255,0.0004,0.00048,0.00132,0.00025,5e-05,5e-06,0.0498,112.86,0.00035,0.00036,0.0249,0.0248,0.00036,0.00044,0.00118,0.00026,5e-05,2023-04-26 20:00:34.782000+00:00
us7000jw42,CESE,5.1,mww,5.1,211.41,241.38,410.0,C,0.00019,0.0125,0.0001,0.00012,0.00031,0.00012,4e-05,3e-06,0.0459,151.99,0.00016,0.00015,0.0084,0.0088,0.0001,0.00013,0.00023,0.00013,4e-05,2023-04-26 20:00:34.782000+00:00
us7000jwv7,KHMN,4.6,mb,,100.93,101.42,272.0,D,0.00065,0.0367,0.00139,0.00188,0.00065,0.00042,0.00015,8e-06,0.0441,33.33,0.0006,0.00059,0.0271,0.0302,0.00147,0.00159,0.00076,0.00034,0.00012,2023-04-29 01:55:48.680000+00:00
us7000jwv7,CMRD,4.6,mb,,136.57,136.94,426.0,C,0.00033,0.0234,0.00049,0.00088,0.00112,0.00025,6e-05,3e-06,0.0325,89.55,0.00033,0.00033,0.0193,0.0207,0.00053,0.00088,0.0008,0.00023,6e-05,2023-04-29 01:55:48.680000+00:00
us7000jwv7,KRTS,4.6,mb,,194.49,194.75,313.0,D,0.00017,0.0124,0.00016,0.0003,0.00029,0.00028,5e-05,1e-06,0.021,111.15,0.00013,0.00012,0.0113,0.0118,0.00014,0.00028,0.00034,0.0002,5e-05,2023-04-29 01:55:48.680000+00:00
us7000jxsv,KHMN,4.9,mb,,90.67,91.4,272.0,D,0.00165,0.1036,0.00257,0.00356,0.0023,0.00062,0.00021,3e-05,0.078,28.71,0.00157,0.0016,0.092,0.0907,0.00282,0.0041,0.00235,0.00085,0.00026,2023-05-03 17:16:38.697000+00:00
us7000jxsv,CMRD,4.9,mb,,144.23,144.69,426.0,C,0.00055,0.0596,0.00066,0.00078,0.00111,0.00062,0.0002,4e-06,0.0357,86.27,0.00045,0.00048,0.0521,0.0529,0.0006,0.00078,0.00081,0.00062,0.00018,2023-05-03 17:16:38.697000+00:00
us7000jxsv,KOZK,4.9,mb,,195.0,195.34,520.0,C,0.00049,0.0473,0.00059,0.00107,0.00076,0.00074,0.0002,7e-06,0.0596,93.93,0.00043,0.00045,0.0469,0.0469,0.0005,0.00098,0.00078,0.00086,0.00021,2023-05-03 17:16:38.697000+00:00
us7000jxsv,KRTS,4.9,mb,,195.03,195.37,313.0,D,0.00037,0.0191,0.00014,0.00018,0.00019,0.00016,6e-05,1e-06,0.0297,156.21,0.00023,0.00025,0.0143,0.0161,0.00016,0.00032,0.00041,0.00029,9e-05,2023-05-03 17:16:38.697000+00:00
us7000k970,ERCV,4.5,mb,,151.96,152.29,344.0,D,0.00049,0.0606,0.00051,0.00077,0.00134,0.00078,0.00039,1.2e-05,0.0758,129.71,0.00046,0.00045,0.0601,0.0578,0.00051,0.00075,0.00126,0.00087,0.00043,2023-06-17 12:30:44.731000+00:00
us7000kqky,KHMN,4.8,mwr,4.8,128.17,128.56,272.0,D,0.0008,0.0392,0.00169,0.00117,0.0009,0.00032,0.00019,7e-06,0.044,57.37,0.00077,0.0008,0.0353,0.037,0.00194,0.00173,0.00075,0.00033,0.00019,2023-08-24 05:35:24.510000+00:00
us7000krs4,KOZK,4.8,mwr,4.8,170.08,170.26,520.0,C,0.00045,0.0455,0.00043,0.00053,0.00106,0.00083,0.00017,9e-06,0.0667,82.21,0.00042,0.00043,0.0407,0.0427,0.00042,0.0006,0.00108,0.00088,0.00017,2023-08-29 04:58:15.359000+00:00
us7000kxls,KHMN,4.5,mwr,4.5,90.18,90.44,272.0,D,0.00086,0.0395,0.00221,0.00202,0.00166,0.00024,9e-05,1.6e-05,0.0865,139.42,0.0008,0.00083,0.0387,0.0347,0.00201,0.00169,0.0012,0.00028,9e-05,2023-09-23 08:22:21.869000+00:00
us7000kxls,CMRD,4.5,mwr,4.5,123.16,123.35,426.0,C,0.00011,0.0079,0.00022,0.00028,0.00018,0.00013,2e-05,1e-06,0.0245,164.75,0.00011,0.00011,0.0079,0.0075,0.00025,0.00026,0.00017,0.00012,2e-05,2023-09-23 08:22:21.869000+00:00
us7000kxls,NIG,4.5,mwr,4.5,154.62,154.77,665.0,C,0.02252,0.2135,0.00238,0.002,0.00132,0.00081,0.00067,0.463835,21.5964,174.84,0.0077,0.00749,0.0508,0.0508,0.00064,0.00069,0.00065,0.00066,0.00017,2023-09-23 08:22:21.869000+00:00
us7000l8hp,DATC,4.5,mb,,150.44,152.67,436.0,C,0.00019,0.009,0.00024,0.00018,0.00021,5e-05,1e-05,8e-06,0.0829,176.71,0.0001,0.00011,0.0077,0.006,0.00011,0.00016,0.0002,9e-05,3e-05,2023-11-03 03:55:41.428000+00:00
us7000l8hp,BODA,4.5,mb,,178.53,180.41,600.0,C,0.0001,0.0012,0.00015,2e-05,1e-05,1e-05,0.0,0.0,0.0147,149.96,5e-05,5e-05,0.001,0.001,7e-05,4e-05,2e-05,1e-05,0.0,2023-11-03 03:55:41.428000+00:00
us7000l8hp,DIDI,4.5,mb,,216.51,218.06,316.0,D,0.00041,0.0039,0.00044,0.00012,2e-05,2e-05,1e-05,3.4e-05,0.1652,175.47,0.00033,0.00032,0.0033,0.0033,0.00018,4e-05,4e-05,2e-05,1e-05,2023-11-03 03:55:41.428000+00:00
us7000l9r5,KRTS,4.6,mwr,4.6,93.1,93.64,313.0,D,0.00132,0.0844,0.00195,0.00653,0.0031,0.00052,0.0002,3.4e-05,0.0804,30.47,0.00128,0.00121,0.0761,0.0804,0.002,0.00624,0.0025,0.00074,0.00016,2023-11-09 02:32:14.592000+00:00
us7000l9r5,KHMN,4.6,mwr,4.6,110.13,110.58,272.0,D,0.00103,0.0416,0.00337,0.00202,0.00114,0.00046,0.00013,1.4e-05,0.0571,33.51,0.00097,0.00094,0.0401,0.0402,0.00269,0.00286,0.00115,0.0004,0.00017,2023-11-09 02:32:14.592000+00:00
us7000l9r5,CMRD,4.6,mwr,4.6,173.32,173.61,426.0,C,0.00016,0.0146,0.0002,0.00039,0.00025,0.00021,5e-05,1e-06,0.0245,156.06,0.00014,0.00014,0.0127,0.0108,0.00017,0.00042,0.00028,0.00018,4e-05,2023-11-09 02:32:14.592000+00:00
us7000ledq,TUNC,4.7,mb,,193.46,193.72,558.0,C,0.00024,0.0277,0.00025,0.00032,0.00058,0.00034,0.0001,1e-06,0.0158,49.07,0.00021,0.00022,0.022,0.0204,0.00022,0.00032,0.00056,0.00031,7e-05,2023-11-23 14:49:57.542000+00:00
us7000leyu,ARPRA,4.5,mwr,4.5,103.87,104.35,773.0,B,0.00084,0.0733,0.00113,0.00188,0.0021,0.00142,0.00016,1.5e-05,0.0518,24.38,0.00078,0.00079,0.0608,0.0586,0.00147,0.00211,0.00206,0.00108,0.00013,2023-12-01 00:18:50.121000+00:00
us7000leyu,KHMN,4.5,mwr,4.5,113.73,114.17,272.0,D,0.00043,0.0222,0.00074,0.00112,0.00033,0.00017,5e-05,2e-06,0.0241,34.55,0.00037,0.0004,0.0164,0.0181,0.00084,0.00091,0.00035,0.00018,5e-05,2023-12-01 00:18:50.121000+00:00
us7000leyu,TUNC,4.5,mwr,4.5,149.58,149.91,558.0,C,0.00038,0.0324,0.00055,0.00066,0.00063,0.00034,6e-05,3e-06,0.0289,36.86,0.00032,0.00031,0.0246,0.0266,0.00042,0.00068,0.00071,0.00038,6e-05,2023-12-01 00:18:50.121000+00:00
us7000lg2l,MDNY,5.1,mww,5.1,7.99,12.89,571.0,C,0.14655,6.1916,0.24946,0.40053,0.12227,0.01524,0.00761,0.080851,1.7084,4.07,0.14082,0.1457,5.0238,4.9381,0.29552,0.40863,0.10195,0.01439,0.00575,2023-12-04 07:42:20.496000+00:00
us7000lg2l,ESKY,5.1,mww,5.1,17.91,20.57,642.0,C,0.02299,1.375,0.07847,0.04769,0.03256,0.02168,0.00443,0.00239,0.4348,9.02,0.02128,0.02013,1.1546,1.0528,0.0567,0.03659,0.02515,0.01779,0.00362,2023-12-04 07:42:20.496000+00:00
us7000lg2l,KOUK,5.1,mww,5.1,37.98,39.3,600.0,C,0.00748,0.8919,0.0187,0.01189,0.02236,0.01058,0.00229,0.001276,0.4227,18.52,0.00744,0.00711,0.9763,0.8505,0.01444,0.01274,0.01854,0.01712,0.00312,2023-12-04 07:42:20.496000+00:00
us7000lj55,KRTS,4.6,mb,,74.44,75.11,313.0,D,0.00012,0.0047,0.00023,0.00047,0.00013,5e-05,2e-05,0.0,0.0127,112.05,0.00012,0.00012,0.0045,0.0045,0.00022,0.00043,0.00016,4e-05,1e-05,2023-12-14 22:32:58.929000+00:00
us7000lj55,KHMN,4.6,mb,,165.39,165.69,272.0,D,7e-05,0.0028,0.00016,0.00017,7e-05,2e-05,1e-05,0.0,0.0081,127.43,6e-05,6e-05,0.0024,0.0023,0.00015,0.00013,6e-05,2e-05,1e-05,2023-12-14 22:32:58.929000+00:00
us7000ltqd,KHMN,5.0,mww,5.0,137.82,138.77,272.0,D,0.0014,0.1827,0.0021,0.00313,0.00276,0.00123,0.00081,3.4e-05,0.0936,38.56,0.00118,0.00115,0.1371,0.1316,0.00165,0.00257,0.0026,0.00113,0.00067,2024-01-25 13:04:06.941000+00:00
us7000ltqd,TUNC,5.0,mww,5.0,190.62,191.31,558.0,C,0.00067,0.0982,0.0008,0.00111,0.00218,0.00132,0.00032,1.4e-05,0.0579,36.77,0.00062,0.00056,0.0716,0.0709,0.0007,0.00112,0.00204,0.00104,0.00032,2024-01-25 13:04:06.941000+00:00
us7000luac,KUSD,5.1,mww,5.1,19.55,22.58,616.0,C,0.02222,0.9605,0.05093,0.05389,0.01546,0.00583,0.00155,0.001504,0.258,4.36,0.01789,0.01719,0.8784,0.9131,0.04279,0.04591,0.01406,0.0079,0.00216,2024-01-27 05:19:19.465000+00:00
us7000luac,GMLD,5.1,mww,5.1,20.99,23.83,289.0,D,0.11115,3.4959,0.19296,0.28352,0.05936,0.02087,0.00308,0.032809,1.0288,4.68,0.08429,0.07584,2.6883,2.3346,0.17231,0.20922,0.06082,0.01599,0.00235,2024-01-27 05:19:19.465000+00:00
us7000luac,DIDI,5.1,mww,5.1,67.45,68.39,316.0,D,0.00612,0.3184,0.01217,0.01212,0.0025,0.00148,0.00052,0.000567,0.3348,20.98,0.00455,0.00436,0.2624,0.2467,0.00834,0.0096,0.0056,0.00304,0.00067,2024-01-27 05:19:19.465000+00:00
us7000luac,CESE,5.1,mww,5.1,81.73,82.51,410.0,C,0.00114,0.0889,0.00198,0.00204,0.00319,0.00094,0.0002,1.8e-05,0.0579,22.25,0.00112,0.00099,0.068,0.0592,0.00184,0.00197,0.00242,0.00081,0.00017,2024-01-27 05:19:19.465000+00:00
us7000luac,FOCM,5.1,mww,5.1,88.69,89.41,553.0,C,0.00417,0.1729,0.00543,0.00878,0.00492,0.00186,0.0004,8.8e-05,0.0858,11.15,0.00295,0.00336,0.1586,0.1713,0.00507,0.00769,0.00491,0.00177,0.00035,2024-01-27 05:19:19.465000+00:00
us7000m4jl,DEMR,4.8,mwr,4.8,22.16,50.0,861.0,B,0.00394,0.2207,0.00541,0.00954,0.00233,0.00293,0.00069,7.6e-05,0.1391,144.78,0.00301,0.00279,0.1837,0.1758,0.00413,0.00798,0.00252,0.00223,0.00054,2024-03-10 13:55:57.564000+00:00
us7000m4jl,KEMT,4.8,mwr,4.8,63.9,78.05,454.0,C,0.0023,0.1008,0.00458,0.00271,0.00377,0.00066,0.00019,6e-05,0.1212,33.83,0.00206,0.00215,0.0839,0.0894,0.00358,0.00366,0.0037,0.00089,0.00019,2024-03-10 13:55:57.564000+00:00
us7000m4jl,CAME,4.8,mwr,4.8,115.24,123.65,469.0,C,0.00084,0.0559,0.0013,0.00238,0.00236,0.00057,0.00012,1.5e-05,0.0602,32.98,0.00082,0.00082,0.053,0.054,0.0012,0.00248,0.00193,0.00051,0.00016,2024-03-10 13:55:57.564000+00:00
us7000m4jl,BCK,4.8,mwr,4.8,151.91,158.38,567.0,C,0.00049,0.0407,0.00057,0.00118,0.00094,0.0006,7e-05,8e-06,0.0613,132.08,0.00047,0.00046,0.0377,0.0376,0.0006,0.00101,0.00138,0.00046,8e-05,2024-03-10 13:55:57.564000+00:00
us7000mcxc,ERBG,5.6,mww,5.6,101.49,102.74,766.0,B,0.00185,0.2533,0.00236,0.00404,0.00385,0.00471,0.0009,0.000154,0.2684,139.9,0.00177,0.00181,0.2458,0.2464,0.00234,0.00359,0.00393,0.00467,0.00107,2024-04-18 15:11:25.596000+00:00
us7000ms04,DATC,4.7,mww,4.7,91.05,109.8,436.0,C,0.01904,1.1683,0.04292,0.03801,0.0247,0.00776,0.00127,0.001424,0.3312,6.95,0.01458,0.01228,0.8322,0.6173,0.03578,0.02873,0.01798,0.00561,0.00094,2024-06-12 19:19:10.899000+00:00
us7000ms04,BODA,4.7,mww,4.7,126.85,140.91,600.0,C,0.00246,0.0979,0.00632,0.00926,0.00175,0.00043,9e-05,6.2e-05,0.0792,7.88,0.00227,0.0022,0.0893,0.0893,0.00577,0.0091,0.00147,0.00035,8e-05,2024-06-12 19:19:10.899000+00:00
us7000ms04,CAME,4.7,mww,4.7,161.69,172.94,469.0,C,0.00099,0.0387,0.00167,0.00271,0.00045,0.0001,2e-05,8e-06,0.0452,46.32,0.00077,0.00087,0.0293,0.0335,0.00162,0.00228,0.00033,0.0001,3e-05,2024-06-12 19:19:10.899000+00:00
us7000ms04,DIDI,4.7,mww,4.7,168.43,179.26,316.0,D,0.00178,0.1292,0.00192,0.00405,0.0021,0.00065,0.00011,4e-05,0.0923,21.33,0.00169,0.00173,0.0991,0.1074,0.00197,0.00319,0.00278,0.00095,0.00015,2024-06-12 19:19:10.899000+00:00
us7000n7dh,KHMN,4.8,mww,4.8,259.52,259.71,272.0,D,0.0008,0.0445,0.00131,0.00133,0.00173,0.00042,0.00026,1.7e-05,0.1065,145.49,0.00064,0.00062,0.0355,0.0305,0.001,0.00139,0.0014,0.00044,0.00018,2024-08-16 10:15:36.916000+00:00
us7000nni1,CMRD,4.9,mww,4.9,89.48,90.04,426.0,C,0.00119,0.0461,0.00272,0.00267,0.00067,0.0002,6e-05,1.3e-05,0.0534,27.09,0.00114,0.00117,0.0405,0.0337,0.00369,0.00202,0.00076,0.00051,0.00013,2024-10-27 17:07:10.334000+00:00
us7000nni1,KHMN,4.9,mww,4.9,105.01,105.49,272.0,D,0.00074,0.0571,0.00182,0.00213,0.00138,0.00057,0.0002,1.2e-05,0.0626,101.98,0.00071,0.00072,0.051,0.0517,0.00158,0.0021,0.0015,0.00062,0.00022,2024-10-27 17:07:10.334000+00:00
us7000nni1,KRTS,4.9,mww,4.9,130.24,130.62,313.0,D,0.0003,0.0256,0.00032,0.00065,0.00074,0.0003,0.00015,3e-06,0.0405,85.84,0.00024,0.00026,0.0243,0.0255,0.00027,0.00054,0.00072,0.00043,0.00014,2024-10-27 17:07:10.334000+00:00
us7000parp,YKAV,4.6,mww,4.6,159.37,159.68,462.0,C,0.00035,0.0282,0.00048,0.00055,0.00066,0.00022,4e-05,3e-06,0.0376,155.6,0.0003,0.00028,0.0222,0.0233,0.00041,0.00055,0.00062,0.00026,4e-05,2025-02-02 07:22:05.309000+00:00
us7000parp,DIDI,4.6,mww,4.6,167.47,167.77,316.0,D,0.00055,0.0359,0.00055,0.00103,0.00045,0.0003,7e-05,6.9e-05,0.2546,178.67,0.00048,0.00047,0.0336,0.0344,0.00067,0.00131,0.00137,0.00044,9e-05,2025-02-02 07:22:05.309000+00:00
us7000parp,BODA,4.6,mww,4.6,169.27,169.57,600.0,C,0.00026,0.013,0.00041,0.00152,0.00032,0.00016,3e-05,2e-06,0.0286,112.18,0.00025,0.00025,0.0124,0.0121,0.0004,0.00142,0.00029,0.00014,3e-05,2025-02-02 07:22:05.309000+00:00
us7000parp,DATC,4.6,mww,4.6,184.82,185.09,436.0,C,0.0003,0.0125,0.00037,0.0004,0.00031,0.00018,8e-05,2.5e-05,0.1557,175.85,0.00014,0.00013,0.0117,0.012,0.00025,0.00044,0.00037,0.00021,5e-05,2025-02-02 07:22:05.309000+00:00
us7000parp,GMLD,4.6,mww,4.6,197.65,197.9,289.0,D,0.0006,0.0391,0.00074,0.0013,0.00204,0.00024,4e-05,6e-06,0.0381,27.86,0.0006,0.0006,0.0329,0.0344,0.00076,0.00116,0.0019,0.00023,4e-05,2025-02-02 07:22:05.309000+00:00
us7000patf,YKAV,4.8,mww,4.8,152.71,153.04,462.0,C,0.00041,0.0238,0.00061,0.00121,0.00082,0.00031,6e-05,3e-06,0.0368,140.33,0.00037,0.00038,0.0248,0.0224,0.00062,0.00098,0.00077,0.00036,7e-05,2025-02-02 12:55:42.204000+00:00
us7000patf,DIDI,4.8,mww,4.8,161.14,161.45,316.0,D,0.00074,0.0563,0.00108,0.00192,0.00137,0.00059,0.00015,1.5e-05,0.0658,36.23,0.00071,0.00067,0.0505,0.0463,0.00104,0.00186,0.00144,0.00056,0.00018,2025-02-02 12:55:42.204000+00:00
us7000patf,BODA,4.8,mww,4.8,162.53,162.84,600.0,C,0.00034,0.0174,0.00043,0.00148,0.00042,0.00014,3e-05,2e-06,0.0277,42.6,0.00034,0.00032,0.0157,0.0168,0.00042,0.00134,0.00044,0.00016,5e-05,2025-02-02 12:55:42.204000+00:00
us7000patf,DATC,4.8,mww,4.8,178.04,178.32,436.0,C,0.00026,0.0179,0.00044,0.00035,0.0003,0.00017,0.00016,2.1e-05,0.1412,176.56,0.00018,0.00018,0.0165,0.0164,0.00028,0.00038,0.00036,0.00021,0.0001,2025-02-02 12:55:42.204000+00:00
us7000patf,GMLD,4.8,mww,4.8,192.95,193.21,289.0,D,0.0009,0.0608,0.00142,0.00215,0.00248,0.00041,8e-05,1.8e-05,0.0745,43.01,0.00093,0.00087,0.0562,0.0592,0.00142,0.00202,0.00216,0.0005,8e-05,2025-02-02 12:55:42.204000+00:00
us7000pavd,YKAV,4.5,mb,,170.91,171.2,462.0,C,4e-05,0.0017,4e-05,8e-05,4e-05,2e-05,1e-05,1e-06,0.0255,158.3,4e-05,4e-05,0.0017,0.0016,4e-05,7e-05,4e-05,2e-05,1e-05,2025-02-02 20:14:24.520000+00:00
us7000pavd,DIDI,4.5,mb,,180.11,180.39,316.0,D,0.00045,0.0036,9e-05,0.00011,4e-05,3e-05,1e-05,0.00011,0.3265,178.85,9e-05,9e-05,0.0036,0.0034,6e-05,0.00015,0.00011,5e-05,2e-05,2025-02-02 20:14:24.520000+00:00
us7000pavd,BODA,4.5,mb,,180.16,180.44,600.0,C,0.00016,0.0018,0.0003,3e-05,1e-05,1e-05,0.0,1e-06,0.0212,163.05,5e-05,5e-05,0.0012,0.0012,9e-05,0.00015,3e-05,1e-05,1e-05,2025-02-02 20:14:24.520000+00:00
us7000pavd,DATC,4.5,mb,,193.89,194.15,436.0,C,0.00022,0.0023,4e-05,4e-05,6e-05,3e-05,1e-05,2.7e-05,0.157,176.79,3e-05,3e-05,0.0023,0.0022,2e-05,4e-05,6e-05,3e-05,2e-05,2025-02-02 20:14:24.520000+00:00
us7000pavd,CESE,4.5,mb,,211.1,211.34,410.0,C,0.00019,0.0015,1e-05,2e-05,1e-05,1e-05,1e-05,4e-06,0.0562,154.95,0.00016,0.00014,0.0014,0.0014,1e-05,1e-05,1e-05,1e-05,1e-05,2025-02-02 20:14:24.520000+00:00
us7000pawd,YKAV,4.5,mwr,4.5,161.81,162.12,462.0,C,8e-05,0.0056,0.00014,0.00026,0.00011,9e-05,2e-05,1e-06,0.0257,176.88,6e-05,6e-05,0.0046,0.0047,0.00014,0.00019,9e-05,8e-05,2e-05,2025-02-02 23:54:41.798000+00:00
us7000pawd,BODA,4.5,mwr,4.5,170.69,170.98,600.0,C,8e-05,0.0033,0.0001,0.00043,8e-05,3e-05,2e-05,0.0,0.012,124.15,8e-05,7e-05,0.0032,0.0032,0.0001,0.0004,6e-05,4e-05,1e-05,2025-02-02 23:54:41.798000+00:00
us7000pawd,DIDI,4.5,mwr,4.5,171.87,172.16,316.0,D,0.0005,0.011,0.00019,0.00026,0.00014,9e-05,4e-05,0.000101,0.3063,168.99,0.00015,0.00016,0.0092,0.0094,0.00019,0.00038,0.00022,0.00011,4e-05,2025-02-02 23:54:41.798000+00:00
us7000pawd,DATC,4.5,mwr,4.5,183.81,184.08,436.0,C,0.00019,0.0089,0.00021,0.00022,0.00014,0.00011,4e-05,2.1e-05,0.1455,176.84,7e-05,7e-05,0.0075,0.0072,9e-05,0.00014,0.00012,0.00016,5e-05,2025-02-02 23:54:41.798000+00:00
us7000pawd,GMLD,4.5,mwr,4.5,206.43,206.67,289.0,D,0.00023,0.0125,0.00032,0.00036,0.00033,8e-05,2e-05,3e-06,0.0521,169.28,0.00019,0.0002,0.012,0.012,0.00028,0.00041,0.00031,8e-05,3e-05,2025-02-02 23:54:41.798000+00:00
us7000paz6,YKAV,4.5,mb,,169.11,169.41,462.0,C,0.00022,0.0102,0.00035,0.00051,0.00019,9e-05,2e-05,1e-06,0.0294,142.73,0.00019,0.00017,0.0102,0.0099,0.0003,0.00039,0.00022,9e-05,2e-05,2025-02-03 07:59:01.004000+00:00
us7000paz6,BODA,4.5,mb,,176.33,176.61,600.0,C,0.00022,0.0076,0.00027,0.00097,0.00015,6e-05,1e-05,1e-06,0.0236,130.48,0.00019,0.00018,0.0066,0.0066,0.00025,0.00078,0.00012,6e-05,1e-05,2025-02-03 07:59:01.004000+00:00
us7000paz6,DIDI,4.5,mb,,181.95,182.22,316.0,D,0.00054,0.016,0.00054,0.00099,0.00018,9e-05,4e-05,7.8e-05,0.269,176.25,0.00034,0.00035,0.0138,0.0146,0.00058,0.00105,0.00049,0.00013,4e-05,2025-02-03 07:59:01.004000+00:00
us7000paz6,DATC,4.5,mb,,185.53,185.8,436.0,C,0.00022,0.0077,0.00019,0.00021,0.00018,8e-05,3e-05,2.3e-05,0.1518,176.77,8e-05,9e-05,0.0055,0.0055,0.00014,0.00021,0.0002,8e-05,3e-05,2025-02-03 07:59:01.004000+00:00
us7000paz6,GMLD,4.5,mb,,222.36,222.58,289.0,D,0.00035,0.0149,0.00062,0.00104,0.00048,0.00013,2e-05,2e-06,0.0283,48.28,0.00035,0.00034,0.0148,0.0145,0.0006,0.00092,0.00052,0.00011,2e-05,2025-02-03 07:59:01.004000+00:00
us7000paze,YKAV,5.0,mww,5.0,151.52,151.82,462.0,C,0.00043,0.0197,0.00064,0.0009,0.0004,0.00016,3e-05,2e-06,0.0279,137.7,0.00031,0.00029,0.0143,0.0146,0.00054,0.00069,0.00036,0.00016,4e-05,2025-02-03 08:13:08.237000+00:00
us7000paze,DIDI,5.0,mww,5.0,160.52,160.8,316.0,D,0.00066,0.0268,0.00074,0.00109,0.00037,0.00023,0.0001,0.000139,0.3624,176.02,0.00047,0.00051,0.0263,0.0259,0.00077,0.00149,0.00075,0.00038,9e-05,2025-02-03 08:13:08.237000+00:00
us7000paze,BODA,5.0,mww,5.0,161.06,161.34,600.0,C,0.00022,0.012,0.00029,0.00116,0.00022,0.00015,3e-05,2e-06,0.0253,108.66,0.0002,0.0002,0.0097,0.0099,0.00029,0.00085,0.00021,0.00013,3e-05,2025-02-03 08:13:08.237000+00:00
us7000paze,DATC,5.0,mww,5.0,175.98,176.24,436.0,C,0.00022,0.0127,0.00023,0.00027,0.00015,0.00019,9e-05,2.4e-05,0.1519,176.92,0.00012,0.00013,0.0123,0.0119,0.00021,0.00029,0.00021,0.00021,6e-05,2025-02-03 08:13:08.237000+00:00
us7000paze,GMLD,5.0,mww,5.0,193.82,194.05,289.0,D,0.00051,0.0297,0.00089,0.00094,0.00118,0.00039,7e-05,6e-06,0.0391,32.17,0.00049,0.00049,0.0297,0.0297,0.0009,0.00093,0.00111,0.00034,6e-05,2025-02-03 08:13:08.237000+00:00
us7000pazi,YKAV,4.9,mww,4.9,153.33,153.66,462.0,C,0.00034,0.0206,0.00051,0.0015,0.00043,0.00035,5e-05,2e-06,0.0299,96.38,0.00029,0.00026,0.0183,0.0174,0.00043,0.00114,0.00038,0.00028,7e-05,2025-02-03 08:26:28.762000+00:00
us7000pazi,DIDI,4.9,mww,4.9,162.09,162.4,316.0,D,0.0007,0.0405,0.00082,0.0013,0.00035,0.00024,0.00018,0.00016,0.3902,177.86,0.00064,0.00064,0.0393,0.0381,0.00102,0.00233,0.00075,0.00065,0.00015,2025-02-03 08:26:28.762000+00:00
us7000pazi,BODA,4.9,mww,4.9,162.97,163.28,600.0,C,0.00027,0.0136,0.00035,0.00125,0.00015,0.00012,3e-05,2e-06,0.0253,69.32,0.00027,0.00025,0.0132,0.0114,0.00034,0.00117,0.00017,0.00015,5e-05,2025-02-03 08:26:28.762000+00:00
us7000pazi,DATC,4.9,mww,4.9,178.06,178.34,436.0,C,0.00033,0.0184,0.00038,0.00036,0.00018,0.00024,0.00017,2.3e-05,0.1487,176.24,0.00017,0.00017,0.0164,0.0162,0.00026,0.00049,0.00034,0.00034,0.00012,2025-02-03 08:26:28.762000+00:00
us7000pazi,GMLD,4.9,mww,4.9,194.6,194.86,289.0,D,0.00044,0.0336,0.00068,0.00118,0.00074,0.00051,8e-05,9e-06,0.0779,144.84,0.00043,0.00042,0.0299,0.0312,0.00063,0.00117,0.00085,0.00056,9e-05,2025-02-03 08:26:28.762000+00:00
us7000pazp,YKAV,4.9,mww,4.9,159.41,159.72,462.0,C,0.00015,0.0119,0.00028,0.0004,0.00037,0.00018,4e-05,1e-06,0.032,141.27,0.00014,0.00014,0.0109,0.0104,0.00031,0.00036,0.0003,0.00017,4e-05,2025-02-03 09:29:43.117000+00:00
us7000pazp,BODA,4.9,mww,4.9,168.59,168.89,600.0,C,0.00016,0.0107,0.0002,0.00077,0.0002,7e-05,2e-05,1e-06,0.025,133.42,0.00016,0.00016,0.0088,0.0083,0.00023,0.00068,0.00019,6e-05,2e-05,2025-02-03 09:29:43.117000+00:00
us7000pazp,DIDI,4.9,mww,4.9,168.95,169.25,316.0,D,0.00043,0.0197,0.00057,0.0007,0.00041,0.00019,6e-05,2.7e-05,0.1462,174.21,0.00029,0.00029,0.0198,0.019,0.00044,0.00092,0.00085,0.00023,0.00012,2025-02-03 09:29:43.117000+00:00
us7000pazp,DATC,4.9,mww,4.9,182.46,182.73,436.0,C,0.00025,0.0151,0.00031,0.00034,0.0002,0.00014,6e-05,2.5e-05,0.1548,176.47,0.00012,0.00012,0.0118,0.0118,0.0002,0.00026,0.00028,0.00014,7e-05,2025-02-03 09:29:43.117000+00:00
us7000pazp,GMLD,4.9,mww,4.9,202.54,202.79,289.0,D,0.00041,0.0237,0.00066,0.00107,0.00093,0.00028,4e-05,6e-06,0.0596,137.21,0.00039,0.00035,0.023,0.0232,0.00054,0.0011,0.00101,0.00028,6e-05,2025-02-03 09:29:43.117000+00:00
us7000pb0b,YKAV,4.6,mww,4.6,154.5,154.82,462.0,C,0.00024,0.0118,0.0003,0.00058,0.00037,0.0001,3e-05,1e-06,0.0292,140.15,0.00018,0.00019,0.0086,0.0091,0.00027,0.00044,0.00028,0.00011,3e-05,2025-02-03 11:50:48.678000+00:00
us7000pb0b,DIDI,4.6,mww,4.6,162.07,162.38,316.0,D,0.0004,0.0182,0.00037,0.00054,0.00027,0.00013,5e-05,2.9e-05,0.1538,174.72,0.00031,0.00031,0.0167,0.0171,0.00043,0.00099,0.00051,0.00019,6e-05,2025-02-03 11:50:48.678000+00:00
us7000pb0b,BODA,4.6,mww,4.6,164.71,165.01,600.0,C,0.00021,0.008,0.00029,0.00117,0.00015,8e-05,2e-05,1e-06,0.0269,128.76,0.00016,0.00017,0.0071,0.007,0.00022,0.00088,0.00013,7e-05,2e-05,2025-02-03 11:50:48.678000+00:00
us7000pb0b,GMLD,4.6,mww,4.6,191.62,191.88,289.0,D,0.00027,0.0145,0.00042,0.00072,0.00068,0.0001,2e-05,4e-06,0.053,157.66,0.00027,0.00027,0.0138,0.014,0.00041,0.00069,0.00069,0.0001,2e-05,2025-02-03 11:50:48.678000+00:00
us7000pb0e,YKAV,4.9,mww,4.9,155.09,155.41,462.0,C,0.0005,0.0357,0.00068,0.00118,0.00092,0.00037,4e-05,5e-06,0.0409,65.72,0.00046,0.00047,0.0306,0.0283,0.00062,0.00113,0.00094,0.00042,6e-05,2025-02-03 12:17:40.723000+00:00
us7000pb0e,DIDI,4.9,mww,4.9,164.07,164.37,316.0,D,0.00089,0.0562,0.00107,0.00259,0.00206,0.00053,9e-05,1.7e-05,0.084,76.84,0.00082,0.00083,0.046,0.0493,0.00103,0.00228,0.0016,0.00057,0.0001,2025-02-03 12:17:40.723000+00:00
us7000pb0e,BODA,4.9,mww,4.9,164.61,164.91,600.0,C,0.00058,0.0296,0.00073,0.00174,0.00123,0.00026,4e-05,5e-06,0.0374,40.53,0.00054,0.00054,0.0274,0.0262,0.00064,0.00159,0.00109,0.00023,3e-05,2025-02-03 12:17:40.723000+00:00
us7000pb0e,DATC,4.9,mww,4.9,179.37,179.65,436.0,C,0.00035,0.0183,0.00075,0.00036,0.0004,0.00025,0.0001,4.4e-05,0.207,176.22,0.00025,0.00027,0.018,0.0175,0.00035,0.00056,0.00056,0.00035,8e-05,2025-02-03 12:17:40.723000+00:00
us7000pb0e,GMLD,4.9,mww,4.9,196.86,197.11,289.0,D,0.00079,0.0504,0.00132,0.00153,0.00142,0.0005,6e-05,1.7e-05,0.0753,43.24,0.00078,0.00075,0.0448,0.0478,0.00118,0.00153,0.0016,0.00053,6e-05,2025-02-03 12:17:40.723000+00:00
us7000pb0j,YKAV,4.5,mb,,161.78,162.09,462.0,C,0.0001,0.0058,0.00014,0.00026,0.00017,6e-05,1e-05,1e-06,0.0264,133.02,9e-05,8e-05,0.0047,0.0052,0.00012,0.0002,0.00014,7e-05,1e-05,2025-02-03 13:05:04.508000+00:00
us7000pb0j,DIDI,4.5,mb,,169.83,170.12,316.0,D,0.00047,0.0116,0.00037,0.00035,0.00016,9e-05,3e-05,0.000102,0.3062,176.71,0.00018,0.00018,0.0112,0.0116,0.00021,0.0005,0.00037,0.00013,3e-05,2025-02-03 13:05:04.508000+00:00
us7000pb0j,BODA,4.5,mb,,171.69,171.98,600.0,C,0.00015,0.0031,0.0002,8e-05,3e-05,1e-05,0.0,3e-06,0.0469,177.44,8e-05,8e-05,0.0031,0.0031,0.00011,0.00045,9e-05,3e-05,1e-05,2025-02-03 13:05:04.508000+00:00
us7000pb0j,DATC,4.5,mb,,187.19,187.46,436.0,C,0.00038,0.0051,0.00085,0.00016,0.0001,6e-05,1e-05,4.8e-05,0.213,177.79,0.00014,0.00014,0.0042,0.0044,0.00024,0.0001,0.00011,5e-05,1e-05,2025-02-03 13:05:04.508000+00:00
us7000pb0j,CESE,4.5,mb,,199.06,199.31,410.0,C,0.0001,0.0023,2e-05,3e-05,3e-05,3e-05,1e-05,5e-06,0.0659,162.48,0.00011,0.0001,0.0021,0.002,3e-05,4e-05,5e-05,3e-05,1e-05,2025-02-03 13:05:04.508000+00:00
us7000pb33,YKAV,4.9,mww,4.9,160.93,161.24,462.0,C,0.00021,0.0096,0.00032,0.00044,0.00027,0.00011,3e-05,1e-06,0.0262,149.84,0.00017,0.00019,0.0085,0.0091,0.00027,0.00045,0.00023,0.0001,3e-05,2025-02-03 20:19:39.012000+00:00
us7000pb33,BODA,4.9,mww,4.9,169.81,170.1,600.0,C,0.00018,0.0073,0.00026,0.00084,0.0001,3e-05,1e-05,1e-06,0.0189,103.91,0.00017,0.00016,0.007,0.0064,0.00023,0.00085,0.00012,4e-05,2e-05,2025-02-03 20:19:39.012000+00:00
us7000pb33,DIDI,4.9,mww,4.9,171.0,171.29,316.0,D,0.00033,0.0189,0.0005,0.00107,0.00035,0.00015,7e-05,3e-06,0.0465,149.98,0.00029,0.0003,0.0185,0.0181,0.00046,0.00097,0.00044,0.00015,6e-05,2025-02-03 20:19:39.012000+00:00
us7000pb33,DATC,4.9,mww,4.9,182.98,183.25,436.0,C,0.00038,0.0105,0.00083,0.00035,0.00014,9e-05,5e-05,4.9e-05,0.2142,176.2,0.00016,0.00017,0.0094,0.0092,0.00022,0.00025,0.00018,0.00011,6e-05,2025-02-03 20:19:39.012000+00:00
us7000pb33,GMLD,4.9,mww,4.9,205.66,205.9,289.0,D,0.00028,0.0143,0.00041,0.00089,0.00039,9e-05,4e-05,4e-06,0.0547,158.97,0.00027,0.00027,0.0141,0.0135,0.00042,0.00096,0.00049,0.00011,3e-05,2025-02-03 20:19:39.012000+00:00
us7000pb37,YKAV,4.6,mww,4.6,151.6,151.93,462.0,C,0.0003,0.0158,0.00043,0.00052,0.00041,0.00019,3e-05,1e-06,0.0285,136.66,0.00022,0.00022,0.0137,0.0137,0.00031,0.00051,0.00039,0.00021,5e-05,2025-02-03 20:39:14.773000+00:00
us7000pb37,DIDI,4.6,mww,4.6,159.89,160.2,316.0,D,0.00044,0.0306,0.00056,0.00127,0.00088,0.00048,0.00013,8e-06,0.0639,129.84,0.00042,0.00043,0.0304,0.0304,0.00058,0.00111,0.0009,0.00042,0.00011,2025-02-03 20:39:14.773000+00:00
us7000pb37,BODA,4.6,mww,4.6,161.5,161.81,600.0,C,0.00024,0.0111,0.00031,0.00108,0.00023,0.00018,4e-05,1e-06,0.0192,45.03,0.00021,0.00021,0.0092,0.0098,0.00027,0.00091,0.00023,0.00014,3e-05,2025-02-03 20:39:14.773000+00:00
us7000pb37,DATC,4.6,mww,4.6,177.23,177.51,436.0,C,0.00044,0.0145,0.00096,0.00028,0.00015,0.00022,0.0001,4.9e-05,0.2157,179.2,0.00015,0.00015,0.0135,0.0132,0.0002,0.00028,0.00025,0.00023,7e-05,2025-02-03 20:39:14.773000+00:00
us7000pb37,GMLD,4.6,mww,4.6,191.5,191.76,289.0,D,0.00054,0.0349,0.00071,0.00159,0.00131,0.00023,5e-05,9e-06,0.0671,105.89,0.00052,0.00052,0.0298,0.0321,0.00068,0.00146,0.00135,0.00036,7e-05,2025-02-03 20:39:14.773000+00:00
us7000pb5h,YKAV,5.0,mww,5.0,153.21,153.54,462.0,C,0.0003,0.022,0.00043,0.00068,0.00058,0.00035,6e-05,2e-06,0.0326,107.07,0.00022,0.0002,0.0162,0.0177,0.00034,0.00055,0.0005,0.00029,9e-05,2025-02-04 02:46:06.502000+00:00
us7000pb5h,DIDI,5.0,mww,5.0,161.64,161.95,316.0,D,0.00056,0.0478,0.00061,0.00109,0.0016,0.00065,0.00013,1.3e-05,0.0864,152.01,0.00053,0.00053,0.0433,0.0405,0.0006,0.00109,0.00135,0.00058,0.00016,2025-02-04 02:46:06.502000+00:00
us7000pb5h,BODA,5.0,mww,5.0,163.02,163.33,600.0,C,0.00019,0.011,0.00021,0.00079,0.00032,0.00018,6e-05,1e-06,0.022,115.95,0.00017,0.00017,0.0104,0.0101,0.00022,0.00075,0.00024,0.00015,5e-05,2025-02-04 02:46:06.502000+00:00
us7000pb5h,DATC,5.0,mww,5.0,178.5,178.78,436.0,C,0.00036,0.0197,0.00031,0.00026,0.00032,0.00027,0.00019,4.7e-05,0.2115,176.61,0.00016,0.00016,0.0187,0.0193,0.0002,0.00031,0.00037,0.00031,0.00014,2025-02-04 02:46:06.502000+00:00
us7000pb5h,GMLD,5.0,mww,5.0,193.37,193.63,289.0,D,0.00148,0.0491,0.0008,0.00147,0.00178,0.0005,0.00011,0.000501,0.6323,176.78,0.00134,0.00131,0.0451,0.0449,0.00091,0.00148,0.00189,0.00045,0.0001,2025-02-04 02:46:06.502000+00:00
us7000pb69,YKAV,4.7,mww,4.7,157.03,157.35,462.0,C,0.00019,0.008,0.00032,0.0003,0.00049,9e-05,2e-05,1e-06,0.0309,164.91,0.00016,0.00014,0.0072,0.007,0.00028,0.00023,0.00036,8e-05,3e-05,2025-02-04 06:09:11.943000+00:00
us7000pb69,BODA,4.7,mww,4.7,166.33,166.63,600.0,C,0.00015,0.0061,0.00026,0.00012,6e-05,2e-05,1e-05,3e-06,0.0476,179.79,0.00013,0.00013,0.0057,0.0057,0.00017,0.0005,0.00015,3e-05,1e-05,2025-02-04 06:09:11.943000+00:00
us7000pb69,DIDI,4.7,mww,4.7,166.38,166.68,316.0,D,0.00032,0.0181,0.00032,0.00037,0.00034,0.00015,7e-05,2.3e-05,0.1406,178.82,0.00025,0.00023,0.0177,0.0166,0.00033,0.00064,0.00062,0.00017,7e-05,2025-02-04 06:09:11.943000+00:00
us7000pb69,DATC,4.7,mww,4.7,180.56,180.84,436.0,C,0.00028,0.007,0.00019,0.0002,0.00011,8e-05,5e-05,5.1e-05,0.2232,176.78,8e-05,8e-05,0.0062,0.0062,0.00013,0.00016,0.00014,0.0001,4e-05,2025-02-04 06:09:11.943000+00:00
us7000pb69,GMLD,4.7,mww,4.7,199.8,200.05,289.0,D,0.00173,0.0187,0.00051,0.00092,0.0009,0.00015,5e-05,0.002158,1.4447,176.74,0.00145,0.00127,0.0183,0.0184,0.00049,0.00075,0.00082,0.00014,4e-05,2025-02-04 06:09:11.943000+00:00
us7000pb6g,YKAV,4.6,mb,,156.52,156.84,462.0,C,0.00026,0.0182,0.00029,0.00041,0.00083,0.0002,4e-05,2e-06,0.032,136.78,0.0002,0.00018,0.0144,0.0127,0.00027,0.00033,0.0006,0.00017,3e-05,2025-02-04 06:53:24.857000+00:00
us7000pb6g,DIDI,4.6,mb,,166.0,166.3,316.0,D,0.00036,0.0264,0.00042,0.0007,0.0008,0.00023,6e-05,5e-06,0.0544,140.59,0.00034,0.00036,0.0254,0.0252,0.0004,0.0007,0.00087,0.00028,6e-05,2025-02-04 06:53:24.857000+00:00
us7000pb6g,DATC,4.6,mb,,179.86,180.14,436.0,C,0.00031,0.0121,0.00019,0.00029,0.00037,0.00018,4e-05,5.1e-05,0.2252,176.92,0.00018,0.00016,0.0121,0.0113,0.0002,0.00025,0.00039,0.00019,5e-05,2025-02-04 06:53:24.857000+00:00
us7000pb6g,GMLD,4.6,mb,,199.8,200.05,289.0,D,0.00037,0.0229,0.00046,0.00076,0.00115,0.00017,4e-05,7e-06,0.0691,149.12,0.00034,0.00034,0.0232,0.0214,0.00045,0.00065,0.0011,0.00021,3e-05,2025-02-04 06:53:24.857000+00:00
us7000pb7a,YKAV,4.6,mb,,161.91,162.22,462.0,C,0.00014,0.0085,0.00016,0.00055,0.00021,8e-05,1e-05,1e-06,0.0222,161.84,0.0001,0.00011,0.0062,0.0062,0.00018,0.00041,0.00018,0.0001,2e-05,2025-02-04 08:55:26.728000+00:00
us7000pb7a,BODA,4.6,mb,,170.88,171.17,600.0,C,0.00017,0.0048,0.00039,0.0001,4e-05,3e-05,1e-05,3e-06,0.0459,173.8,0.00012,0.00012,0.0045,0.0045,0.0002,0.00045,0.0001,6e-05,1e-05,2025-02-04 08:55:26.728000+00:00
us7000pb7a,DIDI,4.6,mb,,171.8,172.09,316.0,D,0.00041,0.0154,0.00033,0.00048,0.00017,0.0001,3e-05,5.6e-05,0.2264,177.35,0.00022,0.00023,0.0124,0.0135,0.00028,0.00053,0.00029,0.00015,5e-05,2025-02-04 08:55:26.728000+00:00
us7000pb7a,DATC,4.6,mb,,184.22,184.49,436.0,C,0.00026,0.0057,0.00023,0.00024,8e-05,9e-05,3e-05,4.5e-05,0.2118,176.96,6e-05,6e-05,0.0057,0.0054,0.0001,0.00013,0.00012,9e-05,3e-05,2025-02-04 08:55:26.728000+00:00
us7000pb7a,GMLD,4.6,mb,,205.92,206.16,289.0,D,0.00015,0.0078,0.00023,0.00031,0.00027,8e-05,1e-05,3e-06,0.0517,173.08,0.00015,0.00014,0.0082,0.0069,0.00024,0.00045,0.00034,8e-05,1e-05,2025-02-04 08:55:26.728000+00:00
us7000pb7d,YKAV,4.6,mb,,151.73,151.93,462.0,C,0.00039,0.0201,0.00054,0.00123,0.00061,0.00016,3e-05,3e-06,0.038,128.3,0.00035,0.00034,0.0175,0.0187,0.0005,0.001,0.00054,0.00026,4e-05,2025-02-04 09:03:18.906000+00:00
us7000pb7d,BODA,4.6,mb,,160.67,160.86,600.0,C,0.00033,0.0147,0.00041,0.00153,0.00045,0.00012,2e-05,3e-06,0.0261,36.76,0.00034,0.00033,0.0146,0.0146,0.00042,0.00178,0.00049,0.00015,2e-05,2025-02-04 09:03:18.906000+00:00
us7000pb7d,DIDI,4.6,mb,,161.88,162.07,316.0,D,0.00063,0.0321,0.00132,0.00134,0.00041,0.00018,7e-05,3.6e-05,0.1639,167.72,0.0006,0.0006,0.028,0.029,0.00089,0.00168,0.00112,0.00031,8e-05,2025-02-04 09:03:18.906000+00:00
us7000pb7d,DATC,4.6,mb,,174.24,174.42,436.0,C,0.00029,0.0119,0.00027,0.00043,0.00021,0.00018,6e-05,4.6e-05,0.2132,176.6,0.00017,0.00016,0.0121,0.0118,0.00024,0.00046,0.00021,0.00019,5e-05,2025-02-04 09:03:18.906000+00:00
us7000pb7d,GMLD,4.6,mb,,197.8,197.95,289.0,D,0.00045,0.0324,0.00077,0.00126,0.00106,0.00043,6e-05,6e-06,0.0391,31.87,0.00045,0.00044,0.0268,0.0287,0.0008,0.00144,0.001,0.00037,5e-05,2025-02-04 09:03:18.906000+00:00
us7000pb7g,YKAV,4.7,mww,4.7,153.86,154.3,462.0,C,0.0001,0.0058,0.00017,0.00025,0.00017,8e-05,2e-05,1e-06,0.0278,155.18,9e-05,9e-05,0.0053,0.0052,0.00015,0.00023,0.00015,0.00011,2e-05,2025-02-04 09:09:30.439000+00:00
us7000pb7g,DIDI,4.7,mww,4.7,162.77,163.18,316.0,D,0.0003,0.0112,0.00039,0.00039,0.00014,7e-05,4e-05,2.4e-05,0.1404,178.16,0.00019,0.0002,0.0105,0.0109,0.00024,0.00044,0.00043,0.00012,4e-05,2025-02-04 09:09:30.439000+00:00
us7000pb7g,BODA,4.7,mww,4.7,163.42,163.83,600.0,C,0.00016,0.0051,0.00029,0.00012,6e-05,2e-05,1e-05,3e-06,0.0473,178.97,0.0001,0.00011,0.0048,0.0046,0.00018,0.00056,0.00013,5e-05,2e-05,2025-02-04 09:09:30.439000+00:00
us7000pb7g,DATC,4.7,mww,4.7,178.32,178.7,436.0,C,0.00026,0.0059,0.00014,0.00014,0.0001,7e-05,4e-05,4.5e-05,0.212,176.97,8e-05,8e-05,0.0055,0.0055,9e-05,0.00014,0.00013,0.00011,4e-05,2025-02-04 09:09:30.439000+00:00
us7000pb7g,GMLD,4.7,mww,4.7,195.56,195.9,289.0,D,0.00021,0.0103,0.00028,0.00052,0.00047,0.00013,2e-05,3e-06,0.0495,163.54,0.0002,0.00018,0.0105,0.0102,0.00028,0.00051,0.00046,0.00014,2e-05,2025-02-04 09:09:30.439000+00:00
us7000pb7w,YKAV,4.6,mww,4.6,168.51,168.91,462.0,C,0.00017,0.0178,0.00026,0.00037,0.00024,0.00024,4e-05,1e-06,0.0231,130.82,0.00013,0.00011,0.013,0.0119,0.00023,0.0003,0.00017,0.0002,6e-05,2025-02-04 12:36:50.370000+00:00
us7000pb7w,BODA,4.6,mww,4.6,177.17,177.55,600.0,C,0.00015,0.0071,0.00018,0.00011,6e-05,6e-05,2e-05,2e-06,0.0451,174.86,0.0001,0.0001,0.0065,0.0064,0.00014,0.00044,0.0001,9e-05,3e-05,2025-02-04 12:36:50.370000+00:00
us7000pb7w,DIDI,4.6,mww,4.6,178.83,179.2,316.0,D,0.00052,0.0147,0.00181,0.00038,0.00018,0.00022,0.00011,5.7e-05,0.2209,176.49,0.00041,0.00044,0.0161,0.0139,0.00027,0.00047,0.00026,0.00032,8e-05,2025-02-04 12:36:50.370000+00:00
us7000pb7w,DATC,4.6,mww,4.6,189.66,190.01,436.0,C,0.00031,0.0142,0.00041,0.0003,0.00022,0.00023,0.00011,4.5e-05,0.2111,176.77,0.00011,0.00011,0.0139,0.0134,0.00015,0.00019,0.00029,0.00026,7e-05,2025-02-04 12:36:50.370000+00:00
us7000pb7w,GMLD,4.6,mww,4.6,213.29,213.6,289.0,D,0.00016,0.0112,0.00023,0.00043,0.00031,0.00011,2e-05,2e-06,0.0449,168.84,0.00014,0.00014,0.0092,0.0093,0.00024,0.00046,0.00033,0.00012,3e-05,2025-02-04 12:36:50.370000+00:00
us7000pb82,YKAV,5.3,mww,5.3,162.16,162.72,462.0,C,0.00102,0.0698,0.00195,0.0022,0.00228,0.00097,0.0002,1.9e-05,0.0616,21.15,0.00098,0.00081,0.0569,0.0576,0.00149,0.0019,0.00186,0.00076,0.00024,2025-02-04 13:04:14.561000+00:00
us7000pb82,BODA,5.3,mww,5.3,171.28,171.81,600.0,C,0.001,0.0639,0.00115,0.00298,0.00138,0.00069,0.00024,1.3e-05,0.0582,36.16,0.00076,0.00082,0.0476,0.0452,0.00091,0.00291,0.00129,0.00053,0.00019,2025-02-04 13:04:14.561000+00:00
us7000pb82,DIDI,5.3,mww,5.3,171.75,172.28,316.0,D,0.00213,0.1548,0.00258,0.00476,0.00472,0.00166,0.0003,0.000104,0.215,128.1,0.00188,0.00204,0.1376,0.1471,0.00244,0.00476,0.00485,0.00171,0.00056,2025-02-04 13:04:14.561000+00:00
us7000pb82,DATC,5.3,mww,5.3,184.95,185.45,436.0,C,0.00065,0.0693,0.00079,0.00112,0.00079,0.00089,0.00051,5.4e-05,0.223,173.12,0.0004,0.0004,0.0505,0.0587,0.00056,0.00083,0.00104,0.00119,0.00039,2025-02-04 13:04:14.561000+00:00
us7000pb82,GMLD,5.3,mww,5.3,205.15,205.6,289.0,D,0.00222,0.1391,0.00308,0.0042,0.00587,0.00102,0.00033,9e-05,0.1466,23.47,0.00206,0.0021,0.1462,0.1206,0.00311,0.00526,0.00619,0.00134,0.00037,2025-02-04 13:04:14.561000+00:00
us7000pbba,YKAV,4.7,mww,4.7,164.72,165.02,462.0,C,0.00012,0.0074,0.00017,0.00032,0.00021,0.0001,3e-05,2e-06,0.0397,174.3,0.00012,0.00012,0.0071,0.0073,0.0002,0.00024,0.00017,0.0001,4e-05,2025-02-04 20:00:23.415000+00:00
us7000pbba,DIDI,4.7,mww,4.7,173.9,174.19,316.0,D,0.00069,0.017,0.00154,0.00046,0.00018,0.00014,9e-05,8.4e-05,0.263,174.8,0.00048,0.00047,0.0161,0.016,0.00038,0.00046,0.00045,0.0002,8e-05,2025-02-04 20:00:23.415000+00:00
us7000pbba,BODA,4.7,mww,4.7,174.02,174.31,600.0,C,0.00012,0.0051,0.00018,8e-05,5e-05,4e-05,2e-05,2e-06,0.0418,176.12,9e-05,9e-05,0.0046,0.0046,0.00012,0.00038,0.00013,4e-05,2e-05,2025-02-04 20:00:23.415000+00:00
us7000pbba,DATC,4.7,mww,4.7,188.06,188.33,436.0,C,0.00078,0.0118,0.00153,0.00029,0.00017,0.0001,8e-05,7.4e-05,0.2523,174.8,0.00045,0.00047,0.0102,0.01,0.00041,0.00018,0.00016,0.00016,6e-05,2025-02-04 20:00:23.415000+00:00
us7000pbba,GMLD,4.7,mww,4.7,206.03,206.27,289.0,D,0.00024,0.0117,0.00034,0.00068,0.00033,0.00011,3e-05,4e-06,0.0561,165.08,0.00022,0.00021,0.0114,0.0117,0.00034,0.00059,0.00046,0.00012,4e-05,2025-02-04 20:00:23.415000+00:00
us7000pbq8,YKAV,4.5,mb,,153.77,154.09,462.0,C,0.00037,0.0106,0.00032,0.00033,0.00028,0.00016,3e-05,1.6e-05,0.111,170.21,0.00034,0.00033,0.0101,0.0101,0.00044,0.00072,0.00028,0.00014,2e-05,2025-02-06 02:24:23.155000+00:00
us7000pbq8,DIDI,4.5,mb,,162.55,162.86,316.0,D,0.00086,0.0166,0.00237,0.00109,0.00025,0.00012,5e-05,9.3e-05,0.2679,176.55,0.00067,0.00067,0.0161,0.0161,0.0006,0.0012,0.00058,0.0002,4e-05,2025-02-06 02:24:23.155000+00:00
us7000pbq8,BODA,4.5,mb,,163.39,163.7,600.0,C,0.00026,0.0109,0.00033,0.00178,0.00028,0.0001,2e-05,2e-06,0.0227,40.0,0.00024,0.00022,0.0099,0.0087,0.00031,0.00133,0.00025,8e-05,1e-05,2025-02-06 02:24:23.155000+00:00
us7000pbq8,DATC,4.5,mb,,178.44,178.72,436.0,C,0.00217,0.0262,0.00129,0.00032,0.00012,0.00012,3e-05,0.000201,0.3195,190.59,0.002,0.00203,0.0167,0.0179,0.00115,0.00041,0.00013,0.00013,3e-05,2025-02-06 02:24:23.155000+00:00
us7000pbq8,GMLD,4.5,mb,,195.06,195.32,289.0,D,0.0003,0.0178,0.00045,0.00089,0.00071,0.00023,3e-05,3e-06,0.0328,75.7,0.00027,0.00027,0.0167,0.0173,0.0005,0.00073,0.0006,0.00022,3e-05,2025-02-06 02:24:23.155000+00:00
us7000pbqh,YKAV,4.5,mb,,163.5,163.81,462.0,C,0.00028,0.0109,0.0002,0.00027,0.00016,0.0001,3e-05,1.2e-05,0.0952,173.49,0.00026,0.00026,0.0088,0.0089,0.00026,0.00032,0.00034,0.00014,4e-05,2025-02-06 02:54:21.080000+00:00
us7000pbqh,BODA,4.5,mb,,171.94,172.23,600.0,C,0.00012,0.0075,0.00014,0.00054,0.00021,9e-05,3e-05,1e-06,0.0216,138.63,0.00011,0.00012,0.0069,0.0061,0.00014,0.00053,0.00019,8e-05,2e-05,2025-02-06 02:54:21.080000+00:00
us7000pbqh,DIDI,4.5,mb,,174.32,174.61,316.0,D,0.00151,0.024,0.00308,0.00067,0.00036,0.00016,8e-05,0.000159,0.3346,169.38,0.00131,0.0013,0.0191,0.0203,0.00072,0.00071,0.00071,0.00024,8e-05,2025-02-06 02:54:21.080000+00:00
us7000pbqh,DATC,4.5,mb,,184.06,184.33,436.0,C,0.00219,0.0321,0.00165,0.00036,0.00022,0.00015,6e-05,0.00058,0.6536,171.52,0.0019,0.00193,0.0171,0.0168,0.00143,0.0003,0.00022,0.00013,6e-05,2025-02-06 02:54:21.080000+00:00
us7000pbqh,GMLD,4.5,mb,,210.49,210.73,289.0,D,0.00105,0.0234,0.00046,0.00062,0.00113,0.00035,5e-05,4e-05,0.165,150.48,0.00074,0.00062,0.0213,0.0213,0.00045,0.00062,0.00105,0.00028,5e-05,2025-02-06 02:54:21.080000+00:00
us7000pbqp,YKAV,4.6,mb,,164.89,165.19,462.0,C,0.00027,0.0072,0.00024,0.00025,0.00012,0.0001,2e-05,7e-06,0.073,165.75,0.0002,0.00022,0.0063,0.0059,0.00021,0.0004,0.00016,0.00011,2e-05,2025-02-06 03:23:08.406000+00:00
us7000pbqp,DIDI,4.6,mb,,172.79,173.08,316.0,D,0.00043,0.0135,0.00052,0.00059,0.00019,9e-05,5e-05,5.8e-05,0.2323,176.21,0.00025,0.00025,0.0135,0.0135,0.00029,0.00077,0.0004,0.00015,5e-05,2025-02-06 03:23:08.406000+00:00
us7000pbqp,BODA,4.6,mb,,174.85,175.14,600.0,C,0.00015,0.008,0.0002,0.00062,0.00016,4e-05,2e-05,1e-06,0.0228,129.31,0.00012,0.00013,0.006,0.0061,0.00017,0.00062,0.00015,4e-05,1e-05,2025-02-06 03:23:08.406000+00:00
us7000pbqp,DATC,4.6,mb,,190.36,190.62,436.0,C,0.00353,0.0479,0.01076,0.00128,0.00017,9e-05,5e-05,0.000454,0.5453,181.73,0.00238,0.00234,0.0231,0.0242,0.00155,0.00032,0.00018,0.00012,4e-05,2025-02-06 03:23:08.406000+00:00
us7000pbqp,CESE,4.6,mb,,200.5,200.75,410.0,C,0.00109,0.0056,0.00022,5e-05,5e-05,2e-05,1e-05,0.0001,0.2665,154.08,0.00099,0.00104,0.0052,0.0053,0.00023,5e-05,5e-05,2e-05,1e-05,2025-02-06 03:23:08.406000+00:00
us7000pbrr,YKAV,4.7,mb,,167.95,168.25,462.0,C,0.00031,0.013,0.00038,0.00023,0.00015,0.00012,5e-05,1.8e-05,0.1177,173.02,0.0003,0.00031,0.0101,0.0105,0.00031,0.00033,0.00018,0.00014,5e-05,2025-02-06 05:51:47.236000+00:00
us7000pbrr,DIDI,4.7,mb,,176.47,176.75,316.0,D,0.0023,0.0255,0.00113,0.00073,0.00052,0.0003,0.0001,0.000595,0.6777,167.09,0.0021,0.00214,0.0223,0.0214,0.00107,0.00073,0.00052,0.00024,8e-05,2025-02-06 05:51:47.236000+00:00
us7000pbrr,BODA,4.7,mb,,177.57,177.85,600.0,C,0.00013,0.0062,0.00018,0.00053,0.00017,6e-05,4e-05,1e-06,0.0218,157.0,0.00012,0.00012,0.0061,0.006,0.00017,0.00049,0.00016,6e-05,3e-05,2025-02-06 05:51:47.236000+00:00
us7000pbrr,DATC,4.7,mb,,192.23,192.49,436.0,C,0.00363,0.0606,0.00187,0.0004,0.00015,9e-05,7e-05,0.000727,0.6553,155.68,0.00327,0.00338,0.0261,0.0272,0.00177,0.00041,0.00019,0.00016,7e-05,2025-02-06 05:51:47.236000+00:00
us7000pbrr,CESE,4.7,mb,,205.67,205.91,410.0,C,0.00121,0.0074,0.00018,7e-05,6e-05,6e-05,3e-05,0.00015,0.3233,177.1,0.00102,0.00107,0.0072,0.007,0.00018,8e-05,9e-05,7e-05,3e-05,2025-02-06 05:51:47.236000+00:00
us7000pbs6,YKAV,4.5,mb,,159.31,159.62,462.0,C,0.00025,0.0047,0.00015,0.00022,0.0001,5e-05,2e-05,5e-06,0.062,177.4,0.0002,0.00022,0.0039,0.0038,0.00014,0.00019,0.0001,4e-05,1e-05,2025-02-06 07:57:45.018000+00:00
us7000pbs6,BODA,4.5,mb,,168.31,168.61,600.0,C,0.00011,0.0032,0.00017,8e-05,3e-05,1e-05,0.0,2e-06,0.043,177.92,7e-05,8e-05,0.003,0.003,0.00019,0.00029,4e-05,2e-05,1e-05,2025-02-06 07:57:45.018000+00:00
us7000pbs6,DIDI,4.5,mb,,169.17,169.47,316.0,D,0.0009,0.011,0.00405,0.00031,0.0001,5e-05,2e-05,0.000116,0.3019,181.78,0.00064,0.00067,0.0091,0.0096,0.0004,0.00039,0.00018,9e-05,3e-05,2025-02-06 07:57:45.018000+00:00
us7000pbs6,DATC,4.5,mb,,181.81,182.08,436.0,C,0.00274,0.0306,0.00154,0.00032,0.0001,9e-05,3e-05,0.00049,0.5584,172.83,0.00248,0.00241,0.0179,0.0199,0.00134,0.0003,9e-05,8e-05,3e-05,2025-02-06 07:57:45.018000+00:00
us7000pbs6,GMLD,4.5,mb,,203.54,203.79,289.0,D,0.0003,0.0079,0.00062,0.0003,0.00019,9e-05,2e-05,9e-06,0.0763,136.98,0.00025,0.00023,0.0067,0.007,0.00048,0.00028,0.00026,8e-05,2e-05,2025-02-06 07:57:45.018000+00:00
us7000pc23,YKAV,4.9,mww,4.9,160.27,160.58,462.0,C,0.00026,0.0183,0.00037,0.00061,0.0004,0.00025,8e-05,5e-06,0.063,174.5,0.00026,0.00025,0.0184,0.0176,0.00035,0.00054,0.00035,0.00025,0.0001,2025-02-07 07:16:15.200000+00:00
us7000pc23,DIDI,4.9,mww,4.9,169.31,169.61,316.0,D,0.00081,0.0454,0.00203,0.0007,0.00059,0.00027,0.00027,0.000103,0.2859,177.7,0.0007,0.00072,0.0475,0.0387,0.00083,0.00111,0.00136,0.00056,0.00022,2025-02-07 07:16:15.200000+00:00
us7000pc23,BODA,4.9,mww,4.9,169.7,169.99,600.0,C,0.00018,0.0093,0.00023,0.00067,0.0003,0.00011,8e-05,1e-06,0.0221,126.27,0.00016,0.00016,0.0094,0.0091,0.00023,0.00059,0.00028,0.00011,6e-05,2025-02-07 07:16:15.200000+00:00
us7000pc23,DATC,4.9,mww,4.9,184.13,184.4,436.0,C,0.00329,0.0388,0.00179,0.00042,0.00019,0.00018,0.00014,0.001092,0.8768,165.83,0.00316,0.00314,0.0265,0.0264,0.00155,0.00036,0.00023,0.00024,0.00012,2025-02-07 07:16:15.200000+00:00
us7000pc23,GMLD,4.9,mww,4.9,201.6,201.85,289.0,D,0.00047,0.0301,0.00081,0.0009,0.00189,0.00037,6e-05,8e-06,0.0643,156.01,0.00046,0.00046,0.0288,0.0295,0.00074,0.00097,0.00169,0.00036,6e-05,2025-02-07 07:16:15.200000+00:00
us7000pc4s,YKAV,4.6,mb,,158.08,158.4,462.0,C,0.00037,0.0136,0.0004,0.00079,0.00048,0.00016,2e-05,5e-06,0.0603,168.26,0.00029,0.00029,0.0107,0.0105,0.00038,0.00062,0.00034,0.00014,3e-05,2025-02-07 15:16:49.568000+00:00
us7000pc4s,DIDI,4.6,mb,,166.81,167.11,316.0,D,0.00088,0.0328,0.00323,0.00126,0.00035,0.00016,7e-05,0.000135,0.3345,175.36,0.00059,0.00056,0.0233,0.0241,0.00064,0.00129,0.00079,0.00022,6e-05,2025-02-07 15:16:49.568000+00:00
us7000pc4s,BODA,4.6,mb,,167.68,167.98,600.0,C,0.0003,0.0117,0.00039,0.00149,0.00027,8e-05,2e-05,2e-06,0.0278,102.38,0.00028,0.00025,0.0114,0.0105,0.00037,0.00129,0.00022,7e-05,2e-05,2025-02-07 15:16:49.568000+00:00
us7000pc4s,DATC,4.6,mb,,182.56,182.83,436.0,C,0.00126,0.0161,0.00085,0.00033,0.00043,0.00017,6e-05,6.8e-05,0.2047,158.53,0.00124,0.00123,0.0131,0.0136,0.00083,0.00031,0.00033,0.00019,6e-05,2025-02-07 15:16:49.568000+00:00
us7000pc4s,GMLD,4.6,mb,,198.67,198.92,289.0,D,0.00044,0.0204,0.00057,0.001,0.00127,0.00022,4e-05,5e-06,0.051,113.46,0.00044,0.00042,0.0209,0.0196,0.00063,0.0012,0.00104,0.00018,4e-05,2025-02-07 15:16:49.568000+00:00
us7000pcah,YKAV,4.9,mww,4.9,159.97,160.28,462.0,C,0.00021,0.0203,0.00033,0.00072,0.00057,0.00029,9e-05,2e-06,0.0386,159.46,0.0002,0.00018,0.0186,0.0192,0.00032,0.00061,0.00044,0.00026,0.0001,2025-02-08 09:00:40.947000+00:00
us7000pcah,DIDI,4.9,mww,4.9,169.19,169.49,316.0,D,0.00205,0.0408,0.00096,0.00156,0.00121,0.00051,0.00024,0.000402,0.5569,179.9,0.00183,0.00188,0.0392,0.0401,0.00099,0.00159,0.00105,0.00047,0.00019,2025-02-08 09:00:40.947000+00:00
us7000pcah,BODA,4.9,mww,4.9,169.3,169.6,600.0,C,0.00018,0.0123,0.00022,0.00073,0.00022,8e-05,3e-05,1e-06,0.0214,73.7,0.00017,0.00017,0.0108,0.0111,0.00022,0.0006,0.00024,0.00011,6e-05,2025-02-08 09:00:40.947000+00:00
us7000pcah,DATC,4.9,mww,4.9,183.52,183.79,436.0,C,0.00063,0.0198,0.00173,0.0003,0.00031,0.00027,0.00022,6.9e-05,0.2478,174.09,0.00032,0.00031,0.0166,0.0162,0.00035,0.00033,0.00036,0.00031,0.00015,2025-02-08 09:00:40.947000+00:00
us7000pcah,GMLD,4.9,mww,4.9,201.97,202.22,289.0,D,0.00061,0.0341,0.00087,0.00121,0.00174,0.00032,8e-05,1.1e-05,0.0729,87.66,0.0006,0.00058,0.0305,0.0316,0.00075,0.00112,0.00159,0.00031,6e-05,2025-02-08 09:00:40.947000+00:00
us7000pcan,YKAV,4.5,mb,,162.89,163.2,462.0,C,0.00012,0.0032,8e-05,8e-05,5e-05,4e-05,1e-05,1e-06,0.0294,147.09,0.00011,0.0001,0.0027,0.0027,8e-05,0.0001,6e-05,4e-05,1e-05,2025-02-08 09:10:06.299000+00:00
us7000pcan,DIDI,4.5,mb,,171.63,171.92,316.0,D,0.00206,0.0184,0.00077,0.00024,0.00016,7e-05,3e-05,0.000385,0.5326,168.27,0.00188,0.00184,0.0121,0.0124,0.00077,0.00028,0.00017,8e-05,3e-05,2025-02-08 09:10:06.299000+00:00
us7000pcan,BODA,4.5,mb,,172.44,172.73,600.0,C,9e-05,0.0025,0.00012,4e-05,2e-05,1e-05,0.0,0.0,0.0182,181.46,5e-05,5e-05,0.0019,0.002,7e-05,0.00018,6e-05,2e-05,1e-05,2025-02-08 09:10:06.299000+00:00
us7000pcan,DATC,4.5,mb,,187.08,187.35,436.0,C,0.00043,0.0046,0.00065,0.0001,8e-05,5e-05,3e-05,5.8e-05,0.2343,177.24,0.00018,0.00019,0.0035,0.0035,0.00021,7e-05,8e-05,6e-05,2e-05,2025-02-08 09:10:06.299000+00:00
us7000pcan,GMLD,4.5,mb,,202.91,203.16,289.0,D,0.00041,0.0061,0.00022,0.0002,0.00028,6e-05,1e-05,1.4e-05,0.0974,148.36,0.00029,0.00028,0.0057,0.0055,0.0002,0.00019,0.00022,6e-05,1e-05,2025-02-08 09:10:06.299000+00:00
us7000pcau,YKAV,4.6,mb,,169.82,170.11,462.0,C,9e-05,0.005,0.00012,0.00027,0.00013,8e-05,2e-05,1e-06,0.0199,174.31,9e-05,9e-05,0.0048,0.0044,0.00012,0.0002,9e-05,7e-05,2e-05,2025-02-08 09:24:03.220000+00:00
us7000pcau,BODA,4.6,mb,,178.73,179.01,600.0,C,0.00012,0.0034,0.0002,8e-05,3e-05,2e-05,1e-05,1e-06,0.0246,149.4,7e-05,7e-05,0.0034,0.0033,0.0001,0.00032,8e-05,4e-05,1e-05,2025-02-08 09:24:03.220000+00:00
us7000pcau,DIDI,4.6,mb,,179.67,179.95,316.0,D,0.00174,0.0187,0.00382,0.00062,0.00016,7e-05,4e-05,0.000376,0.5284,154.01,0.00164,0.00164,0.0116,0.0122,0.00087,0.00045,0.00024,0.00016,5e-05,2025-02-08 09:24:03.220000+00:00
us7000pcau,DATC,4.6,mb,,191.73,191.99,436.0,C,0.00056,0.008,0.00132,0.00034,0.00012,7e-05,4e-05,6.5e-05,0.2404,176.37,0.00025,0.00026,0.0063,0.0064,0.00028,0.00015,0.00011,8e-05,3e-05,2025-02-08 09:24:03.220000+00:00
us7000pcau,GMLD,4.6,mb,,212.86,213.09,289.0,D,0.00033,0.0079,0.00016,0.00023,0.00023,7e-05,2e-05,7e-06,0.07,186.5,0.00025,0.00024,0.007,0.0073,0.00018,0.00032,0.00026,7e-05,1e-05,2025-02-08 09:24:03.220000+00:00
us7000pce5,YKAV,4.5,mb,,176.81,177.09,462.0,C,5e-05,0.0028,6e-05,9e-05,4e-05,3e-05,1e-05,1e-06,0.0272,163.89,5e-05,5e-05,0.0021,0.0022,5e-05,7e-05,4e-05,3e-05,1e-05,2025-02-09 01:35:15.864000+00:00
us7000pce5,BODA,4.5,mb,,185.38,185.65,600.0,C,0.0001,0.0019,0.00012,3e-05,1e-05,1e-05,1e-05,1e-06,0.0359,175.57,5e-05,5e-05,0.0018,0.0019,5e-05,0.00014,3e-05,1e-05,1e-05,2025-02-09 01:35:15.864000+00:00
us7000pce5,DIDI,4.5,mb,,187.18,187.45,316.0,D,0.00149,0.015,0.0038,0.00036,6e-05,4e-05,4e-05,0.000187,0.3767,182.47,0.0011,0.0011,0.0077,0.0077,0.0006,0.00018,0.00012,7e-05,2e-05,2025-02-09 01:35:15.864000+00:00
us7000pce5,DATC,4.5,mb,,197.43,197.68,436.0,C,0.00026,0.0034,0.00016,6e-05,4e-05,3e-05,2e-05,5.7e-05,0.2408,177.13,4e-05,5e-05,0.0022,0.0023,7e-05,5e-05,5e-05,3e-05,2e-05,2025-02-09 01:35:15.864000+00:00
us7000pce5,GMLD,4.5,mb,,220.9,221.13,289.0,D,0.00012,0.0047,0.00013,0.00014,0.00019,5e-05,1e-05,2e-06,0.0344,182.78,0.0001,0.0001,0.004,0.0042,0.0001,0.00013,0.00016,4e-05,1e-05,2025-02-09 01:35:15.864000+00:00
us7000pcil,YKAV,4.7,mb,,172.99,173.28,462.0,C,0.00014,0.0085,0.00026,0.00031,0.00021,0.00017,2e-05,3e-06,0.0479,177.94,0.00014,0.00014,0.0078,0.0077,0.00023,0.00028,0.0002,0.00013,3e-05,2025-02-09 19:17:15.287000+00:00
us7000pcil,DIDI,4.7,mb,,183.23,183.5,316.0,D,0.00051,0.0292,0.00044,0.00078,0.00072,0.00031,8e-05,1.6e-05,0.1118,169.17,0.00038,0.00044,0.021,0.0228,0.00038,0.00065,0.00071,0.00025,7e-05,2025-02-09 19:17:15.287000+00:00
us7000pcil,DATC,4.7,mb,,194.03,194.29,436.0,C,0.00085,0.0105,0.00063,0.0002,0.00016,0.00015,4e-05,4.1e-05,0.1667,186.67,0.0008,0.0008,0.0098,0.0101,0.00053,0.0002,0.0002,0.00015,4e-05,2025-02-09 19:17:15.287000+00:00
us7000pcil,GMLD,4.7,mb,,217.04,217.27,289.0,D,0.00026,0.019,0.00038,0.00055,0.00085,0.00017,3e-05,3e-06,0.0431,153.53,0.00025,0.00026,0.0168,0.0176,0.00037,0.00056,0.00075,0.00021,3e-05,2025-02-09 19:17:15.287000+00:00
us7000pcmg,YKAV,4.7,mww,4.7,143.71,144.06,462.0,C,0.00087,0.0447,0.00125,0.0026,0.00155,0.00084,9e-05,9e-06,0.0612,112.28,0.00067,0.00066,0.0391,0.0365,0.00101,0.00212,0.00134,0.00063,9e-05,2025-02-10 11:23:17.847000+00:00
us7000pcmg,DIDI,4.7,mww,4.7,151.53,151.86,316.0,D,0.0013,0.085,0.00117,0.00214,0.00241,0.00087,0.0002,8.1e-05,0.2325,152.46,0.00123,0.00129,0.074,0.0794,0.0013,0.0028,0.00273,0.00086,0.00022,2025-02-10 11:23:17.847000+00:00
us7000pcmg,BODA,4.7,mww,4.7,153.93,154.25,600.0,C,0.00079,0.0326,0.00101,0.00268,0.00111,0.00024,4e-05,1.1e-05,0.0488,25.1,0.00075,0.00078,0.0323,0.0321,0.00097,0.0027,0.00125,0.00033,6e-05,2025-02-10 11:23:17.847000+00:00
us7000pcmg,DATC,4.7,mww,4.7,170.61,170.9,436.0,C,0.00128,0.0356,0.00377,0.00091,0.001,0.00054,0.00014,0.000151,0.3423,173.54,0.00086,0.00083,0.0343,0.0331,0.00098,0.00139,0.0015,0.00053,0.0001,2025-02-10 11:23:17.847000+00:00
us7000pcmg,GMLD,4.7,mww,4.7,183.16,183.43,289.0,D,0.0012,0.0871,0.00148,0.00167,0.00202,0.00068,0.00011,2.5e-05,0.0847,40.91,0.00104,0.00108,0.0767,0.0806,0.00147,0.00171,0.0031,0.00067,0.00013,2025-02-10 11:23:17.847000+00:00
us7000pcs7,YKAV,5.1,mww,5.1,157.31,157.63,462.0,C,0.00062,0.039,0.00117,0.00204,0.00077,0.00044,0.0001,7e-06,0.0439,49.01,0.00054,0.00051,0.0351,0.0355,0.00097,0.00158,0.00075,0.00055,0.00017,2025-02-10 22:37:24.642000+00:00
us7000pcs7,DIDI,5.1,mww,5.1,165.95,166.25,316.0,D,0.00117,0.0759,0.0014,0.00228,0.00226,0.0009,0.00044,0.000105,0.2777,174.69,0.00115,0.00117,0.0733,0.0756,0.0014,0.00278,0.0022,0.00087,0.00036,2025-02-10 22:37:24.642000+00:00
us7000pcs7,BODA,5.1,mww,5.1,166.97,167.27,600.0,C,0.00076,0.0405,0.00111,0.00397,0.0005,0.00031,0.00015,1.3e-05,0.0488,23.28,0.00074,0.00074,0.0336,0.0369,0.00098,0.00359,0.00055,0.00028,0.00012,2025-02-10 22:37:24.642000+00:00
us7000pcs7,DATC,5.1,mww,5.1,182.0,182.27,436.0,C,0.00057,0.0527,0.00075,0.00113,0.00056,0.00033,0.00023,6.1e-05,0.243,174.77,0.00031,0.00031,0.0426,0.0427,0.00049,0.00082,0.00095,0.0004,0.00025,2025-02-10 22:37:24.642000+00:00
us7000pcs7,GMLD,5.1,mww,5.1,197.67,197.92,289.0,D,0.00104,0.0605,0.00178,0.00255,0.00166,0.00092,0.00019,2.6e-05,0.0762,35.38,0.00095,0.00095,0.0506,0.055,0.00141,0.00255,0.0017,0.0008,0.00017,2025-02-10 22:37:24.642000+00:00
us7000pcvr,YKAV,4.6,mb,,144.08,144.43,462.0,C,0.00018,0.0101,0.00031,0.00039,0.00024,0.00011,2e-05,2e-06,0.0341,148.57,0.00016,0.00016,0.0085,0.0088,0.00031,0.00033,0.00019,0.00012,2e-05,2025-02-11 14:19:50.052000+00:00
us7000pcvr,DIDI,4.6,mb,,151.9,152.23,316.0,D,0.00086,0.0247,0.00235,0.0008,0.00027,0.00013,6e-05,8.8e-05,0.2694,173.77,0.00054,0.00054,0.0232,0.0219,0.00064,0.00119,0.00073,0.00024,6e-05,2025-02-11 14:19:50.052000+00:00
us7000pcvr,DATC,4.6,mb,,170.95,171.24,436.0,C,0.00117,0.0177,0.0031,0.00057,0.00012,0.0001,3e-05,0.000117,0.3066,179.14,0.00087,0.0009,0.0077,0.008,0.0006,0.00024,0.0002,0.0001,3e-05,2025-02-11 14:19:50.052000+00:00
us7000pcvr,GMLD,4.6,mb,,183.5,183.77,289.0,D,0.00044,0.0264,0.0006,0.00112,0.00116,0.0002,5e-05,9e-06,0.0729,162.66,0.00044,0.00044,0.0249,0.0262,0.00063,0.00101,0.00115,0.00022,4e-05,2025-02-11 14:19:50.052000+00:00
us7000pcww,YKAV,4.5,mb,,163.03,163.34,462.0,C,7e-05,0.0025,8e-05,9e-05,4e-05,2e-05,1e-05,1e-06,0.0279,169.39,6e-05,6e-05,0.0019,0.0019,7e-05,9e-05,4e-05,2e-05,1e-05,2025-02-03 05:35:22.558000+00:00
us7000pcww,BODA,4.5,mb,,172.27,172.56,600.0,C,0.0002,0.002,0.00031,6e-05,1e-05,1e-05,0.0,3e-06,0.0494,181.46,7e-05,7e-05,0.0018,0.0017,0.00011,0.00017,4e-05,1e-05,0.0,2025-02-03 05:35:22.558000+00:00
us7000pcww,DIDI,4.5,mb,,172.37,172.66,316.0,D,0.00041,0.0033,0.00018,0.00017,5e-05,2e-05,1e-05,7.9e-05,0.2766,177.77,0.0001,0.00011,0.0031,0.0031,9e-05,0.00016,9e-05,3e-05,1e-05,2025-02-03 05:35:22.558000+00:00
us7000pcww,DATC,4.5,mb,,186.21,186.48,436.0,C,0.00023,0.0023,0.00012,0.0001,6e-05,2e-05,1e-05,2.6e-05,0.1558,176.99,3e-05,3e-05,0.0018,0.0018,4e-05,5e-05,5e-05,2e-05,1e-05,2025-02-03 05:35:22.558000+00:00
us7000pcww,GMLD,4.5,mb,,205.07,205.31,289.0,D,9e-05,0.0038,8e-05,0.00012,9e-05,3e-05,1e-05,2e-06,0.0457,176.56,8e-05,8e-05,0.0032,0.0033,9e-05,0.00015,0.0001,3e-05,1e-05,2025-02-03 05:35:22.558000+00:00
us7000pcx4,YKAV,4.5,mb,,176.75,177.03,462.0,C,7e-05,0.004,0.0001,0.0002,0.00012,2e-05,1e-05,1e-06,0.0251,163.08,5e-05,5e-05,0.003,0.0034,8e-05,0.00015,0.0001,2e-05,1e-05,2025-02-03 07:50:53.529000+00:00
us7000pcx4,BODA,4.5,mb,,183.06,183.33,600.0,C,0.00027,0.0034,0.00055,6e-05,2e-05,1e-05,0.0,3e-06,0.0514,175.42,8e-05,8e-05,0.002,0.0023,0.00015,0.00025,4e-05,2e-05,0.0,2025-02-03 07:50:53.529000+00:00
us7000pcx4,DATC,4.5,mb,,190.04,190.3,436.0,C,0.00022,0.0023,0.00017,6e-05,5e-05,3e-05,1e-05,2.4e-05,0.1531,176.92,3e-05,3e-05,0.0017,0.0016,4e-05,5e-05,5e-05,3e-05,1e-05,2025-02-03 07:50:53.529000+00:00
us7000pcx4,DIDI,4.5,mb,,190.91,191.17,316.0,D,0.00059,0.0053,0.00017,0.00015,7e-05,2e-05,1e-05,0.000115,0.3328,178.68,0.00016,0.00015,0.0048,0.005,0.00015,0.00025,0.00017,5e-05,1e-05,2025-02-03 07:50:53.529000+00:00
us7000pcx4,GMLD,4.5,mb,,233.85,234.06,289.0,D,0.0001,0.004,0.00012,0.00014,0.00016,2e-05,0.0,3e-06,0.0553,175.19,0.0001,0.0001,0.0041,0.0039,0.00014,0.00023,0.00021,2e-05,1e-05,2025-02-03 07:50:53.529000+00:00
us7000pd1i,YKAV,5.1,mww,5.1,169.91,170.2,462.0,C,0.00022,0.0177,0.0003,0.00037,0.0002,0.00026,8e-05,2e-06,0.0361,141.9,0.00021,0.00022,0.018,0.0154,0.00035,0.00058,0.00035,0.00028,0.0001,2025-02-12 01:14:54.298000+00:00
us7000pd1i,BODA,5.1,mww,5.1,179.26,179.54,600.0,C,0.00021,0.017,0.00027,0.00087,0.00018,0.0002,7e-05,1e-06,0.0239,91.41,0.00018,0.00019,0.013,0.0126,0.00024,0.00084,0.00018,0.00016,5e-05,2025-02-12 01:14:54.298000+00:00
us7000pd1i,DATC,5.1,mww,5.1,193.27,193.53,436.0,C,0.00167,0.027,0.00106,0.00034,0.00023,0.00031,0.00015,0.000234,0.3853,176.26,0.00165,0.00156,0.0241,0.0229,0.00095,0.00033,0.00026,0.00035,0.00015,2025-02-12 01:14:54.298000+00:00
us7000pd1i,CESE,5.1,mww,5.1,209.44,209.68,410.0,C,0.00093,0.0119,0.00017,9e-05,8e-05,8e-05,5e-05,0.000112,0.2977,178.23,0.00079,0.00079,0.0104,0.01,0.00018,0.00012,0.00016,0.00014,5e-05,2025-02-12 01:14:54.298000+00:00
us7000pd2t,YKAV,4.8,mww,4.8,162.89,163.2,462.0,C,0.00015,0.0125,0.00024,0.00035,0.00029,0.00022,5e-05,2e-06,0.0376,158.95,0.00014,0.00014,0.0123,0.0121,0.00021,0.00034,0.00028,0.00022,6e-05,2025-02-12 08:29:50.855000+00:00
us7000pd2t,DIDI,4.8,mww,4.8,172.06,172.35,316.0,D,0.00093,0.0207,0.00445,0.00048,0.00038,0.00016,0.00017,8.6e-05,0.258,173.49,0.00049,0.00046,0.0195,0.0202,0.00043,0.00062,0.00038,0.00026,0.00014,2025-02-12 08:29:50.855000+00:00
us7000pd2t,BODA,4.8,mww,4.8,172.22,172.51,600.0,C,0.0002,0.0085,0.00046,0.00011,6e-05,6e-05,2e-05,3e-06,0.0464,174.0,0.00012,0.00011,0.0076,0.0081,0.0002,0.00043,0.00021,8e-05,4e-05,2025-02-12 08:29:50.855000+00:00
us7000pd2t,DATC,4.8,mww,4.8,186.37,186.64,436.0,C,0.00122,0.0189,0.00367,0.00058,0.00025,0.00027,0.00013,0.000125,0.3164,167.62,0.00089,0.001,0.0147,0.0141,0.00113,0.00026,0.00028,0.00024,8e-05,2025-02-12 08:29:50.855000+00:00
us7000pd2t,GMLD,4.8,mww,4.8,204.36,204.6,289.0,D,0.00031,0.0166,0.00034,0.00055,0.00054,0.00018,4e-05,3e-06,0.0441,115.76,0.00026,0.00028,0.0162,0.0165,0.00035,0.00065,0.00068,0.00022,4e-05,2025-02-12 08:29:50.855000+00:00
us7000pd30,YKAV,4.8,mww,4.8,165.61,165.91,462.0,C,0.00024,0.0174,0.00032,0.00048,0.00056,0.00021,7e-05,2e-06,0.0403,150.77,0.00022,0.0002,0.0155,0.0152,0.00028,0.0004,0.00048,0.00019,7e-05,2025-02-12 09:15:06.702000+00:00
us7000pd30,DIDI,4.8,mww,4.8,174.35,174.64,316.0,D,0.00115,0.0343,0.00271,0.00081,0.00044,0.00019,0.00015,0.000189,0.384,166.18,0.00098,0.001,0.0322,0.0323,0.00075,0.00084,0.00107,0.00045,0.00015,2025-02-12 09:15:06.702000+00:00
us7000pd30,BODA,4.8,mww,4.8,175.14,175.43,600.0,C,0.00016,0.0107,0.00021,0.00053,0.00041,0.00015,6e-05,1e-06,0.0273,148.86,0.00014,0.00015,0.0099,0.0098,0.00018,0.00053,0.00031,0.00013,4e-05,2025-02-12 09:15:06.702000+00:00
us7000pd30,DATC,4.8,mww,4.8,189.65,189.91,436.0,C,0.00258,0.0386,0.00192,0.0004,0.00022,0.00021,0.0001,0.000516,0.5919,163.12,0.00231,0.00239,0.0226,0.0225,0.00155,0.00041,0.00027,0.00022,0.0001,2025-02-12 09:15:06.702000+00:00
us7000pd30,CESE,4.8,mww,4.8,205.08,205.32,410.0,C,0.00056,0.0061,0.00012,8e-05,9e-05,7e-05,4e-05,4.1e-05,0.1759,169.88,0.00044,0.00044,0.0059,0.006,0.00012,9e-05,0.00014,9e-05,4e-05,2025-02-12 09:15:06.702000+00:00
us7000pd31,YKAV,4.7,mb,,170.19,170.48,462.0,C,0.00013,0.0083,0.00022,0.00032,0.00023,0.00016,3e-05,1e-06,0.0334,169.54,0.00011,0.00011,0.0079,0.0081,0.00018,0.00029,0.00016,0.00015,4e-05,2025-02-12 09:20:41.712000+00:00
us7000pd31,DIDI,4.7,mb,,181.79,182.06,316.0,D,0.00098,0.0166,0.00302,0.0005,0.00025,0.00014,9e-05,0.000122,0.3095,172.77,0.00065,0.00064,0.0152,0.0149,0.00051,0.0005,0.00047,0.00018,8e-05,2025-02-12 09:20:41.712000+00:00
us7000pd31,DATC,4.7,mb,,188.91,189.17,436.0,C,0.00289,0.0394,0.00144,0.00036,0.00017,0.00014,5e-05,0.000348,0.4349,96.02,0.00272,0.00265,0.0239,0.0237,0.00144,0.00034,0.00016,0.00011,5e-05,2025-02-12 09:20:41.712000+00:00
us7000pd31,GMLD,4.7,mb,,219.15,219.38,289.0,D,0.00024,0.0135,0.00034,0.00042,0.00052,0.00012,2e-05,2e-06,0.0383,140.84,0.00024,0.00022,0.0128,0.0121,0.00035,0.00057,0.00056,0.00014,2e-05,2025-02-12 09:20:41.712000+00:00
us7000pd6f,YKAV,4.5,mb,,155.81,156.13,462.0,C,0.00011,0.0045,0.00015,0.00019,9e-05,4e-05,1e-05,2e-06,0.0366,174.61,0.00011,0.0001,0.0032,0.0033,0.00012,0.00016,8e-05,3e-05,1e-05,2025-02-04 20:05:38.293000+00:00
us7000pd6f,BODA,4.5,mb,,163.84,164.14,600.0,C,0.00017,0.0032,0.00025,5e-05,2e-05,1e-05,0.0,2e-06,0.0412,175.97,7e-05,7e-05,0.0029,0.0029,0.00011,0.00033,6e-05,2e-05,0.0,2025-02-04 20:05:38.293000+00:00
us7000pd6f,DIDI,4.5,mb,,167.51,167.81,316.0,D,0.00077,0.0087,0.00257,0.00033,0.00011,3e-05,2e-05,7.9e-05,0.2568,175.31,0.00042,0.0004,0.006,0.0064,0.0003,0.00031,0.00021,6e-05,2e-05,2025-02-04 20:05:38.293000+00:00
us7000pd6f,DATC,4.5,mb,,175.25,175.54,436.0,C,0.00082,0.0117,0.0017,0.00028,8e-05,4e-05,1e-05,7.8e-05,0.258,174.29,0.0005,0.00051,0.0055,0.0056,0.00046,0.00014,0.0001,4e-05,1e-05,2025-02-04 20:05:38.293000+00:00
us7000pd6f,GMLD,4.5,mb,,206.57,206.81,289.0,D,0.00014,0.0062,0.00017,0.0002,0.00035,4e-05,1e-05,3e-06,0.0515,174.99,0.00014,0.00013,0.0065,0.0061,0.00018,0.00025,0.00034,6e-05,1e-05,2025-02-04 20:05:38.293000+00:00
us7000pde0,YKAV,4.5,mb,,166.24,166.54,462.0,C,6e-05,0.0065,0.00011,0.00013,8e-05,6e-05,2e-05,1e-06,0.0278,159.21,5e-05,5e-05,0.0047,0.0047,9e-05,9e-05,8e-05,6e-05,2e-05,2025-02-13 15:42:21.638000+00:00
us7000pde0,BODA,4.5,mb,,175.38,175.66,600.0,C,0.00013,0.0031,0.0002,5e-05,3e-05,2e-05,1e-05,1e-06,0.0254,161.91,6e-05,5e-05,0.0031,0.0031,9e-05,0.00017,6e-05,3e-05,2e-05,2025-02-13 15:42:21.638000+00:00
us7000pde0,DIDI,4.5,mb,,175.7,175.98,316.0,D,0.00052,0.0101,0.00013,0.00015,7e-05,8e-05,5e-05,0.000105,0.3146,170.82,0.00013,0.00015,0.0086,0.0089,0.0002,0.0002,0.00017,9e-05,5e-05,2025-02-13 15:42:21.638000+00:00
us7000pde0,DATC,4.5,mb,,189.01,189.27,436.0,C,0.0008,0.0132,0.00252,0.00042,7e-05,8e-05,6e-05,9.8e-05,0.2853,181.14,0.00048,0.00051,0.007,0.007,0.00067,0.00011,7e-05,8e-05,4e-05,2025-02-13 15:42:21.638000+00:00
us7000pde0,GMLD,4.5,mb,,208.34,208.58,289.0,D,0.00014,0.0065,0.00016,0.00021,0.00021,6e-05,1e-05,1e-06,0.0269,169.48,0.0001,0.0001,0.0061,0.0061,0.00013,0.00023,0.00023,6e-05,2e-05,2025-02-13 15:42:21.638000+00:00
us7000pdf3,YKAV,4.5,mb,,152.86,153.19,462.0,C,0.00026,0.0047,0.00015,0.00026,7e-05,4e-05,1e-05,9e-06,0.0816,170.6,0.00022,0.00022,0.0042,0.0043,0.00017,0.00028,0.00013,4e-05,1e-05,2025-02-05 11:13:42.954000+00:00
us7000pdf3,BODA,4.5,mb,,161.4,161.71,600.0,C,0.00021,0.0027,0.00023,8e-05,2e-05,1e-05,0.0,3e-06,0.0472,174.9,8e-05,8e-05,0.0027,0.0026,0.00022,0.00027,7e-05,2e-05,1e-05,2025-02-05 11:13:42.954000+00:00
us7000pdf3,DIDI,4.5,mb,,163.72,164.03,316.0,D,0.00175,0.0177,0.00482,0.00057,0.0001,6e-05,3e-05,0.000225,0.3889,174.06,0.00157,0.0016,0.0097,0.0094,0.0008,0.00037,0.00028,8e-05,2e-05,2025-02-05 11:13:42.954000+00:00
us7000pdf3,DATC,4.5,mb,,174.04,174.33,436.0,C,0.00282,0.0374,0.00155,0.00042,7e-05,7e-05,2e-05,0.000538,0.5826,183.32,0.00246,0.00241,0.0237,0.0218,0.0015,0.00041,7e-05,7e-05,2e-05,2025-02-05 11:13:42.954000+00:00
us7000pdf3,GMLD,4.5,mb,,201.14,201.39,289.0,D,0.00089,0.012,0.00039,0.0004,0.00032,5e-05,1e-05,0.000445,0.6574,172.15,0.00088,0.00087,0.0092,0.0099,0.00035,0.00038,0.0003,6e-05,1e-05,2025-02-05 11:13:42.954000+00:00
us7000pdfj,YKAV,4.6,mb,,174.54,174.83,462.0,C,0.00028,0.0084,0.00038,0.0003,0.00024,0.00011,2e-05,8e-06,0.0772,175.19,0.00024,0.00025,0.0078,0.0081,0.00032,0.00036,0.00025,0.0001,2e-05,2025-02-05 11:26:05.218000+00:00
us7000pdfj,BODA,4.6,mb,,182.48,182.75,600.0,C,0.0002,0.0079,0.00023,0.00057,0.00018,5e-05,1e-05,1e-06,0.0225,138.21,0.00017,0.00018,0.0074,0.0074,0.00024,0.00077,0.0002,7e-05,1e-05,2025-02-05 11:26:05.218000+00:00
us7000pdfj,DIDI,4.6,mb,,186.07,186.34,316.0,D,0.00141,0.0219,0.00381,0.00084,0.0003,0.00012,5e-05,0.000191,0.3735,182.27,0.00124,0.00121,0.0177,0.0182,0.00078,0.00082,0.0007,0.00019,5e-05,2025-02-05 11:26:05.218000+00:00
us7000pdfj,DATC,4.6,mb,,193.15,193.41,436.0,C,0.0031,0.0481,0.00766,0.00148,0.00016,0.00011,4e-05,0.000475,0.578,166.21,0.00211,0.00216,0.0176,0.0183,0.00159,0.00033,0.00016,0.00015,3e-05,2025-02-05 11:26:05.218000+00:00
us7000pdfj,GMLD,4.6,mb,,222.85,223.07,289.0,D,0.00085,0.0198,0.00044,0.00074,0.00079,0.00017,3e-05,0.000208,0.4483,180.98,0.00084,0.00084,0.0164,0.0175,0.0004,0.00067,0.00067,0.00017,3e-05,2025-02-05 11:26:05.218000+00:00
us7000pdft,YKAV,4.8,mb,,152.5,152.83,462.0,C,0.00063,0.0342,0.00078,0.00199,0.00089,0.00032,4e-05,1.2e-05,0.0903,156.61,0.00053,0.00053,0.0264,0.027,0.00069,0.00147,0.00082,0.00033,5e-05,2025-02-05 11:10:24.486000+00:00
us7000pdft,DIDI,4.8,mb,,160.18,160.49,316.0,D,0.00206,0.0642,0.00524,0.00144,0.00102,0.00028,9e-05,0.000498,0.6198,182.29,0.00183,0.0018,0.0646,0.064,0.00131,0.00314,0.0024,0.00054,0.00012,2025-02-05 11:10:24.486000+00:00
us7000pdft,BODA,4.8,mb,,162.69,163.0,600.0,C,0.00041,0.0244,0.0005,0.00146,0.00058,0.00013,2e-05,4e-06,0.0378,76.73,0.0004,0.0004,0.019,0.0211,0.00049,0.00148,0.0006,0.00018,3e-05,2025-02-05 11:10:24.486000+00:00
us7000pdft,DATC,4.8,mb,,179.05,179.33,436.0,C,0.00502,0.073,0.01146,0.00257,0.00031,0.00019,7e-05,0.001053,0.8312,172.24,0.00297,0.00316,0.0262,0.0239,0.00177,0.00052,0.00041,0.00021,8e-05,2025-02-05 11:10:24.486000+00:00
us7000pdft,GMLD,4.8,mb,,190.25,190.51,289.0,D,0.00124,0.0499,0.00101,0.00147,0.00207,0.0003,5e-05,0.000528,0.7193,171.68,0.00125,0.00115,0.0464,0.0485,0.00101,0.00184,0.00192,0.0003,5e-05,2025-02-05 11:10:24.486000+00:00
us7000pdlv,YKAV,4.5,mb,,171.49,171.78,462.0,C,0.00028,0.0109,0.0002,0.00027,0.00016,0.0001,3e-05,1.2e-05,0.0966,174.36,0.00027,0.00026,0.0088,0.0089,0.00026,0.00039,0.00034,0.00014,4e-05,2025-02-06 02:54:48.315000+00:00
us7000pdlv,BODA,4.5,mb,,178.94,179.22,600.0,C,0.00015,0.0075,0.0002,0.001,0.00021,9e-05,3e-05,1e-06,0.026,166.72,0.00014,0.00014,0.0069,0.0061,0.00019,0.0008,0.00019,8e-05,2e-05,2025-02-06 02:54:48.315000+00:00
us7000pdlv,DIDI,4.5,mb,,183.9,184.17,316.0,D,0.00097,0.0239,0.00308,0.00071,0.00036,0.00016,8e-05,0.000111,0.2952,183.81,0.00078,0.00081,0.0191,0.0203,0.00059,0.00081,0.00071,0.00024,8e-05,2025-02-06 02:54:48.315000+00:00
us7000pdlv,DATC,4.5,mb,,188.6,188.86,436.0,C,0.00209,0.0321,0.00493,0.00098,0.00018,0.00012,8e-05,0.000452,0.5737,159.06,0.00186,0.00187,0.0171,0.0168,0.00143,0.0003,0.00022,0.00013,6e-05,2025-02-06 02:54:48.315000+00:00
us7000pdlv,GMLD,4.5,mb,,223.06,223.28,289.0,D,0.00105,0.0234,0.00046,0.00062,0.00113,0.00035,5e-05,3.8e-05,0.1591,152.65,0.00074,0.00062,0.0213,0.0213,0.00045,0.00062,0.00105,0.00028,5e-05,2025-02-06 02:54:48.315000+00:00
us7000pe7i,YKAV,4.5,mb,,159.6,159.91,462.0,C,0.00014,0.0056,0.00025,0.00065,0.00016,6e-05,1e-05,1e-06,0.0303,176.76,0.00012,0.00012,0.005,0.0048,0.00024,0.00054,0.00014,5e-05,1e-05,2025-02-17 07:46:23.311000+00:00
us7000pe7i,BODA,4.5,mb,,169.19,169.49,600.0,C,0.00013,0.0056,0.00023,0.00041,0.00012,4e-05,1e-05,1e-06,0.0181,160.09,0.00012,0.00012,0.005,0.0048,0.00018,0.00046,0.0001,4e-05,1e-05,2025-02-17 07:46:23.311000+00:00
us7000pe7i,DATC,4.5,mb,,184.01,184.28,436.0,C,0.00045,0.0059,0.00104,0.0002,9e-05,5e-05,2e-05,4.9e-05,0.2114,178.22,0.00034,0.00032,0.0049,0.0049,0.00033,0.00018,0.00014,6e-05,2e-05,2025-02-17 07:46:23.311000+00:00
us7000pe7i,GMLD,4.5,mb,,199.99,200.24,289.0,D,0.00018,0.0092,0.00032,0.00062,0.00024,5e-05,1e-05,1e-06,0.0337,160.58,0.00017,0.00016,0.0081,0.0084,0.0003,0.00055,0.00026,8e-05,2e-05,2025-02-17 07:46:23.311000+00:00
us7000pe7k,YKAV,5.0,mww,5.0,159.42,159.73,462.0,C,0.00053,0.0251,0.00084,0.0016,0.00062,0.00046,8e-05,5e-06,0.0373,61.64,0.00043,0.00042,0.0225,0.022,0.0007,0.00123,0.00054,0.00037,0.0001,2025-02-17 07:49:50.321000+00:00
us7000pe7k,DIDI,5.0,mww,5.0,166.96,167.26,316.0,D,0.0008,0.0625,0.00121,0.00196,0.00147,0.00062,0.00017,2e-05,0.0848,55.57,0.00078,0.00079,0.0525,0.0553,0.00095,0.00194,0.00175,0.00073,0.0002,2025-02-17 07:49:50.321000+00:00
us7000pe7k,DATC,5.0,mww,5.0,185.77,186.04,436.0,C,0.00037,0.0278,0.00044,0.00081,0.00094,0.00066,0.0002,6e-06,0.0618,153.29,0.0003,0.00032,0.0267,0.0272,0.00047,0.00069,0.00079,0.00051,0.00019,2025-02-17 07:49:50.321000+00:00
us7000pe7k,CESE,5.0,mww,5.0,195.04,195.3,410.0,C,0.00018,0.0166,0.00021,0.00031,0.00038,0.00018,8e-05,2e-06,0.042,165.09,0.00016,0.00015,0.0134,0.0132,0.00018,0.00027,0.00033,0.00016,7e-05,2025-02-17 07:49:50.321000+00:00
us7000pefq,YKAV,5.0,mww,5.0,139.48,139.84,462.0,C,0.00013,0.0135,0.00036,0.00037,0.00016,0.00013,5e-05,1e-06,0.031,139.44,0.00013,0.00012,0.0112,0.0115,0.00039,0.00037,0.00016,0.00012,4e-05,2025-02-18 04:46:52.092000+00:00
us7000pefq,BODA,5.0,mww,5.0,148.89,149.23,600.0,C,0.00017,0.0074,0.00022,0.0007,0.00017,5e-05,3e-05,1e-06,0.0229,115.15,0.00016,0.00016,0.0069,0.007,0.00022,0.00069,0.00017,5e-05,2e-05,2025-02-18 04:46:52.092000+00:00
us7000pefq,DIDI,5.0,mww,5.0,149.01,149.35,316.0,D,0.0005,0.0218,0.00061,0.00098,0.00034,0.00016,0.00012,7.2e-05,0.2593,177.57,0.00033,0.00032,0.0213,0.0218,0.00061,0.00099,0.00047,0.00027,9e-05,2025-02-18 04:46:52.092000+00:00
us7000pefq,DATC,5.0,mww,5.0,163.91,164.21,436.0,C,0.00036,0.0134,0.00034,0.00038,0.00016,0.00013,0.0001,5.1e-05,0.2175,176.29,0.00011,0.00012,0.011,0.0116,0.0002,0.00027,0.00024,0.00018,8e-05,2025-02-18 04:46:52.092000+00:00
us7000pefq,GMLD,5.0,mww,5.0,185.15,185.42,289.0,D,0.00044,0.0201,0.00062,0.00113,0.00064,0.00014,5e-05,5e-06,0.0552,142.75,0.00041,0.00042,0.0191,0.0188,0.00066,0.00103,0.00086,0.00013,5e-05,2025-02-18 04:46:52.092000+00:00
us7000pesp,YKAV,4.5,mb,,136.8,137.17,462.0,C,0.0002,0.0126,0.00043,0.00046,0.00045,0.00011,3e-05,2e-06,0.0351,156.54,0.0002,0.00018,0.0112,0.0096,0.00034,0.00041,0.00037,0.00012,2e-05,2025-02-11 06:00:29.610000+00:00
us7000pesp,DIDI,4.5,mb,,142.24,142.59,316.0,D,0.00081,0.0171,0.00235,0.00067,0.00028,0.00015,7e-05,0.0001,0.2786,164.08,0.00068,0.00063,0.0173,0.0163,0.00052,0.00087,0.0006,0.00025,6e-05,2025-02-11 06:00:29.610000+00:00
us7000pesp,BODA,4.5,mb,,148.19,148.53,600.0,C,0.00015,0.007,0.00018,0.00066,0.00023,8e-05,2e-05,1e-06,0.0227,160.5,0.00014,0.00014,0.007,0.007,0.0002,0.00061,0.00025,7e-05,1e-05,2025-02-11 06:00:29.610000+00:00
us7000pesp,DATC,4.5,mb,,167.72,168.02,436.0,C,0.0004,0.0101,0.00085,0.00035,0.00016,0.00011,4e-05,7.1e-05,0.265,176.48,0.00023,0.00022,0.0087,0.0095,0.00027,0.00022,0.00025,0.00012,5e-05,2025-02-11 06:00:29.610000+00:00
us7000pf0h,YKAV,4.5,mb,,161.62,161.93,462.0,C,0.0001,0.0037,6e-05,6e-05,5e-05,3e-05,1e-05,1e-06,0.0314,171.34,9e-05,9e-05,0.0028,0.0032,6e-05,9e-05,6e-05,3e-05,1e-05,2025-02-12 09:22:18.859000+00:00
us7000pf0h,DIDI,4.5,mb,,173.37,173.66,316.0,D,0.00099,0.013,0.00451,0.00033,7e-05,8e-05,5e-05,0.000134,0.3248,179.51,0.00066,0.00064,0.0085,0.0083,0.00047,0.00026,0.00017,9e-05,4e-05,2025-02-12 09:22:18.859000+00:00
us7000pf0h,DATC,4.5,mb,,180.59,180.87,436.0,C,0.00158,0.0233,0.00088,0.00019,0.0001,6e-05,5e-05,0.00011,0.2625,159.87,0.00158,0.00157,0.0139,0.0143,0.001,0.00019,8e-05,6e-05,4e-05,2025-02-12 09:22:18.859000+00:00
us7000pf0h,GMLD,4.5,mb,,211.92,212.16,289.0,D,0.00013,0.0092,0.00015,0.00027,0.0002,5e-05,1e-05,1e-06,0.028,175.03,0.00013,0.00013,0.0079,0.0081,0.00016,0.00027,0.00023,5e-05,1e-05,2025-02-12 09:22:18.859000+00:00
us7000pn53,YKAV,4.5,mww,4.5,165.68,165.98,462.0,C,0.0002,0.0059,0.00023,0.00052,0.0002,7e-05,3e-05,4e-06,0.053,168.38,0.00018,0.00019,0.0061,0.0059,0.00023,0.00038,0.00018,7e-05,3e-05,2025-03-27 17:51:48.622000+00:00
us7000pn53,BODA,4.5,mww,4.5,174.87,175.16,600.0,C,0.00014,0.005,0.00023,8e-05,4e-05,3e-05,2e-05,1e-06,0.0245,169.04,0.00011,0.00011,0.0046,0.0046,0.00014,0.00042,9e-05,4e-05,1e-05,2025-03-27 17:51:48.622000+00:00
us7000pn53,DIDI,4.5,mww,4.5,175.07,175.36,316.0,D,0.00119,0.0146,0.00207,0.00067,0.0002,0.00011,5e-05,0.000164,0.3618,176.25,0.0009,0.00089,0.0139,0.0141,0.00057,0.00074,0.00029,0.00016,7e-05,2025-03-27 17:51:48.622000+00:00
us7000pn53,DATC,4.5,mww,4.5,188.62,188.88,436.0,C,0.0004,0.0085,0.00076,0.00016,0.00015,8e-05,3e-05,4.8e-05,0.2096,176.89,0.00036,0.00035,0.0076,0.0075,0.00033,0.00014,0.00017,8e-05,5e-05,2025-03-27 17:51:48.622000+00:00
us7000pn53,GMLD,4.5,mww,4.5,207.58,207.82,289.0,D,0.00018,0.011,0.00021,0.00049,0.00064,0.00011,3e-05,1e-06,0.0215,89.66,0.00017,0.00017,0.0113,0.0097,0.00021,0.00045,0.0005,9e-05,3e-05,2025-03-27 17:51:48.622000+00:00
us7000pufs,BOTS,6.2,mww,6.2,24.67,27.76,600.0,C,0.09305,6.8182,0.16435,0.26428,0.10371,0.08464,0.01533,0.03656,1.5639,8.54,0.08486,0.08468,6.209,6.1396,0.12915,0.20572,0.14476,0.06839,0.01366,2025-04-23 09:49:11.631000+00:00
us7000pufs,MAEG,6.2,mww,6.2,25.22,28.25,255.0,D,0.08464,3.6625,0.10531,0.16832,0.07861,0.03209,0.00756,0.02367,1.3764,10.45,0.05994,0.06057,3.3549,3.2918,0.10519,0.16205,0.06936,0.03122,0.00626,2025-04-23 09:49:11.631000+00:00
us7000pufs,GUZE,6.2,mww,6.2,32.43,34.84,398.0,C,0.16839,13.6927,0.23138,0.39108,0.31589,0.08727,0.07016,0.243464,4.6296,9.81,0.16833,0.16427,13.2526,12.8317,0.22753,0.43599,0.29885,0.09103,0.06615,2025-04-23 09:49:11.631000+00:00
us7000pufv,SILV,4.5,mb,,25.05,26.97,324.0,D,0.02581,0.939,0.0349,0.07772,0.01164,0.00892,0.00165,0.003939,0.8368,41.14,0.02067,0.01947,0.8446,0.8874,0.03196,0.06576,0.01584,0.00718,0.00176,2025-04-23 10:01:04.034000+00:00
us7000pufv,MAEG,4.5,mb,,27.57,29.33,255.0,D,0.0111,0.6886,0.02489,0.03785,0.01169,0.00592,0.00116,0.001084,0.3612,28.18,0.01071,0.01086,0.6584,0.6147,0.02801,0.02954,0.01539,0.005,0.00091,2025-04-23 10:01:04.034000+00:00
us7000pufv,GUZE,4.5,mb,,28.62,30.32,398.0,C,0.15918,11.4567,0.18492,0.26783,0.15808,0.06175,0.01228,0.118043,2.1481,2.66,0.1369,0.12148,8.6204,6.8734,0.14944,0.25258,0.13333,0.04527,0.00872,2025-04-23 10:01:04.034000+00:00
us7000pufy,GUZE,5.0,mb,,12.51,16.02,398.0,C,0.15918,11.4571,0.18492,0.26783,0.15808,0.06175,0.01232,0.114044,1.8006,2.67,0.1369,0.12148,8.6206,6.8735,0.14944,0.25258,0.13333,0.04527,0.00874,2025-04-23 10:02:33.619000+00:00
us7000pufy,SINB,5.0,mb,,13.22,16.58,466.0,C,0.06905,4.4707,0.15803,0.20814,0.06436,0.0367,0.00817,0.023964,0.9985,4.78,0.06509,0.06293,4.0417,3.8943,0.14196,0.1525,0.05432,0.02759,0.00588,2025-04-23 10:02:33.619000+00:00
us7000pufy,AVCI,5.0,mb,,23.38,25.43,517.0,C,0.00165,0.0547,0.00384,0.00237,0.00148,0.00047,0.00011,8e-06,0.0068,1.16,,,,,,,,,,2025-04-23 10:02:33.619000+00:00
us7000pugj,GUZE,4.9,mww,4.9,25.8,27.67,398.0,C,0.04122,1.8344,0.10206,0.08831,0.04329,0.00889,0.00166,0.007116,0.7563,12.04,0.03123,0.03308,1.362,1.1771,0.07833,0.07233,0.03357,0.00665,0.00121,2025-04-23 12:12:57.040000+00:00
us7000pugj,SINB,4.9,mww,4.9,27.89,29.63,466.0,C,0.02837,1.1373,0.07368,0.03909,0.01537,0.00411,0.00099,0.002644,0.4232,9.36,0.0275,0.02681,0.9545,0.8746,0.06419,0.03503,0.01543,0.00444,0.00109,2025-04-23 12:12:57.040000+00:00
us7000pugj,MAEG,4.9,mww,4.9,30.55,32.15,255.0,D,0.01068,0.3947,0.0224,0.02401,0.00892,0.0022,0.00047,0.000641,0.2293,9.29,0.0102,0.01002,0.3208,0.3111,0.01923,0.02113,0.0072,0.00174,0.00033,2025-04-23 12:12:57.040000+00:00
us7000puz4,SMAA,4.6,mwr,4.6,19.24,21.68,275.0,D,0.03197,1.5231,0.06159,0.07746,0.0427,0.01325,0.00387,0.006693,0.6203,6.9,0.03189,0.03186,1.3807,1.376,0.05764,0.07065,0.03634,0.01348,0.00496,2025-04-25 07:20:02.976000+00:00
us7000puz4,SHAP,4.6,mwr,4.6,35.15,36.54,496.0,C,0.02036,0.5394,0.07616,0.02082,0.00468,0.00163,0.00023,0.001248,0.262,6.7,0.02012,0.01955,0.4628,0.498,0.0816,0.02047,0.00395,0.0013,0.00027,2025-04-25 07:20:02.976000+00:00
us7000puz4,DST,4.6,mwr,4.6,47.3,48.35,480.0,C,0.00221,0.1019,0.00508,0.00525,0.00282,0.00082,0.00015,7.6e-05,0.1084,22.6,0.00199,0.00192,0.0948,0.0982,0.00454,0.00448,0.00211,0.00068,0.00014,2025-04-25 07:20:02.976000+00:00
us7000pw15,DATC,4.5,mb,,180.07,180.35,436.0,C,0.00053,0.0124,0.0006,0.00036,0.0003,7e-05,3e-05,0.000103,0.3016,181.96,0.00019,0.00019,0.009,0.0098,0.00033,0.00036,0.0003,0.00012,7e-05,2025-04-30 05:36:23.167000+00:00
us7000pw15,BODA,4.5,mb,,197.4,197.65,600.0,C,0.00024,0.0032,0.00043,5e-05,2e-05,1e-05,1e-05,2e-06,0.0322,154.02,6e-05,5e-05,0.0016,0.0016,0.00017,0.0002,4e-05,1e-05,0.0,2025-04-30 05:36:23.167000+00:00
us7000pw15,DIDI,4.5,mb,,227.65,227.87,316.0,D,0.00035,0.0037,0.00021,8e-05,4e-05,2e-05,2e-05,1.2e-05,0.0979,169.23,0.00021,0.00021,0.0034,0.0033,9e-05,9e-05,0.00011,4e-05,2e-05,2025-04-30 05:36:23.167000+00:00
us7000pw15,GMLD,4.5,mb,,298.93,299.1,289.0,D,0.0002,0.0033,4e-05,5e-05,6e-05,1e-05,1e-05,4e-06,0.0579,167.18,9e-05,8e-05,0.0031,0.0031,5e-05,6e-05,0.00018,4e-05,1e-05,2025-04-30 05:36:23.167000+00:00
us7000py7q,GUZE,4.5,mb,,17.65,20.29,398.0,C,0.15918,11.4567,0.18492,0.26783,0.15808,0.06175,0.01228,0.117738,2.0688,2.67,0.1369,0.12149,8.6204,6.8735,0.14944,0.25258,0.13333,0.04527,0.00872,2025-04-23 10:02:11.275000+00:00
us7000py7q,SINB,4.5,mb,,17.96,20.56,466.0,C,0.06905,4.4707,0.15803,0.20814,0.06436,0.03671,0.00819,0.024924,1.1454,4.67,0.06509,0.06293,4.0417,3.8943,0.14196,0.1525,0.05432,0.02759,0.0059,2025-04-23 10:02:11.275000+00:00
us7000py7q,YKBL,4.5,mb,,21.88,24.06,477.0,C,0.0165,1.1508,0.02326,0.0493,0.02008,0.00891,0.00231,0.002112,0.5797,32.15,0.01301,0.01358,0.8191,0.8563,0.02069,0.03971,0.01699,0.00911,0.00278,2025-04-23 10:02:11.275000+00:00
us7000pyx9,YKAV,4.9,mww,4.9,160.14,160.22,462.0,C,0.00051,0.0467,0.00074,0.00121,0.0007,0.00123,0.00016,5e-06,0.0485,91.72,0.00045,0.00044,0.0398,0.0367,0.00057,0.00095,0.0007,0.00095,0.00017,2025-05-12 23:30:09.599000+00:00
us7000pyx9,DIDI,4.9,mww,4.9,168.44,168.52,316.0,D,0.0011,0.0989,0.00129,0.00371,0.00366,0.00109,0.00033,4.1e-05,0.1315,90.42,0.0011,0.0011,0.0883,0.0937,0.00126,0.00308,0.00312,0.00095,0.00028,2025-05-12 23:30:09.599000+00:00
us7000pyx9,BODA,4.9,mww,4.9,169.93,170.01,600.0,C,0.00039,0.022,0.00044,0.0015,0.0007,0.00033,0.00012,3e-06,0.0289,29.83,0.00034,0.00033,0.0215,0.021,0.00042,0.00133,0.00057,0.00033,0.0001,2025-05-12 23:30:09.599000+00:00
us7000pyx9,DATC,4.9,mww,4.9,185.21,185.28,436.0,C,0.00096,0.0345,0.00216,0.00052,0.00065,0.00039,0.00017,0.0001,0.2912,175.62,0.00064,0.00063,0.031,0.0287,0.00054,0.00052,0.00086,0.00052,0.00018,2025-05-12 23:30:09.599000+00:00
us7000pyx9,GMLD,4.9,mww,4.9,199.01,199.07,289.0,D,0.0011,0.0711,0.00146,0.00299,0.00331,0.00044,9e-05,2.7e-05,0.0748,25.07,0.00112,0.00109,0.0659,0.06,0.0014,0.00271,0.00282,0.00061,9e-05,2025-05-12 23:30:09.599000+00:00
us7000pz2p,DATC,6.0,mww,6.0,179.44,194.95,436.0,C,0.00513,0.3815,0.00833,0.00746,0.0086,0.00361,0.00325,0.000459,0.4315,73.47,0.00383,0.00373,0.2895,0.3107,0.00675,0.00673,0.00668,0.00347,0.00278,2025-05-13 22:51:15.880000+00:00
us7000pz2p,BODA,6.0,mww,6.0,203.69,217.48,600.0,C,0.00105,0.0871,0.00126,0.00346,0.0023,0.00053,0.0002,2.6e-05,0.0899,54.57,0.00092,0.0009,0.073,0.0802,0.00117,0.00306,0.00165,0.00041,0.00029,2025-05-13 22:51:15.880000+00:00
us7000pz2p,DIDI,6.0,mww,6.0,238.93,250.79,316.0,D,0.00074,0.1158,0.0009,0.00139,0.00158,0.00142,0.00084,4.5e-05,0.1554,101.35,0.0007,0.0007,0.1155,0.1064,0.00081,0.00142,0.00155,0.00133,0.00083,2025-05-13 22:51:15.880000+00:00
us7000pz2p,CAME,6.0,mww,6.0,281.03,291.18,469.0,C,0.00374,0.1636,0.00684,0.01166,0.00305,0.00125,0.00038,0.000155,0.1767,41.44,0.00315,0.00301,0.135,0.1411,0.00573,0.00986,0.00388,0.00098,0.00037,2025-05-13 22:51:15.880000+00:00
us7000q0pq,YKAV,6.2,mww,6.2,183.48,194.32,462.0,C,0.0017,0.1515,0.00254,0.00422,0.00245,0.00157,0.0006,8.7e-05,0.1731,53.23,0.00156,0.00161,0.1418,0.1508,0.00243,0.00394,0.00285,0.00182,0.0007,2025-05-22 03:19:35.518000+00:00
us7000q0pq,DATC,6.2,mww,6.2,183.6,194.43,436.0,C,0.00508,0.7137,0.00977,0.00831,0.00772,0.00828,0.00601,0.001087,0.6714,72.76,0.00401,0.00343,0.577,0.5577,0.00669,0.00713,0.00899,0.01067,0.00545,2025-05-22 03:19:35.518000+00:00
us7000q0pq,BODA,6.2,mww,6.2,185.75,196.47,600.0,C,0.00251,0.1533,0.00307,0.01071,0.00315,0.00105,0.0007,0.000139,0.1819,41.6,0.00236,0.00239,0.1349,0.1354,0.003,0.01011,0.0035,0.00122,0.00063,2025-05-22 03:19:35.518000+00:00
us7000q0pq,DIDI,6.2,mww,6.2,203.04,212.89,316.0,D,0.00319,0.3415,0.00334,0.00639,0.00885,0.00512,0.00204,0.000393,0.3534,48.41,0.00294,0.00295,0.3156,0.3301,0.00341,0.00696,0.00706,0.00462,0.00195,2025-05-22 03:19:35.518000+00:00
us7000q0pq,GMLD,6.2,mww,6.2,258.69,266.49,289.0,D,0.00251,0.2028,0.00268,0.00399,0.00761,0.0028,0.00064,0.000207,0.2509,45.62,0.00235,0.00243,0.1793,0.1845,0.00261,0.00356,0.00743,0.00374,0.0006,2025-05-22 03:19:35.518000+00:00
us7000qbpg,DIDI,4.6,mww,4.6,151.56,151.89,316.0,D,0.00038,0.0179,0.00036,0.0006,0.00028,0.00014,8e-05,3.5e-05,0.1737,176.27,0.00028,0.0003,0.0163,0.0158,0.00032,0.00069,0.00051,0.00023,7e-05,2025-07-09 22:54:07.990000+00:00
us7000qbpg,DATC,4.6,mww,4.6,171.04,171.33,436.0,C,0.00016,0.0086,0.0002,0.00018,0.00021,9e-05,5e-05,5e-06,0.0627,178.51,0.0001,0.0001,0.0082,0.0075,0.00011,0.00019,0.00022,0.00013,5e-05,2025-07-09 22:54:07.990000+00:00
us7000qbpg,GMLD,4.6,mww,4.6,182.8,183.07,289.0,D,0.00044,0.0263,0.00066,0.00069,0.00093,0.00011,4e-05,3e-06,0.0237,24.46,0.0004,0.00042,0.0242,0.0257,0.00055,0.00059,0.00106,0.00013,4e-05,2025-07-09 22:54:07.990000+00:00
us7000qbpg,CESE,4.6,mww,4.6,185.42,185.69,410.0,C,0.00012,0.0045,8e-05,9e-05,0.0001,7e-05,4e-05,4e-06,0.0577,176.88,0.00011,0.00011,0.0043,0.0041,6e-05,7e-05,9e-05,6e-05,3e-05,2025-07-09 22:54:07.990000+00:00
us7000quja,GORD,4.9,mww,4.9,33.35,34.82,662.0,C,0.00503,0.5127,0.01235,0.00744,0.01343,0.00905,0.00191,0.000364,0.1999,12.97,0.00514,0.00462,0.418,0.4382,0.01156,0.00774,0.0112,0.00892,0.00195,2025-09-07 09:35:09.687000+00:00
us7000quja,AKS,4.9,mww,4.9,45.58,46.66,541.0,C,0.00749,0.1826,0.01797,0.01202,0.00461,0.00114,0.00035,0.000439,0.2006,11.95,0.00554,0.00638,0.1684,0.1647,0.01685,0.01186,0.00466,0.00115,0.00046,2025-09-07 09:35:09.687000+00:00
us7000quja,SOMA,4.9,mww,4.9,51.62,52.58,798.0,B,0.00437,0.2367,0.01104,0.00565,0.00217,0.00131,0.00027,0.000138,0.1169,12.63,0.00368,0.00392,0.1924,0.1711,0.01006,0.01104,0.00345,0.00272,0.00063,2025-09-07 09:35:09.687000+00:00
us7000quja,BALB,4.9,mww,4.9,54.4,55.31,463.0,C,0.00344,0.2639,0.00619,0.00718,0.00774,0.00403,0.00057,0.000153,0.1448,16.86,0.0032,0.00285,0.2227,0.2222,0.00617,0.00736,0.00694,0.00379,0.00058,2025-09-07 09:35:09.687000+00:00
us7000qxqv,GORD,5.1,mww,5.1,31.17,32.73,662.0,C,0.00531,0.3367,0.00953,0.0097,0.00705,0.00584,0.00088,0.000235,0.1716,16.57,0.00414,0.00451,0.34,0.323,0.00851,0.00869,0.0069,0.00589,0.00087,2025-09-21 21:05:46.760000+00:00
us7000qxqv,AKS,5.1,mww,5.1,42.57,43.73,541.0,C,0.00512,0.1878,0.02061,0.01246,0.00481,0.00112,0.00017,0.000435,0.237,15.08,0.00509,0.0051,0.1769,0.165,0.01602,0.01178,0.00438,0.00112,0.00024,2025-09-21 21:05:46.760000+00:00
us7000qxqv,SOMA,5.1,mww,5.1,49.7,50.7,798.0,B,0.00304,0.1245,0.0064,0.00905,0.00284,0.00147,0.00036,0.000131,0.142,18.1,0.00275,0.0028,0.1104,0.117,0.00685,0.0076,0.00286,0.00108,0.00031,2025-09-21 21:05:46.760000+00:00
us7000qxqv,GOMA,5.1,mww,5.1,55.53,56.42,636.0,C,0.00865,0.3983,0.01132,0.02536,0.01524,0.00153,0.0003,0.000589,0.1912,4.46,0.00893,0.00723,0.3927,0.3351,0.01087,0.02638,0.01191,0.00138,0.00026,2025-09-21 21:05:46.760000+00:00
us7000rr79,GORD,4.5,mwr,4.5,29.15,33.18,662.0,C,0.00123,0.0888,0.00325,0.00162,0.00165,0.00098,0.00058,1.7e-05,0.0579,24.33,0.00099,0.00099,0.0833,0.0831,0.00276,0.00142,0.00215,0.00129,0.00036,2026-01-21 20:28:57.460000+00:00
us7000rr79,AKS,4.5,mwr,4.5,50.67,53.09,541.0,C,0.00172,0.0398,0.00255,0.001,0.00034,0.0002,8e-05,1.4e-05,0.0415,16.93,0.00109,0.00105,0.0334,0.0356,0.0032,0.00251,0.00125,0.00024,0.0001,2026-01-21 20:28:57.460000+00:00
us7000rr79,DST,4.5,mwr,4.5,57.94,60.07,480.0,C,0.00156,0.066,0.00279,0.00291,0.00238,0.00051,0.00011,1.9e-05,0.0524,19.48,0.00121,0.00131,0.0568,0.0607,0.00261,0.00331,0.00197,0.00048,9e-05,2026-01-21 20:28:57.460000+00:00
us7000rr79,GOMA,4.5,mwr,4.5,58.99,61.08,636.0,C,0.00178,0.0725,0.00349,0.00778,0.00109,0.00017,0.00011,2.9e-05,0.0508,11.56,0.0015,0.00139,0.0601,0.0608,0.00251,0.00556,0.00111,0.00022,0.00011,2026-01-21 20:28:57.460000+00:00
us7000rrq9,GORD,4.9,mww,4.9,33.79,34.95,662.0,C,0.00356,0.2936,0.00583,0.00566,0.00652,0.00435,0.00105,0.000171,0.1625,23.55,0.00342,0.00328,0.2703,0.2739,0.00718,0.005,0.00693,0.00446,0.00117,2026-01-23 21:24:38.136000+00:00
us7000rrq9,DST,4.9,mww,4.9,53.4,54.14,480.0,C,0.00226,0.1495,0.00414,0.00472,0.00566,0.002,0.00031,0.000122,0.1495,26.69,0.00197,0.00209,0.1263,0.1264,0.00416,0.00465,0.00432,0.00164,0.00031,2026-01-23 21:24:38.136000+00:00
us7000rrq9,AKS,4.9,mww,4.9,54.68,55.4,541.0,C,0.00427,0.1973,0.013,0.0098,0.00607,0.00146,0.00055,0.000227,0.1667,17.48,0.00405,0.00409,0.1863,0.1846,0.01147,0.00955,0.00562,0.00193,0.00043,2026-01-23 21:24:38.136000+00:00
us7000rrq9,SMAA,4.9,mww,4.9,60.29,60.95,275.0,D,0.00382,0.1981,0.00889,0.0087,0.00389,0.00291,0.0013,0.000284,0.2653,42.88,0.00344,0.00342,0.1849,0.187,0.008,0.00802,0.00531,0.00283,0.00119,2026-01-23 21:24:38.136000+00:00
us7000s33s,KHL,5.0,mww,5.0,51.68,52.64,448.0,C,0.00538,0.2423,0.01678,0.01199,0.00478,0.00099,0.00035,0.000216,0.153,11.32,0.00501,0.00478,0.1964,0.2113,0.01304,0.01627,0.00422,0.00142,0.00046,2026-03-09 06:21:05.824000+00:00
us7000sskd,KHMN,4.6,mwr,4.6,43.01,44.16,272.0,D,0.00183,0.0651,0.00567,0.00205,0.00145,0.0003,0.00014,6.7e-05,0.1004,18.4,0.00188,0.00178,0.0618,0.0625,0.00504,0.00266,0.00188,0.00039,0.00015,2026-06-12 21:08:48.756000+00:00
us7000sskd,KRTS,4.6,mwr,4.6,142.33,142.68,313.0,D,0.00018,0.0184,0.00022,0.00047,0.00022,0.00027,0.00011,1e-06,0.0153,66.04,0.00016,0.00015,0.0133,0.0154,0.00019,0.00047,0.00023,0.0002,8e-05,2026-06-12 21:08:48.756000+00:00
usb000gh38,DATC,4.5,mb,,22.06,22.86,436.0,C,0.00357,0.1072,0.01117,0.0095,0.00349,0.00115,0.00027,0.000156,0.1683,21.85,0.00381,0.00327,0.1094,0.0975,0.00966,0.00904,0.00273,0.00119,0.0003,2013-04-28 16:30:53.200000+00:00
usb000gh38,BBRN,4.5,mb,,39.31,39.77,512.0,C,0.00627,0.145,0.01241,0.01164,0.00191,0.00031,8e-05,0.000364,0.1831,13.26,0.00496,0.00513,0.145,0.1353,0.01076,0.01235,0.00229,0.00041,9e-05,2013-04-28 16:30:53.200000+00:00
usb000h85k,SHAP,4.5,mb,,11.06,11.34,496.0,C,0.02185,0.3795,0.02468,0.02327,0.00283,0.00069,0.00016,0.000544,0.1377,24.46,0.02101,0.02124,0.3847,0.3754,0.02721,0.02294,0.00322,0.00064,0.00017,2013-05-29 14:43:32+00:00
usb000ijb0,TOS,4.5,mb,,44.86,45.05,667.0,C,0.00114,0.0422,0.00263,0.00306,0.00099,0.00024,5e-05,6e-06,0.0203,8.26,0.00107,0.00109,0.0417,0.0422,0.00191,0.00325,0.00111,0.00026,6e-05,2013-07-21 21:43:41.670000+00:00
usb000ijb0,SAFT,4.5,mb,,69.33,69.45,461.0,C,0.00066,0.0178,0.00236,0.00206,0.0002,7e-05,4e-05,7e-06,0.0268,14.01,0.00066,0.00056,0.0195,0.0177,0.00218,0.00176,0.00022,5e-05,3e-05,2013-07-21 21:43:41.670000+00:00
usb000kj64,SLFK,4.5,mb,,37.21,37.54,470.0,C,0.01912,0.2803,0.03861,0.00913,0.00321,0.00077,0.00017,0.001598,0.3449,45.19,0.01832,0.01686,0.2673,0.2625,0.04747,0.01223,0.00359,0.00073,0.00014,2013-10-23 12:24:22.450000+00:00
usb000l74s,BOTS,4.5,mb,,16.31,18.93,600.0,C,0.01105,0.4407,0.02129,0.01823,0.0096,0.00254,0.00084,0.000477,0.1691,7.3,0.00995,0.00964,0.3504,0.3809,0.01994,0.01891,0.00876,0.00199,0.00068,2013-11-27 04:13:37.390000+00:00
usb000l74s,TKR,4.5,mb,,35.79,37.06,449.0,C,0.01581,0.5602,0.03368,0.03985,0.00861,0.00119,0.0003,0.002124,0.4025,9.48,0.01496,0.01488,0.5412,0.5201,0.03448,0.03938,0.00903,0.00124,0.00043,2013-11-27 04:13:37.390000+00:00
usb000l74s,GONE,4.5,mb,,91.61,92.11,440.0,C,0.00063,0.0495,0.00103,0.00181,0.00117,0.00058,0.0001,7e-06,0.046,47.42,0.00056,0.00059,0.0405,0.0393,0.00089,0.00155,0.00105,0.00067,9e-05,2013-11-27 04:13:37.390000+00:00
usb000ldsa,ALAN,4.9,mb,,70.83,113.43,822.0,B,0.00752,0.1818,0.02152,0.01767,0.00232,0.00057,0.00015,0.00039,0.1967,14.25,0.00623,0.00654,0.1724,0.1711,0.01929,0.01952,0.0024,0.00057,0.00016,2013-12-08 17:31:56.380000+00:00
usb000qa6c,KEMT,4.5,mb,,72.92,116.3,454.0,C,0.00072,0.0313,0.00166,0.00123,0.0011,0.00012,3e-05,1e-05,0.0505,30.23,0.00067,0.00067,0.0307,0.0294,0.00167,0.00141,0.0011,0.00012,3e-05,2014-05-05 05:05:40.770000+00:00
usb000qa6c,DEMR,4.5,mb,,105.31,138.92,861.0,B,0.00111,0.0084,0.0005,0.00046,0.00011,2e-05,1e-05,1.2e-05,0.0645,148.28,0.00057,0.0006,0.005,0.005,0.0002,0.00027,0.00012,5e-05,2e-05,2014-05-05 05:05:40.770000+00:00
usb000qa6c,SEYD,4.5,mb,,161.48,185.16,382.0,C,0.00019,0.0083,0.00029,0.00048,0.00018,5e-05,1e-05,1e-06,0.0221,172.05,0.00018,0.00017,0.0083,0.0079,0.00021,0.00041,0.00019,7e-05,1e-05,2014-05-05 05:05:40.770000+00:00
usb000r2hc,UKOP,6.9,mww,6.9,140.35,140.5,342.0,D,0.05832,5.7226,0.08718,0.15262,0.10618,0.04415,0.02671,0.068281,3.808,29.4,0.05339,0.05138,5.4199,5.2847,0.08331,0.15353,0.1162,0.04951,0.02656,2014-05-24 09:25:02.440000+00:00
usb000r2hc,GONE,6.9,mww,6.9,197.04,197.14,440.0,C,0.03268,5.0169,0.03699,0.05704,0.0629,0.05913,0.02431,0.01809,1.8721,24.81,0.02782,0.03012,3.6314,3.9898,0.03317,0.0518,0.06214,0.05275,0.01977,2014-05-24 09:25:02.440000+00:00
usb000r3dw,UKOP,4.9,mwr,4.9,88.54,89.5,342.0,D,0.00267,0.1334,0.00559,0.00596,0.00305,0.00088,0.00041,0.000119,0.1693,37.34,0.00224,0.00239,0.1183,0.1209,0.00438,0.00611,0.00303,0.00083,0.00037,2014-05-25 11:38:38+00:00
usb000r3dw,TKR,4.9,mwr,4.9,133.05,133.69,449.0,C,0.01002,0.4746,0.01549,0.02579,0.01334,0.00378,0.00072,0.00082,0.3137,31.15,0.00927,0.00945,0.4606,0.4583,0.01639,0.02894,0.01224,0.00404,0.00088,2014-05-25 11:38:38+00:00
usb000r3dw,GONE,4.9,mwr,4.9,137.42,138.04,440.0,C,0.00106,0.0954,0.00228,0.00275,0.00241,0.00175,0.00053,2.4e-05,0.0786,34.68,0.00096,0.00094,0.0839,0.0765,0.00192,0.00259,0.0021,0.00133,0.00044,2014-05-25 11:38:38+00:00
usb000rh6j,ALAN,4.5,mb,,82.77,109.06,822.0,B,0.00171,0.0604,0.00296,0.00838,0.00087,0.00024,5e-05,4.7e-05,0.1529,139.63,0.0017,0.00167,0.0583,0.0563,0.00283,0.00603,0.00083,0.00022,5e-05,2014-06-19 20:30:47.440000+00:00
usb000rh6j,BOZY,4.5,mb,,88.71,113.64,276.0,D,0.00338,0.103,0.01477,0.00626,0.0016,0.00028,5e-05,0.000146,0.1597,22.25,0.00315,0.00308,0.0901,0.0978,0.01204,0.00873,0.00149,0.00027,4e-05,2014-06-19 20:30:47.440000+00:00
usb000s99n,KEMT,5.3,mww,5.3,49.75,67.76,454.0,C,0.01252,0.5553,0.03253,0.0336,0.01593,0.00218,0.00046,0.003188,0.6685,19.31,0.0134,0.01197,0.5543,0.545,0.0366,0.03081,0.02394,0.00238,0.00048,2014-09-04 21:00:04.300000+00:00
usb000s99n,DEMR,5.3,mww,5.3,82.08,94.09,861.0,B,0.0009,0.1099,0.0013,0.00303,0.00147,0.00088,0.00039,1.8e-05,0.0763,46.77,0.00083,0.0008,0.1084,0.1045,0.00111,0.00209,0.00184,0.00111,0.00071,2014-09-04 21:00:04.300000+00:00
usb000smqw,DATC,4.6,mb,,156.92,169.85,436.0,C,0.00077,0.0333,0.00108,0.00259,0.00088,0.00023,4e-05,5e-06,0.0321,36.79,0.00065,0.00061,0.0317,0.0299,0.00093,0.00226,0.00073,0.00025,4e-05,2014-10-16 06:48:28.080000+00:00
usb000smqw,YKAV,4.6,mb,,175.68,187.32,462.0,C,0.00012,0.0064,0.00024,0.00033,0.00017,5e-05,1e-05,1e-06,0.018,149.7,0.0001,9e-05,0.0046,0.0045,0.00021,0.00031,0.00013,5e-05,1e-05,2014-10-16 06:48:28.080000+00:00
usb000smqw,DIDI,4.6,mb,,201.0,211.25,316.0,D,0.00052,0.0072,0.00041,0.00046,9e-05,4e-05,2e-05,6e-05,0.2236,178.08,0.00025,0.00025,0.0068,0.0063,0.0002,0.00032,0.00019,5e-05,2e-05,2014-10-16 06:48:28.080000+00:00
usb000t0sw,SHAP,4.5,mwr,4.5,38.6,39.87,496.0,C,0.00705,0.1503,0.01753,0.00862,0.00152,0.00045,0.0001,0.000129,0.1031,10.6,0.00608,0.00657,0.1507,0.1468,0.01969,0.01188,0.00139,0.00047,9e-05,2014-11-28 02:30:07.600000+00:00
usb000t0sw,DST,4.5,mwr,4.5,44.39,45.5,480.0,C,0.00116,0.0646,0.00199,0.00249,0.00256,0.00056,7e-05,2.2e-05,0.0556,20.33,0.00107,0.00114,0.0607,0.0588,0.00195,0.0022,0.00249,0.00055,8e-05,2014-11-28 02:30:07.600000+00:00
usb000t0sw,ORLT,4.5,mwr,4.5,81.08,81.69,610.0,C,0.00159,0.0612,0.00262,0.00542,0.00077,0.00051,6e-05,2e-05,0.0525,19.23,0.00123,0.00135,0.0467,0.0506,0.00203,0.00422,0.0009,0.00037,6e-05,2014-11-28 02:30:07.600000+00:00
usb000tpmv,BASM,4.7,mb,,78.02,78.66,395.0,C,0.00046,0.0279,0.00096,0.00099,0.00088,0.00052,0.00019,5e-06,0.0479,112.98,0.00038,0.00039,0.0307,0.0269,0.00083,0.00097,0.00081,0.00044,0.00018,2015-02-16 11:52:46.190000+00:00
usc000fayn,DIDI,4.5,mwr,4.5,27.37,27.82,316.0,D,0.02045,0.6835,0.03912,0.04089,0.012,0.00336,0.00071,0.001962,0.4214,10.36,0.01715,0.01816,0.6359,0.6208,0.03847,0.04088,0.01347,0.00471,0.00085,2013-02-21 10:18:49.940000+00:00
usc000fayn,YKAV,4.5,mwr,4.5,43.83,44.11,462.0,C,0.00618,0.3185,0.00954,0.01017,0.009,0.0017,0.00035,0.000177,0.1004,6.23,0.00441,0.00382,0.2294,0.1869,0.00762,0.00871,0.00678,0.00124,0.00026,2013-02-21 10:18:49.940000+00:00
usc000fayn,GMLD,4.5,mwr,4.5,74.69,74.86,289.0,D,0.00265,0.1174,0.00652,0.00714,0.00356,0.00159,0.00032,8.4e-05,0.1134,20.63,0.00256,0.00255,0.1338,0.1137,0.00507,0.00576,0.00468,0.00159,0.00031,2013-02-21 10:18:49.940000+00:00
usc000hnc9,ERCV,4.5,mb,,45.79,47.29,344.0,D,0.00277,0.2609,0.00369,0.00574,0.00769,0.00322,0.00165,0.000199,0.2302,40.16,0.00249,0.00254,0.2568,0.2524,0.00352,0.0057,0.00605,0.00349,0.00155,2013-06-12 19:02:53.950000+00:00
usc000ltax,ALAN,5.9,mww,5.9,87.49,96.49,822.0,B,0.01994,0.7521,0.03919,0.08709,0.01543,0.0041,0.00138,0.006517,1.0762,27.29,0.01748,0.01653,0.6073,0.5538,0.0479,0.06459,0.0126,0.00456,0.00135,2013-12-28 15:21:04.090000+00:00
usc000ltax,KEMT,5.9,mww,5.9,93.08,101.59,454.0,C,0.01707,0.8651,0.02539,0.03039,0.0377,0.00474,0.00112,0.005068,0.9334,24.14,0.0155,0.01607,0.8303,0.8534,0.02748,0.03031,0.03363,0.00426,0.0011,2013-12-28 15:21:04.090000+00:00
usc000ltax,DEMR,5.9,mww,5.9,128.24,134.54,861.0,B,0.00123,0.2268,0.00147,0.00223,0.00234,0.0021,0.00107,7.7e-05,0.2152,122.05,0.00119,0.00117,0.1879,0.2057,0.00139,0.00237,0.00284,0.00193,0.00106,2013-12-28 15:21:04.090000+00:00
usc000ltdi,ALAN,4.5,mb,,112.77,122.98,822.0,B,0.00071,0.0176,0.0012,0.00201,0.00015,5e-05,1e-05,8e-06,0.0535,50.88,0.00069,0.00069,0.0167,0.0168,0.00134,0.0019,0.00026,5e-05,1e-05,2013-12-28 18:55:03.950000+00:00
usc000ltdi,KEMT,4.5,mb,,118.89,128.61,454.0,C,0.00026,0.0111,0.00053,0.00067,0.00042,8e-05,1e-05,2e-06,0.0274,65.39,0.00024,0.00023,0.0123,0.0108,0.00052,0.00057,0.00057,6e-05,1e-05,2013-12-28 18:55:03.950000+00:00
usc000ltdi,DEMR,4.5,mb,,138.73,147.15,861.0,B,0.0001,0.0017,3e-05,3e-05,6e-05,2e-05,1e-05,1e-06,0.0333,176.44,4e-05,4e-05,0.0016,0.0017,3e-05,4e-05,4e-05,2e-05,1e-05,2013-12-28 18:55:03.950000+00:00
usc000mq8w,KRTD,4.7,mwr,4.7,61.45,62.26,363.0,C,0.00063,0.0369,0.0021,0.00143,0.00089,0.00032,0.00013,1.3e-05,0.09,156.16,0.00055,0.00057,0.0371,0.0369,0.00129,0.00156,0.00087,0.00061,0.00016,2014-02-14 00:33:40.500000+00:00
usc000mt3m,ERCV,4.5,mb,,27.73,29.48,344.0,D,0.01546,0.765,0.02799,0.0465,0.01887,0.00528,0.00142,0.00354,0.6155,14.96,0.01404,0.01378,0.7473,0.7419,0.02902,0.04424,0.03133,0.00704,0.00156,2014-02-18 21:51:36.500000+00:00
usc000n43d,ALAN,4.5,mb,,92.69,111.79,822.0,B,0.00346,0.103,0.00588,0.00797,0.00099,0.00019,5e-05,9.2e-05,0.1126,25.18,0.00349,0.00318,0.097,0.0803,0.00593,0.00591,0.00078,0.00019,4e-05,2014-03-06 15:15:22.250000+00:00
usc000n43d,KEMT,4.5,mb,,93.73,112.65,454.0,C,0.00089,0.0317,0.00219,0.00188,0.00097,0.00012,2e-05,1.8e-05,0.0636,31.95,0.00083,0.00083,0.0302,0.0302,0.00201,0.00173,0.00092,0.00013,2e-05,2014-03-06 15:15:22.250000+00:00
usc000n43d,DEMR,4.5,mb,,125.91,140.56,861.0,B,0.0002,0.0046,0.0001,0.00022,7e-05,6e-05,1e-05,1.3e-05,0.1091,168.66,0.00012,0.00013,0.0042,0.0039,9e-05,0.00014,9e-05,5e-05,2e-05,2014-03-06 15:15:22.250000+00:00
usc000rctx,KRTD,4.6,mwr,4.6,59.08,61.65,363.0,C,0.00085,0.0513,0.00272,0.00151,0.00069,0.00038,0.00011,8e-06,0.0528,86.78,0.00055,0.00059,0.0457,0.0468,0.00121,0.00166,0.00117,0.0009,0.00019,2014-06-09 03:38:34.900000+00:00
usc000retx,DATC,4.7,mwr,4.7,160.11,175.88,436.0,C,0.00127,0.0919,0.00167,0.00432,0.00187,0.00061,0.0002,1.9e-05,0.0811,69.25,0.00113,0.00114,0.0833,0.0823,0.00152,0.00376,0.00137,0.00068,0.00017,2014-06-13 00:34:51.580000+00:00
usc000retx,MRSB,4.7,mwr,4.7,177.25,191.61,732.0,C,0.0016,0.0794,0.00223,0.00615,0.00242,0.00023,5e-05,2.9e-05,0.0663,26.16,0.00153,0.00145,0.0717,0.0724,0.00203,0.00477,0.00222,0.00023,5e-05,2014-06-13 00:34:51.580000+00:00
usc000riqb,MRSB,4.5,mb,,48.12,76.68,732.0,C,0.00197,0.0552,0.00353,0.00625,0.00068,0.00016,3e-05,3.7e-05,0.0833,21.51,0.00173,0.00178,0.0514,0.0511,0.00438,0.00535,0.00097,0.00019,4e-05,2014-06-20 13:59:42.400000+00:00
usc000riqb,DATC,4.5,mb,,89.82,107.85,436.0,C,0.00136,0.0528,0.00311,0.00329,0.00082,0.00022,7e-05,4.1e-05,0.1417,119.48,0.00135,0.00135,0.0465,0.047,0.00319,0.00347,0.0013,0.00028,0.0001,2014-06-20 13:59:42.400000+00:00
usc000rmvt,KRBN,4.8,mb,,131.3,134.64,843.0,B,0.00039,0.0312,0.00059,0.00106,0.00085,0.0009,9e-05,5e-06,0.0583,126.4,0.00037,0.00037,0.0316,0.0303,0.00058,0.00106,0.00085,0.00076,0.00013,2014-06-27 16:14:27.830000+00:00
usc000rmvt,DIDI,4.8,mb,,209.16,211.27,316.0,D,0.0004,0.0117,0.00036,0.00023,0.00012,7e-05,5e-05,3.7e-05,0.1745,177.22,0.00021,0.00022,0.011,0.0095,0.00011,0.00019,0.00029,0.00014,4e-05,2014-06-27 16:14:27.830000+00:00
usc000rpuu,GONE,4.6,mwr,4.6,27.34,29.9,440.0,C,0.00812,0.1435,0.01881,0.00927,0.00199,0.00055,0.00011,0.000136,0.0909,9.27,0.00294,0.00307,0.1273,0.125,0.00761,0.0055,0.00208,0.00108,0.00022,2014-07-03 05:04:46.230000+00:00
usc000rpuu,ORLT,4.6,mwr,4.6,83.88,84.75,610.0,C,0.00258,0.1401,0.004,0.00784,0.00404,0.00061,0.00016,7.4e-05,0.088,18.39,0.00254,0.00233,0.1129,0.1171,0.00565,0.00856,0.00369,0.00052,0.00015,2014-07-03 05:04:46.230000+00:00
usc000rpuu,DST,4.6,mwr,4.6,89.8,90.61,480.0,C,0.00112,0.0418,0.0033,0.00285,0.00112,0.00022,4e-05,1.7e-05,0.0504,21.66,0.00111,0.00112,0.0392,0.0394,0.00297,0.00254,0.00107,0.00024,4e-05,2014-07-03 05:04:46.230000+00:00
usc000svyz,MRSB,4.8,mwr,4.8,70.24,71.41,732.0,C,0.00091,0.0564,0.00127,0.00229,0.00192,0.0006,0.00011,2.1e-05,0.0868,109.83,0.00086,0.00089,0.051,0.0547,0.00133,0.00228,0.00192,0.00052,0.00011,2014-11-10 06:16:40.460000+00:00
usc000thtl,ERCV,4.5,mb,,95.14,95.22,344.0,D,0.00073,0.0464,0.00114,0.0027,0.00159,0.00047,0.00023,1.4e-05,0.0732,62.7,0.00066,0.00063,0.0436,0.0455,0.00115,0.00215,0.00152,0.00051,0.00024,2015-01-21 13:58:03.400000+00:00
usc000tnmn,KEMT,4.5,mb,,79.6,79.76,454.0,C,0.00051,0.0259,0.00072,0.00094,0.0012,0.0003,6e-05,2.3e-05,0.1277,165.05,0.00045,0.00047,0.0283,0.0258,0.00071,0.00076,0.00111,0.00028,6e-05,2015-02-10 08:56:29.860000+00:00
usp000j161,FETI,4.5,mb,,81.8,81.81,462.0,C,0.00027,0.0045,0.00011,0.00011,0.00014,4e-05,1e-05,9e-06,0.0626,127.86,0.00012,0.00011,0.0042,0.0043,0.0002,0.00019,0.00016,4e-05,1e-05,2011-05-07 18:00:50.200000+00:00
usp000j3cp,FETI,4.5,mb,,185.99,187.8,462.0,C,0.00168,0.0089,9e-05,9e-05,0.00012,0.00012,3e-05,0.000102,0.2319,160.94,0.00032,0.00033,0.0067,0.0066,0.00011,9e-05,0.00014,9e-05,3e-05,2011-06-18 14:57:19+00:00
usp000j42p,YKAV,4.8,mb,,90.71,165.14,462.0,C,7e-05,0.0147,9e-05,9e-05,0.00017,0.00015,3e-05,0.0,0.0148,156.51,7e-05,7e-05,0.012,0.0122,8e-05,8e-05,0.00016,0.00013,5e-05,2011-07-02 21:30:44.700000+00:00
usp000j42p,DIDI,4.8,mb,,111.45,177.38,316.0,D,0.00122,0.016,0.0013,0.00035,0.00028,0.00012,6e-05,4.6e-05,0.1877,184.93,0.00029,0.00029,0.0168,0.0139,0.00018,0.0002,0.00039,0.00027,7e-05,2011-07-02 21:30:44.700000+00:00
usp000jd3j,ERCV,4.5,mb,,44.13,44.41,344.0,D,0.00312,0.1588,0.0074,0.00821,0.00437,0.00181,0.00069,0.000256,0.2098,25.84,0.00312,0.00306,0.1555,0.1569,0.00731,0.00801,0.00438,0.00188,0.00074,2012-01-06 00:16:48.900000+00:00
usp000jdrj,ERCV,4.7,mb,,37.42,37.75,344.0,D,0.00624,0.415,0.01224,0.01496,0.00999,0.00604,0.00194,0.000826,0.3975,27.27,0.00603,0.00602,0.3943,0.388,0.01296,0.01734,0.01025,0.00511,0.00202,2012-01-20 09:57:36.970000+00:00
usp000jdzu,YKAV,4.5,mb,,237.05,237.26,462.0,C,0.0001,0.0025,3e-05,2e-05,1e-05,1e-05,1e-05,2e-06,0.0394,154.45,8e-05,8e-05,0.0019,0.002,3e-05,2e-05,2e-05,2e-05,1e-05,2012-01-26 05:57:56.960000+00:00
usp000jdzu,DIDI,4.5,mb,,249.49,249.69,316.0,D,0.00026,0.0039,0.00034,8e-05,2e-05,2e-05,1e-05,8e-06,0.0792,175.52,0.00019,0.0002,0.0031,0.0035,0.00013,5e-05,5e-05,3e-05,1e-05,2012-01-26 05:57:56.960000+00:00
usp000jdzu,DATC,4.5,mb,,251.22,251.42,436.0,C,0.00043,0.0036,0.00031,4e-05,2e-05,2e-05,1e-05,2.9e-05,0.1483,178.12,0.00038,0.00031,0.0029,0.0027,0.00024,3e-05,3e-05,2e-05,1e-05,2012-01-26 05:57:56.960000+00:00
usp000je0w,YKAV,5.3,mwc,5.3,231.49,231.55,462.0,C,8e-05,0.0105,9e-05,0.00011,8e-05,0.00013,5e-05,0.0,0.0141,105.42,6e-05,7e-05,0.0104,0.0102,8e-05,0.0001,9e-05,0.00012,5e-05,2012-01-27 01:33:24+00:00
usp000je0w,DIDI,5.3,mwc,5.3,244.07,244.13,316.0,D,0.00017,0.0286,0.00015,0.00023,0.00029,0.00023,0.00012,2e-06,0.0426,159.83,0.00016,0.00016,0.0257,0.0265,0.00017,0.00026,0.0003,0.00024,0.00012,2012-01-27 01:33:24+00:00
usp000je0w,CESE,5.3,mwc,5.3,276.81,276.86,410.0,C,0.00015,0.0112,0.00011,5e-05,9e-05,6e-05,4e-05,2e-06,0.0402,169.24,0.00014,0.00013,0.0106,0.0105,0.00011,6e-05,9e-05,7e-05,4e-05,2012-01-27 01:33:24+00:00
usp000je0w,GMLD,5.3,mwc,5.3,279.41,279.46,289.0,D,0.00016,0.0164,0.00021,0.00037,0.00043,0.00013,4e-05,1e-06,0.0268,87.56,0.00016,0.00016,0.0144,0.0147,0.0002,0.00044,0.00044,0.00019,5e-05,2012-01-27 01:33:24+00:00
usp000je47,ERCV,4.5,mb,,31.44,31.84,344.0,D,0.00749,0.5244,0.01183,0.01837,0.01321,0.0063,0.00159,0.001022,0.3909,24.77,0.00706,0.00704,0.4544,0.4339,0.01307,0.02072,0.01189,0.00598,0.0017,2012-01-29 04:14:57.560000+00:00
usp000je4g,YKAV,4.5,mb,,234.09,234.72,462.0,C,5e-05,0.0067,6e-05,7e-05,0.0001,0.00019,3e-05,0.0,0.0055,63.16,5e-05,4e-05,0.0054,0.0053,5e-05,6e-05,9e-05,0.00014,3e-05,2012-01-29 09:55:06.600000+00:00
usp000je4g,DIDI,4.5,mb,,246.11,246.71,316.0,D,0.00066,0.0093,0.00076,0.00016,8e-05,8e-05,4e-05,6.9e-05,0.2325,178.94,0.00048,0.00047,0.0089,0.0088,0.0003,0.00013,0.00018,0.00013,4e-05,2012-01-29 09:55:06.600000+00:00
usp000je4g,GMLD,4.5,mb,,279.8,280.33,289.0,D,0.00012,0.0053,9e-05,7e-05,7e-05,2e-05,1e-05,0.0,0.0091,171.56,7e-05,7e-05,0.0057,0.0053,9e-05,0.00012,0.00023,6e-05,2e-05,2012-01-29 09:55:06.600000+00:00
usp000jjv2,CAND,4.9,mb,,35.45,37.49,568.0,C,0.00397,0.1851,0.00732,0.00639,0.00561,0.00245,0.00075,0.000171,0.18,30.98,0.00287,0.00299,0.1877,0.1811,0.00723,0.00608,0.00433,0.00283,0.0007,2012-05-01 14:48:28.480000+00:00
usp000jjv2,CESE,4.9,mb,,47.68,49.22,410.0,C,0.00273,0.1861,0.0036,0.00604,0.00297,0.00175,0.00067,5.2e-05,0.1129,50.74,0.00252,0.0026,0.1417,0.15,0.00362,0.00496,0.00387,0.00206,0.00061,2012-05-01 14:48:28.480000+00:00
usp000jmkj,DATC,6.0,mww,6.0,115.22,120.42,436.0,C,0.04326,3.2685,0.0541,0.10663,0.05915,0.03211,0.01143,0.025675,1.8216,14.34,0.03858,0.03801,2.545,2.5811,0.05625,0.07863,0.07006,0.02468,0.00927,2012-06-10 12:44:16.590000+00:00
usp000jmkk,DATC,4.8,mb,,118.12,124.39,436.0,C,0.00888,0.351,0.011,0.02093,0.01012,0.00144,0.00095,0.00051,0.2505,13.05,0.00652,0.0058,0.3315,0.2985,0.00932,0.01573,0.00847,0.00145,0.00103,2012-06-10 12:49:36.590000+00:00
usp000jmkw,MRSB,4.5,ml,4.33,71.38,81.34,732.0,C,0.00177,0.0795,0.00268,0.00585,0.0021,0.00035,5e-05,3.9e-05,0.0777,23.64,0.0015,0.00157,0.0621,0.0652,0.00263,0.00464,0.00208,0.00026,5e-05,2012-06-10 18:28:33+00:00
usp000jmyc,SMAA,4.6,mb,,15.83,18.36,275.0,D,0.04203,1.872,0.06198,0.13922,0.03106,0.01755,0.00225,0.007235,0.614,8.7,0.03427,0.03426,1.5732,1.4446,0.05256,0.11743,0.028,0.0157,0.00245,2012-06-19 01:46:13.420000+00:00
usp000jn6q,ERCV,4.9,mb,,43.59,43.88,344.0,D,0.01083,0.6941,0.01624,0.02619,0.01766,0.0093,0.00272,0.001837,0.6141,30.71,0.00857,0.00935,0.666,0.6681,0.01281,0.02341,0.0188,0.00894,0.00296,2012-06-24 20:07:20.670000+00:00
usp000jn7f,MRSB,5.0,mw,5.0,73.24,77.85,732.0,C,0.01378,0.7955,0.01699,0.02458,0.02648,0.00342,0.00072,0.001574,0.3454,7.27,0.01076,0.00877,0.5734,0.5125,0.01354,0.02046,0.01902,0.00254,0.00055,2012-06-25 13:05:28+00:00
usp000jn7f,DEMR,5.0,mw,5.0,89.29,93.11,861.0,B,0.00129,0.083,0.00242,0.00279,0.00161,0.00082,0.00011,7.6e-05,0.222,162.93,0.00122,0.00127,0.084,0.0809,0.00175,0.0031,0.00246,0.0016,0.00032,2012-06-25 13:05:28+00:00
usp000jnt4,DEMR,5.6,mww,5.6,113.31,126.3,861.0,B,0.00397,0.5137,0.00423,0.00442,0.00605,0.00607,0.00258,0.000137,0.1723,31.76,0.00313,0.00303,0.395,0.3301,0.00381,0.00451,0.00515,0.00479,0.00185,2012-07-09 13:55:00.580000+00:00
usp000jnt4,MRSB,5.6,mww,5.6,139.62,150.36,732.0,C,0.00791,0.4136,0.01135,0.01469,0.01612,0.00245,0.00109,0.000675,0.3214,23.76,0.0059,0.00645,0.3645,0.3593,0.00972,0.01081,0.01619,0.00195,0.00115,2012-07-09 13:55:00.580000+00:00
usp000jpe0,ERCV,4.5,mb,,38.11,38.44,344.0,D,0.00784,0.4247,0.01222,0.02174,0.00863,0.0041,0.00062,0.000915,0.3317,17.62,0.00766,0.00761,0.3467,0.3785,0.01347,0.02039,0.0091,0.00459,0.00073,2012-07-24 22:53:39.560000+00:00
usp000js8e,ERCV,4.5,mb,,230.61,230.79,344.0,D,9e-05,0.0068,0.0002,4e-05,4e-05,5e-05,3e-05,0.0,0.0105,137.6,5e-05,5e-05,0.0057,0.0062,0.00015,5e-05,0.0001,6e-05,6e-05,2012-09-13 02:42:20.170000+00:00
usp000jt7k,MRSB,4.6,mb,,152.71,153.65,732.0,C,0.00016,0.0114,0.00018,0.00032,0.00047,8e-05,3e-05,1e-06,0.0247,128.85,0.00015,0.00015,0.0113,0.0101,0.00019,0.00036,0.00042,8e-05,3e-05,2012-09-29 05:25:42+00:00
usp000jt7k,DATC,4.6,mb,,155.42,156.35,436.0,C,0.00017,0.0156,0.00016,0.00048,0.00036,0.00015,5e-05,2e-06,0.0373,160.33,0.00016,0.00016,0.0144,0.0146,0.00016,0.0004,0.00045,0.00016,8e-05,2012-09-29 05:25:42+00:00
usp000jw1b,MRSB,4.5,mb,,28.37,30.32,732.0,C,0.00452,0.1727,0.0087,0.01263,0.00452,0.00073,0.00014,0.000252,0.1487,12.07,0.0044,0.0043,0.1293,0.1409,0.00861,0.01139,0.00338,0.00061,0.00013,2012-11-24 21:04:16.850000+00:00
usp000jw1b,DATC,4.5,mb,,29.23,31.13,436.0,C,0.01272,0.6062,0.0425,0.0224,0.02512,0.004,0.00065,0.000864,0.2408,7.09,0.01121,0.012,0.4555,0.4414,0.03594,0.02205,0.01854,0.00306,0.00063,2012-11-24 21:04:16.850000+00:00
usp000jxaj,HOPA,5.7,mww,5.7,118.92,119.89,588.0,C,0.01208,0.3623,0.02637,0.03909,0.00433,0.00225,0.0005,0.002528,0.7019,29.44,0.01149,0.0116,0.3438,0.3471,0.02687,0.04316,0.00429,0.00186,0.00054,2012-12-23 13:31:40.760000+00:00
usp000jxaj,CHAY,5.7,mww,5.7,151.12,151.88,501.0,C,0.0056,0.1985,0.01458,0.01658,0.00456,0.00252,0.00063,0.000673,0.4474,48.25,0.00546,0.00536,0.1754,0.1867,0.01705,0.01647,0.00393,0.00263,0.00062,2012-12-23 13:31:40.760000+00:00
usp000jxdg,HOPA,5.2,mwb,5.2,123.03,123.44,588.0,C,0.00801,0.2486,0.01899,0.02072,0.00256,0.0007,0.00022,0.00103,0.4585,32.71,0.00765,0.00755,0.205,0.21,0.023,0.02314,0.00192,0.00067,0.00026,2012-12-25 22:44:33.510000+00:00
usp000jxdg,CHAY,5.2,mwb,5.2,151.5,151.83,501.0,C,0.00501,0.184,0.01989,0.01374,0.00407,0.00196,0.0004,0.000555,0.3384,26.63,0.0047,0.0046,0.1748,0.1743,0.01665,0.01371,0.0048,0.00211,0.00041,2012-12-25 22:44:33.510000+00:00
usp000jybv,GPNR,4.5,mwr,4.5,53.33,54.26,665.0,C,0.00271,0.0967,0.00598,0.00743,0.00264,0.00036,0.00011,0.000127,0.267,149.76,0.00266,0.00255,0.0779,0.086,0.00711,0.00693,0.00268,0.00039,9e-05,2013-01-13 08:55:15.260000+00:00
usp000jybv,GOKC,4.5,mwr,4.5,70.47,71.18,630.0,C,0.00274,0.1007,0.00419,0.00725,0.00194,0.0007,0.00015,4.3e-05,0.0792,19.38,0.00218,0.00195,0.0745,0.0732,0.00754,0.00503,0.00211,0.00114,0.00018,2013-01-13 08:55:15.260000+00:00
