event_id,station,network,location,channel_used,instrument_type_used,event_latitude,event_longitude,depth_km,station_latitude,station_longitude,epicentral_distance_km,hypocentral_distance_km,magnitude,mag_type,pga_g,pgv_cms,snr_db,vs30_ms,nehrp_site_class,has_strong_motion,response_removed_ok,usable_for_engineering,usable_for_phase_picking,qc_flags
quakeml:eu.emsc/event/20090718_0000047,CUKT,KO,,BHE,broadband,35.77,43.56,1.0,37.2473,43.6077,164.32,164.32,4.8,ml,0.0,0.0001,,900.0,B,True,True,False,False,
quakeml:eu.emsc/event/20090718_0000047,SIRT,KO,,BHE,broadband,35.77,43.56,1.0,37.501,42.4392,216.9,216.9,4.8,ml,0.0,0.0002,,629.0,C,False,True,False,False,
quakeml:eu.emsc/event/20090718_0000047,MAZI,KO,,BHE,broadband,35.77,43.56,1.0,37.4593,40.4465,335.39,335.39,4.8,ml,0.0,0.0,,542.0,C,False,True,False,False,
quakeml:eu.emsc/event/20110302_0000058,KARS,KO,,BHE,broadband,42.6356,45.4847,2.0,40.6152,43.0937,299.92,299.93,4.5,mb,0.0,0.0001,,554.0,C,False,True,False,False,
quakeml:eu.emsc/event/20110302_0000058,AGRB,KO,,BHE,broadband,42.6356,45.4847,2.0,39.5755,42.992,399.2,399.21,4.5,mb,0.0,0.0001,,474.0,C,False,True,False,False,
quakeml:eu.emsc/event/20110430_0000003,CUKT,KO,,BHE,broadband,36.3606,44.7448,2.0,37.2473,43.6077,141.32,141.33,4.6,md,5e-05,0.0027,,900.0,B,True,True,False,False,
quakeml:eu.emsc/event/20110430_0000003,SIRT,KO,,BHE,broadband,36.3606,44.7448,2.0,37.501,42.4392,240.98,240.99,4.6,md,3e-05,0.0026,,629.0,C,False,True,False,False,clipping_şüphesi
quakeml:eu.emsc/event/20140524_0000027,GELI,KO,,HHE,broadband,40.4,26.28,2.0,40.398,26.4742,16.45,16.57,5.0,mb,0.00231,0.1238,2.36,561.0,C,False,True,False,True,
quakeml:eu.emsc/event/20140524_0000027,ERIK,KO,,HHE,broadband,40.4,26.28,2.0,40.6708,26.5132,35.99,36.05,5.0,mb,0.00176,0.1206,2.13,262.0,D,False,True,False,True,
quakeml:eu.emsc/event/20150528_0000043,DAT,KO,,BHN,broadband,35.01,26.78,2.0,36.7308,27.5767,204.36,204.37,4.5,mb,4e-05,0.0039,,789.0,B,False,True,False,False,has_gaps
quakeml:eu.emsc/event/20150528_0000043,DATC,KO,,HNE,strong_motion,35.01,26.78,2.0,36.7584,27.6602,209.96,209.97,4.5,mb,0.0009,0.0259,,436.0,C,True,True,True,False,
quakeml:eu.emsc/event/20150528_0000043,MRSB,KO,,HNE,strong_motion,35.01,26.78,2.0,36.7161,28.1969,228.67,228.68,4.5,mb,0.00038,0.0246,,732.0,C,True,True,True,False,
quakeml:eu.emsc/event/20151009_0000049,TOKT,KO,,HHE,broadband,40.67,36.65,23.0,40.3173,36.5443,40.22,46.33,4.9,mb,0.00357,0.2142,12.95,632.0,C,False,True,False,True,
quakeml:eu.emsc/event/20151009_0000049,KUPE,KO,,HNE,strong_motion,40.67,36.65,23.0,40.8766,36.0489,55.59,60.16,4.9,mb,0.00557,0.342,,688.0,C,True,True,True,False,
quakeml:eu.emsc/event/20151009_0000049,HKOY,KO,,HNE,strong_motion,40.67,36.65,23.0,40.892,35.9884,60.93,65.13,4.9,mb,0.00679,0.2849,,900.0,B,True,True,True,False,
quakeml:eu.emsc/event/20151009_0000049,RSDY,KO,,BHE,broadband,40.67,36.65,23.0,40.3971,37.3273,64.79,68.75,4.9,mb,0.00264,0.1918,34.45,528.0,C,False,True,False,True,
quakeml:eu.emsc/event/20151009_0000101,CLDR,KO,,BHE,broadband,39.11,43.71,2.0,39.144,43.9172,18.27,18.38,4.8,mb,4e-05,0.0007,,296.0,D,False,True,False,False,
quakeml:eu.emsc/event/20151009_0000101,ERCV,KO,,HNE,strong_motion,39.11,43.71,2.0,39.0198,43.3381,33.64,33.7,4.8,mb,0.00098,0.0469,,344.0,D,True,True,False,False,has_gaps
quakeml:eu.emsc/event/20151009_0000101,VANB,KO,,HHE,broadband,39.11,43.71,2.0,38.509,43.4056,71.84,71.87,4.8,mb,0.0,0.0001,,548.0,C,False,True,False,False,
quakeml:eu.emsc/event/20151009_0000101,AGRB,KO,,HHE,broadband,39.11,43.71,2.0,39.5755,42.992,80.57,80.59,4.8,mb,1e-05,0.0004,,474.0,C,False,True,False,False,
quakeml:eu.emsc/event/20170721_0000092,DAT,KO,,BHE,broadband,36.89,27.66,2.0,36.7308,27.5767,19.19,19.29,4.6,mw,0.00419,0.1203,11.2,789.0,B,False,True,False,True,
quakeml:eu.emsc/event/20171019_0000126,SEYD,KO,,HNE,strong_motion,37.35,31.4,407.0,37.4056,31.8379,39.18,408.88,4.5,mb,5e-05,0.0142,,382.0,C,True,True,False,False,clipping_şüphesi
quakeml:eu.emsc/event/20171019_0000126,BCK,KO,,BHE,broadband,37.35,31.4,407.0,37.4602,30.5885,72.72,413.45,4.5,mb,1e-05,0.0002,,567.0,C,True,True,False,False,
quakeml:eu.emsc/event/20180814_0000155,SNOP,KO,,BHE,broadband,42.8233,35.3448,10.0,42.0195,35.2069,90.09,90.64,4.5,m,0.0,0.001,,561.0,C,False,True,False,False,
quakeml:eu.emsc/event/20180814_0000155,SINP,KO,,HNE,strong_motion,42.8233,35.3448,10.0,41.9824,35.0956,95.72,96.24,4.5,m,0.00013,0.0067,,276.0,D,True,True,True,False,
quakeml:eu.emsc/event/20180814_0000155,DIKM,KO,,BHE,broadband,42.8233,35.3448,10.0,41.6497,35.2578,130.69,131.07,4.5,m,0.0,0.0001,,671.0,C,False,True,False,False,
quakeml:eu.emsc/event/20180814_0000155,BZK,KO,,BHE,broadband,42.8233,35.3448,10.0,41.96,34.0035,146.11,146.45,4.5,m,0.0,0.0002,,871.0,B,False,True,False,False,
quakeml:eu.emsc/event/20191212_0000017,DAT,KO,,BHE,broadband,35.17,26.19,3.0,36.7308,27.5767,213.77,213.79,4.9,mb,0.00019,0.0075,,789.0,B,False,True,False,False,clipping_şüphesi
quakeml:eu.emsc/event/20191212_0000017,DATC,KO,,HNE,strong_motion,35.17,26.19,3.0,36.7584,27.6602,220.68,220.7,4.9,mb,0.00172,0.0371,,436.0,C,True,True,True,False,
quakeml:eu.emsc/event/20191212_0000017,BODT,KO,,BHE,broadband,35.17,26.19,3.0,37.0622,27.3103,233.22,233.24,4.9,mb,4e-05,0.0042,,464.0,C,False,True,False,False,
quakeml:eu.emsc/event/20201030_0000093,CESE,KO,,HNE,strong_motion,38.01,26.56,17.0,38.3306,26.2997,42.29,45.58,4.8,ml,0.00079,0.1483,,410.0,C,True,True,True,False,
quakeml:eu.emsc/event/20201030_0000093,BLCB,KO,,BHE,broadband,38.01,26.56,17.0,38.3853,27.042,59.29,61.68,4.8,ml,0.0039,0.2175,3.73,646.0,C,False,True,False,True,clipping_şüphesi
quakeml:eu.emsc/event/20201030_0000093,KRBN,KO,,HNE,strong_motion,38.01,26.56,17.0,38.5936,26.5537,64.9,67.09,4.8,ml,0.00165,0.1699,8.54,843.0,B,True,True,True,True,
quakeml:eu.emsc/event/20201031_0000312,GMLD,KO,,HNE,strong_motion,37.87,26.46,16.0,38.0766,26.9157,46.08,48.78,4.5,mb,0.00343,0.1702,,289.0,D,True,True,True,False,
quakeml:eu.emsc/event/20201031_0000312,CESE,KO,,HNE,strong_motion,37.87,26.46,16.0,38.3306,26.2997,53.1,55.46,4.5,mb,0.00042,0.0434,,410.0,C,True,True,True,False,
quakeml:eu.emsc/event/20201031_0000312,KUSD,KO,,HNE,strong_motion,37.87,26.46,16.0,37.8606,27.2868,72.59,74.33,4.5,mb,0.00025,0.018,,616.0,C,True,True,True,False,
quakeml:eu.emsc/event/20201031_0000312,BLCB,KO,,BHE,broadband,37.87,26.46,16.0,38.3853,27.042,76.65,78.3,4.5,mb,0.00055,0.0215,9.01,646.0,C,False,True,False,True,clipping_şüphesi
quakeml:eu.emsc/event/20230206_0000015,SVAN,KO,,HHE,broadband,37.35,41.77,10.0,38.1511,41.1984,102.28,102.77,5.0,mb,0.00038,0.0402,4.85,571.0,C,False,True,False,True,
quakeml:eu.emsc/event/20230206_0000015,MAZI,KO,,HHZ,broadband,37.35,41.77,10.0,37.4593,40.4465,117.53,117.95,5.0,mb,0.00327,0.2422,2.9,542.0,C,False,True,False,False,has_gaps
quakeml:eu.emsc/event/20230206_0000015,GURO,KO,,HHE,broadband,37.35,41.77,10.0,38.5509,42.0322,135.5,135.87,5.0,mb,0.00028,0.0255,3.13,559.0,C,False,True,False,True,
quakeml:eu.emsc/event/20230206_0000019,KIZT,KO,,HHE,broadband,38.79,32.06,10.0,38.8808,31.883,18.36,20.91,5.0,m,2e-05,0.0137,6.23,577.0,C,False,True,False,True,
quakeml:eu.emsc/event/20230206_0000019,LADK,KO,,HHE,broadband,38.79,32.06,10.0,38.1999,32.3648,70.77,71.47,5.0,m,1e-05,0.0085,8.23,438.0,C,False,True,False,True,
quakeml:eu.emsc/event/20230206_0000019,CHBY,KO,,HHE,broadband,38.79,32.06,10.0,38.5823,32.8902,75.67,76.33,5.0,m,0.00017,0.0228,1.64,334.0,D,False,True,False,True,
quakeml:eu.emsc/event/20230206_0000472,KHMN,KO,,HNE,strong_motion,37.6401,37.78,5.0,37.3916,37.1574,61.47,61.67,5.1,m,0.00703,0.0782,,272.0,D,True,True,True,False,
quakeml:eu.emsc/event/20230206_0000472,GAZ,KO,,HHE,broadband,37.6401,37.78,5.0,37.1721,37.2096,72.43,72.6,5.1,m,0.00116,0.0665,20.05,347.0,D,False,True,False,True,
quakeml:eu.emsc/event/20230206_0000472,KMRS,KO,,HHE,broadband,37.6401,37.78,5.0,37.5087,36.9,78.92,79.08,5.1,m,0.00283,0.1479,26.76,314.0,D,False,True,False,True,
quakeml:eu.emsc/event/20230301_0000077,URFA,KO,,HHE,broadband,36.34,38.95,106.0,37.4409,38.8213,122.95,162.34,4.9,m,9e-05,0.0077,8.54,364.0,C,False,True,False,True,
quakeml:eu.emsc/event/20230301_0000077,GAZ,KO,,HHE,broadband,36.34,38.95,106.0,37.1721,37.2096,180.55,209.37,4.9,m,0.00031,0.0196,4.25,347.0,D,False,True,False,True,
quakeml:eu.emsc/event/20230301_0000077,KHMN,KO,,HNE,strong_motion,36.34,38.95,106.0,37.3916,37.1574,197.74,224.36,4.9,m,0.00029,0.0193,,272.0,D,True,True,True,False,
quakeml:eu.emsc/event/20230913_0000147,MAZI,KO,,HHE,broadband,36.5564,40.496,10.0,37.4593,40.4465,100.49,100.99,4.5,m,8e-05,0.0086,22.95,542.0,C,False,True,False,True,
quakeml:eu.emsc/event/20230913_0000147,DYBB,KO,,HHE,broadband,36.5564,40.496,10.0,37.9532,40.1393,158.49,158.81,4.5,m,2e-05,0.0008,,371.0,C,False,True,False,False,
quakeml:eu.emsc/event/20230913_0000147,URFA,KO,,HHE,broadband,36.5564,40.496,10.0,37.4409,38.8213,178.3,178.58,4.5,m,3e-05,0.0043,5.25,364.0,C,False,True,False,True,
quakeml:eu.emsc/event/20230913_0000147,SVAN,KO,,HHE,broadband,36.5564,40.496,10.0,38.1511,41.1984,187.88,188.15,4.5,m,1e-05,0.0004,,571.0,C,False,True,False,False,
quakeml:eu.emsc/event/20250423_0000296,GUZE,KO,,HNE,strong_motion,40.8443,28.3263,5.4,40.9998,28.5074,23.03,23.65,5.3,mw,0.02022,0.9185,,398.0,C,True,True,True,False,
quakeml:eu.emsc/event/20250423_0000296,SINB,KO,,HNE,strong_motion,40.8443,28.3263,5.4,40.9998,28.5392,24.88,25.46,5.3,mw,0.01907,0.5312,21.16,466.0,C,True,True,True,True,
quakeml:eu.emsc/event/20250423_0000296,SILV,KO,,HNE,strong_motion,40.8443,28.3263,5.4,41.0723,28.239,26.39,26.94,5.3,mw,0.00692,0.3243,,324.0,D,True,True,True,False,
quakeml:eu.emsc/event/20250423_0000296,BUYK,KO,,HNE,strong_motion,40.8443,28.3263,5.4,41.0168,28.5828,28.85,29.35,5.3,mw,0.01083,0.7886,18.05,245.0,D,True,True,False,False,has_gaps
smi:ISC/evid=12702302,YER,KO,,BHE,broadband,36.6794,26.5933,17.4298,37.1336,28.284,158.58,159.53,4.56,mb,4e-05,0.0028,-1.08,494.0,C,False,True,False,True,
smi:ISC/evid=17507250,AGRB,KO,,BHE,broadband,38.5001,43.1356,15.0,39.5755,42.992,120.22,121.15,4.54,mb,0.00076,0.0499,1.38,474.0,C,False,True,False,True,
smi:ISC/evid=602825626,AGRB,KO,,BHE,broadband,38.7048,43.1414,14.5252,39.5755,42.992,97.67,98.74,4.67,mb,0.00013,0.0107,5.86,474.0,C,False,True,False,True,
smi:ISC/evid=606441310,VRTB,KO,,BHE,broadband,39.025,41.538,15.0,39.1603,41.4558,16.63,22.4,5.3,mw,0.0,0.0002,,555.0,C,False,True,False,False,
smi:ISC/evid=606441310,KARO,KO,,HHE,broadband,39.025,41.538,15.0,39.3089,41.0493,52.65,54.75,5.3,mw,1e-05,0.0002,,548.0,C,False,True,False,False,
smi:ISC/evid=606441310,GURO,KO,,HHE,broadband,39.025,41.538,15.0,38.5509,42.0322,67.93,69.57,5.3,mw,0.0,0.0045,,559.0,C,False,True,False,False,
smi:ISC/evid=606441310,BNGB,KO,,BHE,broadband,39.025,41.538,15.0,38.9913,40.6792,74.3,75.8,5.3,mw,0.0,0.0001,,603.0,C,False,True,False,False,
smi:ISC/evid=606444276,KARO,KO,,HHE,broadband,39.028,41.07,17.6,39.3089,41.0493,31.29,35.9,4.7,mw,4e-05,0.0007,,548.0,C,False,True,False,False,
smi:ISC/evid=606444276,BNGB,KO,,BHE,broadband,39.028,41.07,17.6,38.9913,40.6792,34.01,38.29,4.7,mw,2e-05,0.0002,,603.0,C,False,True,False,False,
smi:ISC/evid=606444276,VRTB,KO,,BHE,broadband,39.028,41.07,17.6,39.1603,41.4558,36.4,40.43,4.7,mw,4e-05,0.0005,,555.0,C,False,True,False,False,
smi:ISC/evid=606444276,YEDI,KO,,BHE,broadband,39.028,41.07,17.6,39.4377,40.5443,64.23,66.6,4.7,mw,3e-05,0.0006,,833.0,B,False,True,False,False,
smi:ISC/evid=606444767,VANB,KO,,HHE,broadband,38.696,43.126,6.8,38.509,43.4056,31.98,32.69,4.8,mw,0.0,0.0002,,548.0,C,False,True,False,False,
smi:ISC/evid=606444767,ERCV,KO,,HNN,strong_motion,38.696,43.126,6.8,39.0198,43.3381,40.42,40.99,4.8,mw,0.00028,0.035,,344.0,D,True,True,False,False,has_gaps
smi:ISC/evid=606444767,AKDM,KO,,HHE,broadband,38.696,43.126,6.8,38.3285,42.98,42.79,43.33,4.8,mw,0.0,0.0004,,353.0,D,False,True,False,False,
smi:ISC/evid=606444767,MLAZ,KO,,HHE,broadband,38.696,43.126,6.8,39.141,42.5496,70.25,70.58,4.8,mw,2e-05,0.0005,,386.0,C,False,True,False,False,
smi:ISC/evid=606449948,PTK,KO,,BHE,broadband,39.075,38.76,15.0,38.8923,39.3923,58.31,60.21,4.5,mw,0.0,0.0,,456.0,C,False,True,False,False,
smi:ISC/evid=606449948,MALT,KO,,HHE,broadband,39.075,38.76,15.0,38.3134,38.4273,89.47,90.72,4.5,mw,0.0,0.0002,,829.0,B,False,True,False,False,
smi:ISC/evid=611461965,DAT,KO,,BHE,broadband,35.0432,26.2747,24.474400000000003,36.7308,27.5767,221.29,222.64,4.8,ms,0.00042,0.0395,1.95,789.0,B,False,True,False,True,
smi:ISC/evid=611461965,BODT,KO,,BHE,broadband,35.0432,26.2747,24.474400000000003,37.0622,27.3103,243.04,244.27,4.8,ms,0.00016,0.0207,17.59,464.0,C,False,True,False,True,
smi:ISC/evid=612794627,CUKT,KO,,BHE,broadband,35.291,45.3516,10.0,37.2473,43.6077,267.87,268.06,4.55,ms,9e-05,0.0022,,900.0,B,True,True,False,False,
smi:ISC/evid=612794627,SIRT,KO,,BHE,broadband,35.291,45.3516,10.0,37.501,42.4392,358.21,358.35,4.55,ms,0.01233,0.2984,,629.0,C,False,True,False,False,
smi:ISC/evid=612794627,VANB,KO,,HHE,broadband,35.291,45.3516,10.0,38.509,43.4056,397.44,397.57,4.55,ms,0.0,0.0002,,548.0,C,False,True,False,False,
smi:ISC/evid=612794627,AKDM,KO,,HHE,broadband,35.291,45.3516,10.0,38.3285,42.98,398.28,398.41,4.55,ms,1e-05,0.0004,,353.0,D,False,True,False,False,
smi:ISC/evid=616173852,DAT,KO,,BHE,broadband,35.3388,25.0239,76.82910000000001,36.7308,27.5767,276.84,287.3,5.14,mb,0.00016,0.0092,,789.0,B,False,True,False,False,clipping_şüphesi
smi:ISC/evid=616173852,YKAV,KO,,HNE,strong_motion,35.3388,25.0239,76.82910000000001,37.1246,27.2801,283.5,293.73,5.14,mb,0.00012,0.0318,,462.0,C,True,True,True,False,
smi:ISC/evid=616173852,DATC,KO,,HNE,strong_motion,35.3388,25.0239,76.82910000000001,36.7584,27.6602,284.75,294.93,5.14,mb,0.00116,0.0209,,436.0,C,True,True,True,False,
smi:ISC/evid=617504661,DAT,KO,,BHE,broadband,35.1853,27.9599,10.0,36.7308,27.5767,175.28,175.57,4.52,mb,7e-05,0.0194,2.01,789.0,B,False,True,False,True,
smi:ISC/evid=617504661,DATC,KO,,HNE,strong_motion,35.1853,27.9599,10.0,36.7584,27.6602,176.99,177.27,4.52,mb,0.00073,0.0487,,436.0,C,True,True,True,False,
smi:ISC/evid=618707167,ERCV,KO,,HNE,strong_motion,38.7833,43.4167,10.0,39.0198,43.3381,27.16,28.94,4.7,ms,0.01584,1.0484,,344.0,D,True,True,True,False,
smi:ISC/evid=618707167,VANB,KO,,HHE,broadband,38.7833,43.4167,10.0,38.509,43.4056,30.52,32.12,4.7,ms,0.00189,0.2375,25.28,548.0,C,False,True,False,True,
smi:ISC/evid=618707167,AKDM,KO,,HHE,broadband,38.7833,43.4167,10.0,38.3285,42.98,63.24,64.03,4.7,ms,0.0003,0.0471,25.01,353.0,D,False,True,False,True,
smi:ISC/evid=625729748,TAHT,KO,,HHE,broadband,35.9929,35.6476,15.0,36.3755,36.1855,64.35,66.08,5.0,mb,0.07558,2.9288,,458.0,C,False,True,False,False,
smi:ISC/evid=625729748,KRTS,KO,,HNE,strong_motion,35.9929,35.6476,15.0,36.573,35.375,68.98,70.59,5.0,mb,0.01696,4.2403,,313.0,D,True,True,True,False,
smi:ISC/evid=625729748,CEYT,KO,,HHE,broadband,35.9929,35.6476,15.0,37.0105,35.7478,113.51,114.5,5.0,mb,0.01317,1.0869,2.13,360.0,D,False,True,False,True,
smi:ISC/evid=625729916,DARE,KO,,HHE,broadband,38.2919,38.1552,8.4796,38.5712,37.4832,66.26,66.8,5.61,mb,0.00307,0.2389,8.08,510.0,C,False,True,False,True,
smi:ISC/evid=625729916,ARPRA,KO,,HNE,strong_motion,38.2919,38.1552,8.4796,39.0929,38.3356,90.43,90.83,5.61,mb,0.0052,0.3773,,773.0,B,True,True,True,False,
smi:ISC/evid=625730003,DARE,KO,,HHE,broadband,37.9271,37.6727,12.7145,38.5712,37.4832,73.51,74.6,4.58,ms,0.00107,0.0858,8.4,510.0,C,False,True,False,True,clipping_şüphesi
smi:ISC/evid=625730003,KMRS,KO,,HHE,broadband,37.9271,37.6727,12.7145,37.5087,36.9,82.36,83.34,4.58,ms,0.00071,0.0722,20.9,314.0,D,False,True,False,True,
smi:ISC/evid=626661309,SARI,KO,,HHE,broadband,37.9745,36.3452,13.6,38.4072,36.4181,48.53,50.4,4.8,ml,0.01107,0.3224,9.18,740.0,C,False,True,False,True,
smi:ISC/evid=626661309,KMRS,KO,,HHE,broadband,37.9745,36.3452,13.6,37.5087,36.9,71.15,72.44,4.8,ml,0.00213,0.3143,2.55,314.0,D,False,True,False,True,
smi:ISC/evid=626661309,KOZT,KO,,HHE,broadband,37.9745,36.3452,13.6,37.4795,35.8264,71.49,72.77,4.8,ml,0.00127,0.2855,3.38,567.0,C,False,True,False,True,
smi:ISC/evid=641959986,CLDR,KO,,HHE,broadband,38.5617,44.9304,10.0,39.144,43.9172,109.04,109.5,4.8,ml,0.00013,0.1849,,296.0,D,False,True,False,False,has_gaps
smi:ISC/evid=641959986,ERCV,KO,,HNE,strong_motion,38.5617,44.9304,10.0,39.0198,43.3381,147.1,147.44,4.8,ml,0.00029,0.0872,,344.0,D,True,True,True,False,
smi:ISC/evid=641959986,TASB,KO,,HHE,broadband,38.5617,44.9304,10.0,39.9838,44.2384,168.98,169.28,4.8,ml,0.00029,0.1226,2.17,228.0,D,False,True,False,True,
smi:ISC/evid=642689049,DARE,KO,,HHE,broadband,38.126,37.856,6.9,38.5712,37.4832,59.22,59.62,4.9,ml,0.0077,0.551,0.49,510.0,C,False,True,False,True,
smi:ISC/evid=642689049,KMRS,KO,,HHE,broadband,38.126,37.856,6.9,37.5087,36.9,108.46,108.68,4.9,ml,0.00304,0.3126,-0.66,314.0,D,False,True,False,True,
smi:ISC/evid=642689050,DARE,KO,,HHE,broadband,38.1093,37.2467,10.0,38.5712,37.4832,55.35,56.25,4.56,mb,0.00204,0.1024,5.69,510.0,C,False,True,False,True,clipping_şüphesi
smi:ISC/evid=642689050,KMRS,KO,,HHE,broadband,38.1093,37.2467,10.0,37.5087,36.9,73.4,74.08,4.56,mb,0.00072,0.0557,-0.19,314.0,D,False,True,False,True,
smi:ISC/evid=642689050,SARI,KO,,HHE,broadband,38.1093,37.2467,10.0,38.4072,36.4181,79.57,80.2,4.56,mb,0.00691,0.16,3.56,740.0,C,False,True,False,True,
smi:ISC/evid=642689053,DARE,KO,,HHE,broadband,38.3018,38.2898,10.0,38.5712,37.4832,76.37,77.02,4.52,mb,0.00229,0.1346,8.81,510.0,C,False,True,False,True,clipping_şüphesi
smi:ISC/evid=642689053,ARPRA,KO,,HNE,strong_motion,38.3018,38.2898,10.0,39.0929,38.3356,88.06,88.63,4.52,mb,0.00306,0.1871,,773.0,B,True,True,True,False,
smi:ISC/evid=642709488,URFA,KO,,HHE,broadband,38.187,38.687,7.2,37.4409,38.8213,83.8,84.11,4.7,mw,0.00224,0.1633,-0.13,364.0,C,False,True,False,True,
smi:ISC/evid=642816819,YKAV,KO,,HNE,strong_motion,36.565,25.5991,0.0,37.1246,27.2801,162.01,162.01,4.6,mb,0.00102,0.0673,,462.0,C,True,True,True,False,
smi:ISC/evid=642816819,BODT,KO,,HHE,broadband,36.565,25.5991,0.0,37.0622,27.3103,162.05,162.05,4.6,mb,0.00127,0.0792,,464.0,C,False,True,False,False,
smi:ISC/evid=642816819,BODA,KO,,HNE,strong_motion,36.565,25.5991,0.0,37.0348,27.4304,171.21,171.21,4.6,mb,0.001,0.0647,,600.0,C,True,True,True,False,
smi:ISC/evid=642816819,DIDI,KO,,HNE,strong_motion,36.565,25.5991,0.0,37.3767,27.2398,171.43,171.43,4.6,mb,0.00212,0.1503,,316.0,D,True,True,True,False,
smi:ISC/evid=642817752,YKAV,KO,,HNE,strong_motion,36.71,25.56,10.0,37.1246,27.2801,159.71,160.02,4.6,mb,6e-05,0.0342,,462.0,C,True,True,True,False,
smi:ISC/evid=642817752,BODT,KO,,HHE,broadband,36.71,25.56,10.0,37.0622,27.3103,160.51,160.82,4.6,mb,8e-05,0.0037,,464.0,C,False,True,False,False,
smi:ISC/evid=642817752,DIDI,KO,,HNE,strong_motion,36.71,25.56,10.0,37.3767,27.2398,166.5,166.8,4.6,mb,0.00046,0.0792,,316.0,D,True,True,True,False,
smi:ISC/evid=642817752,BODA,KO,,HNE,strong_motion,36.71,25.56,10.0,37.0348,27.4304,170.25,170.54,4.6,mb,0.00013,0.0326,,600.0,C,True,True,True,False,
smi:ISC/evid=642817765,YKAV,KO,,HNE,strong_motion,36.629,25.698,13.9,37.1246,27.2801,151.13,151.77,4.8,ml,0.00022,0.0119,,462.0,C,True,True,True,False,
smi:ISC/evid=642817765,BODT,KO,,HHE,broadband,36.629,25.698,13.9,37.0622,27.3103,151.34,151.98,4.8,ml,0.00026,0.0113,,464.0,C,False,True,False,False,
smi:ISC/evid=642817765,DIDI,KO,,HNE,strong_motion,36.629,25.698,13.9,37.3767,27.2398,160.18,160.78,4.8,ml,0.00033,0.0182,,316.0,D,True,True,True,False,
smi:ISC/evid=642817765,BODA,KO,,HNE,strong_motion,36.629,25.698,13.9,37.0348,27.4304,160.65,161.25,4.8,ml,0.00018,0.0105,,600.0,C,True,True,True,False,
smi:ISC/evid=642817768,YKAV,KO,,HNE,strong_motion,36.5901,25.6296,0.0,37.1246,27.2801,158.41,158.41,4.8,mb,0.0003,0.0239,,462.0,C,True,True,True,False,
smi:ISC/evid=642817768,BODT,KO,,HHE,broadband,36.5901,25.6296,0.0,37.0622,27.3103,158.53,158.53,4.8,mb,0.00026,0.0188,,464.0,C,False,True,False,False,
smi:ISC/evid=642817768,DIDI,KO,,HNE,strong_motion,36.5901,25.6296,0.0,37.3767,27.2398,167.64,167.64,4.8,mb,0.00056,0.0479,,316.0,D,True,True,True,False,
smi:ISC/evid=642817768,BODA,KO,,HNE,strong_motion,36.5901,25.6296,0.0,37.0348,27.4304,167.76,167.76,4.8,mb,0.00019,0.016,,600.0,C,True,True,True,False,
smi:ISC/evid=642817770,BODT,KO,,HHE,broadband,36.5525,25.6278,0.0,37.0622,27.3103,160.15,160.15,4.5,mb,0.00017,0.0092,,464.0,C,False,True,False,False,
smi:ISC/evid=642817770,YKAV,KO,,HNE,strong_motion,36.5525,25.6278,0.0,37.1246,27.2801,160.21,160.21,4.5,mb,0.00019,0.012,,462.0,C,True,True,True,False,
smi:ISC/evid=642817770,BODA,KO,,HNE,strong_motion,36.5525,25.6278,0.0,37.0348,27.4304,169.23,169.23,4.5,mb,0.00015,0.0081,,600.0,C,True,True,True,False,
smi:ISC/evid=642817770,DIDI,KO,,HNE,strong_motion,36.5525,25.6278,0.0,37.3767,27.2398,170.03,170.03,4.5,mb,0.00032,0.0181,,316.0,D,True,True,True,False,
smi:ISC/evid=642850876,BODT,KO,,HHE,broadband,36.5215,25.6038,45.7,37.0622,27.3103,163.42,169.69,4.9,mb,0.00038,0.0268,,464.0,C,False,True,False,False,has_gaps
smi:ISC/evid=642850876,YKAV,KO,,HNE,strong_motion,36.5215,25.6038,45.7,37.1246,27.2801,163.58,169.84,4.9,mb,0.00022,0.0197,,462.0,C,True,True,True,False,
smi:ISC/evid=642850876,BODA,KO,,HNE,strong_motion,36.5215,25.6038,45.7,37.0348,27.4304,172.4,178.35,4.9,mb,0.00021,0.0146,,600.0,C,True,True,True,False,
smi:ISC/evid=642850876,DIDI,KO,,HNE,strong_motion,36.5215,25.6038,45.7,37.3767,27.2398,173.71,179.62,4.9,mb,0.00057,0.2268,,316.0,D,True,True,False,False,has_gaps
smi:ISC/evid=642917516,BODT,KO,,HHE,broadband,36.5049,25.4898,10.0,37.0622,27.3103,173.56,173.85,4.6,mb,0.00018,0.0094,,464.0,C,False,True,False,False,
smi:ISC/evid=642917516,YKAV,KO,,HNE,strong_motion,36.5049,25.4898,10.0,37.1246,27.2801,173.63,173.92,4.6,mb,0.00014,0.008,,462.0,C,True,True,True,False,
smi:ISC/evid=642917516,BODA,KO,,HNZ,strong_motion,36.5049,25.4898,10.0,37.0348,27.4304,182.62,182.89,4.6,mb,0.00015,0.0319,,600.0,C,True,True,False,False,has_gaps
smi:ISC/evid=642917516,DIDI,KO,,HNE,strong_motion,36.5049,25.4898,10.0,37.3767,27.2398,183.26,183.53,4.6,mb,0.00052,0.028,,316.0,D,True,True,True,False,
smi:ISC/evid=643165028,BOTS,KO,,HNE,strong_motion,40.8342,28.1897,12.736,40.9902,27.981,24.67,27.76,5.8,mb,0.09303,6.797,68.47,600.0,C,True,True,True,True,
smi:ISC/evid=643165028,MAEG,KO,,HNE,strong_motion,40.8342,28.1897,12.736,40.9653,27.9448,25.22,28.25,5.8,mb,0.08463,3.6175,,255.0,D,True,True,True,False,
smi:ISC/evid=643165028,SILV,KO,,HNN,strong_motion,40.8342,28.1897,12.736,41.0723,28.239,26.8,29.67,5.8,mb,0.05601,6.6482,,324.0,D,True,True,False,False,has_gaps
smi:ISC/evid=643165028,GUZE,KO,,HNE,strong_motion,40.8342,28.1897,12.736,40.9998,28.5074,32.43,34.84,5.8,mb,0.16845,13.3387,3.59,398.0,C,True,True,True,True,
smi:ISC/evid=643284596,KULU,KO,,HHE,broadband,39.146,33.215,10.0,39.0343,33.0023,22.16,24.31,5.24,mb,0.00498,0.351,67.55,355.0,D,False,True,False,False,has_gaps
smi:ISC/evid=643284596,AFSR,KO,,HHE,broadband,39.146,33.215,10.0,39.4468,33.0707,35.68,37.05,5.24,mb,0.00198,4.7253,33.72,413.0,C,False,True,False,False,has_gaps
smi:ISC/evid=643284596,KAMT,KO,,HHE,broadband,39.146,33.215,10.0,39.3689,33.7087,49.21,50.22,5.24,mb,0.00113,0.0581,13.93,429.0,C,False,True,False,False,has_gaps
smi:ISC/evid=643506483,DAT,KO,,HHE,broadband,35.0187,25.7626,45.3,36.7308,27.5767,250.91,254.97,5.4,mb,3e-05,0.0073,,789.0,B,False,True,False,False,"has_gaps,clipping_şüphesi"
smi:ISC/evid=643506483,BODT,KO,,HHE,broadband,35.0187,25.7626,45.3,37.0622,27.3103,266.44,270.26,5.4,mb,4e-05,0.0078,,464.0,C,False,True,False,False,
smi:ISC/evid=643506483,BODA,KO,,HNE,strong_motion,35.0187,25.7626,45.3,37.0348,27.4304,269.71,273.49,5.4,mb,0.0001,0.0865,,600.0,C,True,True,False,False,has_gaps
smi:ISC/evid=643600095,DAT,KO,,HHE,broadband,35.039,26.697,14.1,36.7308,27.5767,204.13,204.62,5.03,mb,0.00029,0.0205,,789.0,B,False,True,False,False,clipping_şüphesi
smi:ISC/evid=643600095,DATC,KO,,HNE,strong_motion,35.039,26.697,14.1,36.7584,27.6602,209.95,210.42,5.03,mb,0.00061,0.0963,,436.0,C,True,True,True,False,
smi:ISC/evid=644221306,NMR9,KO,,HHE,broadband,40.6036,27.9948,10.0,40.6196,27.702,24.78,26.72,5.3,mb,0.06038,0.5291,35.9,660.0,C,False,True,False,True,
smi:ISC/evid=644221306,EDC,KO,,HHE,broadband,40.6036,27.9948,10.0,40.3465,27.8618,30.72,32.31,5.3,mb,0.00716,0.2151,24.65,710.0,C,True,True,False,True,
smi:ISC/evid=644221306,NMR8,KO,,HHE,broadband,40.6036,27.9948,10.0,40.612,27.5347,38.85,40.12,5.3,mb,0.00445,0.1037,14.83,566.0,C,False,True,False,True,
smi:ISC/evid=644547991,BALB,KO,,HNE,strong_motion,39.31,28.05,10.0,39.6507,27.8642,41.1,42.3,5.9,ms,0.01874,1.7849,31.63,463.0,C,True,True,True,True,
smi:ISC/evid=644547991,GORD,KO,,HNE,strong_motion,39.31,28.05,10.0,38.9088,28.1769,45.94,47.02,5.9,ms,0.04093,3.8235,43.36,662.0,C,True,True,True,True,
smi:ISC/evid=644547991,SOMA,KO,,HNE,strong_motion,39.31,28.05,10.0,39.1564,27.5341,47.6,48.64,5.9,ms,0.01815,2.7773,30.36,798.0,B,True,True,True,True,
smi:ISC/evid=644547991,AKS,KO,,HNE,strong_motion,39.31,28.05,10.0,38.8785,27.8129,52.16,53.11,5.9,ms,0.02178,1.726,8.62,541.0,C,True,True,True,True,
smi:ISC/evid=644682322,SMAA,KO,,HNE,strong_motion,39.088,28.41,252.0,39.1005,28.9805,49.25,256.77,4.8,ml,7e-05,0.008,,275.0,D,True,True,True,False,
smi:ISC/evid=644682322,SIMA,KO,,HHE,broadband,39.088,28.41,252.0,39.0833,28.9825,49.42,256.8,4.8,ml,3e-05,0.0077,-0.75,578.0,C,False,True,False,True,
smi:ISC/evid=645589932,AKDM,KO,,HHE,broadband,38.799,43.655,10.0,38.3285,42.98,78.62,79.25,5.45,mb,0.00049,0.0641,17.92,353.0,D,False,True,False,True,
smi:ISC/evid=645616075,SMAA,KO,,HNE,strong_motion,39.313,28.963,2.0,39.1005,28.9805,23.68,23.76,4.87,mw,0.03783,2.002,8.78,275.0,D,True,True,True,True,
smi:ISC/evid=645616075,SIMA,KO,,HHE,broadband,39.313,28.963,2.0,39.0833,28.9825,25.6,25.68,4.87,mw,0.0236,0.3976,30.75,578.0,C,False,True,False,True,
smi:ISC/evid=645616075,SHAP,KO,,HNE,strong_motion,39.313,28.963,2.0,39.0231,29.222,39.21,39.26,4.87,mw,0.03314,0.7877,,496.0,C,True,True,True,False,
smi:ISC/evid=645616075,DST,KO,,HNE,strong_motion,39.313,28.963,2.0,39.6041,28.6267,43.37,43.42,4.87,mw,0.00265,0.0964,,480.0,C,True,True,True,False,
smi:ISC/evid=645651999,DAT,KO,,HHE,broadband,35.002,26.082,46.6,36.7308,27.5767,234.71,239.29,4.59,mb,2e-05,0.0023,,789.0,B,False,True,False,False,clipping_şüphesi
smi:ISC/evid=645651999,DATC,KO,,HNE,strong_motion,35.002,26.082,46.6,36.7584,27.6602,241.57,246.02,4.59,mb,0.001,0.0328,,436.0,C,True,True,True,False,
smi:ISC/evid=645651999,BODT,KO,,HHE,broadband,35.002,26.082,46.6,37.0622,27.3103,254.31,258.54,4.59,mb,1e-05,0.0015,,464.0,C,False,True,False,False,
smi:ISC/evid=645651999,BODA,KO,,HNE,strong_motion,35.002,26.082,46.6,37.0348,27.4304,256.51,260.71,4.59,mb,7e-05,0.0038,,600.0,C,True,True,False,False,has_gaps
us10001rdw,DATC,KO,,HNE,strong_motion,35.7086,26.6225,66.96,36.7584,27.6602,149.29,163.62,5.2,mww,0.00188,0.1108,,436.0,C,True,True,True,False,
us10001rdw,BODT,KO,,BHE,broadband,35.7086,26.6225,66.96,37.0622,27.3103,162.62,175.87,5.2,mww,0.00044,0.0231,20.0,464.0,C,False,True,False,True,
us10001rdw,YKAV,KO,,HNE,strong_motion,35.7086,26.6225,66.96,37.1246,27.2801,168.09,180.94,5.2,mww,0.00038,0.031,,462.0,C,True,True,True,False,
us10002l9m,VANB,KO,,HHE,broadband,38.6873,43.1797,5.0,38.509,43.4056,27.9,28.34,4.5,mwr,0.00345,0.1914,33.98,548.0,C,False,True,False,True,
us10002l9m,ERCV,KO,,HNE,strong_motion,38.6873,43.1797,5.0,39.0198,43.3381,39.43,39.75,4.5,mwr,0.00709,0.2752,,344.0,D,True,True,True,False,
us10002l9m,AKDM,KO,,HHE,broadband,38.6873,43.1797,5.0,38.3285,42.98,43.52,43.81,4.5,mwr,0.00076,0.0778,23.55,353.0,D,False,True,False,True,
us10002l9m,MLAZ,KO,,HHE,broadband,38.6873,43.1797,5.0,39.141,42.5496,74.28,74.45,4.5,mwr,0.00044,0.0549,,386.0,C,False,True,False,False,
us10002lbs,DAT,KO,,BHE,broadband,36.6375,27.1302,147.19,36.7308,27.5767,41.14,152.83,4.8,mb,0.00064,0.02,3.95,789.0,B,False,True,False,True,
us10002lbs,BODT,KO,,BHE,broadband,36.6375,27.1302,147.19,37.0622,27.3103,49.87,155.41,4.8,mb,0.00014,0.017,20.1,464.0,C,False,True,False,True,
us10002w89,KRTS,KO,,BHE,broadband,36.5646,34.9787,29.62,36.573,35.375,35.4,46.16,4.9,mwr,0.01481,0.2833,11.06,313.0,D,True,True,False,True,
us10002w89,MERS,KO,,BHE,broadband,36.5646,34.9787,29.62,36.8678,34.522,52.86,60.59,4.9,mwr,0.00766,0.3113,32.64,861.0,B,False,True,False,True,
us1000339b,KEMT,KO,,HNE,strong_motion,35.6473,31.2871,47.26,36.6037,30.5558,124.99,133.63,5.0,mww,0.00103,0.0587,,454.0,C,True,True,True,False,
us1000339b,DEMR,KO,,HNE,strong_motion,35.6473,31.2871,47.26,36.2365,29.9056,140.57,148.3,5.0,mww,0.00015,0.0237,,861.0,B,True,True,True,False,
us10003ksq,DEMR,KO,,HNE,strong_motion,36.1682,29.8952,22.4,36.2365,29.9056,7.65,23.67,5.2,mww,0.01447,0.9515,7.43,861.0,B,True,True,True,True,
us10003ksq,ELL,KO,,BHE,broadband,36.1682,29.8952,22.4,36.7483,29.9085,64.52,68.3,5.2,mww,0.00101,0.1619,21.35,900.0,B,False,True,False,True,
us10003ksq,KEMT,KO,,HNE,strong_motion,36.1682,29.8952,22.4,36.6037,30.5558,76.43,79.64,5.2,mww,0.01119,0.8348,,454.0,C,True,True,True,False,
us10003ksq,FETY,KO,,BHE,broadband,36.1682,29.8952,22.4,36.6353,29.0835,89.3,92.07,5.2,mww,0.00323,0.2179,30.88,382.0,C,False,True,False,True,
us10003mgj,TOKT,KO,,HHE,broadband,40.6847,36.6897,5.0,40.3173,36.5443,42.66,42.95,5.1,mwr,0.00357,0.2142,12.95,632.0,C,False,True,False,True,
us10003mgj,KUPE,KO,,HNE,strong_motion,40.6847,36.6897,5.0,40.8766,36.0489,58.02,58.24,5.1,mwr,0.00557,0.3414,,688.0,C,True,True,True,False,
us10003mgj,RSDY,KO,,BHE,broadband,40.6847,36.6897,5.0,40.3971,37.3273,62.65,62.85,5.1,mwr,0.00264,0.1917,34.45,528.0,C,False,True,False,True,
us10003mgj,HKOY,KO,,HNE,strong_motion,40.6847,36.6897,5.0,40.892,35.9884,63.38,63.58,5.1,mwr,0.00679,0.2849,,900.0,B,True,True,True,False,
us100041yx,DARE,KO,,BHE,broadband,38.8236,37.7358,10.0,38.5712,37.4832,35.61,36.99,4.9,mb,0.00365,0.1375,28.14,510.0,C,False,True,False,True,
us100041yx,ARPRA,KO,,HNE,strong_motion,38.8236,37.7358,10.0,39.0929,38.3356,59.89,60.72,4.9,mb,0.00529,0.3135,,773.0,B,True,True,True,False,
us100041yx,MALT,KO,,HHE,broadband,38.8236,37.7358,10.0,38.3134,38.4273,82.66,83.26,4.9,mb,0.00271,0.1463,16.05,829.0,B,False,True,False,True,
us100041yx,ILIC,KO,,BHE,broadband,38.8236,37.7358,10.0,39.4518,38.5675,100.12,100.62,4.9,mb,0.00554,0.0801,19.47,787.0,B,False,True,False,True,
us100042v4,YEDI,KO,,BHE,broadband,39.2826,40.2553,10.0,39.4377,40.5443,30.25,31.86,5.4,mww,0.0309,0.8674,35.59,833.0,B,False,True,False,True,
us100042v4,BNGB,KO,,BHE,broadband,39.2826,40.2553,10.0,38.9913,40.6792,48.84,49.85,5.4,mww,0.00494,0.2815,35.19,603.0,C,False,True,False,True,
us100042v4,ERZN,KO,,BHE,broadband,39.2826,40.2553,10.0,39.5867,39.722,56.93,57.8,5.4,mww,0.01001,0.2935,31.35,573.0,C,False,True,False,True,
us100042v4,KARO,KO,,HHE,broadband,39.2826,40.2553,10.0,39.3089,41.0493,68.39,69.12,5.4,mww,0.00551,0.4485,25.56,548.0,C,False,True,False,True,
us100044xr,YEDI,KO,,BHE,broadband,39.1998,40.2894,10.0,39.4377,40.5443,34.36,35.79,4.5,mwr,0.00391,0.1958,14.38,833.0,B,False,True,False,True,
us100044xr,BNGB,KO,,BHE,broadband,39.1998,40.2894,10.0,38.9913,40.6792,40.85,42.06,4.5,mwr,0.00086,0.0479,15.37,603.0,C,False,True,False,True,
us100044xr,ERZN,KO,,BHE,broadband,39.1998,40.2894,10.0,39.5867,39.722,65.02,65.78,4.5,mwr,0.00053,0.0232,7.33,573.0,C,False,True,False,True,
us100044xr,KARO,KO,,HHE,broadband,39.1998,40.2894,10.0,39.3089,41.0493,66.54,67.29,4.5,mwr,0.00093,0.0571,8.57,548.0,C,False,True,False,True,
us100049m3,DAT,KO,,BHE,broadband,35.5164,27.3862,36.79,36.7308,27.5767,136.11,140.99,5.2,mww,0.00199,0.1229,14.7,789.0,B,False,True,False,True,
us10004dbv,KOZK,KO,,HNE,strong_motion,39.5649,34.3373,10.0,39.2101,34.868,60.3,61.12,5.0,mwr,0.00627,0.258,22.13,520.0,C,True,True,True,True,
us10004dbv,CORM,KO,,BHE,broadband,39.5649,34.3373,10.0,40.1785,34.6302,72.66,73.34,5.0,mwr,0.00388,0.1582,38.17,605.0,C,False,True,False,True,
us10004fnv,DAT,KO,,BHE,broadband,36.6349,26.9684,141.51,36.7308,27.5767,55.28,151.92,4.7,mb,0.00016,0.0086,,789.0,B,False,True,False,False,
us10004fnv,BODT,KO,,BHE,broadband,36.6349,26.9684,141.51,37.0622,27.3103,56.42,152.34,4.7,mb,0.00015,0.0086,18.37,464.0,C,False,True,False,True,
us10004fnv,YKAV,KO,,HNE,strong_motion,36.6349,26.9684,141.51,37.1246,27.2801,61.1,154.14,4.7,mb,6e-05,0.0112,,462.0,C,True,True,True,False,
us100062vt,KARS,KO,,HHE,broadband,41.4162,44.1707,10.0,40.6152,43.0937,126.88,127.27,4.8,mwr,0.00043,0.0304,12.75,554.0,C,False,True,False,True,
us100062vt,TASB,KO,,HHE,broadband,41.4162,44.1707,10.0,39.9838,44.2384,159.38,159.69,4.8,mwr,0.00044,0.0649,2.97,228.0,D,False,True,False,True,
us100062vt,SENK,KO,,BHE,broadband,41.4162,44.1707,10.0,40.5614,42.3505,179.92,180.2,4.8,mwr,0.00019,0.0177,0.2,864.0,B,False,True,False,True,
us100062vt,BCA,KO,,BHE,broadband,41.4162,44.1707,10.0,41.445,41.6223,212.47,212.71,4.8,mwr,0.0001,0.0022,,642.0,C,False,True,False,False,has_gaps
us10006ndm,BODT,KO,,BHE,broadband,36.8658,25.6026,174.95,37.0622,27.3103,153.28,232.6,4.6,mb,5e-05,0.005,16.94,464.0,C,False,True,False,True,
us10006nzz,AKS,KO,,HNE,strong_motion,38.901,27.747,10.0,38.8785,27.8129,6.23,11.78,4.5,mb,0.05355,1.266,4.41,541.0,C,True,True,True,True,
us10006nzz,GOMA,KO,,HNE,strong_motion,38.901,27.747,10.0,38.7077,27.9175,26.08,27.93,4.5,mb,0.00492,0.2445,,636.0,C,True,True,True,False,
us10006nzz,DKL,KO,,BHE,broadband,38.901,27.747,10.0,39.0713,26.9053,75.17,75.83,4.5,mb,0.00085,0.069,10.65,304.0,D,False,True,False,True,
us10007vdu,DAT,KO,,BHE,broadband,35.3583,26.4196,56.63,36.7308,27.5767,184.7,193.19,5.2,mww,0.00103,0.0686,7.86,789.0,B,False,True,False,True,
us10007vud,FETY,KO,,HHE,broadband,36.0062,28.7487,20.41,36.6353,29.0835,76.11,78.8,4.8,mwr,0.00094,0.0684,21.38,382.0,C,False,True,False,True,
us10007vud,DALY,KO,,BHE,broadband,36.0062,28.7487,20.41,36.8162,28.6532,90.47,92.74,4.8,mwr,0.00169,0.136,17.97,458.0,C,False,True,False,True,
us100085uc,GPNR,KO,,HNE,strong_motion,39.521,26.1249,8.66,39.456,26.1331,7.26,11.3,4.6,mwr,0.12208,6.2326,,665.0,C,True,True,True,False,
us100085uc,EZN,KO,,HHE,broadband,39.521,26.1249,8.66,39.8255,26.3246,37.93,38.91,4.6,mwr,0.00512,0.1078,26.56,448.0,C,False,True,False,True,
us100085uc,GADA,KO,,BHE,broadband,39.521,26.1249,8.66,40.1908,25.8987,76.94,77.43,4.6,mwr,0.00054,0.0201,9.18,451.0,C,False,True,False,True,
us100086gw,URFA,KO,,BHE,broadband,37.616,38.4305,10.0,37.4409,38.8213,39.58,40.82,5.6,mww,0.02698,1.8899,13.35,364.0,C,False,True,False,True,
us10008d42,SHUT,KO,,BHE,broadband,38.1884,31.0352,10.0,38.553,30.551,58.53,59.38,4.5,mb,0.00022,0.0176,9.96,379.0,C,False,True,False,True,
us10008d42,BCK,KO,,BHE,broadband,38.1884,31.0352,10.0,37.4602,30.5885,89.98,90.53,4.5,mb,9e-05,0.0082,1.97,567.0,C,True,True,False,True,
us10008d42,BASM,KO,,HNE,strong_motion,38.1884,31.0352,10.0,37.9194,30.035,92.54,93.08,4.5,mb,0.00015,0.0161,0.78,395.0,C,True,True,True,True,
us10008hbd,DALY,KO,,BHE,broadband,37.1253,28.6913,10.0,36.8162,28.6532,34.54,35.96,5.0,mwr,0.00115,0.1558,35.1,458.0,C,False,True,False,True,
us10008hbd,YER,KO,,BHE,broadband,37.1253,28.6913,10.0,37.1336,28.284,36.12,37.48,5.0,mwr,0.00162,0.2037,15.56,494.0,C,False,True,False,True,
us10008hbd,CAME,KO,,HNE,strong_motion,37.1253,28.6913,10.0,36.9435,29.3023,57.88,58.74,5.0,mwr,0.00081,0.115,4.14,469.0,C,True,True,True,True,
us10008ji3,SMAA,KO,,HNE,strong_motion,38.7709,29.0638,10.0,39.1005,28.9805,37.35,38.67,5.0,mb,0.0101,0.7902,5.31,275.0,D,True,True,True,True,
us10008ji3,GEDZ,KO,,HHE,broadband,38.7709,29.0638,10.0,39.0445,29.4105,42.73,43.88,5.0,mb,0.01874,0.4184,29.45,468.0,C,True,True,False,True,
us10008jiy,GOMA,KO,,HNE,strong_motion,38.661,27.6692,10.0,38.7077,27.9175,22.17,24.32,4.9,mb,0.00941,0.5423,,636.0,C,True,True,True,False,
us10008jiy,AKS,KO,,HNE,strong_motion,38.661,27.6692,10.0,38.8785,27.8129,27.21,28.99,4.9,mb,0.01145,0.6661,,541.0,C,True,True,True,False,
us10008jiy,BLCB,KO,,BHE,broadband,38.661,27.6692,10.0,38.3853,27.042,62.58,63.37,4.9,mb,0.0032,0.1473,28.52,646.0,C,False,True,False,True,
us10008jiy,DKL,KO,,BHE,broadband,38.661,27.6692,10.0,39.0713,26.9053,80.35,80.97,4.9,mb,0.00227,0.0995,12.69,304.0,D,False,True,False,True,
us10008mku,AKDM,KO,,HHE,broadband,38.2272,42.9497,10.0,38.3285,42.98,11.57,15.29,4.5,mb,0.02394,0.3103,39.11,353.0,D,False,True,False,True,
us10008mku,VANB,KO,,HHE,broadband,38.2272,42.9497,10.0,38.509,43.4056,50.61,51.59,4.5,mb,0.00038,0.0434,25.69,548.0,C,False,True,False,True,
us10008mku,GURO,KO,,HHE,broadband,38.2272,42.9497,10.0,38.5509,42.0322,87.69,88.26,4.5,mb,0.00075,0.0318,4.74,559.0,C,False,True,False,True,
us10008mku,SIRT,KO,,BHE,broadband,38.2272,42.9497,10.0,37.501,42.4392,92.35,92.89,4.5,mb,0.00065,0.0688,7.0,629.0,C,False,True,False,True,
us10008riw,BAYT,KO,,BHE,broadband,40.0382,40.7422,13.43,40.3937,40.141,64.56,65.94,5.1,mb,0.00183,0.3446,,561.0,C,False,True,False,False,"has_gaps,eksik_bileşen"
us10008riw,YEDI,KO,,BHE,broadband,40.0382,40.7422,13.43,39.4377,40.5443,68.88,70.18,5.1,mb,0.00144,0.125,,833.0,B,False,True,False,False,clipping_şüphesi
us10008riw,KARO,KO,,HHE,broadband,40.0382,40.7422,13.43,39.3089,41.0493,85.25,86.3,5.1,mb,0.00224,0.1386,9.25,548.0,C,False,True,False,True,
us10008riw,KOPR,KO,,HHE,broadband,40.0382,40.7422,13.43,39.9917,41.8535,94.78,95.73,5.1,mb,0.00035,0.0483,1.99,460.0,C,False,True,False,True,
us10008vt5,GOMA,KO,,HNE,strong_motion,38.7729,27.8234,10.0,38.7077,27.9175,10.92,14.81,5.1,mwr,0.04822,2.5534,,636.0,C,True,True,True,False,
us10008vt5,AKS,KO,,HNE,strong_motion,38.7729,27.8234,10.0,38.8785,27.8129,11.78,15.45,5.1,mwr,0.02987,2.1812,,541.0,C,True,True,True,False,
us10008vt5,KULA,KO,,BHE,broadband,38.7729,27.8234,10.0,38.5145,28.6607,78.19,78.83,5.1,mwr,0.00288,0.1384,22.53,515.0,C,False,True,False,True,
us10008vup,GOMA,KO,,HNE,strong_motion,38.7688,27.7848,10.0,38.7077,27.9175,13.37,16.7,4.6,mb,0.01826,1.0423,,636.0,C,True,True,True,False,
us10008vup,KULA,KO,,BHE,broadband,38.7688,27.7848,10.0,38.5145,28.6607,81.16,81.77,4.6,mb,0.00042,0.0359,9.63,515.0,C,False,True,False,True,
us10008vur,GOMA,KO,,HNE,strong_motion,38.7811,27.8031,10.0,38.7077,27.9175,12.85,16.28,4.8,mwr,0.01826,1.0423,,636.0,C,True,True,True,False,
us10008vur,KULA,KO,,BHE,broadband,38.7811,27.8031,10.0,38.5145,28.6607,80.16,80.78,4.8,mwr,0.00042,0.0359,10.48,515.0,C,False,True,False,True,
us10008vw5,AKS,KO,,HNE,strong_motion,38.764,27.7784,3.3,38.8785,27.8129,13.08,13.49,4.9,mwr,0.00868,0.6174,,541.0,C,True,True,True,False,
us10008vw5,GOMA,KO,,HNE,strong_motion,38.764,27.7784,3.3,38.7077,27.9175,13.59,13.98,4.9,mwr,0.02292,1.0909,,636.0,C,True,True,True,False,
us10008vw5,KULA,KO,,BHE,broadband,38.764,27.7784,3.3,38.5145,28.6607,81.5,81.57,4.9,mwr,0.00062,0.0488,13.71,515.0,C,False,True,False,False,has_gaps
us100096da,DAT,KO,,BHE,broadband,35.0915,26.6299,10.0,36.7308,27.5767,201.24,201.49,4.5,mb,3e-05,0.0025,,789.0,B,False,True,False,False,
us1000aw8c,BODT,KO,,BHE,broadband,36.9614,27.3529,10.0,37.0622,27.3103,11.83,15.49,4.6,mwr,0.01914,0.361,33.82,464.0,C,False,True,False,True,
us1000aw8c,DAT,KO,,BHE,broadband,36.9614,27.3529,10.0,36.7308,27.5767,32.47,33.98,4.6,mwr,0.00399,0.1336,15.32,789.0,B,False,True,False,True,
us1000bvut,FOCM,KO,,HNE,strong_motion,38.5826,26.7378,10.0,38.7131,26.7309,14.52,17.63,4.6,mb,0.02003,0.7027,,553.0,C,True,True,True,False,
us1000bvut,CAND,KO,,HNE,strong_motion,38.5826,26.7378,10.0,38.9542,26.8031,41.71,42.89,4.6,mb,0.00587,0.2627,,568.0,C,True,True,True,False,
us1000dr1j,URFA,KO,,BHE,broadband,37.5963,38.5142,10.0,37.4409,38.8213,32.13,33.65,5.2,mww,0.01732,2.0886,9.38,364.0,C,False,True,False,True,
us1000dr1j,KHMN,KO,,HNE,strong_motion,37.5963,38.5142,10.0,37.3916,37.1574,121.85,122.26,5.2,mww,0.00227,0.1568,,272.0,D,True,True,True,False,
us1000dw8h,FETY,KO,,HHE,broadband,35.8114,28.3691,64.93,36.6353,29.0835,111.8,129.29,4.6,mb,0.00058,0.0218,10.41,382.0,C,False,True,False,True,
us1000dw8h,DALY,KO,,BHE,broadband,35.8114,28.3691,64.93,36.8162,28.6532,114.59,131.71,4.6,mb,0.00027,0.0118,10.2,458.0,C,False,True,False,True,
us1000ezck,VANB,KO,,HHE,broadband,38.5975,44.3647,10.0,38.509,43.4056,83.98,84.57,4.6,mb,0.00025,0.0424,12.78,548.0,C,False,True,False,True,
us1000ezck,ERCV,KO,,HNE,strong_motion,38.5975,44.3647,10.0,39.0198,43.3381,100.59,101.09,4.6,mb,0.00141,0.1021,,344.0,D,True,True,True,False,
us1000ezck,AKDM,KO,,HHE,broadband,38.5975,44.3647,10.0,38.3285,42.98,124.22,124.62,4.6,mb,0.00018,0.015,6.25,353.0,D,False,True,False,True,
us1000gdb1,KOZT,KO,,BHE,broadband,37.2897,36.364,10.0,37.4795,35.8264,51.98,52.93,5.1,mb,0.00077,0.0716,21.57,567.0,C,False,True,False,True,
us1000gdb1,KMRS,KO,,BHE,broadband,37.2897,36.364,10.0,37.5087,36.9,53.24,54.17,5.1,mb,0.00225,0.1262,,314.0,D,False,True,False,False,
us1000gdb1,CEYT,KO,,BHE,broadband,37.2897,36.364,10.0,37.0105,35.7478,62.82,63.61,5.1,mb,0.00049,0.0379,,360.0,D,False,True,False,False,
us1000gdb1,KHMN,KO,,HNE,strong_motion,37.2897,36.364,10.0,37.3916,37.1574,71.05,71.75,5.1,mb,0.00537,0.1583,,272.0,D,True,True,True,False,
us1000h4mx,DAT,KO,,BHE,broadband,35.0695,26.2618,75.83,36.7308,27.5767,219.43,232.16,4.9,mb,0.00013,0.0052,,789.0,B,False,True,False,False,
us1000h4mx,BODT,KO,,BHE,broadband,35.0695,26.2618,75.83,37.0622,27.3103,240.78,252.44,4.9,mb,3e-05,0.0016,,464.0,C,False,True,False,False,
us1000h5mr,KHMN,KO,,HNE,strong_motion,37.6699,37.3967,5.0,37.3916,37.1574,37.46,37.79,4.6,mb,0.00202,0.1028,,272.0,D,True,True,True,False,
us1000h5mr,KMRS,KO,,BHE,broadband,37.6699,37.3967,5.0,37.5087,36.9,47.29,47.55,4.6,mb,0.00123,0.0699,16.13,314.0,D,False,True,False,True,
us1000h5mr,GAZ,KO,,BHE,broadband,37.6699,37.3967,5.0,37.1721,37.2096,57.77,57.99,4.6,mb,0.00078,0.0356,10.42,347.0,D,False,True,False,True,
us1000h5mr,DARE,KO,,BHE,broadband,37.6699,37.3967,5.0,38.5712,37.4832,100.51,100.63,4.6,mb,0.00017,0.0222,6.23,510.0,C,False,True,False,True,
us1000h7gc,ALAN,KO,,HNE,strong_motion,35.9867,31.6566,70.43,36.557,32.0327,71.82,100.59,4.5,mb,0.00132,0.0354,,822.0,B,True,True,True,False,
us1000h7gc,MNVG,KO,,HNE,strong_motion,35.9867,31.6566,70.43,36.7935,31.4161,92.26,116.07,4.5,mb,0.00038,0.0605,,304.0,D,True,True,True,False,
us1000h7gc,BOZY,KO,,HNE,strong_motion,35.9867,31.6566,70.43,36.1069,32.9763,119.4,138.62,4.5,mb,0.00101,0.0294,,276.0,D,True,True,True,False,
us1000hwa8,MRSB,KO,,HNE,strong_motion,35.7473,28.4452,10.0,36.7161,28.1969,110.0,110.45,4.5,mwr,0.00019,0.0159,,732.0,C,True,True,True,False,
us1000hwa8,FETY,KO,,HHE,broadband,35.7473,28.4452,10.0,36.6353,29.0835,114.15,114.59,4.5,mwr,6e-05,0.0068,1.27,382.0,C,False,True,False,True,
us1000hwa8,FETI,KO,,HNE,strong_motion,35.7473,28.4452,10.0,36.6903,29.096,120.01,120.43,4.5,mwr,7e-05,0.0239,,462.0,C,True,True,False,False,clipping_şüphesi
us1000hx8s,BODT,KO,,BHE,broadband,36.603,25.7462,10.0,37.0622,27.3103,148.27,148.61,4.9,mb,0.00027,0.012,,464.0,C,False,True,False,False,
us1000hx8s,YKAV,KO,,HNE,strong_motion,36.603,25.7462,10.0,37.1246,27.2801,148.27,148.61,4.9,mb,0.00026,0.109,,462.0,C,True,True,False,False,has_gaps
us1000hx8s,DIDI,KO,,HNE,strong_motion,36.603,25.7462,10.0,37.3767,27.2398,158.11,158.43,4.9,mb,0.00177,0.0237,,316.0,D,True,True,True,False,
us1000hx8s,DAT,KO,,BHE,broadband,36.603,25.7462,10.0,36.7308,27.5767,163.88,164.18,4.9,mb,7e-05,0.0075,,789.0,B,False,True,False,False,
us1000jbx8,KEMT,KO,,HNE,strong_motion,35.5821,31.0985,42.04,36.6037,30.5558,123.62,130.57,4.5,mb,0.00323,1.2898,,454.0,C,True,True,True,False,
us1000jbx8,DEMR,KO,,HNE,strong_motion,35.5821,31.0985,42.04,36.2365,29.9056,129.76,136.4,4.5,mb,4e-05,0.0529,,861.0,B,True,True,True,False,
us1000jbx8,ALAN,KO,,HNE,strong_motion,35.5821,31.0985,42.04,36.557,32.0327,137.12,143.42,4.5,mb,0.00103,0.1198,,822.0,B,True,True,True,False,
us1000jbx8,MNVG,KO,,HNE,strong_motion,35.5821,31.0985,42.04,36.7935,31.4161,137.68,143.96,4.5,mb,0.00027,0.0128,,304.0,D,True,True,True,False,
us1000jj23,APMY,KO,,HHE,broadband,37.4078,29.531,8.0,37.4717,29.3018,21.45,22.89,5.7,mww,0.06377,0.7145,48.84,409.0,C,False,True,False,True,
us1000jj23,CAME,KO,,HNE,strong_motion,37.4078,29.531,8.0,36.9435,29.3023,55.46,56.03,5.7,mww,0.00503,0.2596,15.63,469.0,C,True,True,True,True,
us1000jj23,BASM,KO,,HNE,strong_motion,37.4078,29.531,8.0,37.9194,30.035,72.14,72.58,5.7,mww,0.00519,0.624,17.18,395.0,C,True,True,True,True,
us1000jl8f,ARPRA,KO,,HNE,strong_motion,38.69,38.0702,10.0,39.0929,38.3356,50.35,51.33,4.6,mb,0.00768,0.2261,36.91,773.0,B,True,True,True,True,
us1000jl8f,DARE,KO,,BHE,broadband,38.69,38.0702,10.0,38.5712,37.4832,52.67,53.61,4.6,mb,0.00091,0.0445,11.92,510.0,C,False,True,False,True,
us200029kh,MRSB,KO,,HNE,strong_motion,35.0105,26.8346,10.0,36.7161,28.1969,225.91,226.13,4.5,mb,8e-05,0.0985,,732.0,C,True,True,True,False,
us20002ney,DATC,KO,,HNE,strong_motion,35.04,26.79,16.0,36.7584,27.6602,206.53,207.15,5.4,mww,0.00044,0.063,,436.0,C,True,True,True,False,
us20002ney,MRSB,KO,,HNE,strong_motion,35.04,26.79,16.0,36.7161,28.1969,225.39,225.96,5.4,mww,0.00035,0.0413,,732.0,C,True,True,True,False,
us20002zr5,GELI,KO,,HHE,broadband,40.2844,26.266,9.73,40.398,26.4742,21.7,23.78,4.8,mb,0.00614,0.2883,39.45,561.0,C,False,True,False,True,
us20002zr5,GADA,KO,,HHE,broadband,40.2844,26.266,9.73,40.1908,25.8987,32.87,34.28,4.8,mb,0.00447,0.2203,27.71,451.0,C,False,True,False,True,
us20002zt0,BODT,KO,,BHE,broadband,36.703,26.8098,140.62,37.0622,27.3103,59.81,152.81,5.1,mb,0.00056,0.0504,36.95,464.0,C,False,True,False,True,
us20002zt0,YKAV,KO,,HNE,strong_motion,36.703,26.8098,140.62,37.1246,27.2801,62.82,154.01,5.1,mb,0.00025,0.0332,,462.0,C,True,True,True,False,
us20002zt0,DAT,KO,,BHE,broadband,36.703,26.8098,140.62,36.7308,27.5767,68.43,156.39,5.1,mb,0.00104,0.0521,15.45,789.0,B,False,True,False,True,
us20003h1b,YEDI,KO,,BHE,broadband,39.18,40.28,5.0,39.4377,40.5443,36.58,36.92,4.5,mwr,0.00307,0.0772,14.25,833.0,B,False,True,False,True,
us20003h1b,BNGB,KO,,BHE,broadband,39.18,40.28,5.0,38.9913,40.6792,40.34,40.65,4.5,mwr,0.00249,0.0887,22.45,603.0,C,False,True,False,True,
us20003h1b,ERZN,KO,,BHE,broadband,39.18,40.28,5.0,39.5867,39.722,65.92,66.11,4.5,mwr,0.00116,0.042,10.43,573.0,C,False,True,False,True,
us20003h1b,KARO,KO,,HHE,broadband,39.18,40.28,5.0,39.3089,41.0493,67.78,67.96,4.5,mwr,0.00086,0.0536,5.87,548.0,C,False,True,False,True,
us20003hpu,KRBN,KO,,HNE,strong_motion,38.7907,26.1375,5.0,38.5936,26.5537,42.25,42.54,4.7,mwr,0.00937,0.3619,16.56,843.0,B,True,True,True,True,
us20003hpu,FOCM,KO,,HNE,strong_motion,38.7907,26.1375,5.0,38.7131,26.7309,52.18,52.42,4.7,mwr,0.00405,0.132,,553.0,C,True,True,True,False,
us20003hpu,CAND,KO,,HNE,strong_motion,38.7907,26.1375,5.0,38.9542,26.8031,60.42,60.63,4.7,mwr,0.00929,0.4101,,568.0,C,True,True,True,False,
us20003j43,CAME,KO,,HNE,strong_motion,37.1173,28.9672,4.35,36.9435,29.3023,35.47,35.74,4.5,mb,0.00117,0.0633,,469.0,C,True,True,True,False,
us20003j43,DALY,KO,,BHE,broadband,37.1173,28.9672,4.35,36.8162,28.6532,43.58,43.8,4.5,mb,0.00199,0.1128,22.27,458.0,C,False,True,False,True,
us20003j43,FETY,KO,,BHE,broadband,37.1173,28.9672,4.35,36.6353,29.0835,54.59,54.76,4.5,mb,0.00067,0.0415,16.6,382.0,C,False,True,False,True,
us20003k4g,DAT,KO,,BHE,broadband,35.3458,27.7905,11.4,36.7308,27.5767,155.2,155.62,4.9,mb,0.0005,0.0518,13.55,789.0,B,False,True,False,True,
us20003k4g,MRSB,KO,,HNE,strong_motion,35.3458,27.7905,11.4,36.7161,28.1969,156.69,157.1,4.9,mb,0.00092,0.0805,,732.0,C,True,True,True,False,
us200040e1,CLDR,KO,,BHE,broadband,39.0744,43.8017,14.76,39.144,43.9172,12.62,19.42,4.7,mb,0.02094,0.3466,49.98,296.0,D,False,True,False,True,
us200040e1,ERCV,KO,,HNE,strong_motion,39.0744,43.8017,14.76,39.0198,43.3381,40.49,43.1,4.7,mb,0.00832,0.5793,,344.0,D,True,True,True,False,
us200040e1,VANB,KO,,HHE,broadband,39.0744,43.8017,14.76,38.509,43.4056,71.63,73.13,4.7,mb,0.00068,0.0696,11.13,548.0,C,False,True,False,True,
us200040e1,AGRB,KO,,HHE,broadband,39.0744,43.8017,14.76,39.5755,42.992,89.19,90.4,4.7,mb,0.00042,0.027,13.46,474.0,C,False,True,False,True,
us20005bpy,AKDN,KO,,HNE,strong_motion,35.7611,31.7328,63.14,35.2977,32.9677,123.06,138.31,4.5,mb,0.00068,0.0403,,452.0,C,True,True,True,False,
us20005dx2,BODT,KO,,BHE,broadband,35.97,25.18,84.0,37.0622,27.3103,225.81,240.93,4.6,mb,4e-05,0.0022,6.38,464.0,C,False,True,False,True,
us20005dx2,YKAV,KO,,HNE,strong_motion,35.97,25.18,84.0,37.1246,27.2801,227.32,242.34,4.6,mb,4e-05,0.0563,,462.0,C,True,True,True,False,
us20005dx2,DAT,KO,,BHE,broadband,35.97,25.18,84.0,36.7308,27.5767,230.7,245.52,4.6,mb,0.00013,0.0043,,789.0,B,False,True,False,False,
us20007ebw,KDZE,KO,,BHE,broadband,42.2088,30.7242,6.4,41.3132,31.443,116.07,116.25,5.1,mww,0.0026,0.0649,19.4,773.0,B,False,True,False,True,
us20007ebw,SILT,KO,,HHE,broadband,42.2088,30.7242,6.4,41.153,29.643,147.8,147.94,5.1,mww,0.00059,0.0174,6.39,406.0,C,False,True,False,True,
us20007ebw,SAUV,KO,,HHE,broadband,42.2088,30.7242,6.4,40.7401,30.3271,166.63,166.75,5.1,mww,0.00145,0.0481,13.35,605.0,C,True,True,False,True,
us20007fbb,ELL,KO,,BHE,broadband,36.0904,30.5099,54.41,36.7483,29.9085,90.81,105.86,4.7,mb,0.00021,0.0141,3.42,900.0,B,False,True,False,True,
us200082q4,DAT,KO,,BHE,broadband,36.5393,26.9187,129.94,36.7308,27.5767,62.45,144.17,5.4,mb,0.0007,0.1044,15.76,789.0,B,False,True,False,True,
us200082q4,BODT,KO,,BHE,broadband,36.5393,26.9187,129.94,37.0622,27.3103,67.8,146.56,5.4,mb,0.00077,0.1366,27.9,464.0,C,False,True,False,True,
us20008hv1,GPNR,KO,,HNE,strong_motion,39.5986,26.0647,10.0,39.456,26.1331,16.91,19.65,5.3,mww,0.09904,7.0688,-0.37,665.0,C,True,True,True,True,
us20008hv1,EZN,KO,,HHE,broadband,39.5986,26.0647,10.0,39.8255,26.3246,33.63,35.09,5.3,mww,0.01043,0.3101,42.36,448.0,C,False,True,False,True,
us20008hv1,GADA,KO,,BHE,broadband,39.5986,26.0647,10.0,40.1908,25.8987,67.36,68.1,5.3,mww,0.0011,0.1056,22.33,451.0,C,False,True,False,True,
us20008hwm,GPNR,KO,,HNE,strong_motion,39.5734,26.0755,7.21,39.456,26.1331,13.96,15.71,5.2,mww,0.13489,6.7202,5.03,665.0,C,True,True,True,True,
us20008hwm,EZN,KO,,HHE,broadband,39.5734,26.0755,7.21,39.8255,26.3246,35.21,35.94,5.2,mww,0.01061,0.5719,37.69,448.0,C,False,True,False,False,has_gaps
us20008hwm,GADA,KO,,BHE,broadband,39.5734,26.0755,7.21,40.1908,25.8987,70.29,70.66,5.2,mww,0.00135,0.1032,20.22,451.0,C,False,True,False,True,
us20008hwu,GPNR,KO,,HNE,strong_motion,39.5394,26.1373,10.0,39.456,26.1331,9.28,13.64,4.9,mb,0.0622,2.2077,,665.0,C,True,True,True,False,
us20008hwu,EZN,KO,,HHE,broadband,39.5394,26.1373,10.0,39.8255,26.3246,35.62,37.0,4.9,mb,0.0047,0.0938,23.18,448.0,C,False,True,False,True,
us20008hwu,GADA,KO,,BHE,broadband,39.5394,26.1373,10.0,40.1908,25.8987,75.24,75.9,4.9,mb,0.00042,0.0158,5.54,451.0,C,False,True,False,True,
us20008i2k,GPNR,KO,,HNE,strong_motion,39.5279,26.0993,8.38,39.456,26.1331,8.5,11.94,5.3,mww,0.13576,6.3824,6.1,665.0,C,True,True,True,True,
us20008i2k,EZN,KO,,HHE,broadband,39.5279,26.0993,8.38,39.8255,26.3246,38.3,39.21,5.3,mww,0.01366,0.2589,35.19,448.0,C,False,True,False,True,
us20008i2k,GADA,KO,,BHE,broadband,39.5279,26.0993,8.38,40.1908,25.8987,75.67,76.13,5.3,mww,0.00105,0.072,17.19,451.0,C,False,True,False,True,
us20008ibf,GPNR,KO,,HNE,strong_motion,39.5687,26.1652,6.1,39.456,26.1331,12.83,14.21,4.5,mb,0.03053,1.0457,,665.0,C,True,True,True,False,
us20008ibf,EZN,KO,,HHE,broadband,39.5687,26.1652,6.1,39.8255,26.3246,31.64,32.22,4.5,mb,0.0034,0.0733,27.98,448.0,C,False,True,False,True,
us20008ibf,GADA,KO,,BHE,broadband,39.5687,26.1652,6.1,40.1908,25.8987,72.82,73.08,4.5,mb,0.00014,0.0075,2.51,451.0,C,False,True,False,True,
us20008idh,GPNR,KO,,HNE,strong_motion,39.544,26.1724,10.0,39.456,26.1331,10.35,14.39,4.5,mwr,0.02868,1.6334,,665.0,C,True,True,True,False,
us20008idh,EZN,KO,,HHE,broadband,39.544,26.1724,10.0,39.8255,26.3246,33.9,35.34,4.5,mwr,0.00512,0.1323,25.37,448.0,C,False,True,False,True,
us20008idh,GADA,KO,,BHE,broadband,39.544,26.1724,10.0,40.1908,25.8987,75.62,76.28,4.5,mwr,0.00024,0.0184,6.1,451.0,C,False,True,False,True,
us20008ivd,GPNR,KO,,HNE,strong_motion,39.5487,26.1913,9.82,39.456,26.1331,11.45,15.08,4.5,mwr,0.0555,2.403,,665.0,C,True,True,True,False,
us20008ivd,EZN,KO,,HHE,broadband,39.5487,26.1913,9.82,39.8255,26.3246,32.82,34.26,4.5,mwr,0.0083,0.1952,31.62,448.0,C,False,True,False,True,
us20008ivd,GADA,KO,,BHE,broadband,39.5487,26.1913,9.82,40.1908,25.8987,75.64,76.27,4.5,mwr,0.00027,0.0122,4.93,451.0,C,False,True,False,True,
us20008iwv,AGRB,KO,,HHE,broadband,39.7726,42.5989,10.0,39.5755,42.992,40.15,41.38,4.5,mb,0.00098,0.0646,20.69,474.0,C,False,True,False,True,
us20008iwv,KOPR,KO,,HHE,broadband,39.7726,42.5989,10.0,39.9917,41.8535,68.11,68.84,4.5,mb,0.00015,0.0179,-2.48,460.0,C,False,True,False,True,
us20008iwv,MLAZ,KO,,HHE,broadband,39.7726,42.5989,10.0,39.141,42.5496,70.36,71.07,4.5,mb,0.00055,0.0425,5.75,386.0,C,False,True,False,True,
us20008iwv,SENK,KO,,BHE,broadband,39.7726,42.5989,10.0,40.5614,42.3505,90.21,90.76,4.5,mb,0.00014,0.0115,,864.0,B,False,True,False,False,
us20008jcc,GPNR,KO,,HNE,strong_motion,39.6004,26.0884,6.01,39.456,26.1331,16.51,17.57,5.3,mww,0.09115,5.4657,4.35,665.0,C,True,True,True,True,
us20008jcc,EZN,KO,,HHE,broadband,39.6004,26.0884,6.01,39.8255,26.3246,32.17,32.73,5.3,mww,0.01588,0.3014,41.19,448.0,C,False,True,False,False,has_gaps
us20008jcc,GADA,KO,,BHE,broadband,39.6004,26.0884,6.01,40.1908,25.8987,67.61,67.88,5.3,mww,0.00089,0.0853,19.32,451.0,C,False,True,False,True,
us20008k41,GPNR,KO,,HNE,strong_motion,39.5439,26.1208,7.1,39.456,26.1331,9.83,12.13,4.5,mwr,0.08499,3.231,-0.84,665.0,C,True,True,True,True,
us20008k41,EZN,KO,,HHE,broadband,39.5439,26.1208,7.1,39.8255,26.3246,35.84,36.54,4.5,mwr,0.00652,0.1343,27.7,448.0,C,False,True,False,True,
us20008k41,GADA,KO,,BHE,broadband,39.5439,26.1208,7.1,40.1908,25.8987,74.39,74.73,4.5,mwr,0.00062,0.0201,9.87,451.0,C,False,True,False,True,
us20008kiw,GPNR,KO,,HNE,strong_motion,39.495,26.253,10.0,39.456,26.1331,11.17,14.99,4.6,mb,0.03997,1.6132,,665.0,C,True,True,True,False,
us20008kiw,EZN,KO,,HHE,broadband,39.495,26.253,10.0,39.8255,26.3246,37.26,38.58,4.6,mb,0.0059,0.1802,27.17,448.0,C,False,True,False,True,
us20008kiw,DKL,KO,,BHE,broadband,39.495,26.253,10.0,39.0713,26.9053,73.29,73.97,4.6,mb,0.00037,0.0166,-0.04,304.0,D,False,True,False,True,
us20008mfu,CEYT,KO,,BHE,broadband,37.059,36.0706,2.31,37.0105,35.7478,29.16,29.25,4.6,mb,0.00116,0.0688,,360.0,D,False,True,False,False,
us20008mfu,KOZT,KO,,BHE,broadband,37.059,36.0706,2.31,37.4795,35.8264,51.51,51.56,4.6,mb,0.00025,0.0201,6.45,567.0,C,False,True,False,True,
us20008tb9,DYBB,KO,,BHE,broadband,38.5214,39.7883,8.72,37.9532,40.1393,70.23,70.77,4.5,mb,0.00024,0.0102,5.9,371.0,C,False,True,False,True,
us20008tb9,BNGB,KO,,BHE,broadband,38.5214,39.7883,8.72,38.9913,40.6792,93.26,93.67,4.5,mb,9e-05,0.0042,5.8,603.0,C,False,True,False,True,
us20009nb8,KRBN,KO,,HNE,strong_motion,38.8864,26.4186,7.74,38.5936,26.5537,34.6,35.46,5.2,mww,0.02808,1.6745,,843.0,B,True,True,True,False,
us20009nb8,DKL,KO,,BHE,broadband,38.8864,26.4186,7.74,39.0713,26.9053,46.83,47.47,5.2,mww,0.00422,0.5191,19.84,304.0,D,False,True,False,True,
us20009ynd,DAT,KO,,BHE,broadband,36.9293,27.4139,7.0,36.7308,27.5767,26.4,27.31,6.6,mww,0.05311,1.2261,49.49,789.0,B,False,True,False,True,
us20009ypp,DAT,KO,,BHE,broadband,36.9482,27.2653,10.0,36.7308,27.5767,36.77,38.11,4.7,mb,0.00662,0.1734,17.97,789.0,B,False,True,False,True,
us20009ys1,DAT,KO,,BHE,broadband,36.8561,27.5779,10.0,36.7308,27.5767,13.93,17.15,4.6,mb,0.00762,0.2947,23.33,789.0,B,False,True,False,True,
us20009ysa,DAT,KO,,BHE,broadband,36.8031,27.345,10.0,36.7308,27.5767,22.15,24.3,4.7,mb,0.01141,0.4436,25.4,789.0,B,False,True,False,True,
us20009zaf,DAT,KO,,BHE,broadband,36.9074,27.3012,10.0,36.7308,27.5767,31.42,32.97,5.0,mww,0.00875,0.2888,17.94,789.0,B,False,True,False,True,
us20009zs4,DAT,,,BHE,broadband,36.96,27.3417,10.0,36.7308,27.5767,32.97,34.45,4.7,mb,,,17.82,789.0,B,False,False,False,True,tepki_çıkarımı_başarısız
us20009zsc,DAT,,,BHE,broadband,36.5915,26.7742,140.82,36.7308,27.5767,73.24,158.73,4.6,mb,,,0.94,789.0,B,False,False,False,True,tepki_çıkarımı_başarısız
us2000a5ft,DAT,KO,,BHE,broadband,36.9252,27.5448,10.0,36.7308,27.5767,21.8,23.98,4.6,mb,0.00388,0.109,13.71,789.0,B,False,True,False,True,
us2000a5ft,BODT,KO,,BHE,broadband,36.9252,27.5448,10.0,37.0622,27.3103,25.8,27.67,4.6,mb,0.01162,0.4625,21.57,464.0,C,False,True,False,True,
us2000a5vf,BODT,KO,,BHE,broadband,36.9645,27.5711,10.0,37.0622,27.3103,25.58,27.47,5.3,mww,0.02514,0.4301,32.24,464.0,C,False,True,False,True,
us2000a5vf,DAT,KO,,BHE,broadband,36.9645,27.5711,10.0,36.7308,27.5767,25.99,27.85,5.3,mww,0.00622,0.3325,25.18,789.0,B,False,True,False,True,
us2000a7s6,MLSB,KO,,BHE,broadband,37.0514,27.7004,5.26,37.2953,27.7767,27.95,28.44,4.9,mwr,0.00196,0.0745,24.96,571.0,C,False,True,False,True,
us2000a7s6,BODT,KO,,BHE,broadband,37.0514,27.7004,5.26,37.0622,27.3103,34.64,35.04,4.9,mwr,0.01998,0.4329,21.65,464.0,C,False,True,False,True,
us2000a7s6,DAT,KO,,BHE,broadband,37.0514,27.7004,5.26,36.7308,27.5767,37.31,37.68,4.9,mwr,0.00317,0.1122,14.92,789.0,B,False,True,False,True,
us2000a7wg,MLSB,KO,,BHE,broadband,37.0957,27.6994,10.0,37.2953,27.7767,23.23,25.29,4.7,mb,0.00479,0.2675,39.01,571.0,C,False,True,False,True,
us2000a7wg,BODT,KO,,BHE,broadband,37.0957,27.6994,10.0,37.0622,27.3103,34.72,36.13,4.7,mb,0.01579,0.2834,19.59,464.0,C,False,True,False,True,
us2000aay1,CUKT,KO,,BHE,broadband,36.1833,44.9358,8.0,37.2473,43.6077,167.36,167.55,5.1,mww,0.00328,0.2852,30.42,900.0,B,True,True,False,True,
us2000aay1,SIRT,KO,,BHE,broadband,36.1833,44.9358,8.0,37.501,42.4392,266.12,266.24,5.1,mww,0.00115,0.1423,7.52,629.0,C,False,True,False,True,
us2000aay1,VANB,KO,,HHE,broadband,36.1833,44.9358,8.0,38.509,43.4056,291.83,291.94,5.1,mww,0.00021,0.0298,22.03,548.0,C,False,True,False,True,
us2000aay1,AKDM,KO,,HHE,broadband,36.1833,44.9358,8.0,38.3285,42.98,294.71,294.82,5.1,mww,0.00016,0.0299,7.93,353.0,D,False,True,False,True,
us2000advt,DAT,KO,,BHE,broadband,36.0049,28.0149,76.5,36.7308,27.5767,89.75,117.93,4.9,mww,0.00512,0.1927,7.13,789.0,B,False,True,False,True,
us2000awn9,ANTB,KO,,BHE,broadband,36.9695,30.645,90.44,36.8998,30.6538,7.79,90.77,4.5,mb,0.00076,0.0404,,363.0,C,False,True,False,False,
us2000awn9,BCK,KO,,BHE,broadband,36.9695,30.645,90.44,37.4602,30.5885,54.79,105.74,4.5,mb,0.00068,0.0276,17.65,567.0,C,True,True,False,True,
us2000bjnj,DALY,KO,,BHE,broadband,36.2832,28.4175,67.68,36.8162,28.6532,62.9,92.4,4.9,mwr,0.00196,0.0834,13.4,458.0,C,False,True,False,True,
us2000bjnj,FETY,KO,,HHE,broadband,36.2832,28.4175,67.68,36.6353,29.0835,71.28,98.29,4.9,mwr,0.00172,0.0895,22.28,382.0,C,False,True,False,True,
us2000bt6a,DALY,KO,,BHE,broadband,37.0511,28.6427,10.0,36.8162,28.6532,26.14,27.99,5.1,mww,0.0009,0.146,29.65,458.0,C,False,True,False,True,
us2000bt6a,YER,KO,,BHE,broadband,37.0511,28.6427,10.0,37.1336,28.284,33.11,34.59,5.1,mww,0.00659,0.5309,23.4,494.0,C,False,True,False,True,
us2000bu6g,DALY,KO,,BHE,broadband,37.0845,28.6223,5.17,36.8162,28.6532,29.96,30.4,5.2,mww,0.00186,0.2349,33.01,458.0,C,False,True,False,True,
us2000bu6g,YER,KO,,BHE,broadband,37.0845,28.6223,5.17,37.1336,28.284,30.49,30.93,5.2,mww,0.01356,1.1616,28.87,494.0,C,False,True,False,True,
us2000c1yf,DAT,KO,,BHE,broadband,36.3064,27.6205,10.0,36.7308,27.5767,47.35,48.39,4.5,mb,0.00167,0.0635,8.0,789.0,B,False,True,False,True,
us2000d4wi,CUKT,KO,,BHE,broadband,35.9968,44.8643,10.0,37.2473,43.6077,178.63,178.91,4.5,mb,0.00026,0.0133,2.92,900.0,B,True,True,False,True,
us2000d4wi,VANB,KO,,HHE,broadband,35.9968,44.8643,10.0,38.509,43.4056,307.72,307.88,4.5,mb,1e-05,0.0009,,548.0,C,False,True,False,False,
us2000d4wi,AKDM,KO,,HHE,broadband,35.9968,44.8643,10.0,38.3285,42.98,308.37,308.53,4.5,mb,1e-05,0.0014,,353.0,D,False,True,False,False,
us2000d7pi,FOCM,KO,,HNE,strong_motion,38.5744,25.5872,12.89,38.7131,26.7309,100.52,101.34,4.5,mb,0.00056,0.0391,,553.0,C,True,True,True,False,
us2000d7pi,GPNR,KO,,HNE,strong_motion,38.5744,25.5872,12.89,39.456,26.1331,108.78,109.54,4.5,mb,0.00071,0.0367,,665.0,C,True,True,True,False,
us2000dw6w,YUVA,KO,,HNE,strong_motion,40.8428,31.631,10.0,40.391,31.6872,50.46,51.44,4.7,mb,0.00168,0.088,9.2,629.0,C,True,True,True,True,
us2000dw6w,MDUB,KO,,BHE,broadband,40.8428,31.631,10.0,40.4712,31.1976,55.17,56.07,4.7,mb,0.00196,0.1226,24.0,601.0,C,False,True,False,True,
us2000dxk8,BODT,KO,,BHE,broadband,36.6591,26.1356,10.8,37.0622,27.3103,113.71,114.22,4.9,mb,0.00126,0.0392,,464.0,C,False,True,False,False,
us2000dxk8,YKAV,KO,,HNE,strong_motion,36.6591,26.1356,10.8,37.1246,27.2801,114.19,114.7,4.9,mb,0.00063,0.0478,,462.0,C,True,True,True,False,
us2000dxk8,DAT,KO,,BHE,broadband,36.6591,26.1356,10.8,36.7308,27.5767,128.73,129.18,4.9,mb,0.00026,0.0102,,789.0,B,False,True,False,False,
us2000dzu5,SEYD,KO,,HNE,strong_motion,37.158,31.9355,10.0,37.4056,31.8379,28.85,30.53,4.8,mwr,0.00919,0.2608,24.55,382.0,C,True,True,True,True,
us2000dzu5,HDMB,KO,,HHE,broadband,37.158,31.9355,10.0,36.9638,32.4857,53.38,54.31,4.8,mwr,0.00436,0.2041,20.59,540.0,C,False,True,False,True,
us2000dzu5,MNVG,KO,,HNE,strong_motion,37.158,31.9355,10.0,36.7935,31.4161,61.41,62.22,4.8,mwr,0.00746,0.567,,304.0,D,True,True,True,False,
us2000dzu5,ALAN,KO,,HNE,strong_motion,37.158,31.9355,10.0,36.557,32.0327,67.39,68.13,4.8,mwr,0.00758,0.2142,,822.0,B,True,True,True,False,
us2000e0te,CUKT,KO,,BHE,broadband,35.8914,44.6868,10.0,37.2473,43.6077,178.93,179.21,4.6,mb,0.00021,0.0188,6.28,900.0,B,True,True,False,True,
us2000e0te,AKDM,KO,,HHE,broadband,35.8914,44.6868,10.0,38.3285,42.98,310.38,310.54,4.6,mb,2e-05,0.0019,,353.0,D,False,True,False,False,
us2000e0te,VANB,KO,,HHE,broadband,35.8914,44.6868,10.0,38.509,43.4056,312.39,312.55,4.6,mb,1e-05,0.001,,548.0,C,False,True,False,False,
us2000g3yw,DAT,KO,,BHZ,broadband,35.033,25.9702,10.0,36.7308,27.5767,237.87,238.08,4.7,mb,5e-05,0.0039,,789.0,B,False,True,False,False,has_gaps
us2000g3yw,DATC,KO,,HNE,strong_motion,35.033,25.9702,10.0,36.7584,27.6602,244.9,245.1,4.7,mb,0.0031,0.0496,,436.0,C,True,True,True,False,
us2000g3yw,BODT,KO,,BHE,broadband,35.033,25.9702,10.0,37.0622,27.3103,255.78,255.98,4.7,mb,3e-05,0.0036,,464.0,C,False,True,False,False,
us2000g3yw,YKAV,KO,,HNE,strong_motion,35.033,25.9702,10.0,37.1246,27.2801,260.66,260.85,4.7,mb,0.0001,0.0713,,462.0,C,True,True,True,False,
us2000gbkk,BASM,KO,,HNE,strong_motion,37.5295,29.9106,10.0,37.9194,30.035,44.71,45.81,4.9,mb,0.00497,0.2241,17.22,395.0,C,True,True,True,True,
us2000gbkk,APMY,KO,,HHE,broadband,37.5295,29.9106,10.0,37.4717,29.3018,54.09,55.01,4.9,mb,0.00102,0.0734,43.75,409.0,C,False,True,False,True,
us2000gbkk,BCK,KO,,BHE,broadband,37.5295,29.9106,10.0,37.4602,30.5885,60.3,61.12,4.9,mb,0.00191,0.0964,19.1,567.0,C,True,True,False,True,
us2000ge8i,DIDI,KO,,HNE,strong_motion,37.5928,26.6904,10.0,37.3767,27.2398,54.1,55.02,4.5,mb,0.00372,0.1978,,316.0,D,True,True,True,False,
us2000ge8i,GMLD,KO,,HNE,strong_motion,37.5928,26.6904,10.0,38.0766,26.9157,57.32,58.19,4.5,mb,0.0054,0.2336,,289.0,D,True,True,True,False,
us2000ge8i,KUSD,KO,,HNE,strong_motion,37.5928,26.6904,10.0,37.8606,27.2868,60.32,61.14,4.5,mb,0.00236,0.0954,,616.0,C,True,True,True,False,
us2000ge8i,YKAV,KO,,HNE,strong_motion,37.5928,26.6904,10.0,37.1246,27.2801,73.67,74.35,4.5,mb,0.00104,0.0939,,462.0,C,True,True,True,False,
us2000hc6y,BCK,KO,,BHE,broadband,37.2304,30.6131,108.14,37.4602,30.5885,25.64,111.14,5.1,mwr,0.00688,0.2659,30.31,567.0,C,True,True,False,True,
us2000hc6y,ANTB,KO,,BHE,broadband,37.2304,30.6131,108.14,36.8998,30.6538,36.94,114.28,5.1,mwr,0.00132,0.0717,,363.0,C,False,True,False,False,
us2000hdam,MNVG,KO,,HNE,strong_motion,36.185,31.0563,50.02,36.7935,31.4161,74.92,90.08,5.3,mww,0.00301,0.1505,,304.0,D,True,True,True,False,
us2000hdam,ANTB,KO,,BHE,broadband,36.185,31.0563,50.02,36.8998,30.6538,87.24,100.56,5.3,mww,0.00099,0.0727,,363.0,C,False,True,False,False,
us2000hdam,ALAN,KO,,HNE,strong_motion,36.185,31.0563,50.02,36.557,32.0327,96.71,108.88,5.3,mww,0.00483,0.1504,7.18,822.0,B,True,True,True,True,
us2000i5zt,MRSB,KO,,HNE,strong_motion,35.6433,28.2612,10.0,36.7161,28.1969,119.43,119.85,4.7,mb,7e-05,0.0242,,732.0,C,True,True,True,False,
us2000i5zt,FETY,KO,,HHE,broadband,35.6433,28.2612,10.0,36.6353,29.0835,132.74,133.12,4.7,mb,2e-05,0.0023,,382.0,C,False,True,False,False,
us2000i5zt,DALY,KO,,BHE,broadband,35.6433,28.2612,10.0,36.8162,28.6532,135.08,135.45,4.7,mb,1e-05,0.0008,,458.0,C,False,True,False,False,
us2000i79c,BCA,KO,,BHE,broadband,42.533,43.5963,10.0,41.445,41.6223,203.1,203.35,5.0,mb,0.00021,0.0234,10.43,642.0,C,False,True,False,True,
us2000i79c,KARS,KO,,HHE,broadband,42.533,43.5963,10.0,40.6152,43.0937,217.31,217.54,5.0,mb,0.00017,0.0228,12.19,554.0,C,False,True,False,True,
us2000i79c,HOPA,KO,,HNE,strong_motion,42.533,43.5963,10.0,41.3867,41.4458,218.77,219.0,5.0,mb,0.00044,0.0243,,588.0,C,True,True,True,False,
us2000i79c,SENK,KO,,BHE,broadband,42.533,43.5963,10.0,40.5614,42.3505,242.5,242.71,5.0,mb,7e-05,0.0078,,864.0,B,False,True,False,False,
us2000j6mu,MRSB,KO,,HNE,strong_motion,35.6046,28.2928,10.0,36.7161,28.1969,123.89,124.29,4.9,mww,0.00116,0.0781,,732.0,C,True,True,True,False,
us2000j6mu,FETY,KO,,HHE,broadband,35.6046,28.2928,10.0,36.6353,29.0835,134.83,135.2,4.9,mww,0.00033,0.0313,13.92,382.0,C,False,True,False,True,
us2000j7fs,MRSB,KO,,HNE,strong_motion,36.8146,27.9973,73.67,36.7161,28.1969,20.88,76.57,4.8,mb,0.00368,0.1047,,732.0,C,True,True,True,False,
us2000j7fs,DATC,KO,,HNE,strong_motion,36.8146,27.9973,73.67,36.7584,27.6602,30.66,79.8,4.8,mb,0.00384,0.1146,,436.0,C,True,True,True,False,
us2000j7fs,DAT,KO,,BHE,broadband,36.8146,27.9973,73.67,36.7308,27.5767,38.6,83.17,4.8,mb,0.00084,0.1533,12.39,789.0,B,False,True,False,True,
us2000j898,MRSB,KO,,HNE,strong_motion,36.0652,28.0928,47.7,36.7161,28.1969,72.97,87.18,5.1,mww,0.02724,2.0056,0.69,732.0,C,True,True,True,True,
us2000j898,DATC,KO,,HNE,strong_motion,36.0652,28.0928,47.7,36.7584,27.6602,86.26,98.57,5.1,mww,0.01025,0.9518,,436.0,C,True,True,True,False,
us2000j898,DAT,KO,,BHE,broadband,36.0652,28.0928,47.7,36.7308,27.5767,87.24,99.43,5.1,mww,0.00377,0.2985,3.77,789.0,B,False,True,False,True,
us2000jbrb,DATC,KO,,HNE,strong_motion,35.7714,27.3095,10.0,36.7584,27.6602,114.16,114.6,4.9,mb,0.00147,0.0956,,436.0,C,True,True,True,False,
us2000jbrb,MRSB,KO,,HNE,strong_motion,35.7714,27.3095,10.0,36.7161,28.1969,131.79,132.17,4.9,mb,0.00103,0.0736,,732.0,C,True,True,True,False,
us2000jcdz,CEYT,KO,,BHE,broadband,37.1561,35.7871,10.0,37.0105,35.7478,16.56,19.35,4.5,mb,0.00579,0.1673,30.82,360.0,D,False,True,False,True,
us2000jcdz,KOZT,KO,,BHE,broadband,37.1561,35.7871,10.0,37.4795,35.8264,36.13,37.49,4.5,mb,0.00641,0.2818,37.97,567.0,C,False,True,False,True,
us2000jcdz,KARA,KO,,BHE,broadband,37.1561,35.7871,10.0,37.2607,35.0547,65.9,66.65,4.5,mb,0.00038,0.015,,623.0,C,False,True,False,False,
us2000jdne,ELL,KO,,BHE,broadband,36.6132,30.1769,10.0,36.7483,29.9085,28.26,29.98,4.5,mb,0.00272,0.1072,20.17,900.0,B,False,True,False,True,
us2000jdne,KEMT,KO,,HNE,strong_motion,36.6132,30.1769,10.0,36.6037,30.5558,33.84,35.29,4.5,mb,0.00512,7.8602,,454.0,C,True,True,True,False,
us2000jdne,DEMR,KO,,HNE,strong_motion,36.6132,30.1769,10.0,36.2365,29.9056,48.41,49.43,4.5,mb,0.00108,0.0342,,861.0,B,True,True,True,False,
us2000jdne,ANTB,KO,,BHE,broadband,36.6132,30.1769,10.0,36.8998,30.6538,53.11,54.04,4.5,mb,0.00048,0.0309,,363.0,C,False,True,False,False,
us2000jgqe,CANT,KO,,BHE,broadband,40.5807,32.9597,10.0,40.6062,33.6193,55.77,56.66,4.8,mwr,0.00156,0.1234,,583.0,C,False,True,False,False,
us2000jgqe,LOD,KO,,BHE,broadband,40.5807,32.9597,10.0,39.8884,32.7634,78.76,79.39,4.8,mwr,0.00178,0.0593,11.06,479.0,C,False,True,False,True,
us2000jhgj,DATC,KO,,HNE,strong_motion,35.9504,27.1552,10.0,36.7584,27.6602,100.58,101.08,4.5,mb,0.00037,0.0372,,436.0,C,True,True,True,False,
us2000jhgj,BODT,KO,,BHE,broadband,35.9504,27.1552,10.0,37.0622,27.3103,124.4,124.8,4.5,mb,4e-05,0.0019,,464.0,C,False,True,False,False,
us2000jkr3,EZNE,KO,,HNE,strong_motion,39.6916,26.4007,10.0,39.756,26.3655,7.77,12.66,5.1,mww,0.03152,1.3348,,282.0,D,True,True,True,False,
us2000jkr3,EZN,KO,,HHE,broadband,39.6916,26.4007,10.0,39.8255,26.3246,16.25,19.08,5.1,mww,0.03253,0.326,40.32,448.0,C,False,True,False,True,
us2000jkr3,GPNR,KO,,HNE,strong_motion,39.6916,26.4007,10.0,39.456,26.1331,34.82,36.23,5.1,mww,0.01339,0.5699,,665.0,C,True,True,True,False,
us2000k7yn,APMY,KO,,HHE,broadband,37.5063,29.3787,10.0,37.4717,29.3018,7.8,12.68,5.1,mww,0.05774,0.4673,44.95,409.0,C,False,True,False,True,
us2000k7yn,CAME,KO,,HNE,strong_motion,37.5063,29.3787,10.0,36.9435,29.3023,62.95,63.74,5.1,mww,0.00161,0.067,6.32,469.0,C,True,True,True,True,
us2000k7yn,BASM,KO,,HNE,strong_motion,37.5063,29.3787,10.0,37.9194,30.035,73.78,74.45,5.1,mww,0.00247,0.1621,7.27,395.0,C,True,True,True,True,
us2000kacn,PTK,KO,,BHE,broadband,38.3002,39.1625,10.0,38.8923,39.3923,68.8,69.52,5.2,mww,0.00193,0.149,24.96,456.0,C,False,True,False,True,
us60003sex,MLSB,KO,,BHE,broadband,37.2303,28.0226,10.0,37.2953,27.7767,22.93,25.02,4.5,mb,0.00258,0.0938,,571.0,C,False,True,False,False,
us60003sex,YER,KO,,BHE,broadband,37.2303,28.0226,10.0,37.1336,28.284,25.53,27.42,4.5,mb,0.00291,0.0546,5.68,494.0,C,False,True,False,True,
us60003sy2,DATC,KO,,HNE,strong_motion,36.9423,27.6236,10.0,36.7584,27.6602,20.71,23.0,4.6,mb,0.00652,0.2824,,436.0,C,True,True,True,False,
us60003sy2,DAT,KO,,BHE,broadband,36.9423,27.6236,10.0,36.7308,27.5767,23.89,25.9,4.6,mb,0.00216,0.0873,,789.0,B,False,True,False,False,clipping_şüphesi
us60003sy2,BODT,KO,,BHE,broadband,36.9423,27.6236,10.0,37.0622,27.3103,30.85,32.43,4.6,mb,0.00284,0.097,,464.0,C,False,True,False,False,
us60003sy2,YKAV,KO,,HNE,strong_motion,36.9423,27.6236,10.0,37.1246,27.2801,36.61,37.95,4.6,mb,0.00171,0.0743,,462.0,C,True,True,True,False,
us6000504d,DAT,KO,,BHE,broadband,35.2241,27.845,10.0,36.7308,27.5767,169.27,169.57,5.1,mww,0.00016,0.0188,,789.0,B,False,True,False,False,clipping_şüphesi
us6000504d,DATC,KO,,HNE,strong_motion,35.2241,27.845,10.0,36.7584,27.6602,171.41,171.7,5.1,mww,0.00327,0.059,,436.0,C,True,True,True,False,
us6000528z,GMLD,KO,,HNE,strong_motion,37.9858,26.8923,10.0,38.0766,26.9157,10.3,14.36,4.7,mb,0.15926,9.2181,5.36,289.0,D,True,True,True,True,
us6000528z,KUSD,KO,,HNE,strong_motion,37.9858,26.8923,10.0,37.8606,27.2868,37.3,38.62,4.7,mb,0.00248,0.0943,,616.0,C,True,True,True,False,
us6000528z,BLCB,KO,,BHE,broadband,37.9858,26.8923,10.0,38.3853,27.042,46.31,47.38,4.7,mb,0.00491,0.3724,37.15,646.0,C,False,True,False,True,
us6000528z,CESE,KO,,HNE,strong_motion,37.9858,26.8923,10.0,38.3306,26.2997,64.46,65.23,4.7,mb,0.00139,0.0681,,410.0,C,True,True,False,False,has_gaps
us6000529r,BASM,KO,,HNE,strong_motion,37.935,29.7003,11.0,37.9194,30.035,29.41,31.4,5.9,mww,0.21095,8.3175,42.13,395.0,C,True,True,True,True,
us6000529r,KHL,KO,,HNE,strong_motion,37.935,29.7003,11.0,38.3231,29.5286,45.69,47.0,5.9,mww,0.01114,0.5385,,448.0,C,True,True,True,False,
us6000529r,APMY,KO,,HHE,broadband,37.935,29.7003,11.0,37.4717,29.3018,62.31,63.27,5.9,mww,0.00788,0.3882,25.76,409.0,C,False,True,False,True,
us600053xb,DAT,KO,,BHE,broadband,35.8818,25.6113,71.43,36.7308,27.5767,199.82,212.2,4.5,mb,0.00014,0.0095,,789.0,B,False,True,False,False,clipping_şüphesi
us600053xb,YKAV,KO,,HNE,strong_motion,35.8818,25.6113,71.43,37.1246,27.2801,203.33,215.51,4.5,mb,7e-05,0.0252,,462.0,C,True,True,True,False,
us600053xb,DATC,KO,,HNE,strong_motion,35.8818,25.6113,71.43,36.7584,27.6602,207.83,219.76,4.5,mb,0.00159,0.0674,,436.0,C,True,True,True,False,
us60005mmr,SLVT,KO,,HHZ,broadband,40.8578,28.1454,10.0,41.2288,28.2098,41.61,42.79,4.9,mb,0.00318,0.204,20.75,466.0,C,True,True,False,False,has_gaps
us600062ps,DALY,KO,,BHE,broadband,36.4616,28.674,10.0,36.8162,28.6532,39.47,40.72,4.6,mwr,0.00205,0.062,14.45,458.0,C,False,True,False,True,
us600062ps,FETY,KO,,HHE,broadband,36.4616,28.674,10.0,36.6353,29.0835,41.37,42.56,4.6,mwr,0.00526,0.1497,13.55,382.0,C,False,True,False,True,
us600062ps,FETI,KO,,HNE,strong_motion,36.4616,28.674,10.0,36.6903,29.096,45.46,46.55,4.6,mwr,0.0066,0.1004,,462.0,C,True,True,True,False,
us600064e2,DAT,KO,,BHE,broadband,35.6369,25.1435,68.89,36.7308,27.5767,249.95,259.27,4.5,mb,3e-05,0.0018,,789.0,B,False,True,False,False,clipping_şüphesi
us600064e2,BODT,KO,,BHE,broadband,35.6369,25.1435,68.89,37.0622,27.3103,250.54,259.84,4.5,mb,4e-05,0.0012,,464.0,C,False,True,False,False,
us600064e2,YKAV,KO,,HNE,strong_motion,35.6369,25.1435,68.89,37.1246,27.2801,252.87,262.09,4.5,mb,5e-05,0.0064,,462.0,C,True,True,True,False,
us60006pvc,BALB,KO,,HHE,broadband,39.4549,27.8947,10.0,39.6507,27.8642,21.93,24.1,4.6,mb,0.01835,0.295,41.94,463.0,C,True,True,False,True,
us60006pvc,SOMA,KO,,HNE,strong_motion,39.4549,27.8947,10.0,39.1564,27.5341,45.43,46.52,4.6,mb,0.00322,0.2158,,798.0,B,True,True,True,False,
us60006pvc,SUSR,KO,,HNE,strong_motion,39.4549,27.8947,10.0,39.9627,28.0835,58.73,59.58,4.6,mb,0.00329,0.1261,,744.0,C,True,True,True,False,
us60006pvc,AKS,KO,,HNE,strong_motion,39.4549,27.8947,10.0,38.8785,27.8129,64.48,65.25,4.6,mb,0.00263,0.088,,541.0,C,True,True,True,False,
us60006pxs,DAT,KO,,BHE,broadband,35.4972,26.4467,57.87,36.7308,27.5767,170.64,180.19,5.4,mww,0.00055,0.0303,,789.0,B,False,True,False,False,clipping_şüphesi
us60006pxs,DATC,KO,,HNE,strong_motion,35.4972,26.4467,57.87,36.7584,27.6602,177.61,186.8,5.4,mww,0.00156,0.1169,,436.0,C,True,True,True,False,
us60006pxs,BODT,KO,,BHE,broadband,35.4972,26.4467,57.87,37.0622,27.3103,190.46,199.06,5.4,mww,0.00023,0.0371,,464.0,C,False,True,False,False,has_gaps
us60007d2r,AKS,KO,,HNE,strong_motion,39.0724,27.8389,5.6,38.8785,27.8129,21.68,22.39,5.6,mww,0.04267,3.6536,8.35,541.0,C,True,True,True,True,
us60007d2r,SOMA,KO,,HNE,strong_motion,39.0724,27.8389,5.6,39.1564,27.5341,27.91,28.47,5.6,mww,0.03403,1.3397,,798.0,B,True,True,True,False,
us60007d2r,GORD,KO,,HNE,strong_motion,39.0724,27.8389,5.6,38.9088,28.1769,34.41,34.86,5.6,mww,0.02356,1.6069,,662.0,C,True,True,True,False,
us60007d2r,GOMA,KO,,HNE,strong_motion,39.0724,27.8389,5.6,38.7077,27.9175,41.12,41.5,5.6,mww,0.01556,1.4334,,636.0,C,True,True,True,False,
us60007ewc,SVRC,KO,,BHE,broadband,38.4312,39.0609,10.0,38.3775,39.306,22.18,24.33,6.7,mww,0.02553,1.1048,55.58,688.0,C,False,True,False,True,
us60007ewc,ARPRA,KO,,HNE,strong_motion,38.4312,39.0609,10.0,39.0929,38.3356,96.79,97.31,6.7,mww,0.04846,6.5393,2.52,773.0,B,True,True,False,False,has_gaps
us60007f7j,SVRC,KO,,BHE,broadband,38.4264,39.1881,10.0,38.3775,39.306,11.62,15.33,4.8,mb,0.01809,0.3052,34.73,688.0,C,False,True,False,True,
us60007f7j,DYBB,KO,,BHE,broadband,38.4264,39.1881,10.0,37.9532,40.1393,98.38,98.89,4.8,mb,0.0005,0.032,8.08,371.0,C,False,True,False,False,has_gaps
us60007fkb,SVRC,KO,,BHE,broadband,38.3409,39.2769,10.0,38.3775,39.306,4.8,11.09,4.5,mb,0.01147,0.2867,42.97,688.0,C,False,True,False,True,
us60007fkb,DYBB,KO,,BHE,broadband,38.3409,39.2769,10.0,37.9532,40.1393,86.87,87.44,4.5,mb,0.00022,0.0281,13.12,371.0,C,False,True,False,False,has_gaps
us60007flw,SVRC,KO,,BHE,broadband,38.2019,38.7768,10.0,38.3775,39.306,50.14,51.13,4.5,mb,0.00074,0.0642,13.32,688.0,C,False,True,False,True,
us60007flw,URFA,KO,,BHE,broadband,38.2019,38.7768,10.0,37.4409,38.8213,84.71,85.3,4.5,mb,0.00035,0.0196,21.17,364.0,C,False,True,False,True,
us60007fs4,SVRC,KO,,BHE,broadband,38.3615,39.1096,10.0,38.3775,39.306,17.21,19.9,5.1,mww,0.01809,0.3016,49.55,688.0,C,False,True,False,True,
us60007fs4,DYBB,KO,,BHE,broadband,38.3615,39.1096,10.0,37.9532,40.1393,100.83,101.32,5.1,mww,0.00053,0.0977,27.89,371.0,C,False,True,False,False,has_gaps
us60007i49,AKS,KO,,HNE,strong_motion,39.1061,27.875,10.0,38.8785,27.8129,25.87,27.74,5.0,mww,0.03201,1.2579,15.02,541.0,C,True,True,True,True,
us60007i49,SOMA,KO,,HNE,strong_motion,39.1061,27.875,10.0,39.1564,27.5341,29.93,31.56,5.0,mww,0.07264,2.5141,,798.0,B,True,True,True,False,
us60007i49,GORD,KO,,HNE,strong_motion,39.1061,27.875,10.0,38.9088,28.1769,34.08,35.52,5.0,mww,0.0048,0.2286,,662.0,C,True,True,True,False,
us60007i49,GOMA,KO,,HNE,strong_motion,39.1061,27.875,10.0,38.7077,27.9175,44.45,45.56,5.0,mww,0.01158,0.548,,636.0,C,True,True,True,False,
us60007i7j,DAT,KO,,BHE,broadband,35.2183,27.8918,10.0,36.7308,27.5767,170.56,170.85,5.5,mww,0.00039,0.0659,10.36,789.0,B,False,True,False,True,
us60007i7j,DATC,KO,,HNE,strong_motion,35.2183,27.8918,10.0,36.7584,27.6602,172.51,172.8,5.5,mww,0.00111,0.151,,436.0,C,True,True,True,False,
us60007i7x,DAT,KO,,BHE,broadband,35.2236,27.8475,10.0,36.7308,27.5767,169.35,169.64,4.5,mb,5e-05,0.0037,,789.0,B,False,True,False,False,
us60007i7x,DATC,KO,,HNE,strong_motion,35.2236,27.8475,10.0,36.7584,27.6602,171.49,171.78,4.5,mb,0.00032,0.0272,,436.0,C,True,True,True,False,
us60007ii1,DAT,KO,,BHE,broadband,35.1301,27.894,10.0,36.7308,27.5767,180.27,180.55,4.5,mb,4e-05,0.0043,,789.0,B,False,True,False,False,
us60007ii1,DATC,KO,,HNE,strong_motion,35.1301,27.894,10.0,36.7584,27.6602,182.28,182.55,4.5,mb,0.00015,0.0221,,436.0,C,True,True,True,False,
us60007j2q,DAT,KO,,BHE,broadband,35.1747,27.891,10.0,36.7308,27.5767,175.33,175.61,4.8,mb,9e-05,0.0106,2.31,789.0,B,False,True,False,True,
us60007j2q,DATC,KO,,HNE,strong_motion,35.1747,27.891,10.0,36.7584,27.6602,177.32,177.6,4.8,mb,0.00026,0.0305,,436.0,C,True,True,True,False,
us60007jb3,CUKT,KO,,BHE,broadband,37.1334,44.9028,10.0,37.2473,43.6077,115.42,115.85,4.9,mb,0.00057,0.0744,10.56,900.0,B,True,True,False,True,
us60007jb3,VANB,KO,,HHE,broadband,37.1334,44.9028,10.0,38.509,43.4056,201.71,201.96,4.9,mb,6e-05,0.0163,6.14,548.0,C,False,True,False,True,
us60007jb3,AKDM,KO,,HHE,broadband,37.1334,44.9028,10.0,38.3285,42.98,215.06,215.29,4.9,mb,6e-05,0.0127,9.23,353.0,D,False,True,False,True,
us60007jpa,DAT,KO,,BHE,broadband,35.1565,27.8845,10.0,36.7308,27.5767,177.23,177.51,5.5,mww,0.00029,0.058,8.72,789.0,B,False,True,False,True,
us60007jpa,DATC,KO,,HNE,strong_motion,35.1565,27.8845,10.0,36.7584,27.6602,179.26,179.54,5.5,mww,0.00077,0.1018,,436.0,C,True,True,True,False,
us60007jzj,DAT,KO,,BHE,broadband,35.1817,27.7814,10.0,36.7308,27.5767,173.23,173.52,5.7,mww,0.00069,0.1325,16.38,789.0,B,False,True,False,True,
us60007jzj,DATC,KO,,HNE,strong_motion,35.1817,27.7814,10.0,36.7584,27.6602,175.66,175.94,5.7,mww,0.00194,0.2785,,436.0,C,True,True,True,False,
us60007l19,DAT,KO,,BHE,broadband,35.2372,27.9719,10.0,36.7308,27.5767,169.84,170.13,4.7,mb,8e-05,0.0082,0.08,789.0,B,False,True,False,True,
us60007l19,DATC,KO,,HNE,strong_motion,35.2372,27.9719,10.0,36.7584,27.6602,171.46,171.75,4.7,mb,0.00031,0.015,,436.0,C,True,True,True,False,
us60007lub,SVRC,KO,,BHE,broadband,38.4961,39.3382,10.0,38.3775,39.306,13.48,16.78,4.7,mwr,0.02082,0.3169,47.76,688.0,C,False,True,False,True,
us60007lub,DYBB,KO,,BHE,broadband,38.4961,39.3382,10.0,37.9532,40.1393,92.42,92.96,4.7,mwr,0.00096,0.0889,12.46,371.0,C,False,True,False,False,has_gaps
us60007phg,AKS,KO,,HNE,strong_motion,38.9976,27.9416,10.0,38.8785,27.8129,17.3,19.98,4.5,mb,0.01679,0.5333,13.77,541.0,C,True,True,True,True,
us60007phg,GORD,KO,,HNE,strong_motion,38.9976,27.9416,10.0,38.9088,28.1769,22.62,24.73,4.5,mb,0.00185,0.1398,,662.0,C,True,True,True,False,
us60007phg,GOMA,KO,,HNE,strong_motion,38.9976,27.9416,10.0,38.7077,27.9175,32.3,33.81,4.5,mb,0.00182,0.091,,636.0,C,True,True,True,False,
us60007phg,SOMA,KO,,HNE,strong_motion,38.9976,27.9416,10.0,39.1564,27.5341,39.36,40.61,4.5,mb,0.0068,0.2076,,798.0,B,True,True,True,False,
us60007pkf,AKS,KO,,HNE,strong_motion,39.0383,27.8816,4.56,38.8785,27.8129,18.74,19.29,4.9,mb,0.0147,0.6322,16.08,541.0,C,True,True,True,True,
us60007pkf,GORD,KO,,HNE,strong_motion,39.0383,27.8816,4.56,38.9088,28.1769,29.31,29.66,4.9,mb,0.00361,0.2389,,662.0,C,True,True,True,False,
us60007pkf,SOMA,KO,,HNE,strong_motion,39.0383,27.8816,4.56,39.1564,27.5341,32.74,33.06,4.9,mb,0.01111,0.8926,,798.0,B,True,True,True,False,
us60007pkf,GOMA,KO,,HNE,strong_motion,39.0383,27.8816,4.56,38.7077,27.9175,36.89,37.17,4.9,mb,0.00305,0.1663,,636.0,C,True,True,True,False,
us600084bs,SVRC,KO,,BHE,broadband,38.3489,38.7972,10.0,38.3775,39.306,44.47,45.58,5.0,mww,0.00721,0.2852,32.9,688.0,C,False,True,False,True,
us600084bs,ARPRA,KO,,HNE,strong_motion,38.3489,38.7972,10.0,39.0929,38.3356,91.91,92.45,5.0,mww,0.00763,0.2611,0.15,773.0,B,True,True,True,True,
us600084lh,DAT,KO,,BHE,broadband,35.2647,27.7945,10.0,36.7308,27.5767,164.2,164.5,4.6,mb,8e-05,0.0075,,789.0,B,False,True,False,False,clipping_şüphesi
us600084lh,DATC,KO,,HNE,strong_motion,35.2647,27.7945,10.0,36.7584,27.6602,166.53,166.83,4.6,mb,0.00122,0.0367,,436.0,C,True,True,True,False,
us60008522,SVRC,KO,,BHE,broadband,38.2294,38.685,10.0,38.3775,39.306,56.63,57.51,4.6,mb,0.00049,0.0362,16.37,688.0,C,False,True,False,True,
us60008522,URFA,KO,,BHE,broadband,38.2294,38.685,10.0,37.4409,38.8213,88.49,89.05,4.6,mb,0.00078,0.0331,20.44,364.0,C,False,True,False,True,
us6000857v,DAT,KO,,BHE,broadband,35.2908,27.9291,10.0,36.7308,27.5767,163.23,163.54,4.5,mb,4e-05,0.0046,,789.0,B,False,True,False,False,clipping_şüphesi
us6000857v,DATC,KO,,HNE,strong_motion,35.2908,27.9291,10.0,36.7584,27.6602,164.97,165.27,4.5,mb,0.00179,0.0293,,436.0,C,True,True,True,False,
us60008594,DAT,KO,,BHE,broadband,35.3453,27.9438,10.0,36.7308,27.5767,157.56,157.88,4.8,mb,7e-05,0.0076,,789.0,B,False,True,False,False,clipping_şüphesi
us60008594,DATC,KO,,HNE,strong_motion,35.3453,27.9438,10.0,36.7584,27.6602,159.18,159.49,4.8,mb,0.00179,0.032,,436.0,C,True,True,True,False,
us600086w9,DYBB,KO,,BHE,broadband,38.3449,39.2773,10.0,37.9532,40.1393,87.06,87.63,4.5,mb,0.00015,0.0164,13.31,371.0,C,False,True,False,True,
us60008g9t,DAT,KO,,BHE,broadband,35.2019,27.0126,10.0,36.7308,27.5767,177.42,177.7,4.6,mb,3e-05,0.0037,,789.0,B,False,True,False,False,clipping_şüphesi
us60008g9t,DATC,KO,,HNE,strong_motion,35.2019,27.0126,10.0,36.7584,27.6602,182.62,182.89,4.6,mb,0.00021,0.0131,,436.0,C,True,True,True,False,
us60009bfq,DAT,KO,,BHE,broadband,35.9177,27.9485,57.93,36.7308,27.5767,96.35,112.42,4.8,mww,0.00139,0.0433,,789.0,B,False,True,False,False,clipping_şüphesi
us60009bfq,DATC,KO,,HNE,strong_motion,35.9177,27.9485,57.93,36.7584,27.6602,96.98,112.96,4.8,mww,0.00366,0.167,,436.0,C,True,True,True,False,
us60009ety,CUKT,KO,,BHE,broadband,35.5681,45.0817,11.95,37.2473,43.6077,228.61,228.92,4.8,mb,0.0003,0.0458,7.17,900.0,B,True,True,False,True,
us60009ety,VANB,KO,,HHE,broadband,35.5681,45.0817,11.95,38.509,43.4056,359.24,359.44,4.8,mb,3e-05,0.0057,3.66,548.0,C,False,True,False,True,
us60009ety,AKDM,KO,,HHE,broadband,35.5681,45.0817,11.95,38.3285,42.98,359.27,359.47,4.8,mb,3e-05,0.0072,1.27,353.0,D,False,True,False,True,
us6000a2s4,DAT,KO,,BHE,broadband,35.5441,26.7204,14.76,36.7308,27.5767,152.72,153.43,4.6,mwr,0.00022,0.0093,,789.0,B,False,True,False,False,clipping_şüphesi
us6000a2s4,DATC,KO,,HNE,strong_motion,35.5441,26.7204,14.76,36.7584,27.6602,159.22,159.9,4.6,mwr,0.00035,0.0662,,436.0,C,True,True,True,False,
us6000a2s4,BODT,KO,,BHE,broadband,35.5441,26.7204,14.76,37.0622,27.3103,176.89,177.5,4.6,mwr,5e-05,0.0036,,464.0,C,False,True,False,False,
us6000a6qw,SVRC,KO,,BHE,broadband,38.2379,38.7587,10.0,38.3775,39.306,50.21,51.2,5.1,mww,0.0062,0.2847,30.25,688.0,C,False,True,False,True,
us6000a6qw,URFA,KO,,BHE,broadband,38.2379,38.7587,10.0,37.4409,38.8213,88.79,89.35,5.1,mww,0.00383,0.2372,35.44,364.0,C,False,True,False,True,
us6000abnv,YEDI,KO,,BHE,broadband,39.4229,40.7073,10.0,39.4377,40.5443,14.1,17.29,5.9,mww,0.05467,1.0779,,833.0,B,False,True,False,False,clipping_şüphesi
us6000abnv,KARO,KO,,HHE,broadband,39.4229,40.7073,10.0,39.3089,41.0493,32.02,33.55,5.9,mww,0.06205,1.3974,43.2,548.0,C,False,True,False,True,
us6000abnv,BNGB,KO,,BHE,broadband,39.4229,40.7073,10.0,38.9913,40.6792,48.05,49.08,5.9,mww,0.00901,0.4808,38.2,603.0,C,False,True,False,True,
us6000abnv,VRTB,KO,,BHE,broadband,39.4229,40.7073,10.0,39.1603,41.4558,70.72,71.42,5.9,mww,0.00654,1.3648,45.87,555.0,C,False,True,False,True,
us6000abp5,YEDI,KO,,BHE,broadband,39.417,40.7508,10.0,39.4377,40.5443,17.89,20.5,4.5,mb,0.01632,0.5275,,833.0,B,False,True,False,False,clipping_şüphesi
us6000abp5,KARO,KO,,HHE,broadband,39.417,40.7508,10.0,39.3089,41.0493,28.34,30.05,4.5,mb,0.05632,1.3236,32.22,548.0,C,False,True,False,True,
us6000abp5,BNGB,KO,,BHE,broadband,39.417,40.7508,10.0,38.9913,40.6792,47.74,48.78,4.5,mb,0.00124,0.0982,13.89,603.0,C,False,True,False,True,
us6000abp5,VRTB,KO,,BHE,broadband,39.417,40.7508,10.0,39.1603,41.4558,67.05,67.79,4.5,mb,0.00089,0.1249,2.39,555.0,C,False,True,False,True,
us6000abpe,YEDI,KO,,BHE,broadband,39.3717,40.7449,10.0,39.4377,40.5443,18.73,21.23,4.5,mb,0.0237,0.5945,,833.0,B,False,True,False,False,clipping_şüphesi
us6000abpe,KARO,KO,,HHE,broadband,39.3717,40.7449,10.0,39.3089,41.0493,27.09,28.88,4.5,mb,0.02875,1.138,31.29,548.0,C,False,True,False,True,
us6000abpe,BNGB,KO,,BHE,broadband,39.3717,40.7449,10.0,38.9913,40.6792,42.68,43.84,4.5,mb,0.00258,0.0651,22.0,603.0,C,False,True,False,True,
us6000ac28,YEDI,KO,,BHE,broadband,39.4226,40.7479,10.0,39.4377,40.5443,17.57,20.22,5.5,mww,0.05463,1.2246,,833.0,B,False,True,False,False,clipping_şüphesi
us6000ac28,KARO,KO,,HHE,broadband,39.4226,40.7479,10.0,39.3089,41.0493,28.83,30.52,5.5,mww,0.06542,1.5023,41.09,548.0,C,False,True,False,True,
us6000ac28,BNGB,KO,,BHE,broadband,39.4226,40.7479,10.0,38.9913,40.6792,48.32,49.34,5.5,mww,0.00799,0.3499,35.82,603.0,C,False,True,False,True,
us6000ac28,VRTB,KO,,BHE,broadband,39.4226,40.7479,10.0,39.1603,41.4558,67.54,68.28,5.5,mww,0.00534,0.6273,43.93,555.0,C,False,True,False,True,
us6000aew8,YEDI,KO,,BHE,broadband,39.4057,40.7696,10.0,39.4377,40.5443,19.68,22.07,4.5,mb,0.00522,0.176,,833.0,B,False,True,False,False,clipping_şüphesi
us6000aew8,KARO,KO,,HHE,broadband,39.4057,40.7696,10.0,39.3089,41.0493,26.35,28.18,4.5,mb,0.00103,0.0868,4.91,548.0,C,False,True,False,True,
us6000aew8,BNGB,KO,,BHE,broadband,39.4057,40.7696,10.0,38.9913,40.6792,46.73,47.79,4.5,mb,0.00051,0.0119,8.85,603.0,C,False,True,False,True,
us6000aew8,VRTB,KO,,BHE,broadband,39.4057,40.7696,10.0,39.1603,41.4558,65.06,65.82,4.5,mb,6e-05,0.0134,0.22,555.0,C,False,True,False,True,
us6000aexu,YEDI,KO,,BHE,broadband,39.4398,40.6354,5.7,39.4377,40.5443,7.83,9.68,4.5,mb,0.00677,0.1742,,833.0,B,False,True,False,False,clipping_şüphesi
us6000aexu,KARO,KO,,HHE,broadband,39.4398,40.6354,5.7,39.3089,41.0493,38.44,38.86,4.5,mb,0.00454,0.1607,9.78,548.0,C,False,True,False,True,
us6000aexu,BNGB,KO,,BHE,broadband,39.4398,40.6354,5.7,38.9913,40.6792,50.01,50.33,4.5,mb,0.00027,0.0073,9.02,603.0,C,False,True,False,True,
us6000aexu,VRTB,KO,,BHE,broadband,39.4398,40.6354,5.7,39.1603,41.4558,77.13,77.34,4.5,mb,0.00011,0.0114,2.1,555.0,C,False,True,False,True,
us6000b930,SVRC,KO,,BHE,broadband,38.1878,38.698,10.0,38.3775,39.306,57.11,57.98,5.6,mww,0.01005,0.2994,43.96,688.0,C,False,True,False,True,
us6000b930,URFA,KO,,BHE,broadband,38.1878,38.698,10.0,37.4409,38.8213,83.75,84.34,5.6,mww,0.00178,0.3283,40.93,364.0,C,False,True,False,True,
us6000b9bt,SVRC,KO,,BHE,broadband,38.2374,38.7315,10.0,38.3775,39.306,52.49,53.43,4.5,mwr,0.00064,0.068,19.3,688.0,C,False,True,False,True,
us6000b9bt,URFA,KO,,BHE,broadband,38.2374,38.7315,10.0,37.4409,38.8213,88.92,89.48,4.5,mwr,0.00083,0.0542,31.54,364.0,C,False,True,False,True,
us6000bas2,AKDM,KO,,HHE,broadband,37.9485,42.6601,15.13,38.3285,42.98,50.68,52.89,4.8,mwr,0.00433,0.2827,26.72,353.0,D,False,True,False,True,
us6000bas2,GURO,KO,,HHE,broadband,37.9485,42.6601,15.13,38.5509,42.0322,86.56,87.87,4.8,mwr,2e-05,0.0026,,559.0,C,False,True,False,False,has_gaps
us6000c3tv,BODT,KO,,BHE,broadband,36.7385,26.7488,154.43,37.0622,27.3103,61.55,166.24,5.0,mb,0.00045,0.0362,,464.0,C,False,True,False,False,
us6000c3tv,YKAV,KO,,HNE,strong_motion,36.7385,26.7488,154.43,37.1246,27.2801,63.82,167.1,5.0,mb,0.0002,0.0268,,462.0,C,True,True,True,False,
us6000c3tv,DAT,KO,,BHE,broadband,36.7385,26.7488,154.43,36.7308,27.5767,73.78,171.15,5.0,mb,0.00045,0.0345,,789.0,B,False,True,False,False,clipping_şüphesi
us6000c7m8,DAT,KO,,BHE,broadband,35.5856,26.2443,10.0,36.7308,27.5767,174.71,175.0,5.1,mww,0.00019,0.0174,,789.0,B,False,True,False,False,clipping_şüphesi
us6000c7m8,DATC,KO,,HNE,strong_motion,35.5856,26.2443,10.0,36.7584,27.6602,182.09,182.36,5.1,mww,0.00036,0.0443,,436.0,C,True,True,True,False,
us6000c7m8,BODT,KO,,BHE,broadband,35.5856,26.2443,10.0,37.0622,27.3103,189.94,190.2,5.1,mww,0.00015,0.015,,464.0,C,False,True,False,False,
us6000c7nd,DAT,KO,,BHE,broadband,35.6445,26.2467,10.0,36.7308,27.5767,169.81,170.1,5.2,mww,0.00027,0.0264,,789.0,B,False,True,False,False,clipping_şüphesi
us6000c7nd,DATC,KO,,HNE,strong_motion,35.6445,26.2467,10.0,36.7584,27.6602,177.27,177.55,5.2,mww,0.00052,0.0746,,436.0,C,True,True,True,False,
us6000c7nd,BODT,KO,,BHE,broadband,35.6445,26.2467,10.0,37.0622,27.3103,184.18,184.45,5.2,mww,0.00032,0.0232,,464.0,C,False,True,False,False,
us6000cpnj,CANT,KO,,BHE,broadband,40.516,34.3109,10.0,40.6062,33.6193,59.28,60.12,4.5,mb,0.00017,0.015,,583.0,C,False,True,False,False,
us6000cpnj,TOS,KO,,HNE,strong_motion,40.516,34.3109,10.0,41.0362,34.0226,62.73,63.52,4.5,mb,0.00014,0.0122,,667.0,C,True,True,True,False,
us6000cpnj,KMON,KO,,HNE,strong_motion,40.516,34.3109,10.0,41.3738,33.7839,105.15,105.62,4.5,mb,0.00016,0.0144,,564.0,C,True,True,True,False,
us6000csja,BAYT,KO,,BHE,broadband,40.2408,40.2274,10.0,40.3937,40.141,18.51,21.04,4.6,mb,0.0057,0.168,23.98,561.0,C,False,True,False,True,
us6000csja,GUMT,KO,,HNE,strong_motion,40.2408,40.2274,10.0,40.4665,39.478,68.28,69.01,4.6,mb,0.0008,0.0238,,738.0,C,True,True,True,False,
us6000csja,ERZN,KO,,BHE,broadband,40.2408,40.2274,10.0,39.5867,39.722,84.55,85.14,4.6,mb,0.00014,0.0033,,573.0,C,False,True,False,False,
us6000csja,KTUT,KO,,BHE,broadband,40.2408,40.2274,10.0,40.987,39.7667,91.63,92.17,4.6,mb,0.00054,0.0142,5.87,646.0,C,False,True,False,True,
us6000d3dd,SVRC,KO,,BHE,broadband,38.4563,39.2302,9.0,38.3775,39.306,10.97,14.19,5.5,mww,0.02435,0.6446,52.12,688.0,C,False,True,False,True,
us6000d3dd,DYBB,KO,,BHE,broadband,38.4563,39.2302,9.0,37.9532,40.1393,97.16,97.58,5.5,mww,0.00354,0.2833,36.66,371.0,C,False,True,False,True,
us6000ddkk,KRBN,KO,,HNE,strong_motion,38.9677,26.0599,10.0,38.5936,26.5537,59.69,60.52,4.8,mb,0.00435,0.2076,,843.0,B,True,True,True,False,
us6000ddkk,FOCM,KO,,HNE,strong_motion,38.9677,26.0599,10.0,38.7131,26.7309,64.64,65.41,4.8,mb,0.00255,0.1464,10.02,553.0,C,True,True,True,True,
us6000ddkp,KRBN,KO,,HNE,strong_motion,38.908,26.0285,10.0,38.5936,26.5537,57.41,58.27,4.8,mb,0.00249,0.1197,,843.0,B,True,True,False,False,has_gaps
us6000ddkp,FOCM,KO,,HNE,strong_motion,38.908,26.0285,10.0,38.7131,26.7309,64.6,65.37,4.8,mb,0.00163,0.0887,4.03,553.0,C,True,True,True,True,
us6000ddle,KRBN,KO,,HNE,strong_motion,39.0217,26.0784,10.0,38.5936,26.5537,62.95,63.74,5.2,mww,0.00394,0.4287,,843.0,B,True,True,True,False,
us6000ddmm,KRBN,KO,,HNE,strong_motion,38.9683,26.0399,9.41,38.5936,26.5537,60.99,61.71,4.9,mb,0.00151,0.0677,,843.0,B,True,True,True,False,
us6000ddmm,FOCM,KO,,HNE,strong_motion,38.9683,26.0399,9.41,38.7131,26.7309,66.23,66.9,4.9,mb,0.00083,0.0298,6.07,553.0,C,True,True,True,True,
us6000ddra,FOCM,KO,,HNE,strong_motion,38.9772,26.0791,10.0,38.7131,26.7309,63.63,64.41,4.8,mb,0.00109,0.1085,,553.0,C,True,True,True,False,
us6000dds6,BNN,KO,,BHE,broadband,39.1013,36.0983,10.0,38.8521,35.8472,35.2,36.59,4.5,mwr,0.00409,0.1771,24.92,468.0,C,False,True,False,True,
us6000dds6,SARI,KO,,BHE,broadband,39.1013,36.0983,10.0,38.4072,36.4181,82.01,82.62,4.5,mwr,0.00138,0.0652,12.67,740.0,C,False,True,False,True,
us6000dds6,YOZ,KO,,HHE,broadband,39.1013,36.0983,10.0,39.6376,35.3152,89.93,90.48,4.5,mwr,0.00162,0.0928,27.58,588.0,C,False,True,False,True,clipping_şüphesi
us6000dds6,KOZK,KO,,HNE,strong_motion,39.1013,36.0983,10.0,39.2101,34.868,106.77,107.24,4.5,mwr,0.00173,0.08,6.0,520.0,C,True,True,True,True,
us6000detl,TASB,KO,,HHE,broadband,40.5023,45.3486,12.83,39.9838,44.2384,110.47,111.21,5.2,mww,0.00059,0.0496,10.52,228.0,D,False,True,False,True,
us6000detl,KARS,KO,,HHE,broadband,40.5023,45.3486,12.83,40.6152,43.0937,190.9,191.33,5.2,mww,0.0001,0.0263,9.63,554.0,C,False,True,False,True,
us6000detl,AGRB,KO,,HHE,broadband,40.5023,45.3486,12.83,39.5755,42.992,225.53,225.89,5.2,mww,4e-05,0.0096,9.51,474.0,C,False,True,False,True,
us6000dfvn,KRBN,KO,,HNE,strong_motion,38.8807,25.9761,10.0,38.5936,26.5537,59.4,60.24,4.8,mb,0.00374,0.2083,,843.0,B,True,True,True,False,
us6000dfvn,CESE,KO,,HNE,strong_motion,38.8807,25.9761,10.0,38.3306,26.2997,67.32,68.06,4.8,mb,0.00239,0.1214,,410.0,C,True,True,True,False,
us6000dfvn,FOCM,KO,,HNE,strong_motion,38.8807,25.9761,10.0,38.7131,26.7309,68.02,68.75,4.8,mb,0.00255,0.1462,7.85,553.0,C,True,True,True,True,
us6000dfyz,KIZT,KO,,BHE,broadband,38.6079,31.5627,10.0,38.8808,31.883,41.14,42.34,4.8,mb,0.00361,0.1093,22.36,577.0,C,False,True,False,True,
us6000dfyz,BLVD,KO,,HHE,broadband,38.6079,31.5627,10.0,38.7946,31.095,45.59,46.67,4.8,mb,0.00225,0.0588,29.52,504.0,C,False,True,False,True,
us6000dfyz,SDAG,KO,,HHE,broadband,38.6079,31.5627,10.0,38.4396,30.9175,59.17,60.01,4.8,mb,0.00143,0.0705,10.49,604.0,C,False,True,False,True,
us6000dgvq,KMON,KO,,HNE,strong_motion,41.4361,33.5393,10.0,41.3738,33.7839,21.54,23.75,4.6,mb,0.01241,0.7585,,564.0,C,True,True,True,False,
us6000dgvq,TOS,KO,,HNE,strong_motion,41.4361,33.5393,10.0,41.0362,34.0226,60.09,60.92,4.6,mb,0.00119,0.0782,,667.0,C,True,True,True,False,
us6000dgvq,BZK,KO,,BHE,broadband,41.4361,33.5393,10.0,41.96,34.0035,69.85,70.56,4.6,mb,0.00108,0.065,15.91,871.0,B,False,True,False,True,
us6000dgvq,SAFT,KO,,HNE,strong_motion,41.4361,33.5393,10.0,41.2398,32.6871,74.42,75.09,4.6,mb,0.0032,0.09,,461.0,C,True,True,True,False,
us6000dhd5,TASB,KO,,HHE,broadband,40.0309,44.4522,10.0,39.9838,44.2384,18.95,21.43,4.9,mwr,0.00642,0.3001,21.5,228.0,D,False,True,False,True,
us6000dhd5,KARS,KO,,HHE,broadband,40.0309,44.4522,10.0,40.6152,43.0937,132.23,132.61,4.9,mwr,0.00018,0.0207,13.27,554.0,C,False,True,False,True,
us6000dhd5,AGRB,KO,,HHE,broadband,40.0309,44.4522,10.0,39.5755,42.992,134.62,134.99,4.9,mwr,0.0002,0.0228,18.34,474.0,C,False,True,False,True,
us6000di2c,KIZT,KO,,BHE,broadband,38.6436,31.6136,10.0,38.8808,31.883,35.23,36.62,4.6,mb,0.00307,0.08,14.86,577.0,C,False,True,False,True,
us6000di2c,BLVD,KO,,HHE,broadband,38.6436,31.6136,10.0,38.7946,31.095,48.02,49.05,4.6,mb,0.00151,0.0438,25.78,504.0,C,False,True,False,True,
us6000di2c,SDAG,KO,,HHE,broadband,38.6436,31.6136,10.0,38.4396,30.9175,64.65,65.42,4.6,mb,0.00116,0.0561,6.21,604.0,C,False,True,False,True,
us6000dy7s,DATC,KO,,HNE,strong_motion,36.2412,26.5129,108.9,36.7584,27.6602,117.58,160.26,4.7,mb,0.00045,0.0294,,436.0,C,True,True,True,False,
us6000dy7s,YKAV,KO,,HNE,strong_motion,36.2412,26.5129,108.9,37.1246,27.2801,119.7,161.82,4.7,mb,0.00012,0.0126,,462.0,C,True,True,True,False,
us6000dzl3,DATC,KO,,HNE,strong_motion,36.3122,27.1863,10.0,36.7584,27.6602,65.23,65.99,4.6,mb,0.00115,0.0573,,436.0,C,True,True,True,False,eksik_bileşen
us6000dzl3,BODT,KO,,BHE,broadband,36.3122,27.1863,10.0,37.0622,27.3103,84.13,84.72,4.6,mb,0.00029,0.0091,,464.0,C,False,True,False,False,
us6000dzvs,DATC,KO,,HNE,strong_motion,36.463,27.1575,4.9,36.7584,27.6602,55.61,55.83,4.5,mwr,0.00248,0.1561,,436.0,C,True,True,True,False,
us6000dzvs,BODT,KO,,BHE,broadband,36.463,27.1575,4.9,37.0622,27.3103,68.0,68.18,4.5,mwr,0.00077,0.0194,,464.0,C,False,True,False,False,
us6000e1bu,DATC,KO,,HNE,strong_motion,36.5325,27.0593,5.7,36.7584,27.6602,59.2,59.47,5.3,mww,0.0076,0.412,,436.0,C,True,True,True,False,
us6000e1pd,EZNE,KO,,HNE,strong_motion,39.239,26.0924,11.2,39.756,26.3655,62.08,63.08,4.5,mb,0.00084,0.0316,,282.0,D,True,True,True,False,
us6000e1pd,EZN,KO,,HHE,broadband,39.239,26.0924,11.2,39.8255,26.3246,68.19,69.1,4.5,mb,0.00074,0.0212,10.79,448.0,C,False,True,False,True,
us6000e2f0,DATC,KO,,HNE,strong_motion,36.4064,27.096,9.98,36.7584,27.6602,63.8,64.58,5.0,mww,0.00674,0.2552,,436.0,C,True,True,True,False,
us6000e2f0,BODT,KO,,BHE,broadband,36.4064,27.096,9.98,37.0622,27.3103,75.38,76.04,5.0,mww,0.00207,0.1045,,464.0,C,False,True,False,False,
us6000e33i,DATC,KO,,HNE,strong_motion,36.3997,27.1438,10.0,36.7584,27.6602,60.97,61.78,4.6,mb,0.00344,0.159,,436.0,C,True,True,True,False,
us6000e33i,BODT,KO,,BHE,broadband,36.3997,27.1438,10.0,37.0622,27.3103,75.15,75.81,4.6,mb,0.00141,0.0468,,464.0,C,False,True,False,False,
us6000epst,YEDI,KO,,BHE,broadband,39.1868,40.1667,3.07,39.4377,40.5443,42.82,42.93,5.4,mww,0.03659,3.2354,,833.0,B,False,True,False,False,
us6000epst,BNGB,KO,,BHE,broadband,39.1868,40.1667,3.07,38.9913,40.6792,49.28,49.38,5.4,mww,0.00598,0.2213,33.73,603.0,C,False,True,False,True,
us6000epst,ERZN,KO,,BHE,broadband,39.1868,40.1667,3.07,39.5867,39.722,58.63,58.71,5.4,mww,0.00451,0.265,21.12,573.0,C,False,True,False,True,
us6000exyx,BODT,KO,,BHE,broadband,36.3524,27.0556,41.61,37.0622,27.3103,82.13,92.07,4.8,mb,0.0007,0.0273,,464.0,C,False,True,False,False,
us6000eyju,BODT,KO,,BHE,broadband,35.1902,25.2292,10.0,37.0622,27.3103,279.74,279.92,4.7,mwr,4e-05,0.0044,,464.0,C,False,True,False,False,
us6000ez0a,KMRS,KO,,BHE,broadband,37.1114,36.4369,10.0,37.5087,36.9,60.24,61.06,4.6,mb,0.00082,0.0318,8.89,314.0,D,False,True,False,True,
us6000ez0a,KOZT,KO,,BHE,broadband,37.1114,36.4369,10.0,37.4795,35.8264,67.76,68.49,4.6,mb,0.00026,0.0138,,567.0,C,False,True,False,False,
us6000ez0a,GAZ,KO,,BHE,broadband,37.1114,36.4369,10.0,37.1721,37.2096,68.82,69.54,4.6,mb,0.00097,0.0248,5.41,347.0,D,False,True,False,True,
us6000f11n,BODT,KO,,BHE,broadband,36.4103,27.0628,10.99,37.0622,27.3103,75.77,76.56,4.7,mwr,0.00066,0.0391,,464.0,C,False,True,False,False,
us6000f155,BODT,KO,,BHE,broadband,36.3958,27.0112,10.13,37.0622,27.3103,78.75,79.4,5.6,mww,0.00255,0.1643,2.84,464.0,C,False,True,False,True,
us6000f16z,BODT,KO,,BHE,broadband,36.3665,27.0431,5.96,37.0622,27.3103,80.94,81.16,4.5,mwr,0.00057,0.0248,,464.0,C,False,True,False,False,
us6000f1u4,BODT,KO,,BHE,broadband,36.3902,27.0435,10.0,37.0622,27.3103,78.41,79.05,5.2,mww,0.00148,0.1476,0.55,464.0,C,False,True,False,True,
us6000f1yr,BODT,KO,,BHE,broadband,36.3658,27.0007,8.18,37.0622,27.3103,82.21,82.62,4.6,mwr,0.00068,0.0636,,464.0,C,False,True,False,False,
us6000f328,BODT,KO,,BHE,broadband,36.2724,27.0356,18.4,37.0622,27.3103,91.18,93.02,5.0,mww,0.00099,0.0989,-1.81,464.0,C,False,True,False,True,
us6000f6s8,KARS,KO,,HHE,broadband,41.1691,43.9722,10.0,40.6152,43.0937,96.16,96.68,4.8,mww,0.00037,0.0425,21.37,554.0,C,False,True,False,False,has_gaps
us6000f6s8,AGRB,KO,,HHE,broadband,41.1691,43.9722,10.0,39.5755,42.992,195.69,195.95,4.8,mww,5e-05,0.0072,4.93,474.0,C,False,True,False,True,
us6000f8b9,BODT,KO,,BHE,broadband,36.3354,27.1198,10.0,37.0622,27.3103,82.58,83.18,4.7,mwr,0.00075,0.0288,,464.0,C,False,True,False,False,
us6000fq3y,BODT,KO,,BHE,broadband,35.0268,25.1561,10.0,37.0622,27.3103,297.86,298.03,4.6,mb,0.00024,0.0085,,464.0,C,False,True,False,False,
us6000fq3y,YKAV,KO,,HNE,strong_motion,35.0268,25.1561,10.0,37.1246,27.2801,301.39,301.56,4.6,mb,0.00021,0.0207,,462.0,C,True,True,True,False,
us6000fq9m,BODT,KO,,BHE,broadband,36.4896,27.1703,10.0,37.0622,27.3103,64.88,65.65,4.6,mb,0.0007,0.0257,,464.0,C,False,True,False,False,
us6000fq9n,BODT,KO,,BHE,broadband,36.5029,27.1495,10.0,37.0622,27.3103,63.82,64.6,4.5,mb,0.00061,0.0248,,464.0,C,False,True,False,False,
us6000fsp1,BODT,KO,,BHE,broadband,35.1442,25.2375,10.0,37.0622,27.3103,283.11,283.29,4.6,mb,0.0,0.0002,,464.0,C,False,True,False,False,
us6000fsp1,YKAV,KO,,HNE,strong_motion,35.1442,25.2375,10.0,37.1246,27.2801,286.59,286.76,4.6,mb,7e-05,0.0348,,462.0,C,True,True,True,False,
us6000ftxu,BODT,KO,,BHE,broadband,35.1691,26.2152,20.0,37.0622,27.3103,232.35,233.21,6.4,mww,0.00093,0.2433,2.1,464.0,C,False,True,False,True,
us6000fwd6,DAT,KO,,BHE,broadband,35.2352,25.2419,10.0,36.7308,27.5767,267.92,268.11,4.8,mb,1e-05,0.0007,,789.0,B,False,True,False,False,
us6000fwd6,BODT,KO,,BHE,broadband,35.2352,25.2419,10.0,37.0622,27.3103,275.23,275.41,4.8,mb,2e-05,0.0023,,464.0,C,False,True,False,False,
us6000fwd6,DATC,KO,,HNE,strong_motion,35.2352,25.2419,10.0,36.7584,27.6602,275.7,275.88,4.8,mb,0.00056,0.0497,,436.0,C,True,True,True,False,
us6000fwd6,YKAV,KO,,HNE,strong_motion,35.2352,25.2419,10.0,37.1246,27.2801,278.56,278.74,4.8,mb,4e-05,0.0144,,462.0,C,True,True,False,False,clipping_şüphesi
us6000fwdx,DAT,KO,,BHE,broadband,35.0318,25.1608,10.0,36.7308,27.5767,288.19,288.36,4.7,mb,1e-05,0.0009,,789.0,B,False,True,False,False,
us6000fwdx,DATC,KO,,HNE,strong_motion,35.0318,25.1608,10.0,36.7584,27.6602,295.86,296.03,4.7,mb,0.00037,0.0486,,436.0,C,True,True,True,False,
us6000fwdx,BODT,KO,,BHE,broadband,35.0318,25.1608,10.0,37.0622,27.3103,297.16,297.33,4.7,mb,1e-05,0.0007,,464.0,C,False,True,False,False,
us6000fwdx,YKAV,KO,,HNE,strong_motion,35.0318,25.1608,10.0,37.1246,27.2801,300.69,300.86,4.7,mb,7e-05,0.0195,,462.0,C,True,True,True,False,
us6000fwpx,DAT,KO,,BHE,broadband,35.0712,25.1952,10.0,36.7308,27.5767,282.94,283.12,4.5,mb,1e-05,0.0009,,789.0,B,False,True,False,False,
us6000fwpx,DATC,KO,,HNE,strong_motion,35.0712,25.1952,10.0,36.7584,27.6602,290.63,290.8,4.5,mb,7e-05,0.0236,,436.0,C,True,True,True,False,"eksik_bileşen,Z_bileşeni_yok_veya_kısa"
us6000fwpx,BODT,KO,,BHE,broadband,35.0712,25.1952,10.0,37.0622,27.3103,291.79,291.96,4.5,mb,1e-05,0.0011,,464.0,C,False,True,False,False,
us6000fwpx,YKAV,KO,,HNE,strong_motion,35.0712,25.1952,10.0,37.1246,27.2801,295.32,295.49,4.5,mb,5e-05,0.0107,,462.0,C,True,True,False,False,clipping_şüphesi
us6000g7ta,CESE,KO,,HNE,strong_motion,37.7371,26.0792,10.0,38.3306,26.2997,68.76,69.48,5.1,mww,0.00461,0.2569,,410.0,C,True,True,True,False,
us6000g7ta,GMLD,KO,,HNE,strong_motion,37.7371,26.0792,10.0,38.0766,26.9157,82.53,83.13,5.1,mww,0.00938,0.6838,,289.0,D,True,True,True,False,
us6000g7ta,KRBN,KO,,HNE,strong_motion,37.7371,26.0792,10.0,38.5936,26.5537,103.88,104.36,5.1,mww,0.00324,0.3037,,843.0,B,True,True,True,False,
us6000g7ta,KUSD,KO,,HNE,strong_motion,37.7371,26.0792,10.0,37.8606,27.2868,106.99,107.46,5.1,mww,0.0012,0.0852,,616.0,C,True,True,True,False,
us6000g9c1,ERCV,KO,,HNE,strong_motion,38.8916,43.4846,19.36,39.0198,43.3381,19.07,27.17,4.9,mww,0.03124,2.8673,,344.0,D,True,True,False,False,has_gaps
us6000g9c1,VANB,KO,,HHE,broadband,38.8916,43.4846,19.36,38.509,43.4056,43.09,47.24,4.9,mww,0.0011,0.2086,18.15,548.0,C,False,True,False,True,
us6000g9c1,AKDM,KO,,HHE,broadband,38.8916,43.4846,19.36,38.3285,42.98,76.44,78.85,4.9,mww,0.00037,0.0833,17.68,353.0,D,False,True,False,True,
us6000gffm,DAT,KO,,BHE,broadband,35.1452,26.8939,10.0,36.7308,27.5767,186.72,186.99,5.1,mww,0.00012,0.0154,,789.0,B,False,True,False,False,clipping_şüphesi
us6000gffm,DATC,KO,,HNE,strong_motion,35.1452,26.8939,10.0,36.7584,27.6602,192.18,192.44,5.1,mww,0.00032,0.0426,,436.0,C,True,True,True,False,
us6000gfhq,DAT,KO,,BHE,broadband,35.1923,26.9659,10.0,36.7308,27.5767,179.69,179.97,5.6,mww,0.00033,0.1108,,789.0,B,False,True,False,False,clipping_şüphesi
us6000gfhq,DATC,KO,,HNE,strong_motion,35.1923,26.9659,10.0,36.7584,27.6602,185.01,185.28,5.6,mww,0.00092,0.18,,436.0,C,True,True,True,False,
us6000h4c4,KARS,KO,,HHE,broadband,42.6548,45.3351,10.0,40.6152,43.0937,293.46,293.63,4.5,mb,1e-05,0.0024,2.09,554.0,C,False,True,False,True,
us6000h4c4,TASB,KO,,HHE,broadband,42.6548,45.3351,10.0,39.9838,44.2384,310.79,310.95,4.5,mb,1e-05,0.0028,,228.0,D,False,True,False,False,
us6000h4c4,BCA,KO,,BHE,broadband,42.6548,45.3351,10.0,41.445,41.6223,334.74,334.89,4.5,mb,1e-05,0.0009,,642.0,C,False,True,False,False,
us6000h4c4,SENK,KO,,BHE,broadband,42.6548,45.3351,10.0,40.5614,42.3505,340.19,340.34,4.5,mb,1e-05,0.001,,864.0,B,False,True,False,False,
us6000h4pa,BCA,KO,,BHE,broadband,42.0409,42.7475,10.0,41.445,41.6223,114.48,114.92,4.7,mb,0.00158,0.037,7.42,642.0,C,False,True,False,True,
us6000h4pa,HOPA,KO,,HNE,strong_motion,42.0409,42.7475,10.0,41.3867,41.4458,130.25,130.63,4.7,mb,0.00287,0.068,,588.0,C,True,True,True,False,
us6000h4pa,KARS,KO,,HHE,broadband,42.0409,42.7475,10.0,40.6152,43.0937,161.14,161.45,4.7,mb,6e-05,0.0056,6.94,554.0,C,False,True,False,True,
us6000h4pa,SENK,KO,,BHE,broadband,42.0409,42.7475,10.0,40.5614,42.3505,167.82,168.12,4.7,mb,0.0001,0.0085,,864.0,B,False,True,False,False,
us6000hfzb,DAT,KO,,BHE,broadband,35.1556,26.9705,10.0,36.7308,27.5767,183.46,183.73,4.7,mb,0.00017,0.0102,,789.0,B,False,True,False,False,clipping_şüphesi
us6000i1i3,KARS,KO,,HHE,broadband,41.1354,43.9928,10.0,40.6152,43.0937,95.19,95.71,4.7,mb,0.00134,0.0818,16.7,554.0,C,False,True,False,True,
us6000i1i3,TASB,KO,,HHE,broadband,41.1354,43.9928,10.0,39.9838,44.2384,129.72,130.1,4.7,mb,0.00025,0.0186,,228.0,D,False,True,False,False,
us6000i1i3,SENK,KO,,BHE,broadband,41.1354,43.9928,10.0,40.5614,42.3505,152.17,152.5,4.7,mb,0.00027,0.0228,5.75,864.0,B,False,True,False,True,
us6000i1i3,AGRB,KO,,HHE,broadband,41.1354,43.9928,10.0,39.5755,42.992,193.07,193.33,4.7,mb,7e-05,0.0085,4.75,474.0,C,False,True,False,True,clipping_şüphesi
us6000ianw,KUSD,KO,,HNE,strong_motion,37.9952,27.1512,11.697,37.8606,27.2868,19.12,22.41,5.0,mww,0.01051,0.5462,,616.0,C,True,True,True,False,
us6000ianw,GMLD,KO,,HNE,strong_motion,37.9952,27.1512,11.697,38.0766,26.9157,22.52,25.38,5.0,mww,0.09573,5.8589,,289.0,D,True,True,True,False,
us6000ianw,BLCB,KO,,BHE,broadband,37.9952,27.1512,11.697,38.3853,27.042,44.41,45.92,5.0,mww,0.00222,0.1594,29.06,646.0,C,False,True,False,True,clipping_şüphesi
us6000ianw,AYDB,KO,,HHE,broadband,37.9952,27.1512,11.697,37.9467,27.8908,65.06,66.1,5.0,mww,0.00231,0.0607,17.91,900.0,B,False,True,False,True,
us6000inmr,KARS,KO,,HHE,broadband,40.7188,42.8876,10.0,40.6152,43.0937,20.85,23.12,5.3,mww,0.00897,0.3023,40.3,554.0,C,False,True,False,True,
us6000inmr,SENK,KO,,BHE,broadband,40.7188,42.8876,10.0,40.5614,42.3505,48.58,49.6,5.3,mww,0.00553,0.5892,19.32,864.0,B,False,True,False,True,
us6000inmr,KOPR,KO,,HHE,broadband,40.7188,42.8876,10.0,39.9917,41.8535,119.22,119.64,5.3,mww,0.00068,0.2061,5.17,460.0,C,False,True,False,True,
us6000inmr,AGRB,KO,,HHE,broadband,40.7188,42.8876,10.0,39.5755,42.992,127.44,127.83,5.3,mww,0.0002,0.047,14.16,474.0,C,False,True,False,True,
us6000iq6f,CAME,KO,,HNE,strong_motion,37.0741,28.9243,10.0,36.9435,29.3023,36.57,37.91,4.6,mwr,0.00445,0.1435,13.91,469.0,C,True,True,True,True,
us6000iq6f,DALY,KO,,BHE,broadband,37.0741,28.9243,10.0,36.8162,28.6532,37.45,38.76,4.6,mwr,0.00174,0.0901,20.54,458.0,C,False,True,False,True,
us6000iq6f,FETI,KO,,HNE,strong_motion,37.0741,28.9243,10.0,36.6903,29.096,45.33,46.42,4.6,mwr,0.00348,4.1084,,462.0,C,True,True,False,False,clipping_şüphesi
us6000iq6f,FETY,KO,,HHE,broadband,37.0741,28.9243,10.0,36.6353,29.0835,50.81,51.78,4.6,mwr,0.00123,0.0383,19.61,382.0,C,False,True,False,True,
us6000iqx6,CLDR,KO,,BHE,broadband,38.5064,45.0259,15.0,39.144,43.9172,119.38,120.32,5.6,mww,0.00327,0.2752,23.15,296.0,D,False,True,False,True,
us6000iqx6,VANB,KO,,HHE,broadband,38.5064,45.0259,15.0,38.509,43.4056,140.99,141.79,5.6,mww,0.00081,0.1772,20.95,548.0,C,False,True,False,True,
us6000iqx6,ERCV,KO,,HNE,strong_motion,38.5064,45.0259,15.0,39.0198,43.3381,157.08,157.79,5.6,mww,0.00209,0.7069,,344.0,D,True,True,True,False,
us6000iqx6,TASB,KO,,HHE,broadband,38.5064,45.0259,15.0,39.9838,44.2384,177.72,178.35,5.6,mww,0.00076,0.2165,13.91,228.0,D,False,True,False,True,
us6000ir26,CLDR,KO,,BHE,broadband,38.5939,45.0923,10.0,39.144,43.9172,118.71,119.13,4.5,mb,0.00043,0.0375,9.28,296.0,D,False,True,False,True,
us6000ir26,VANB,KO,,HHE,broadband,38.5939,45.0923,10.0,38.509,43.4056,146.98,147.32,4.5,mb,0.00011,0.0129,4.89,548.0,C,False,True,False,True,
us6000ir26,ERCV,KO,,HNE,strong_motion,38.5939,45.0923,10.0,39.0198,43.3381,159.21,159.52,4.5,mb,0.00115,0.0443,,344.0,D,True,True,True,False,
us6000ir26,TASB,KO,,HHE,broadband,38.5939,45.0923,10.0,39.9838,44.2384,171.13,171.42,4.5,mb,0.0001,0.0143,,228.0,D,False,True,False,False,
us6000isrr,CEYT,KO,,BHE,broadband,37.2612,36.2339,10.0,37.0105,35.7478,51.32,52.29,5.0,mww,0.00097,0.1017,20.04,360.0,D,False,True,False,True,
us6000isrr,KMRS,KO,,BHE,broadband,37.2612,36.2339,10.0,37.5087,36.9,64.97,65.74,5.0,mww,0.00127,0.0724,24.7,314.0,D,False,True,False,True,
us6000isrr,KHMN,KO,,HNE,strong_motion,37.2612,36.2339,10.0,37.3916,37.1574,82.93,83.53,5.0,mww,0.00467,0.1256,,272.0,D,True,True,True,False,
us6000ja6e,TAHT,KO,,HHE,broadband,36.392,36.4912,10.0,36.3755,36.1855,27.43,29.2,4.6,mwr,0.04212,0.5248,43.64,458.0,C,False,True,False,True,
us6000ja6e,CEYT,KO,,HHE,broadband,36.392,36.4912,10.0,37.0105,35.7478,95.51,96.03,4.6,mwr,0.00068,0.0404,14.47,360.0,D,False,True,False,True,
us6000ja6e,KRTS,KO,,HNE,strong_motion,36.392,36.4912,10.0,36.573,35.375,101.8,102.29,4.6,mwr,0.00125,0.0635,,313.0,D,True,True,True,False,
us6000jj5k,FETY,KO,,HHE,broadband,35.7086,28.4965,29.59,36.6353,29.0835,115.73,119.45,5.9,mww,0.00315,0.194,35.24,382.0,C,False,True,False,True,
us6000jj5k,FETI,KO,,HNE,strong_motion,35.7086,28.4965,29.59,36.6903,29.096,121.69,125.24,5.9,mww,0.00268,2.1646,,462.0,C,True,True,False,False,clipping_şüphesi
us6000jk0t,CLDR,KO,,HHE,broadband,38.4199,44.9097,16.0,39.144,43.9172,117.83,118.91,5.9,mww,0.00528,1.9674,29.68,296.0,D,False,True,False,False,has_gaps
us6000jk0t,ERCV,KO,,HNE,strong_motion,38.4199,44.9097,16.0,39.0198,43.3381,151.79,152.63,5.9,mww,0.008,1.1911,,344.0,D,True,True,True,False,
us6000jk0t,AKDM,KO,,HHE,broadband,38.4199,44.9097,16.0,38.3285,42.98,168.52,169.28,5.9,mww,0.00126,0.1855,30.64,353.0,D,False,True,False,True,
us6000jk1j,CLDR,KO,,HHE,broadband,38.6005,44.8287,10.0,39.144,43.9172,99.39,99.89,4.5,mb,0.00015,0.0922,14.73,296.0,D,False,True,False,False,has_gaps
us6000jk1j,ERCV,KO,,HNE,strong_motion,38.6005,44.8287,10.0,39.0198,43.3381,137.31,137.67,4.5,mb,0.0001,0.0182,,344.0,D,True,True,True,False,
us6000jk1j,TASB,KO,,HHE,broadband,38.6005,44.8287,10.0,39.9838,44.2384,161.99,162.3,4.5,mb,3e-05,0.0079,,228.0,D,False,True,False,False,
us6000jk5x,CLDR,KO,,HHE,broadband,38.4906,44.8693,10.0,39.144,43.9172,109.92,110.37,4.7,mb,0.00041,0.034,8.88,296.0,D,False,True,False,True,
us6000jk5x,ERCV,KO,,HNE,strong_motion,38.4906,44.8693,10.0,39.0198,43.3381,145.23,145.57,4.7,mb,0.00024,0.0356,,344.0,D,True,True,True,False,
us6000jk5x,AKDM,KO,,HHE,broadband,38.4906,44.8693,10.0,38.3285,42.98,165.6,165.9,4.7,mb,0.0001,0.0123,1.36,353.0,D,False,True,False,True,
us6000jk61,CLDR,KO,,HHE,broadband,38.4819,44.7507,10.0,39.144,43.9172,103.13,103.61,4.5,mb,0.00025,0.08,,296.0,D,False,True,False,False,has_gaps
us6000jk61,ERCV,KO,,HNE,strong_motion,38.4819,44.7507,10.0,39.0198,43.3381,136.32,136.69,4.5,mb,0.0004,0.0215,,344.0,D,True,True,True,False,
us6000jk61,AKDM,KO,,HHE,broadband,38.4819,44.7507,10.0,38.3285,42.98,155.23,155.55,4.5,mb,4e-05,0.0073,0.24,353.0,D,False,True,False,True,
us6000jllz,KHMN,KO,,HNE,strong_motion,37.2256,37.0143,10.0,37.3916,37.1574,22.38,24.51,7.8,mww,0.6318,108.7121,21.99,272.0,D,True,True,True,True,
us6000jllz,KMRS,KO,,HHE,broadband,37.2256,37.0143,10.0,37.5087,36.9,33.06,34.54,7.8,mww,0.03245,0.6997,48.84,314.0,D,False,True,False,True,
us6000jllz,KOZT,KO,,HHE,broadband,37.2256,37.0143,10.0,37.4795,35.8264,108.73,109.19,7.8,mww,0.01489,0.4292,46.0,567.0,C,False,True,False,True,
us6000jlm1,KHMN,KO,,HNE,strong_motion,37.1893,36.8929,9.797,37.3916,37.1574,32.46,33.91,6.7,mww,0.16578,11.6585,1.93,272.0,D,True,True,True,True,
us6000jlm1,KMRS,KO,,HHE,broadband,37.1893,36.8929,9.797,37.5087,36.9,35.52,36.85,6.7,mww,0.03059,0.4888,13.52,314.0,D,False,True,False,True,
us6000jlm1,KOZT,KO,,HHE,broadband,37.1893,36.8929,9.797,37.4795,35.8264,99.66,100.14,6.7,mww,0.00786,0.3584,13.51,567.0,C,False,True,False,True,
us6000jlm9,GAZ,KO,,HHE,broadband,36.9921,36.6832,10.0,37.1721,37.2096,50.8,51.77,5.6,mb,0.00099,0.1598,4.9,347.0,D,False,True,False,False,has_gaps
us6000jlm9,KMRS,KO,,HHE,broadband,36.9921,36.6832,10.0,37.5087,36.9,60.56,61.38,5.6,mb,0.01221,0.3053,13.87,314.0,D,False,True,False,True,
us6000jlm9,KHMN,KO,,HNE,strong_motion,36.9921,36.6832,10.0,37.3916,37.1574,61.14,61.95,5.6,mb,0.01406,0.6723,,272.0,D,True,True,True,False,
us6000jlm9,TAHT,KO,,HHE,broadband,36.9921,36.6832,10.0,36.3755,36.1855,81.67,82.28,5.6,mb,0.06245,13.5203,3.01,458.0,C,False,True,False,True,
us6000jlmd,URFA,KO,,HHE,broadband,37.9828,38.1435,10.0,37.4409,38.8213,84.77,85.36,4.9,mb,0.00256,0.1029,5.63,364.0,C,False,True,False,True,
us6000jlmd,DARE,KO,,HHE,broadband,37.9828,38.1435,10.0,38.5712,37.4832,87.19,87.76,4.9,mb,0.00053,0.0541,-0.12,510.0,C,False,True,False,True,
us6000jlmd,KHMN,KO,,HNE,strong_motion,37.9828,38.1435,10.0,37.3916,37.1574,108.86,109.32,4.9,mb,0.02827,0.3817,,272.0,D,True,True,True,False,
us6000jlmf,GAZ,KO,,HHE,broadband,37.0302,36.6208,10.0,37.1721,37.2096,54.55,55.46,5.1,mb,0.00346,0.2195,,347.0,D,False,True,False,False,"has_gaps,eksik_bileşen,Z_bileşeni_yok_veya_kısa"
us6000jlmf,KMRS,KO,,HHE,broadband,37.0302,36.6208,10.0,37.5087,36.9,58.66,59.51,5.1,mb,0.00706,0.2873,11.2,314.0,D,False,True,False,True,
us6000jlmf,KHMN,KO,,HNE,strong_motion,37.0302,36.6208,10.0,37.3916,37.1574,62.23,63.03,5.1,mb,0.03317,0.4707,,272.0,D,True,True,True,False,
us6000jlmf,CEYT,KO,,HHE,broadband,37.0302,36.6208,10.0,37.0105,35.7478,77.54,78.18,5.1,mb,0.0018,0.1212,7.18,360.0,D,False,True,False,True,
us6000jlmh,KHMN,KO,,HNE,strong_motion,37.7712,37.9141,16.929,37.3916,37.1574,78.92,80.72,5.3,mb,0.08041,0.8558,,272.0,D,True,True,True,False,
us6000jlmh,URFA,KO,,HHE,broadband,37.7712,37.9141,16.929,37.4409,38.8213,87.95,89.56,5.3,mb,0.00431,0.235,10.93,364.0,C,False,True,False,False,has_gaps
us6000jlmh,GAZ,KO,,HHE,broadband,37.7712,37.9141,16.929,37.1721,37.2096,91.12,92.68,5.3,mb,0.00566,2.0466,4.53,347.0,D,False,True,False,False,has_gaps
us6000jlmm,GAZ,KO,,HHE,broadband,37.1024,36.7301,12.201,37.1721,37.2096,43.21,44.9,4.8,mb,0.00109,0.0913,3.68,347.0,D,False,True,False,True,
us6000jlmm,KMRS,KO,,HHE,broadband,37.1024,36.7301,12.201,37.5087,36.9,47.61,49.15,4.8,mb,0.00376,0.064,6.84,314.0,D,False,True,False,True,
us6000jlmm,KHMN,KO,,HNE,strong_motion,37.1024,36.7301,12.201,37.3916,37.1574,49.65,51.13,4.8,mb,0.02724,0.2503,,272.0,D,True,True,True,False,
us6000jlmm,CEYT,KO,,HHE,broadband,37.1024,36.7301,12.201,37.0105,35.7478,87.76,88.6,4.8,mb,0.00128,0.0647,1.75,360.0,D,False,True,False,True,
us6000jlmn,GAZ,KO,,HHE,broadband,37.1816,36.9658,11.359,37.1721,37.2096,21.63,24.43,5.3,mb,0.01282,0.7113,27.52,347.0,D,False,True,False,True,
us6000jlmn,KHMN,KO,,HNE,strong_motion,37.1816,36.9658,11.359,37.3916,37.1574,28.85,31.01,5.3,mb,0.12216,2.4654,,272.0,D,True,True,True,False,
us6000jlmn,KMRS,KO,,HHE,broadband,37.1816,36.9658,11.359,37.5087,36.9,36.83,38.54,5.3,mb,0.00371,0.2152,16.61,314.0,D,False,True,False,True,
us6000jlmn,KOZT,KO,,HHE,broadband,37.1816,36.9658,11.359,37.4795,35.8264,106.05,106.66,5.3,mb,0.00145,0.159,0.03,567.0,C,False,True,False,True,
us6000jlmv,TAHT,KO,,HHE,broadband,36.7084,36.3519,10.0,36.3755,36.1855,39.89,41.12,4.7,mb,0.02046,1.7521,18.38,458.0,C,False,True,False,True,
us6000jlmv,CEYT,KO,,HHE,broadband,36.7084,36.3519,10.0,37.0105,35.7478,63.38,64.16,4.7,mb,0.00042,0.0238,8.83,360.0,D,False,True,False,True,
us6000jlmv,KRTS,KO,,HNE,strong_motion,36.7084,36.3519,10.0,36.573,35.375,88.45,89.01,4.7,mb,0.00099,0.0717,,313.0,D,True,True,True,False,
us6000jlmy,KHMN,KO,,HNE,strong_motion,37.3512,37.095,10.502,37.3916,37.1574,7.11,12.68,4.8,mb,0.03145,0.5653,,272.0,D,True,True,True,False,
us6000jlmy,GAZ,KO,,HHE,broadband,37.3512,37.095,10.502,37.1721,37.2096,22.35,24.69,4.8,mb,0.00924,2.0397,9.59,347.0,D,False,True,False,False,has_gaps
us6000jlmy,KMRS,KO,,HHE,broadband,37.3512,37.095,10.502,37.5087,36.9,24.56,26.71,4.8,mb,0.00832,0.2799,12.97,314.0,D,False,True,False,True,
us6000jlmy,KOZT,KO,,HHE,broadband,37.3512,37.095,10.502,37.4795,35.8264,112.94,113.43,4.8,mb,0.0012,0.0856,4.83,567.0,C,False,True,False,True,
us6000jln0,URFA,KO,,HHE,broadband,38.1742,38.482,16.696,37.4409,38.8213,86.82,88.41,4.7,mb,0.00304,0.0735,11.26,364.0,C,False,True,False,True,
us6000jln0,DARE,KO,,HHE,broadband,38.1742,38.482,16.696,38.5712,37.4832,97.62,99.04,4.7,mb,0.00022,0.0202,8.41,510.0,C,False,True,False,True,
us6000jln3,KHMN,KO,,HNE,strong_motion,37.5003,37.3267,3.572,37.3916,37.1574,19.22,19.55,4.5,mb,0.01604,0.1769,,272.0,D,True,True,True,False,
us6000jln3,KMRS,KO,,HHE,broadband,37.5003,37.3267,3.572,37.5087,36.9,37.65,37.82,4.5,mb,0.00099,0.0383,16.78,314.0,D,False,True,False,True,
us6000jln3,GAZ,KO,,HHE,broadband,37.5003,37.3267,3.572,37.1721,37.2096,37.93,38.1,4.5,mb,0.00057,0.0417,10.9,347.0,D,False,True,False,True,
us6000jln3,DARE,KO,,HHE,broadband,37.5003,37.3267,3.572,38.5712,37.4832,119.86,119.91,4.5,mb,9e-05,0.0095,0.5,510.0,C,False,True,False,True,
us6000jln9,URFA,KO,,HHE,broadband,38.1656,38.65,16.431,37.4409,38.8213,81.98,83.61,4.8,mb,0.00148,0.0778,20.32,364.0,C,False,True,False,True,
us6000jlnd,KHMN,KO,,HNE,strong_motion,37.5236,37.2784,11.788,37.3916,37.1574,18.15,21.64,4.5,mb,0.03227,0.7849,,272.0,D,True,True,True,False,
us6000jlnd,KMRS,KO,,HHE,broadband,37.5236,37.2784,11.788,37.5087,36.9,33.42,35.44,4.5,mb,0.00404,0.2198,32.18,314.0,D,False,True,False,True,
us6000jlnd,GAZ,KO,,HHE,broadband,37.5236,37.2784,11.788,37.1721,37.2096,39.56,41.28,4.5,mb,0.00297,0.1085,9.51,347.0,D,False,True,False,True,
us6000jlnd,DARE,KO,,HHE,broadband,37.5236,37.2784,11.788,38.5712,37.4832,117.86,118.45,4.5,mb,0.00034,0.0323,7.67,510.0,C,False,True,False,True,
us6000jlnf,URFA,KO,,HHE,broadband,38.1845,38.5342,16.416,37.4409,38.8213,86.45,87.99,5.0,mb,0.0023,0.0833,17.79,364.0,C,False,True,False,True,
us6000jlnf,DARE,KO,,HHE,broadband,38.1845,38.5342,16.416,38.5712,37.4832,101.2,102.52,5.0,mb,0.00031,0.0306,11.32,510.0,C,False,True,False,True,
us6000jlnn,KHMN,KO,,HNE,strong_motion,37.2252,37.0001,10.0,37.3916,37.1574,23.15,25.22,5.7,mb,0.16578,11.6556,1.93,272.0,D,True,True,True,True,
us6000jlnn,KMRS,KO,,HHE,broadband,37.2252,37.0001,10.0,37.5087,36.9,32.74,34.23,5.7,mb,0.03059,0.4811,2.01,314.0,D,False,True,False,True,
us6000jlnn,KOZT,KO,,HHE,broadband,37.2252,37.0001,10.0,37.4795,35.8264,107.53,107.99,5.7,mb,0.00786,0.3804,1.45,567.0,C,False,True,False,True,
us6000jlns,TAHT,KO,,HHE,broadband,36.7176,36.4733,10.0,36.3755,36.1855,45.91,46.99,4.5,mb,0.02761,2.2291,21.4,458.0,C,False,True,False,True,
us6000jlns,CEYT,KO,,HHE,broadband,36.7176,36.4733,10.0,37.0105,35.7478,72.29,72.98,4.5,mb,0.00027,0.0143,5.22,360.0,D,False,True,False,True,
us6000jlns,GAZ,KO,,HHE,broadband,36.7176,36.4733,10.0,37.1721,37.2096,82.68,83.28,4.5,mb,0.00044,0.0282,10.11,347.0,D,False,True,False,True,
us6000jlnu,KHMN,KO,,HNE,strong_motion,37.4609,37.1603,16.174,37.3916,37.1574,7.71,17.92,4.5,mb,0.02399,0.338,,272.0,D,True,True,True,False,
us6000jlnu,KMRS,KO,,HHE,broadband,37.4609,37.1603,16.174,37.5087,36.9,23.57,28.59,4.5,mb,0.00233,0.1135,24.65,314.0,D,False,True,False,True,
us6000jlnu,GAZ,KO,,HHE,broadband,37.4609,37.1603,16.174,37.1721,37.2096,32.41,36.22,4.5,mb,0.00157,0.0411,11.23,347.0,D,False,True,False,True,
us6000jlnu,KOZT,KO,,HHE,broadband,37.4609,37.1603,16.174,37.4795,35.8264,117.74,118.85,4.5,mb,0.00026,0.0178,17.01,567.0,C,False,True,False,True,
us6000jlnv,KHMN,KO,,HNE,strong_motion,37.7898,37.8568,16.551,37.3916,37.1574,75.88,77.66,4.6,mb,0.03342,0.4914,,272.0,D,True,True,True,False,
us6000jlnv,GAZ,KO,,HHE,broadband,37.7898,37.8568,16.551,37.1721,37.2096,89.32,90.84,4.6,mb,0.00248,0.09,6.43,347.0,D,False,True,False,True,
us6000jlnv,KMRS,KO,,HHE,broadband,37.7898,37.8568,16.551,37.5087,36.9,89.85,91.36,4.6,mb,0.00154,0.0916,4.66,314.0,D,False,True,False,True,
us6000jlp0,KRTS,KO,,HNE,strong_motion,36.2975,36.2085,13.032,36.573,35.375,80.61,81.66,4.6,mb,0.00077,0.0293,,313.0,D,True,True,True,False,
us6000jlp0,CEYT,KO,,HHE,broadband,36.2975,36.2085,13.032,37.0105,35.7478,89.3,90.25,4.6,mb,0.00084,0.0373,11.02,360.0,D,False,True,False,True,
us6000jlp1,URFA,KO,,HHE,broadband,37.9201,38.4457,10.0,37.4409,38.8213,62.7,63.49,4.5,mb,0.00089,0.0172,16.84,364.0,C,False,True,False,True,
us6000jlp1,DARE,KO,,HHE,broadband,37.9201,38.4457,10.0,38.5712,37.4832,110.93,111.38,4.5,mb,0.0001,0.0078,1.41,510.0,C,False,True,False,True,
us6000jlp9,KHMN,KO,,HNE,strong_motion,37.6427,37.394,10.0,37.3916,37.1574,34.86,36.27,4.8,mwr,0.00792,0.0864,,272.0,D,True,True,True,False,
us6000jlp9,KMRS,KO,,HHE,broadband,37.6427,37.394,10.0,37.5087,36.9,46.01,47.08,4.8,mwr,0.00078,0.0991,21.58,314.0,D,False,True,False,True,
us6000jlp9,GAZ,KO,,HHE,broadband,37.6427,37.394,10.0,37.1721,37.2096,54.8,55.7,4.8,mwr,0.00145,0.1346,14.19,347.0,D,False,True,False,True,
us6000jlp9,DARE,KO,,HHE,broadband,37.6427,37.394,10.0,38.5712,37.4832,103.54,104.02,4.8,mwr,0.00065,0.0756,7.27,510.0,C,False,True,False,True,
us6000jlpb,CEYT,KO,,HHE,broadband,36.7139,36.4459,11.457,37.0105,35.7478,70.32,71.25,4.5,mb,0.00045,0.0193,7.8,360.0,D,False,True,False,True,
us6000jlpb,GAZ,KO,,HHE,broadband,36.7139,36.4459,11.457,37.1721,37.2096,84.87,85.64,4.5,mb,0.00122,0.054,6.76,347.0,D,False,True,False,False,has_gaps
us6000jlpi,URFA,KO,,HHE,broadband,37.8718,38.0812,10.0,37.4409,38.8213,80.87,81.49,4.6,mb,0.00155,0.0408,20.18,364.0,C,False,True,False,True,
us6000jlpi,DARE,KO,,HHE,broadband,37.8718,38.0812,10.0,38.5712,37.4832,93.69,94.22,4.6,mb,9e-05,0.0062,3.39,510.0,C,False,True,False,True,
us6000jlpi,KHMN,KO,,HNE,strong_motion,37.8718,38.0812,10.0,37.3916,37.1574,97.31,97.82,4.6,mb,0.04227,0.5053,,272.0,D,True,True,True,False,
us6000jlpp,CEYT,KO,,HHE,broadband,36.6219,36.4225,10.0,37.0105,35.7478,73.99,74.66,4.5,mb,0.00016,0.0078,,360.0,D,False,True,False,False,
us6000jlpp,GAZ,KO,,HHE,broadband,36.6219,36.4225,10.0,37.1721,37.2096,92.96,93.5,4.5,mb,0.00067,0.0223,2.58,347.0,D,False,True,False,False,has_gaps
us6000jlpv,KHMN,KO,,HNE,strong_motion,37.4633,37.2102,10.0,37.3916,37.1574,9.24,13.62,4.8,mb,0.02379,0.4982,,272.0,D,True,True,True,False,
us6000jlpv,KMRS,KO,,HHE,broadband,37.4633,37.2102,10.0,37.5087,36.9,27.83,29.57,4.8,mb,0.00356,0.1805,33.08,314.0,D,False,True,False,True,
us6000jlpv,GAZ,KO,,HHE,broadband,37.4633,37.2102,10.0,37.1721,37.2096,32.38,33.89,4.8,mb,0.00113,0.0581,13.84,347.0,D,False,True,False,True,
us6000jlpv,KOZT,KO,,HHE,broadband,37.4633,37.2102,10.0,37.4795,35.8264,122.13,122.54,4.8,mb,0.00022,0.0245,9.0,567.0,C,False,True,False,True,
us6000jlpx,URFA,KO,,HHE,broadband,38.0402,38.2553,11.354,37.4409,38.8213,83.17,83.94,4.5,mb,0.00127,0.0324,18.57,364.0,C,False,True,False,True,
us6000jlq1,CEYT,KO,,HHE,broadband,36.9214,36.427,10.0,37.0105,35.7478,61.15,61.96,4.6,mb,0.00126,0.06,17.06,360.0,D,False,True,False,True,
us6000jlq1,GAZ,KO,,HHE,broadband,36.9214,36.427,10.0,37.1721,37.2096,74.84,75.51,4.6,mb,0.00117,0.1345,11.97,347.0,D,False,True,False,False,has_gaps
us6000jlq1,KMRS,KO,,HHE,broadband,36.9214,36.427,10.0,37.5087,36.9,77.58,78.22,4.6,mb,0.00121,0.0584,15.78,314.0,D,False,True,False,True,
us6000jlq2,URFA,KO,,HHE,broadband,37.7583,37.9812,17.065,37.4409,38.8213,82.0,83.76,4.5,mb,0.00094,0.0304,17.86,364.0,C,False,True,False,True,
us6000jlq2,GAZ,KO,,HHE,broadband,37.7583,37.9812,17.065,37.1721,37.2096,94.27,95.8,4.5,mb,0.00117,0.0414,5.94,347.0,D,False,True,False,True,
us6000jlqa,KMRS,KO,,HHE,broadband,38.0106,37.1962,7.432,37.5087,36.9,61.58,62.03,7.5,mww,0.02958,0.65,47.43,314.0,D,False,True,False,True,
us6000jlqa,DARE,KO,,HHE,broadband,38.0106,37.1962,7.432,38.5712,37.4832,67.18,67.59,7.5,mww,0.05766,7.1947,50.62,510.0,C,False,True,False,True,
us6000jlqa,SARI,KO,,HHE,broadband,38.0106,37.1962,7.432,38.4072,36.4181,81.03,81.37,7.5,mww,0.03254,0.5215,50.03,740.0,C,False,True,False,False,has_gaps
us6000jlqc,KRTS,KO,,HNE,strong_motion,35.8319,36.162,10.0,36.573,35.375,108.52,108.98,4.6,mb,0.00013,0.0125,,313.0,D,True,True,True,False,
us6000jlqc,CEYT,KO,,HHN,broadband,35.8319,36.162,10.0,37.0105,35.7478,136.19,136.56,4.6,mb,0.00012,0.0072,8.75,360.0,D,False,True,False,False,has_gaps
us6000jlqe,DARE,KO,,HHE,broadband,38.0249,37.8023,10.0,38.5712,37.4832,66.82,67.56,5.8,mb,0.0077,0.3392,7.7,510.0,C,False,True,False,True,
us6000jlqe,KMRS,KO,,HHE,broadband,38.0249,37.8023,10.0,37.5087,36.9,97.9,98.41,5.8,mb,0.00304,0.308,5.93,314.0,D,False,True,False,True,
us6000jlql,DARE,KO,,HHE,broadband,38.248,38.1847,10.0,38.5712,37.4832,70.9,71.6,5.7,mb,0.00307,0.2373,8.08,510.0,C,False,True,False,True,
us6000jlql,ARPRA,KO,,HNE,strong_motion,38.248,38.1847,10.0,39.0929,38.3356,94.86,95.39,5.7,mb,0.0052,0.3772,,773.0,B,True,True,True,False,
us6000jlqm,GAZ,KO,,HHE,broadband,37.6189,37.9263,10.0,37.1721,37.2096,80.48,81.1,4.6,mb,0.00253,0.3098,6.91,347.0,D,False,True,False,True,
us6000jlqm,URFA,KO,,HHE,broadband,37.6189,37.9263,10.0,37.4409,38.8213,81.37,81.98,4.6,mb,0.00439,0.3062,1.62,364.0,C,False,True,False,True,
us6000jlqr,SARI,KO,,HHE,broadband,38.0752,36.7588,5.968,38.4072,36.4181,47.41,47.78,5.1,mb,0.00579,0.2192,9.61,740.0,C,False,True,False,True,
us6000jlqr,KMRS,KO,,HHE,broadband,38.0752,36.7588,5.968,37.5087,36.9,64.2,64.48,5.1,mb,0.00215,0.107,21.66,314.0,D,False,True,False,True,
us6000jlqr,DARE,KO,,HHE,broadband,38.0752,36.7588,5.968,38.5712,37.4832,83.88,84.09,5.1,mb,0.00079,0.0414,3.51,510.0,C,False,True,False,True,clipping_şüphesi
us6000jlqx,KMRS,KO,,HHE,broadband,37.9593,37.3732,10.0,37.5087,36.9,65.13,65.89,4.9,mb,0.00095,0.0511,9.59,314.0,D,False,True,False,True,
us6000jlqx,DARE,KO,,HHE,broadband,37.9593,37.3732,10.0,38.5712,37.4832,68.71,69.43,4.9,mb,0.00172,0.1283,6.9,510.0,C,False,True,False,True,clipping_şüphesi
us6000jlqx,GAZ,KO,,HHE,broadband,37.9593,37.3732,10.0,37.1721,37.2096,88.71,89.27,4.9,mb,0.00053,0.0478,5.02,347.0,D,False,True,False,True,
us6000jlqy,KMRS,KO,,HHE,broadband,37.8259,37.4436,13.77,37.5087,36.9,59.44,61.01,4.8,mb,0.0003,0.0265,6.38,314.0,D,False,True,False,True,
us6000jlqy,GAZ,KO,,HHZ,broadband,37.8259,37.4436,13.77,37.1721,37.2096,75.57,76.81,4.8,mb,0.00026,0.0325,3.93,347.0,D,False,True,False,False,has_gaps
us6000jlqy,DARE,KO,,HHE,broadband,37.8259,37.4436,13.77,38.5712,37.4832,82.95,84.09,4.8,mb,0.00082,0.0583,15.88,510.0,C,False,True,False,True,clipping_şüphesi
us6000jlr7,SARI,KO,,HHE,broadband,38.0622,36.5678,11.405,38.4072,36.4181,40.53,42.1,4.8,mb,0.00331,0.0946,15.67,740.0,C,False,True,False,True,
us6000jlr7,KMRS,KO,,HHE,broadband,38.0622,36.5678,11.405,37.5087,36.9,68.12,69.07,4.8,mb,0.00338,0.1504,7.87,314.0,D,False,True,False,True,
us6000jlr7,KOZT,KO,,HHE,broadband,38.0622,36.5678,11.405,37.4795,35.8264,91.89,92.6,4.8,mb,0.00048,0.0416,11.96,567.0,C,False,True,False,True,
us6000jlr9,KMRS,KO,,HHE,broadband,37.9417,37.351,17.733,37.5087,36.9,62.38,64.85,4.5,mb,0.00086,0.0511,10.88,314.0,D,False,True,False,True,
us6000jlr9,DARE,KO,,HHE,broadband,37.9417,37.351,17.733,38.5712,37.4832,70.94,73.12,4.5,mb,0.00049,0.0393,12.9,510.0,C,False,True,False,True,clipping_şüphesi
us6000jlr9,GAZ,KO,,HHE,broadband,37.9417,37.351,17.733,37.1721,37.2096,86.48,88.28,4.5,mb,0.00029,0.0359,10.58,347.0,D,False,True,False,True,
us6000jlra,SARI,KO,,HHE,broadband,37.9721,36.3402,5.716,38.4072,36.4181,48.86,49.19,4.5,mb,0.00431,0.1372,8.62,740.0,C,False,True,False,True,
us6000jlra,KOZT,KO,,HHE,broadband,37.9721,36.3402,5.716,37.4795,35.8264,71.01,71.24,4.5,mb,0.00018,0.0175,6.3,567.0,C,False,True,False,True,
us6000jlra,KMRS,KO,,HHE,broadband,37.9721,36.3402,5.716,37.5087,36.9,71.26,71.49,4.5,mb,0.00059,0.0277,3.99,314.0,D,False,True,False,True,
us6000jlrb,DARE,KO,,HHE,broadband,38.0509,37.5686,15.351,38.5712,37.4832,58.33,60.32,4.7,mb,0.00133,0.0847,14.84,510.0,C,False,True,False,True,clipping_şüphesi
us6000jlrb,KMRS,KO,,HHE,broadband,38.0509,37.5686,15.351,37.5087,36.9,84.19,85.58,4.7,mb,0.00286,0.1474,-2.51,314.0,D,False,True,False,True,
us6000jlrc,SARI,KO,,HHE,broadband,38.0582,36.5114,8.516,38.4072,36.4181,39.65,40.55,6.0,mb,0.02012,0.305,16.66,740.0,C,False,True,False,True,
us6000jlrc,KMRS,KO,,HHE,broadband,38.0582,36.5114,8.516,37.5087,36.9,70.0,70.52,6.0,mb,0.00618,0.2939,9.59,314.0,D,False,True,False,True,
us6000jlrc,KOZT,KO,,HHE,broadband,38.0582,36.5114,8.516,37.4795,35.8264,88.12,88.53,6.0,mb,0.00451,0.2882,19.47,567.0,C,False,True,False,True,
us6000jlrg,KMRS,KO,,HHE,broadband,37.9248,37.3761,17.77,37.5087,36.9,62.41,64.89,4.7,mb,0.0012,0.0703,11.09,314.0,D,False,True,False,True,
us6000jlrg,DARE,KO,,HHE,broadband,37.9248,37.3761,17.77,38.5712,37.4832,72.48,74.63,4.7,mb,0.00147,0.0554,13.1,510.0,C,False,True,False,True,clipping_şüphesi
us6000jlrg,GAZ,KO,,HHE,broadband,37.9248,37.3761,17.77,37.1721,37.2096,84.97,86.81,4.7,mb,0.00085,0.1218,7.09,347.0,D,False,True,False,True,
us6000jlrj,DARE,KO,,HHE,broadband,38.0972,38.2339,14.471,38.5712,37.4832,84.05,85.29,4.9,mb,0.00042,0.0235,11.79,510.0,C,False,True,False,True,clipping_şüphesi
us6000jlrj,URFA,KO,,HHE,broadband,38.0972,38.2339,14.471,37.4409,38.8213,89.39,90.55,4.9,mb,0.00141,0.0408,12.85,364.0,C,False,True,False,True,
us6000jlrk,DARE,KO,,HHE,broadband,37.9664,37.7885,10.0,38.5712,37.4832,72.34,73.03,4.6,mb,0.00128,0.0222,8.78,510.0,C,False,True,False,True,clipping_şüphesi
us6000jlrk,KMRS,KO,,HHE,broadband,37.9664,37.7885,10.0,37.5087,36.9,93.24,93.77,4.6,mb,0.00094,0.0526,-2.54,314.0,D,False,True,False,True,
us6000jlrq,SARI,KO,,HHE,broadband,38.0519,36.864,18.833,38.4072,36.4181,55.48,58.59,4.6,mb,0.00228,0.088,4.61,740.0,C,False,True,False,True,
us6000jlrq,KMRS,KO,,HHE,broadband,38.0519,36.864,18.833,37.5087,36.9,60.48,63.34,4.6,mb,0.00133,0.0629,4.23,314.0,D,False,True,False,True,
us6000jlrq,DARE,KO,,HHE,broadband,38.0519,36.864,18.833,38.5712,37.4832,79.08,81.29,4.6,mb,0.00098,0.0146,6.77,510.0,C,False,True,False,True,clipping_şüphesi
us6000jlrt,SARI,KO,,HHE,broadband,38.1156,36.6841,10.0,38.4072,36.4181,39.88,41.11,4.5,mb,0.0029,0.093,7.52,740.0,C,False,True,False,True,
us6000jlrt,KMRS,KO,,HHE,broadband,38.1156,36.6841,10.0,37.5087,36.9,70.1,70.81,4.5,mb,0.00153,0.0743,4.91,314.0,D,False,True,False,True,
us6000jlrt,DARE,KO,,HHE,broadband,38.1156,36.6841,10.0,38.5712,37.4832,86.16,86.74,4.5,mb,0.00053,0.0173,8.39,510.0,C,False,True,False,True,clipping_şüphesi
us6000jlrv,DARE,KO,,HHE,broadband,38.0384,37.371,16.904,38.5712,37.4832,60.05,62.38,5.0,mb,0.00072,0.0367,14.1,510.0,C,False,True,False,False,"has_gaps,clipping_şüphesi"
us6000jlrv,KMRS,KO,,HHE,broadband,38.0384,37.371,16.904,37.5087,36.9,71.99,73.95,5.0,mb,0.00086,0.07,3.63,314.0,D,False,True,False,True,
us6000jlrv,SARI,KO,,HHE,broadband,38.0384,37.371,16.904,38.4072,36.4181,92.79,94.32,5.0,mb,0.00081,0.0235,4.34,740.0,C,False,True,False,True,
us6000jlry,SARI,KO,,HHE,broadband,38.0104,36.6564,10.0,38.4072,36.4181,48.79,49.8,4.7,mb,0.00444,0.102,8.9,740.0,C,False,True,False,True,
us6000jlry,KMRS,KO,,HHE,broadband,38.0104,36.6564,10.0,37.5087,36.9,59.76,60.59,4.7,mb,0.00267,0.1461,1.17,314.0,D,False,True,False,True,
us6000jlry,KOZT,KO,,HHE,broadband,38.0104,36.6564,10.0,37.4795,35.8264,93.87,94.4,4.7,mb,0.00081,0.0516,13.59,567.0,C,False,True,False,True,
us6000jls0,SARI,KO,,HHE,broadband,37.9951,36.3843,10.0,38.4072,36.4181,45.92,47.0,4.9,mb,0.00776,0.2049,15.78,740.0,C,False,True,False,True,
us6000jls0,KMRS,KO,,HHE,broadband,37.9951,36.3843,10.0,37.5087,36.9,70.58,71.28,4.9,mb,0.00447,0.2789,24.04,314.0,D,False,True,False,True,
us6000jls0,KOZT,KO,,HHE,broadband,37.9951,36.3843,10.0,37.4795,35.8264,75.46,76.12,4.9,mb,0.00096,0.103,5.71,567.0,C,False,True,False,True,
us6000jls3,DARE,KO,,HHE,broadband,38.0166,37.7013,10.0,38.5712,37.4832,64.54,65.31,5.3,mb,0.00246,0.169,23.3,510.0,C,False,True,False,True,clipping_şüphesi
us6000jls3,KMRS,KO,,HHE,broadband,38.0166,37.7013,10.0,37.5087,36.9,90.28,90.83,5.3,mb,0.0039,0.278,6.61,314.0,D,False,True,False,True,
us6000jls6,DARE,KO,,HHE,broadband,37.9405,37.4916,16.865,38.5712,37.4832,70.13,72.13,5.0,mb,0.0023,0.1541,6.69,510.0,C,False,True,False,True,clipping_şüphesi
us6000jls6,KMRS,KO,,HHE,broadband,37.9405,37.4916,16.865,37.5087,36.9,70.8,72.78,5.0,mb,0.00212,0.2186,7.18,314.0,D,False,True,False,True,
us6000jls6,GAZ,KO,,HHE,broadband,37.9405,37.4916,16.865,37.1721,37.2096,88.98,90.56,5.0,mb,0.00068,0.081,14.79,347.0,D,False,True,False,True,
us6000jlsb,KMRS,KO,,HHE,broadband,37.7257,37.385,10.0,37.5087,36.9,49.06,50.07,4.5,mb,0.00138,0.0696,10.91,314.0,D,False,True,False,True,
us6000jlsb,GAZ,KO,,HHE,broadband,37.7257,37.385,10.0,37.1721,37.2096,63.47,64.25,4.5,mb,0.00042,0.0328,4.04,347.0,D,False,True,False,True,
us6000jlsb,DARE,KO,,HHE,broadband,37.7257,37.385,10.0,38.5712,37.4832,94.41,94.94,4.5,mb,0.00091,0.027,12.9,510.0,C,False,True,False,True,clipping_şüphesi
us6000jlse,GAZ,KO,,HHE,broadband,36.8097,36.5387,10.0,37.1721,37.2096,71.93,72.62,4.5,mb,0.00094,0.0305,9.4,347.0,D,False,True,False,True,
us6000jlse,CEYT,KO,,HHE,broadband,36.8097,36.5387,10.0,37.0105,35.7478,73.78,74.45,4.5,mb,0.00076,0.0633,13.56,360.0,D,False,True,False,True,
us6000jlse,KMRS,KO,,HHE,broadband,36.8097,36.5387,10.0,37.5087,36.9,84.06,84.65,4.5,mb,0.0007,0.0541,11.15,314.0,D,False,True,False,True,
us6000jlsf,SARI,KO,,HHE,broadband,37.9977,36.4927,10.0,38.4072,36.4181,46.0,47.07,4.7,mb,0.00132,0.08,13.04,740.0,C,False,True,False,True,
us6000jlsf,KMRS,KO,,HHE,broadband,37.9977,36.4927,10.0,37.5087,36.9,65.11,65.87,4.7,mb,0.00042,0.0547,13.54,314.0,D,False,True,False,True,
us6000jlsf,KOZT,KO,,HHE,broadband,37.9977,36.4927,10.0,37.4795,35.8264,82.18,82.79,4.7,mb,0.00018,0.0252,8.25,567.0,C,False,True,False,True,
us6000jlsg,KHMN,KO,,HNE,strong_motion,37.3961,37.1506,10.0,37.3916,37.1574,0.78,10.03,4.6,mb,0.01542,0.4447,,272.0,D,True,True,True,False,
us6000jlsg,KMRS,KO,,HHE,broadband,37.3961,37.1506,10.0,37.5087,36.9,25.42,27.32,4.6,mb,0.00379,0.1131,27.01,314.0,D,False,True,False,True,
us6000jlsg,GAZ,KO,,HHE,broadband,37.3961,37.1506,10.0,37.1721,37.2096,25.45,27.34,4.6,mb,0.00694,0.2124,27.26,347.0,D,False,True,False,True,
us6000jlsj,DARE,KO,,HHE,broadband,38.1782,37.7439,10.0,38.5712,37.4832,49.26,50.26,4.5,mb,0.00079,0.0144,9.76,510.0,C,False,True,False,True,clipping_şüphesi
us6000jlsj,KMRS,KO,,HHE,broadband,38.1782,37.7439,10.0,37.5087,36.9,105.04,105.51,4.5,mb,0.00056,0.0217,3.84,314.0,D,False,True,False,True,
us6000jlsq,DARE,KO,,HHE,broadband,37.8791,37.7355,10.0,38.5712,37.4832,80.05,80.67,4.9,mwr,0.00107,0.0855,7.37,510.0,C,False,True,False,True,clipping_şüphesi
us6000jlsq,KMRS,KO,,HHE,broadband,37.8791,37.7355,10.0,37.5087,36.9,84.26,84.85,4.9,mwr,0.00071,0.0722,20.9,314.0,D,False,True,False,True,
us6000jlsu,DARE,KO,,HHE,broadband,38.19,38.1756,7.43,38.5712,37.4832,73.75,74.12,5.4,mwr,0.004,0.2442,28.89,510.0,C,False,True,False,True,
us6000jlsu,URFA,KO,,HHE,broadband,38.19,38.1756,7.43,37.4409,38.8213,100.77,101.04,5.4,mwr,0.00497,0.24,31.37,364.0,C,False,True,False,True,
us6000jlt0,KRTS,KO,,HNE,strong_motion,36.1064,35.7822,10.0,36.573,35.375,63.42,64.2,4.5,mb,0.00026,0.014,,313.0,D,True,True,True,False,
us6000jlt0,CEYT,KO,,HHE,broadband,36.1064,35.7822,10.0,37.0105,35.7478,100.58,101.08,4.5,mb,0.00021,0.0086,0.11,360.0,D,False,True,False,True,
us6000jlt1,SARI,KO,,HHE,broadband,38.0385,36.5982,10.0,38.4072,36.4181,43.91,45.03,4.8,mb,0.00539,0.2529,14.56,740.0,C,False,True,False,True,
us6000jlt1,KMRS,KO,,HHE,broadband,38.0385,36.5982,10.0,37.5087,36.9,64.61,65.38,4.8,mb,0.00769,0.2857,6.07,314.0,D,False,True,False,True,
us6000jlt1,KHMN,KO,,HNE,strong_motion,38.0385,36.5982,10.0,37.3916,37.1574,87.14,87.71,4.8,mb,0.07471,145.2788,17.37,272.0,D,True,True,True,True,
us6000jlt1,KOZT,KO,,HHE,broadband,38.0385,36.5982,10.0,37.4795,35.8264,92.02,92.56,4.8,mb,0.00036,0.0304,4.7,567.0,C,False,True,False,True,
us6000jlt5,KMRS,KO,,HHE,broadband,37.9826,36.8994,10.0,37.5087,36.9,52.7,53.64,4.6,mb,0.00769,0.2859,5.93,314.0,D,False,True,False,True,
us6000jlt5,SARI,KO,,HHE,broadband,37.9826,36.8994,10.0,38.4072,36.4181,63.23,64.02,4.6,mb,0.00539,0.2532,11.27,740.0,C,False,True,False,True,
us6000jlt5,KHMN,KO,,HNE,strong_motion,37.9826,36.8994,10.0,37.3916,37.1574,69.53,70.25,4.6,mb,0.07471,145.2788,17.37,272.0,D,True,True,True,True,
us6000jlt5,DARE,KO,,HHE,broadband,37.9826,36.8994,10.0,38.5712,37.4832,82.95,83.55,4.6,mb,0.00034,0.0247,6.07,510.0,C,False,True,False,False,"has_gaps,clipping_şüphesi"
us6000jlt7,CEYT,KO,,HHE,broadband,36.6625,36.4828,10.0,37.0105,35.7478,76.0,76.66,4.9,mb,0.00059,0.024,13.32,360.0,D,False,True,False,True,
us6000jlt7,GAZ,KO,,HHE,broadband,36.6625,36.4828,10.0,37.1721,37.2096,85.94,86.52,4.9,mb,0.00091,0.0637,10.02,347.0,D,False,True,False,True,
us6000jlta,SARI,KO,,HHE,broadband,38.0007,36.5078,10.0,38.4072,36.4181,45.88,46.96,5.0,mwr,0.00694,0.3337,3.71,740.0,C,False,True,False,False,has_gaps
us6000jlta,KMRS,KO,,HHE,broadband,38.0007,36.5078,10.0,37.5087,36.9,64.67,65.44,5.0,mwr,0.00258,0.2121,24.35,314.0,D,False,True,False,True,
us6000jlta,KOZT,KO,,HHE,broadband,38.0007,36.5078,10.0,37.4795,35.8264,83.36,83.96,5.0,mwr,0.00087,0.0955,17.79,567.0,C,False,True,False,True,
us6000jlta,KHMN,KO,,HNE,strong_motion,38.0007,36.5078,10.0,37.3916,37.1574,88.62,89.18,5.0,mwr,0.00488,2.1804,,272.0,D,True,True,False,False,has_gaps
us6000jlth,DARE,KO,,HHE,broadband,38.0112,37.4148,9.152,38.5712,37.4832,62.55,63.22,4.5,mb,0.00061,0.0389,21.27,510.0,C,False,True,False,True,
us6000jlth,KMRS,KO,,HHE,broadband,38.0112,37.4148,9.152,37.5087,36.9,71.9,72.48,4.5,mb,0.00062,0.025,7.47,314.0,D,False,True,False,True,
us6000jlth,KHMN,KO,,HNE,strong_motion,38.0112,37.4148,9.152,37.3916,37.1574,72.52,73.1,4.5,mb,0.01072,0.1205,,272.0,D,True,True,True,False,
us6000jlwh,SARI,KO,,HHE,broadband,38.097,36.696,10.0,38.4072,36.4181,42.17,43.34,4.5,mwr,0.01182,0.2805,27.14,740.0,C,False,True,False,True,
us6000jlwh,KMRS,KO,,HHE,broadband,38.097,36.696,10.0,37.5087,36.9,67.83,68.56,4.5,mwr,0.00288,0.1372,20.36,314.0,D,False,True,False,True,
us6000jlwh,DARE,KO,,HHE,broadband,38.097,36.696,10.0,38.5712,37.4832,86.57,87.15,4.5,mwr,0.00089,0.0284,10.25,510.0,C,False,True,False,True,
us6000jlwh,KHMN,KO,,HNE,strong_motion,38.097,36.696,10.0,37.3916,37.1574,88.31,88.87,4.5,mwr,0.00628,0.0758,,272.0,D,True,True,True,False,
us6000jly1,GAZ,KO,,HHE,broadband,37.0895,36.7386,10.0,37.1721,37.2096,42.75,43.9,4.5,mwr,0.00172,0.0927,13.58,347.0,D,False,True,False,True,
us6000jly1,KMRS,KO,,HHE,broadband,37.0895,36.7386,10.0,37.5087,36.9,48.75,49.77,4.5,mwr,0.00088,0.0301,12.58,314.0,D,False,True,False,True,
us6000jly1,KHMN,KO,,HNE,strong_motion,37.0895,36.7386,10.0,37.3916,37.1574,50.03,51.02,4.5,mwr,0.00554,0.0773,,272.0,D,True,True,True,False,
us6000jly1,CEYT,KO,,HHE,broadband,37.0895,36.7386,10.0,37.0105,35.7478,88.37,88.93,4.5,mwr,0.00046,0.0241,12.8,360.0,D,False,True,False,True,
us6000jm13,DARE,KO,,HHE,broadband,38.0881,37.8449,10.0,38.5712,37.4832,62.3,63.1,4.5,mb,0.00075,0.0263,6.92,510.0,C,False,True,False,True,
us6000jm13,KHMN,KO,,HNE,strong_motion,38.0881,37.8449,10.0,37.3916,37.1574,98.25,98.76,4.5,mb,0.00462,0.0409,,272.0,D,True,True,True,False,
us6000jm13,KMRS,KO,,HHE,broadband,38.0881,37.8449,10.0,37.5087,36.9,105.09,105.56,4.5,mb,0.00049,0.0333,7.33,314.0,D,False,True,False,True,
us6000jm1p,SARI,KO,,HHE,broadband,37.9781,36.4456,10.0,38.4072,36.4181,47.77,48.81,5.2,mww,0.01073,0.285,22.44,740.0,C,False,True,False,True,
us6000jm1p,KMRS,KO,,HHE,broadband,37.9781,36.4456,10.0,37.5087,36.9,65.73,66.49,5.2,mww,0.00261,0.1714,27.28,314.0,D,False,True,False,True,
us6000jm1p,KOZT,KO,,HHE,broadband,37.9781,36.4456,10.0,37.4795,35.8264,77.71,78.35,5.2,mww,0.00121,0.115,14.66,567.0,C,False,True,False,True,
us6000jm1p,KHMN,KO,,HNE,strong_motion,37.9781,36.4456,10.0,37.3916,37.1574,90.42,90.97,5.2,mww,0.00439,0.1336,,272.0,D,True,True,True,False,
us6000jm1y,DARE,KO,,HHE,broadband,38.0315,38.0984,10.0,38.5712,37.4832,80.52,81.14,6.0,mb,0.00568,3.3061,-0.36,510.0,C,False,True,False,True,
us6000jm1y,URFA,KO,,HHE,broadband,38.0315,38.0984,10.0,37.4409,38.8213,91.4,91.95,6.0,mb,0.01154,1.8458,1.54,364.0,C,False,True,False,True,
us6000jm29,SARI,KO,,HHE,broadband,38.0339,36.3096,10.0,38.4072,36.4181,42.58,43.74,4.8,mwr,0.00933,0.2823,24.67,740.0,C,False,True,False,True,
us6000jm29,KOZT,KO,,HHE,broadband,38.0339,36.3096,10.0,37.4795,35.8264,74.86,75.52,4.8,mwr,0.00092,0.067,12.94,567.0,C,False,True,False,True,
us6000jm29,KMRS,KO,,HHE,broadband,38.0339,36.3096,10.0,37.5087,36.9,78.12,78.76,4.8,mwr,0.00101,0.0611,15.62,314.0,D,False,True,False,True,
us6000jm29,BNN,KO,,HHE,broadband,38.0339,36.3096,10.0,38.8521,35.8472,99.49,99.99,4.8,mwr,0.00054,0.0599,10.23,468.0,C,False,True,False,True,
us6000jm2r,GAZ,KO,,HHE,broadband,37.2507,37.0859,10.0,37.1721,37.2096,14.01,17.21,5.3,mww,0.01584,0.8664,41.58,347.0,D,False,True,False,True,
us6000jm2r,KHMN,KO,,HNE,strong_motion,37.2507,37.0859,10.0,37.3916,37.1574,16.9,19.64,5.3,mww,0.0486,1.8905,,272.0,D,True,True,True,False,
us6000jm2r,KMRS,KO,,HHE,broadband,37.2507,37.0859,10.0,37.5087,36.9,33.06,34.54,5.3,mww,0.00844,0.2965,41.35,314.0,D,False,True,False,True,
us6000jm2r,KOZT,KO,,HHE,broadband,37.2507,37.0859,10.0,37.4795,35.8264,114.18,114.62,5.3,mww,0.00106,0.1643,24.95,567.0,C,False,True,False,True,
us6000jm2t,SARI,KO,,HHE,broadband,38.0063,36.5773,10.0,38.4072,36.4181,46.7,47.76,4.8,mwr,0.00614,0.1809,25.78,740.0,C,False,True,False,True,
us6000jm2t,KMRS,KO,,HHE,broadband,38.0063,36.5773,10.0,37.5087,36.9,62.18,62.98,4.8,mwr,0.00283,0.1479,26.76,314.0,D,False,True,False,True,
us6000jm2t,KHMN,KO,,HNE,strong_motion,38.0063,36.5773,10.0,37.3916,37.1574,85.3,85.88,4.8,mwr,0.00703,0.0781,,272.0,D,True,True,True,False,
us6000jm2t,KOZT,KO,,HHE,broadband,38.0063,36.5773,10.0,37.4795,35.8264,88.26,88.82,4.8,mwr,0.00074,0.0528,9.64,567.0,C,False,True,False,True,
us6000jm2v,DARE,KO,,HHE,broadband,38.2106,38.2511,10.0,38.5712,37.4832,78.02,78.66,4.8,mwr,0.00095,0.0389,12.43,510.0,C,False,True,False,True,
us6000jm2v,ARPRA,KO,,HNE,strong_motion,38.2106,38.2511,10.0,39.0929,38.3356,98.38,98.89,4.8,mwr,0.00176,0.1178,,773.0,B,True,True,True,False,
us6000jm2x,CEYT,KO,,HHE,broadband,36.7444,36.4904,19.625,37.0105,35.7478,72.38,74.99,4.5,mb,0.00081,0.0285,10.32,360.0,D,False,True,False,True,
us6000jm2x,GAZ,KO,,HHE,broadband,36.7444,36.4904,19.625,37.1721,37.2096,79.66,82.04,4.5,mb,0.00117,0.0832,8.53,347.0,D,False,True,False,True,
us6000jm2x,KMRS,KO,,HHE,broadband,36.7444,36.4904,19.625,37.5087,36.9,92.42,94.48,4.5,mb,0.00118,0.027,9.99,314.0,D,False,True,False,True,
us6000jm30,KMRS,KO,,HHE,broadband,38.072,37.034,10.235,37.5087,36.9,63.73,64.55,4.9,mwr,0.0007,0.0471,24.37,314.0,D,False,True,False,True,
us6000jm30,SARI,KO,,HHE,broadband,38.072,37.034,10.235,38.4072,36.4181,65.44,66.24,4.9,mwr,0.00175,0.0533,20.29,740.0,C,False,True,False,True,
us6000jm30,DARE,KO,,HHE,broadband,38.072,37.034,10.235,38.5712,37.4832,67.95,68.72,4.9,mwr,0.00227,0.1365,23.1,510.0,C,False,True,False,True,
us6000jm3c,SARI,KO,,HHE,broadband,38.032,36.5882,9.855,38.4072,36.4181,44.29,45.37,4.7,mwr,0.00847,0.2796,24.54,740.0,C,False,True,False,True,
us6000jm3c,KMRS,KO,,HHE,broadband,38.032,36.5882,9.855,37.5087,36.9,64.32,65.07,4.7,mwr,0.0026,0.1328,19.65,314.0,D,False,True,False,True,
us6000jm3c,KOZT,KO,,HHE,broadband,38.032,36.5882,9.855,37.4795,35.8264,90.88,91.41,4.7,mwr,0.0006,0.085,9.19,567.0,C,False,True,False,True,
us6000jm3x,KRTS,KO,,HNE,strong_motion,35.6037,35.3598,10.855,36.573,35.375,107.79,108.34,4.5,mwr,0.00017,0.0153,,313.0,D,True,True,True,False,
us6000jm4n,KHMN,KO,,HNE,strong_motion,37.4756,37.1578,7.445,37.3916,37.1574,9.34,11.94,4.7,mb,0.02696,0.7134,,272.0,D,True,True,True,False,
us6000jm4n,KMRS,KO,,HHE,broadband,37.4756,37.1578,7.445,37.5087,36.9,23.04,24.21,4.7,mb,0.00805,0.2307,12.4,314.0,D,False,True,False,True,
us6000jm4n,GAZ,KO,,HHE,broadband,37.4756,37.1578,7.445,37.1721,37.2096,34.06,34.86,4.7,mb,0.00127,0.1085,,347.0,D,False,True,False,False,has_gaps
us6000jm4n,KOZT,KO,,HHE,broadband,37.4756,37.1578,7.445,37.4795,35.8264,117.49,117.73,4.7,mb,0.00092,0.0664,2.98,567.0,C,False,True,False,True,
us6000jm4u,SVAN,KO,,HHE,broadband,38.6055,40.5767,11.35,38.1511,41.1984,74.09,74.95,4.6,mb,0.00038,0.0383,4.85,571.0,C,False,True,False,True,
us6000jm4u,DYBB,KO,,HHE,broadband,38.6055,40.5767,11.35,37.9532,40.1393,81.97,82.75,4.6,mb,0.00056,0.0645,9.42,371.0,C,False,True,False,True,
us6000jm55,KRTS,KO,,HNE,strong_motion,35.9675,35.9849,10.0,36.573,35.375,86.73,87.3,4.7,mwr,0.00048,0.0384,,313.0,D,True,True,True,False,
us6000jm55,CEYT,KO,,HHE,broadband,35.9675,35.9849,10.0,37.0105,35.7478,117.9,118.32,4.7,mwr,0.00034,0.0386,5.61,360.0,D,False,True,False,True,
us6000jm5c,KHMN,KO,,HNE,strong_motion,37.917,37.6406,10.0,37.3916,37.1574,72.27,72.96,4.8,mwr,0.00356,0.0653,,272.0,D,True,True,True,False,
us6000jm5c,DARE,KO,,HHE,broadband,37.917,37.6406,10.0,38.5712,37.4832,74.03,74.7,4.8,mwr,0.00061,0.0785,18.45,510.0,C,False,True,False,True,
us6000jm5c,KMRS,KO,,HHE,broadband,37.917,37.6406,10.0,37.5087,36.9,79.41,80.04,4.8,mwr,0.00068,0.0534,17.46,314.0,D,False,True,False,True,
us6000jm5e,KHMN,KO,,HNE,strong_motion,37.7639,37.7309,10.0,37.3916,37.1574,65.33,66.09,5.5,mww,0.00607,0.2887,,272.0,D,True,True,True,False,
us6000jm5e,KMRS,KO,,HHE,broadband,37.7639,37.7309,10.0,37.5087,36.9,78.48,79.11,5.5,mww,0.00361,0.2755,28.71,314.0,D,False,True,False,True,
us6000jm5e,GAZ,KO,,HHE,broadband,37.7639,37.7309,10.0,37.1721,37.2096,80.29,80.91,5.5,mww,0.0029,0.2978,15.16,347.0,D,False,True,False,False,has_gaps
us6000jm69,SARI,KO,,HHE,broadband,38.0342,36.455,6.359,38.4072,36.4181,41.6,42.08,4.5,mwr,0.00336,0.1377,19.15,740.0,C,False,True,False,True,
us6000jm69,KMRS,KO,,HHE,broadband,38.0342,36.455,6.359,37.5087,36.9,70.32,70.61,4.5,mwr,0.00096,0.0725,14.77,314.0,D,False,True,False,True,
us6000jm69,KOZT,KO,,HHE,broadband,38.0342,36.455,6.359,37.4795,35.8264,82.81,83.05,4.5,mwr,0.00026,0.0285,3.75,567.0,C,False,True,False,True,
us6000jm6b,DARE,KO,,HHE,broadband,38.3144,37.5808,5.787,38.5712,37.4832,29.79,30.35,4.5,mwr,0.00507,0.1235,21.11,510.0,C,False,True,False,True,
us6000jm6b,SARI,KO,,HHE,broadband,38.3144,37.5808,5.787,38.4072,36.4181,101.9,102.06,4.5,mwr,0.00068,0.0338,9.72,740.0,C,False,True,False,True,
us6000jm6b,KMRS,KO,,HHE,broadband,38.3144,37.5808,5.787,37.5087,36.9,107.67,107.83,4.5,mwr,0.00068,0.04,15.54,314.0,D,False,True,False,True,
us6000jm76,DARE,KO,,HHE,broadband,38.016,37.7225,16.818,38.5712,37.4832,65.17,67.31,4.5,mb,0.00041,0.0277,10.27,510.0,C,False,True,False,True,clipping_şüphesi
us6000jm76,KMRS,KO,,HHE,broadband,38.016,37.7225,16.818,37.5087,36.9,91.7,93.23,4.5,mb,0.00039,0.0237,11.65,314.0,D,False,True,False,True,
us6000jm7f,URFA,KO,,HHE,broadband,38.0164,38.57,12.988,37.4409,38.8213,67.7,68.93,5.3,mww,0.00238,0.1926,29.46,364.0,C,False,True,False,True,
us6000jm7f,DARE,KO,,HHE,broadband,38.0164,38.57,12.988,38.5712,37.4832,113.14,113.88,5.3,mww,0.00046,0.0562,22.16,510.0,C,False,True,False,True,
us6000jm7h,DARE,KO,,HHE,broadband,38.3061,38.1915,16.052,38.5712,37.4832,68.37,70.23,4.6,mb,0.00071,0.0214,1.39,510.0,C,False,True,False,True,
us6000jm7h,ARPRA,KO,,HNE,strong_motion,38.3061,38.1915,16.052,39.0929,38.3356,88.38,89.83,4.6,mb,0.00156,0.0794,,773.0,B,True,True,True,False,
us6000jm7k,KMRS,KO,,HHE,broadband,37.8696,36.6642,8.656,37.5087,36.9,45.18,46.0,4.5,mb,0.00086,0.0368,9.27,314.0,D,False,True,False,True,
us6000jm7k,SARI,KO,,HHZ,broadband,37.8696,36.6642,8.656,38.4072,36.4181,63.53,64.12,4.5,mb,0.00069,0.0295,7.86,740.0,C,False,True,False,False,has_gaps
us6000jm7k,KOZT,KO,,HHE,broadband,37.8696,36.6642,8.656,37.4795,35.8264,85.55,85.99,4.5,mb,0.00012,0.0095,3.06,567.0,C,False,True,False,True,
us6000jm7q,DARE,KO,,HHE,broadband,38.2171,38.263,15.409,38.5712,37.4832,78.54,80.04,4.5,mb,0.00043,0.0157,5.87,510.0,C,False,True,False,True,
us6000jm7q,ARPRA,KO,,HNE,strong_motion,38.2171,38.263,15.409,39.0929,38.3356,97.59,98.8,4.5,mb,0.00072,0.0335,,773.0,B,True,True,True,False,
us6000jm84,KRTS,KO,,HNE,strong_motion,36.0984,35.8449,10.0,36.573,35.375,67.5,68.24,4.5,mb,0.00056,0.023,,313.0,D,True,True,True,False,
us6000jm84,CEYT,KO,,HHZ,broadband,36.0984,35.8449,10.0,37.0105,35.7478,101.79,102.28,4.5,mb,0.00025,0.0144,,360.0,D,False,True,False,False,has_gaps
us6000jm95,GAZ,KO,,HHZ,broadband,37.3758,37.1447,10.0,37.1721,37.2096,23.37,25.42,4.7,mwr,0.02332,0.8719,36.0,347.0,D,False,True,False,False,has_gaps
us6000jm95,KMRS,KO,,HHE,broadband,37.3758,37.1447,10.0,37.5087,36.9,26.17,28.02,4.7,mwr,0.006,0.2857,27.71,314.0,D,False,True,False,True,
us6000jm95,KOZT,KO,,HHE,broadband,37.3758,37.1447,10.0,37.4795,35.8264,116.98,117.41,4.7,mwr,0.00036,0.0378,14.27,567.0,C,False,True,False,True,
us6000jm96,SARI,KO,,HHE,broadband,37.9939,36.4771,11.132,38.4072,36.4181,46.25,47.57,5.0,mww,0.00254,0.0947,19.84,740.0,C,False,True,False,True,
us6000jm96,KMRS,KO,,HHE,broadband,37.9939,36.4771,11.132,37.5087,36.9,65.52,66.46,5.0,mww,0.00213,0.1413,22.43,314.0,D,False,True,False,True,
us6000jm96,KOZT,KO,,HHE,broadband,37.9939,36.4771,11.132,37.4795,35.8264,80.91,81.67,5.0,mww,0.00118,0.1222,10.87,567.0,C,False,True,False,True,
us6000jmat,KMRS,KO,,HHE,broadband,37.9358,36.6013,17.857,37.5087,36.9,54.27,57.13,5.3,mww,0.00171,0.087,15.36,314.0,D,False,True,False,True,
us6000jmat,SARI,KO,,HHE,broadband,37.9358,36.6013,17.857,38.4072,36.4181,54.81,57.65,5.3,mww,0.01279,0.3111,31.95,740.0,C,False,True,False,True,
us6000jmat,KHMN,KO,,HNE,strong_motion,37.9358,36.6013,17.857,37.3916,37.1574,77.83,79.85,5.3,mww,0.00244,1.6723,,272.0,D,True,True,False,False,has_gaps
us6000jmat,KOZT,KO,,HHE,broadband,37.9358,36.6013,17.857,37.4795,35.8264,84.98,86.84,5.3,mww,0.00048,0.039,23.16,567.0,C,False,True,False,True,
us6000jmbq,DYBB,KO,,HHE,broadband,38.5889,39.9722,10.0,37.9532,40.1393,72.18,72.87,4.6,mwr,0.0004,0.039,12.77,371.0,C,False,True,False,False,has_gaps
us6000jmc7,KHMN,KO,,HNE,strong_motion,37.904,37.4957,3.541,37.3916,37.1574,64.29,64.39,4.7,mww,0.00279,0.0959,,272.0,D,True,True,True,False,
us6000jmc7,KMRS,KO,,HHE,broadband,37.904,37.4957,3.541,37.5087,36.9,68.4,68.49,4.7,mww,0.00124,0.0934,15.68,314.0,D,False,True,False,True,
us6000jmc7,DARE,KO,,HHE,broadband,37.904,37.4957,3.541,38.5712,37.4832,74.2,74.28,4.7,mww,0.00058,0.0448,12.66,510.0,C,False,True,False,True,
us6000jmc7,GAZ,KO,,HHE,broadband,37.904,37.4957,3.541,37.1721,37.2096,85.2,85.27,4.7,mww,0.0005,0.0676,6.64,347.0,D,False,True,False,True,
us6000jmdw,KRTS,KO,,HNE,strong_motion,36.0927,35.8637,10.0,36.573,35.375,69.06,69.78,4.5,mb,0.00076,0.0385,,313.0,D,True,True,True,False,
us6000jmdw,CEYT,KO,,HHE,broadband,36.0927,35.8637,10.0,37.0105,35.7478,102.58,103.07,4.5,mb,0.00051,0.0263,7.36,360.0,D,False,True,False,False,has_gaps
us6000jmfn,KRTS,KO,,HNZ,strong_motion,36.2022,36.1959,10.0,36.573,35.375,84.26,84.85,4.5,mb,0.00062,0.0293,,313.0,D,True,True,False,False,has_gaps
us6000jmfn,CEYT,KO,,HHE,broadband,36.2022,36.1959,10.0,37.0105,35.7478,98.38,98.89,4.5,mb,0.0002,0.0141,,360.0,D,False,True,False,False,has_gaps
us6000jmg1,SARI,KO,,HHE,broadband,38.0061,36.4959,10.0,38.4072,36.4181,45.12,46.21,5.0,mww,0.0112,0.3004,28.7,740.0,C,False,True,False,True,
us6000jmg1,KMRS,KO,,HHE,broadband,38.0061,36.4959,10.0,37.5087,36.9,65.73,66.49,5.0,mww,0.00297,0.2053,24.78,314.0,D,False,True,False,True,
us6000jmg1,KOZT,KO,,HHE,broadband,38.0061,36.4959,10.0,37.4795,35.8264,83.03,83.63,5.0,mww,0.00124,0.1194,12.1,567.0,C,False,True,False,False,has_gaps
us6000jmg1,KHMN,KO,,HNE,strong_motion,38.0061,36.4959,10.0,37.3916,37.1574,89.76,90.32,5.0,mww,0.0022,0.0317,,272.0,D,True,True,True,False,
us6000jmgf,DARE,KO,,HHE,broadband,37.9389,37.6611,9.559,38.5712,37.4832,72.0,72.63,5.4,mww,0.00274,0.1875,32.29,510.0,C,False,True,False,True,
us6000jmgf,KHMN,KO,,HNE,strong_motion,37.9389,37.6611,9.559,37.3916,37.1574,75.29,75.89,5.4,mww,0.00393,0.3988,,272.0,D,True,True,True,False,
us6000jmgf,KMRS,KO,,HHE,broadband,37.9389,37.6611,9.559,37.5087,36.9,82.28,82.83,5.4,mww,0.00266,0.2043,28.33,314.0,D,False,True,False,True,
us6000jmgg,DARE,KO,,HHE,broadband,37.9367,37.6179,3.53,38.5712,37.4832,71.53,71.62,4.5,mwr,0.00144,0.0968,19.68,510.0,C,False,True,False,True,
us6000jmgg,KHMN,KO,,HNE,strong_motion,37.9367,37.6179,3.53,37.3916,37.1574,72.92,73.01,4.5,mwr,0.00199,0.046,,272.0,D,True,True,True,False,
us6000jmgg,KMRS,KO,,HHE,broadband,37.9367,37.6179,3.53,37.5087,36.9,79.07,79.15,4.5,mwr,0.00108,0.0689,20.1,314.0,D,False,True,False,True,
us6000jmh3,DARE,KO,,HHE,broadband,37.9963,37.4325,5.398,38.5712,37.4832,64.08,64.31,5.1,mww,0.00111,0.0734,24.76,510.0,C,False,True,False,True,
us6000jmh3,KHMN,KO,,HNE,strong_motion,37.9963,37.4325,5.398,37.3916,37.1574,71.46,71.66,5.1,mww,0.00257,0.0891,,272.0,D,True,True,True,False,
us6000jmh3,KMRS,KO,,HHE,broadband,37.9963,37.4325,5.398,37.5087,36.9,71.63,71.83,5.1,mww,0.00164,0.1235,18.91,314.0,D,False,True,False,True,
us6000jmh3,GAZ,KO,,HHE,broadband,37.9963,37.4325,5.398,37.1721,37.2096,93.73,93.89,5.1,mww,0.00074,0.0617,14.94,347.0,D,False,True,False,True,
us6000jmk0,SARI,KO,,HHE,broadband,38.0531,36.5409,10.0,38.4072,36.4181,40.81,42.02,4.5,mb,0.00088,0.0301,9.13,740.0,C,False,True,False,True,
us6000jmk0,KMRS,KO,,HHZ,broadband,38.0531,36.5409,10.0,37.5087,36.9,68.27,69.0,4.5,mb,0.0,0.0001,,314.0,D,False,True,False,False,eksik_bileşen
us6000jmk0,KOZT,KO,,HHE,broadband,38.0531,36.5409,10.0,37.4795,35.8264,89.51,90.07,4.5,mb,0.00012,0.0089,-0.11,567.0,C,False,True,False,True,
us6000jmk0,KHMN,KO,,HNE,strong_motion,38.0531,36.5409,10.0,37.3916,37.1574,91.38,91.93,4.5,mb,0.00165,0.3086,,272.0,D,True,True,False,False,has_gaps
us6000jmkh,DARE,KO,,HHE,broadband,38.1972,38.1247,10.0,38.5712,37.4832,69.68,70.39,4.5,mb,0.00013,0.0065,3.43,510.0,C,False,True,False,True,
us6000jmkh,ARPRA,KO,,HNE,strong_motion,38.1972,38.1247,10.0,39.0929,38.3356,101.27,101.76,4.5,mb,0.00025,0.0105,,773.0,B,True,True,True,False,
us6000jmkh,URFA,KO,,HHE,broadband,38.1972,38.1247,10.0,37.4409,38.8213,104.0,104.48,4.5,mb,0.00027,0.012,6.51,364.0,C,False,True,False,True,
us6000jmma,KHMN,KO,,HNE,strong_motion,37.8831,37.7147,8.154,37.3916,37.1574,73.45,73.9,4.5,mb,0.00031,0.0196,,272.0,D,True,True,True,False,
us6000jmma,DARE,KO,,HHE,broadband,37.8831,37.7147,8.154,38.5712,37.4832,79.14,79.56,4.5,mb,0.00026,0.0098,7.47,510.0,C,False,True,False,True,
us6000jmma,KMRS,KO,,HHE,broadband,37.8831,37.7147,8.154,37.5087,36.9,82.89,83.29,4.5,mb,0.00044,0.0242,10.91,314.0,D,False,True,False,True,
us6000jmn0,URFA,KO,,HHE,broadband,37.9227,38.0613,10.0,37.4409,38.8213,85.69,86.27,5.0,mb,0.00314,0.0826,1.51,364.0,C,False,True,False,False,has_gaps
us6000jmn0,DARE,KO,,HHE,broadband,37.9227,38.0613,10.0,38.5712,37.4832,88.02,88.59,5.0,mb,0.00031,0.0265,3.24,510.0,C,False,True,False,True,
us6000jmn0,KHMN,KO,,HNE,strong_motion,37.9227,38.0613,10.0,37.3916,37.1574,99.09,99.59,5.0,mb,0.02746,0.2172,,272.0,D,True,True,True,False,
us6000jmnp,GAZ,KO,,HHE,broadband,36.9611,36.6603,8.379,37.1721,37.2096,54.09,54.74,4.6,mwr,0.00156,0.1062,17.74,347.0,D,False,True,False,True,
us6000jmnp,KMRS,KO,,HHE,broadband,36.9611,36.6603,8.379,37.5087,36.9,64.48,65.02,4.6,mwr,0.00268,0.1019,19.79,314.0,D,False,True,False,False,has_gaps
us6000jmnp,KHMN,KO,,HNE,strong_motion,36.9611,36.6603,8.379,37.3916,37.1574,65.05,65.59,4.6,mwr,0.00314,0.0886,,272.0,D,True,True,True,False,
us6000jmwl,CLDR,KO,,HHE,broadband,38.4811,44.9282,10.0,39.144,43.9172,114.48,114.92,5.1,mb,0.0004,0.2503,,296.0,D,False,True,False,False,has_gaps
us6000jmwl,ERCV,KO,,HNE,strong_motion,38.4811,44.9282,10.0,39.0198,43.3381,150.34,150.67,5.1,mb,0.00103,0.3454,,344.0,D,True,True,True,False,
us6000jmwl,AKDM,KO,,HHE,broadband,38.4811,44.9282,10.0,38.3285,42.98,170.6,170.89,5.1,mb,9e-05,0.0451,-2.82,353.0,D,False,True,False,True,
us6000jn0h,DARE,KO,,HHE,broadband,38.1736,38.1714,10.0,38.5712,37.4832,74.52,75.19,4.7,mwr,0.00089,0.0423,20.57,510.0,C,False,True,False,True,
us6000jn0h,URFA,KO,,HHE,broadband,38.1736,38.1714,10.0,37.4409,38.8213,99.49,99.99,4.7,mwr,0.00307,0.0845,22.86,364.0,C,False,True,False,True,
us6000jn4r,SARI,KO,,HHE,broadband,37.8868,36.2951,2.087,38.4072,36.4181,58.86,58.9,4.7,mwr,0.00591,0.1773,26.76,740.0,C,False,True,False,True,
us6000jn4r,KOZT,KO,,HHE,broadband,37.8868,36.2951,2.087,37.4795,35.8264,61.26,61.3,4.7,mwr,0.00122,0.1063,4.22,567.0,C,False,True,False,True,
us6000jn4r,KMRS,KO,,HHE,broadband,37.8868,36.2951,2.087,37.5087,36.9,67.82,67.85,4.7,mwr,0.00138,0.1126,13.48,314.0,D,False,True,False,True,
us6000jn4r,KHMN,KO,,HNE,strong_motion,37.8868,36.2951,2.087,37.3916,37.1574,93.79,93.81,4.7,mwr,0.00387,0.0701,,272.0,D,True,True,True,False,
us6000jn97,SARI,KO,,HHE,broadband,38.0647,36.5778,8.106,38.4072,36.4181,40.56,41.36,4.6,mb,0.0018,0.0347,16.48,740.0,C,False,True,False,True,
us6000jn97,KMRS,KO,,HHE,broadband,38.0647,36.5778,8.106,37.5087,36.9,68.0,68.48,4.6,mb,0.00077,0.0373,9.7,314.0,D,False,True,False,True,
us6000jn97,KHMN,KO,,HNE,strong_motion,38.0647,36.5778,8.106,37.3916,37.1574,90.55,90.91,4.6,mb,0.00054,0.0187,,272.0,D,True,True,True,False,
us6000jn97,KOZT,KO,,HHE,broadband,38.0647,36.5778,8.106,37.4795,35.8264,92.71,93.06,4.6,mb,0.00012,0.0102,,567.0,C,False,True,False,False,
us6000jn9a,GAZ,KO,,HHE,broadband,37.0598,36.95,4.748,37.1721,37.2096,26.19,26.62,4.6,mwr,0.00643,0.3266,29.0,347.0,D,False,True,False,False,has_gaps
us6000jn9a,KHMN,KO,,HNE,strong_motion,37.0598,36.95,4.748,37.3916,37.1574,41.21,41.48,4.6,mwr,0.00738,0.1657,,272.0,D,True,True,True,False,
us6000jn9a,KMRS,KO,,HHE,broadband,37.0598,36.95,4.748,37.5087,36.9,50.11,50.33,4.6,mwr,0.00032,0.0208,2.1,314.0,D,False,True,False,False,has_gaps
us6000jnar,ARPRA,KO,,HNE,strong_motion,38.8519,38.0757,10.0,39.0929,38.3356,34.97,36.37,4.5,mwr,0.0051,0.3139,,773.0,B,True,True,True,False,
us6000jnar,DARE,KO,,HHE,broadband,38.8519,38.0757,10.0,38.5712,37.4832,60.14,60.97,4.5,mwr,0.00073,0.0283,13.01,510.0,C,False,True,False,True,
us6000jngk,ARPRA,KO,,HNE,strong_motion,38.824,38.031,10.0,39.0929,38.3356,39.85,41.09,5.0,mww,0.01064,0.6233,,773.0,B,True,True,True,False,
us6000jngk,DARE,KO,,HHE,broadband,38.824,38.031,10.0,38.5712,37.4832,55.23,56.13,5.0,mww,0.00192,0.0875,23.9,510.0,C,False,True,False,True,
us6000jnh1,KHMN,KO,,HNE,strong_motion,37.3429,36.9989,9.339,37.3916,37.1574,15.02,17.69,4.7,mwr,0.00832,0.358,,272.0,D,True,True,True,False,
us6000jnh1,KMRS,KO,,HHE,broadband,37.3429,36.9989,9.339,37.5087,36.9,20.4,22.44,4.7,mwr,0.00812,0.2237,33.77,314.0,D,False,True,False,True,
us6000jnh1,GAZ,KO,,HHE,broadband,37.3429,36.9989,9.339,37.1721,37.2096,26.62,28.21,4.7,mwr,0.00105,0.0859,18.33,347.0,D,False,True,False,True,
us6000jnh1,KOZT,KO,,HHE,broadband,37.3429,36.9989,9.339,37.4795,35.8264,104.66,105.08,4.7,mwr,0.00066,0.0495,7.45,567.0,C,False,True,False,True,
us6000jnks,GAZ,KO,,HHE,broadband,36.8844,36.6204,11.34,37.1721,37.2096,61.31,62.35,4.5,mwr,0.0006,0.0216,7.43,347.0,D,False,True,False,True,
us6000jnks,KMRS,KO,,HHE,broadband,36.8844,36.6204,11.34,37.5087,36.9,73.7,74.57,4.5,mwr,0.00028,0.016,,314.0,D,False,True,False,False,has_gaps
us6000jnks,KHMN,KO,,HNE,strong_motion,36.8844,36.6204,11.34,37.3916,37.1574,73.8,74.67,4.5,mwr,0.00114,0.0343,,272.0,D,True,True,True,False,
us6000jnmc,SARI,KO,,HHE,broadband,38.0051,36.42,7.437,38.4072,36.4181,44.71,45.32,4.6,mwr,0.005,0.245,24.71,740.0,C,False,True,False,True,
us6000jnmc,KMRS,KO,,HHE,broadband,38.0051,36.42,7.437,37.5087,36.9,69.48,69.88,4.6,mwr,0.00184,0.0998,21.78,314.0,D,False,True,False,True,
us6000jnmc,KOZT,KO,,HHE,broadband,38.0051,36.42,7.437,37.4795,35.8264,78.36,78.71,4.6,mwr,0.0012,0.0793,9.7,567.0,C,False,True,False,True,
us6000jnmc,KHMN,KO,,HNE,strong_motion,38.0051,36.42,7.437,37.3916,37.1574,94.14,94.43,4.6,mwr,0.00246,0.1454,,272.0,D,True,True,True,False,
us6000jnr5,TAHT,KO,,HHE,broadband,36.6696,36.4767,10.0,36.3755,36.1855,41.79,42.97,4.7,mb,0.032,1.3354,5.21,458.0,C,False,True,False,True,
us6000jnr5,CEYT,KO,,HHE,broadband,36.6696,36.4767,10.0,37.0105,35.7478,75.13,75.79,4.7,mb,0.00018,0.1102,11.41,360.0,D,False,True,False,True,
us6000jnr5,GAZ,KO,,HHE,broadband,36.6696,36.4767,10.0,37.1721,37.2096,85.83,86.41,4.7,mb,0.00053,0.09,23.87,347.0,D,False,True,False,False,has_gaps
us6000jnr6,TAHT,KO,,HHE,broadband,36.7205,36.6192,10.0,36.3755,36.1855,54.52,55.43,4.5,mb,0.01285,0.2878,8.25,458.0,C,False,True,False,True,
us6000jnr6,GAZ,KO,,HHE,broadband,36.7205,36.6192,10.0,37.1721,37.2096,72.62,73.31,4.5,mb,0.00141,0.1015,,347.0,D,False,True,False,False,has_gaps
us6000jnr6,CEYT,KO,,HHE,broadband,36.7205,36.6192,10.0,37.0105,35.7478,83.96,84.55,4.5,mb,0.00034,0.0678,-0.83,360.0,D,False,True,False,True,
us6000jnr6,KHMN,KO,,HNE,strong_motion,36.7205,36.6192,10.0,37.3916,37.1574,88.6,89.16,4.5,mb,0.02696,0.7135,,272.0,D,True,True,True,False,
us6000jns1,KRTS,KO,,HNE,strong_motion,36.2606,36.2043,10.0,36.573,35.375,81.93,82.54,4.6,mb,0.00085,0.0412,,313.0,D,True,True,True,False,
us6000jns1,CEYT,KO,,HHE,broadband,36.2606,36.2043,10.0,37.0105,35.7478,92.8,93.34,4.6,mb,0.00039,0.0138,5.14,360.0,D,False,True,False,True,
us6000jns2,DARE,KO,,HHE,broadband,38.0957,38.2361,15.345,38.5712,37.4832,84.31,85.7,4.6,mb,0.00012,0.0072,6.13,510.0,C,False,True,False,True,
us6000jns2,URFA,KO,,HHE,broadband,38.0957,38.2361,15.345,37.4409,38.8213,89.15,90.46,4.6,mb,0.0011,0.0322,14.55,364.0,C,False,True,False,True,
us6000jns9,URFA,KO,,HHE,broadband,38.2407,38.7424,15.123,37.4409,38.8213,89.2,90.47,4.8,mb,0.00227,0.0886,0.97,364.0,C,False,True,False,True,
us6000jnse,TAHT,KO,,HHE,broadband,35.1453,35.3142,10.0,36.3755,36.1855,157.77,158.09,4.7,mb,0.02152,1.7159,5.31,458.0,C,False,True,False,True,
us6000jnse,KRTS,KO,,HNE,strong_motion,35.1453,35.3142,10.0,36.573,35.375,158.85,159.16,4.7,mb,0.00153,0.1281,,313.0,D,True,True,True,False,
us6000jnsf,KRTS,KO,,HNE,strong_motion,35.6445,35.5034,10.0,36.573,35.375,103.89,104.37,4.5,mb,0.00111,0.0126,,313.0,D,True,True,True,False,
us6000jnsi,KMRS,KO,,HHE,broadband,37.4137,36.8216,12.112,37.5087,36.9,12.63,17.5,4.5,mb,0.00373,0.1602,22.48,314.0,D,False,True,False,True,
us6000jnsi,KHMN,KO,,HNE,strong_motion,37.4137,36.8216,12.112,37.3916,37.1574,29.76,32.13,4.5,mb,0.00653,0.1377,,272.0,D,True,True,True,False,
us6000jnsi,GAZ,KO,,HHE,broadband,37.4137,36.8216,12.112,37.1721,37.2096,43.59,45.24,4.5,mb,0.00106,0.078,11.09,347.0,D,False,True,False,True,
us6000jnsi,KOZT,KO,,HHE,broadband,37.4137,36.8216,12.112,37.4795,35.8264,88.16,88.99,4.5,mb,0.00024,0.0198,10.15,567.0,C,False,True,False,True,
us6000jnsj,GAZ,KO,,HHE,broadband,37.0822,37.0363,10.0,37.1721,37.2096,18.33,20.88,4.7,mb,0.00548,0.2897,15.14,347.0,D,False,True,False,True,
us6000jnsj,KHMN,KO,,HNE,strong_motion,37.0822,37.0363,10.0,37.3916,37.1574,36.04,37.4,4.7,mb,0.0069,0.1092,,272.0,D,True,True,True,False,
us6000jnsj,KMRS,KO,,HHE,broadband,37.0822,37.0363,10.0,37.5087,36.9,48.93,49.94,4.7,mb,0.00339,0.0884,12.57,314.0,D,False,True,False,True,
us6000jnsj,TAHT,KO,,HHE,broadband,37.0822,37.0363,10.0,36.3755,36.1855,109.2,109.66,4.7,mb,0.03032,0.436,6.9,458.0,C,False,True,False,True,
us6000jnss,URFA,KO,,HHE,broadband,37.9116,38.2366,19.278,37.4409,38.8213,73.4,75.89,4.5,mb,0.00076,0.0177,8.07,364.0,C,False,True,False,True,
us6000jnss,DARE,KO,,HHE,broadband,37.9116,38.2366,19.278,38.5712,37.4832,98.53,100.4,4.5,mb,5e-05,0.0035,4.99,510.0,C,False,True,False,True,
us6000jnt0,KMRS,KO,,HHE,broadband,37.9962,37.2033,14.057,37.5087,36.9,60.41,62.02,5.4,mb,0.00213,0.3008,1.94,314.0,D,False,True,False,True,
us6000jnt0,DARE,KO,,HHE,broadband,37.9962,37.2033,14.057,38.5712,37.4832,68.45,69.88,5.4,mb,0.00437,0.4728,2.72,510.0,C,False,True,False,True,
us6000jnt0,SARI,KO,,HHE,broadband,37.9962,37.2033,14.057,38.4072,36.4181,82.44,83.63,5.4,mb,0.00547,0.2931,6.59,740.0,C,False,True,False,True,
us6000jnt4,KMRS,KO,,HHE,broadband,37.9728,37.3801,10.0,37.5087,36.9,66.67,67.42,4.6,mb,0.00254,0.0965,3.77,314.0,D,False,True,False,True,
us6000jnt4,DARE,KO,,HHE,broadband,37.9728,37.3801,10.0,38.5712,37.4832,67.14,67.88,4.6,mb,0.00229,0.128,4.09,510.0,C,False,True,False,True,clipping_şüphesi
us6000jnt4,GAZ,KO,,HHE,broadband,37.9728,37.3801,10.0,37.1721,37.2096,90.29,90.84,4.6,mb,0.00077,0.0422,5.26,347.0,D,False,True,False,True,
us6000jnt5,SARI,KO,,HHE,broadband,38.039,36.8385,10.0,38.4072,36.4181,55.0,55.9,4.7,mb,0.0024,0.1065,13.48,740.0,C,False,True,False,True,
us6000jnt5,KMRS,KO,,HHE,broadband,38.039,36.8385,10.0,37.5087,36.9,59.21,60.05,4.7,mb,0.00117,0.0764,2.08,314.0,D,False,True,False,True,
us6000jnt5,DARE,KO,,HHE,broadband,38.039,36.8385,10.0,38.5712,37.4832,81.65,82.26,4.7,mb,0.00041,0.1063,1.09,510.0,C,False,True,False,True,clipping_şüphesi
us6000jntk,DARE,KO,,HHE,broadband,37.9978,37.4732,9.48,38.5712,37.4832,63.77,64.47,4.6,mb,0.00076,0.0212,9.03,510.0,C,False,True,False,True,clipping_şüphesi
us6000jntk,KMRS,KO,,HHE,broadband,37.9978,37.4732,9.48,37.5087,36.9,74.14,74.74,4.6,mb,0.00024,0.0157,6.93,314.0,D,False,True,False,True,
us6000jntl,URFA,KO,,HHN,broadband,37.8011,37.9066,14.619,37.4409,38.8213,89.97,91.15,4.5,mb,0.00218,0.0397,2.55,364.0,C,False,True,False,False,has_gaps
us6000jntl,GAZ,KO,,HHE,broadband,37.8011,37.9066,14.619,37.1721,37.2096,93.13,94.27,4.5,mb,0.00041,0.0222,5.56,347.0,D,False,True,False,True,
us6000jntm,KRTS,KO,,HNE,strong_motion,36.2541,36.2923,10.0,36.573,35.375,89.42,89.98,4.6,mb,0.00044,0.0223,,313.0,D,True,True,True,False,
us6000jntm,CEYT,KO,,HHE,broadband,36.2541,36.2923,10.0,37.0105,35.7478,97.13,97.64,4.6,mb,0.00026,0.0119,-0.93,360.0,D,False,True,False,False,has_gaps
us6000jntn,CEYT,KO,,HHE,broadband,36.3959,36.3691,10.0,37.0105,35.7478,87.97,88.54,4.5,mb,9e-05,0.0058,3.12,360.0,D,False,True,False,True,
us6000jntn,KRTS,KO,,HNE,strong_motion,36.3959,36.3691,10.0,36.573,35.375,91.03,91.58,4.5,mb,8e-05,0.0125,,313.0,D,True,True,True,False,
us6000jntw,DARE,KO,,HHE,broadband,38.0365,37.8572,10.0,38.5712,37.4832,67.82,68.55,4.5,mb,0.00017,0.0038,2.9,510.0,C,False,True,False,True,clipping_şüphesi
us6000jntw,KMRS,KO,,HHE,broadband,38.0365,37.8572,10.0,37.5087,36.9,102.58,103.07,4.5,mb,0.00019,0.009,2.58,314.0,D,False,True,False,True,
us6000jnu4,KMRS,KO,,HHE,broadband,37.991,37.2762,19.665,37.5087,36.9,63.01,66.01,4.5,mb,0.00086,0.0701,4.18,314.0,D,False,True,False,True,
us6000jnu4,DARE,KO,,HHE,broadband,37.991,37.2762,19.665,38.5712,37.4832,67.0,69.83,4.5,mb,0.00072,0.0368,8.27,510.0,C,False,True,False,False,"has_gaps,clipping_şüphesi"
us6000jnu4,SARI,KO,,HHE,broadband,37.991,37.2762,19.665,38.4072,36.4181,88.12,90.29,4.5,mb,0.00081,0.0233,2.63,740.0,C,False,True,False,True,
us6000jnu5,DARE,KO,,HHE,broadband,38.034,37.7967,11.982,38.5712,37.4832,65.7,66.78,4.6,mb,0.00104,0.1638,-1.69,510.0,C,False,True,False,True,clipping_şüphesi
us6000jnu5,KMRS,KO,,HHE,broadband,38.034,37.7967,11.982,37.5087,36.9,98.1,98.83,4.6,mb,0.00117,0.0751,5.41,314.0,D,False,True,False,True,
us6000jnu7,KMRS,KO,,HHE,broadband,37.4633,36.981,5.178,37.5087,36.9,8.75,10.17,4.7,mb,0.00769,0.2859,22.26,314.0,D,False,True,False,True,
us6000jnu7,KHMN,KO,,HNE,strong_motion,37.4633,36.981,5.178,37.3916,37.1574,17.5,18.25,4.7,mb,0.07471,145.2788,17.37,272.0,D,True,True,True,True,
us6000jnu7,GAZ,KO,,HHE,broadband,37.4633,36.981,5.178,37.1721,37.2096,38.17,38.52,4.7,mb,0.00174,0.1258,11.82,347.0,D,False,True,False,True,
us6000jnu7,KOZT,KO,,HHE,broadband,37.4633,36.981,5.178,37.4795,35.8264,101.91,102.04,4.7,mb,0.00021,0.0195,4.69,567.0,C,False,True,False,True,
us6000jnut,DARE,KO,,HHE,broadband,38.2636,37.9916,10.0,38.5712,37.4832,55.96,56.85,4.9,mb,0.00078,0.0472,5.68,510.0,C,False,True,False,True,
us6000jnut,ARPRA,KO,,HNE,strong_motion,38.2636,37.9916,10.0,39.0929,38.3356,96.93,97.44,4.9,mb,0.00073,0.0323,,773.0,B,True,True,True,False,
us6000jnuz,KMRS,KO,,HHE,broadband,37.8505,36.6645,10.0,37.5087,36.9,43.29,44.43,4.5,mb,0.00068,0.0307,4.78,314.0,D,False,True,False,True,
us6000jnuz,SARI,KO,,HHE,broadband,37.8505,36.6645,10.0,38.4072,36.4181,65.55,66.31,4.5,mb,0.00527,0.1122,-1.48,740.0,C,False,True,False,True,
us6000jnuz,KHMN,KO,,HNE,strong_motion,37.8505,36.6645,10.0,37.3916,37.1574,66.99,67.73,4.5,mb,0.00294,0.0236,,272.0,D,True,True,True,False,
us6000jnuz,KOZT,KO,,HHE,broadband,37.8505,36.6645,10.0,37.4795,35.8264,84.52,85.11,4.5,mb,0.00018,0.0117,2.85,567.0,C,False,True,False,True,
us6000jnvi,KHMN,KO,,HNE,strong_motion,37.7238,37.8026,16.202,37.3916,37.1574,67.82,69.73,4.5,mb,0.03145,0.5644,,272.0,D,True,True,True,False,
us6000jnvi,GAZ,KO,,HHE,broadband,37.7238,37.8026,16.202,37.1721,37.2096,80.65,82.26,4.5,mb,0.00922,2.0471,10.59,347.0,D,False,True,False,False,has_gaps
us6000jnvi,KMRS,KO,,HHE,broadband,37.7238,37.8026,16.202,37.5087,36.9,83.02,84.59,4.5,mb,0.00832,0.2805,12.97,314.0,D,False,True,False,True,
us6000jnvk,KMRS,KO,,HHE,broadband,37.9077,36.5237,10.0,37.5087,36.9,55.36,56.26,4.8,mb,0.0018,0.0982,-0.79,314.0,D,False,True,False,True,
us6000jnvk,SARI,KO,,HHE,broadband,37.9077,36.5237,10.0,38.4072,36.4181,56.3,57.18,4.8,mb,0.00444,0.1019,4.29,740.0,C,False,True,False,True,
us6000jnvk,KOZT,KO,,HHE,broadband,37.9077,36.5237,10.0,37.4795,35.8264,77.66,78.3,4.8,mb,0.00081,0.0516,2.68,567.0,C,False,True,False,True,
us6000jnvq,URFA,KO,,HHE,broadband,37.9792,38.5117,14.252,37.4409,38.8213,65.76,67.29,4.6,mb,0.00167,0.1068,2.77,364.0,C,False,True,False,True,
us6000jnvq,DARE,KO,,HHE,broadband,37.9792,38.5117,14.252,38.5712,37.4832,111.33,112.24,4.6,mb,0.00019,0.0912,7.99,510.0,C,False,True,False,True,
us6000jnw0,KHMN,KO,,HNE,strong_motion,37.5639,37.1467,17.393,37.3916,37.1574,19.18,25.89,4.5,mb,0.00653,0.1363,,272.0,D,True,True,True,False,
us6000jnw0,KMRS,KO,,HHE,broadband,37.5639,37.1467,17.393,37.5087,36.9,22.6,28.52,4.5,mb,0.00111,0.0554,8.99,314.0,D,False,True,False,True,
us6000jnw0,GAZ,KO,,HHE,broadband,37.5639,37.1467,17.393,37.1721,37.2096,43.92,47.24,4.5,mb,0.00548,0.2896,7.61,347.0,D,False,True,False,True,
us6000jnw0,SARI,KO,,HHE,broadband,37.5639,37.1467,17.393,38.4072,36.4181,113.45,114.78,4.5,mb,0.00055,0.0254,5.84,740.0,C,False,True,False,True,
us6000jnw7,SARI,KO,,HHE,broadband,38.0443,36.644,10.0,38.4072,36.4181,44.92,46.02,4.7,mb,0.0023,0.0863,9.92,740.0,C,False,True,False,True,
us6000jnw7,KMRS,KO,,HHE,broadband,38.0443,36.644,10.0,37.5087,36.9,63.66,64.44,4.7,mb,0.00117,0.0763,2.05,314.0,D,False,True,False,True,
us6000jnw7,DARE,KO,,HHE,broadband,38.0443,36.644,10.0,38.5712,37.4832,93.78,94.31,4.7,mb,0.00125,0.0965,2.69,510.0,C,False,True,False,True,clipping_şüphesi
us6000jnwh,DARE,KO,,HHE,broadband,38.0564,38.2173,10.0,38.5712,37.4832,85.9,86.48,4.5,mb,7e-05,0.004,-0.27,510.0,C,False,True,False,True,
us6000jnwh,URFA,KO,,HHE,broadband,38.0564,38.2173,10.0,37.4409,38.8213,86.63,87.21,4.5,mb,0.0012,0.0328,,364.0,C,False,True,False,False,
us6000jnwk,KMRS,KO,,HHE,broadband,37.8722,37.3582,10.0,37.5087,36.9,57.09,57.96,4.5,mb,0.00085,0.1019,-0.19,314.0,D,False,True,False,True,
us6000jnwk,DARE,KO,,HHE,broadband,37.8722,37.3582,10.0,38.5712,37.4832,78.49,79.12,4.5,mb,0.0017,0.3084,1.52,510.0,C,False,True,False,True,clipping_şüphesi
us6000jnwk,GAZ,KO,,HHE,broadband,37.8722,37.3582,10.0,37.1721,37.2096,78.94,79.57,4.5,mb,0.0005,0.1056,1.36,347.0,D,False,True,False,True,
us6000jnwy,SARI,KO,,HHE,broadband,38.0468,36.4364,10.0,38.4072,36.4181,40.11,41.34,4.7,mwr,0.00451,0.1455,12.08,740.0,C,False,True,False,True,
us6000jnwy,KMRS,KO,,HHE,broadband,38.0468,36.4364,10.0,37.5087,36.9,72.39,73.08,4.7,mwr,0.00769,0.2855,22.26,314.0,D,False,True,False,True,
us6000jnwy,KOZT,KO,,HHE,broadband,38.0468,36.4364,10.0,37.4795,35.8264,82.79,83.39,4.7,mwr,0.00033,0.0247,4.27,567.0,C,False,True,False,True,
us6000jnwy,KHMN,KO,,HNE,strong_motion,38.0468,36.4364,10.0,37.3916,37.1574,96.59,97.11,4.7,mwr,0.07471,145.2788,17.37,272.0,D,True,True,True,True,
us6000jnzr,DARE,KO,,HHE,broadband,38.5302,37.4908,5.0,38.5712,37.4832,4.61,6.8,4.5,mwr,0.05408,1.3541,49.45,510.0,C,False,True,False,False,has_gaps
us6000jnzr,SARI,KO,,HHE,broadband,38.5302,37.4908,5.0,38.4072,36.4181,94.38,94.51,4.5,mwr,0.00063,0.0358,3.6,740.0,C,False,True,False,True,
us6000jnzr,ARPRA,KO,,HNE,strong_motion,38.5302,37.4908,5.0,39.0929,38.3356,96.29,96.42,4.5,mwr,0.00073,0.0339,,773.0,B,True,True,True,False,
us6000jp3y,KHMN,KO,,HNZ,strong_motion,37.6089,37.3755,10.0,37.3916,37.1574,30.89,32.47,4.6,mb,0.02849,0.9026,,272.0,D,True,True,False,False,has_gaps
us6000jp3y,KMRS,KO,,HHE,broadband,37.6089,37.3755,10.0,37.5087,36.9,43.37,44.51,4.6,mb,0.00085,0.0468,8.15,314.0,D,False,True,False,True,
us6000jp3y,GAZ,KO,,HHE,broadband,37.6089,37.3755,10.0,37.1721,37.2096,50.73,51.71,4.6,mb,0.00093,0.035,0.66,347.0,D,False,True,False,True,
us6000jp3y,DARE,KO,,HHE,broadband,37.6089,37.3755,10.0,38.5712,37.4832,107.42,107.88,4.6,mb,0.00021,0.0086,-0.55,510.0,C,False,True,False,True,
us6000jp45,KRTS,KO,,HNE,strong_motion,36.0958,35.9441,10.0,36.573,35.375,73.58,74.26,4.6,mb,0.00021,0.0126,,313.0,D,True,True,True,False,
us6000jp45,CEYT,KO,,HHE,broadband,36.0958,35.9441,10.0,37.0105,35.7478,103.21,103.69,4.6,mb,0.00018,0.0065,2.69,360.0,D,False,True,False,False,has_gaps
us6000jpd5,KRTS,KO,,HNE,strong_motion,35.9743,35.8103,10.0,36.573,35.375,77.17,77.82,4.8,mww,0.00067,0.0407,,313.0,D,True,True,True,False,
us6000jpd5,CEYT,KO,,HHE,broadband,35.9743,35.8103,10.0,37.0105,35.7478,115.36,115.79,4.8,mww,0.00018,0.0136,2.24,360.0,D,False,True,False,False,has_gaps
us6000jpdx,DARE,KO,,HHE,broadband,38.1997,37.8377,10.0,38.5712,37.4832,51.59,52.55,4.6,mwr,0.00251,0.1379,13.87,510.0,C,False,True,False,True,
us6000jpdx,KHMN,KO,,HNE,strong_motion,38.1997,37.8377,10.0,37.3916,37.1574,107.92,108.38,4.6,mwr,0.0013,0.057,,272.0,D,True,True,True,False,
us6000jpdx,ARPRA,KO,,HNE,strong_motion,38.1997,37.8377,10.0,39.0929,38.3356,108.32,108.78,4.6,mwr,0.00138,0.0604,,773.0,B,True,True,True,False,
us6000jpff,KRTS,KO,,HNE,strong_motion,36.1766,35.7967,10.0,36.573,35.375,58.04,58.9,5.2,mww,0.00162,0.1206,,313.0,D,True,True,True,False,
us6000jpff,CEYT,KO,,HHE,broadband,36.1766,35.7967,10.0,37.0105,35.7478,92.83,93.37,5.2,mww,0.0007,0.0338,9.99,360.0,D,False,True,False,True,
us6000jphu,ERZN,KO,,HHE,broadband,39.1851,40.1492,10.0,39.5867,39.722,57.81,58.67,4.6,mwr,0.0007,0.0461,9.76,573.0,C,False,True,False,True,
us6000jpy6,DAT,KO,,HHE,broadband,35.8281,25.509,10.0,36.7308,27.5767,210.77,211.01,4.7,mwr,4e-05,0.0051,,789.0,B,False,True,False,False,clipping_şüphesi
us6000jpy6,BODT,KO,,HHE,broadband,35.8281,25.509,10.0,37.0622,27.3103,211.63,211.87,4.7,mwr,4e-05,0.0122,,464.0,C,False,True,False,False,has_gaps
us6000jpy6,YKAV,KO,,HNE,strong_motion,35.8281,25.509,10.0,37.1246,27.2801,214.14,214.37,4.7,mwr,5e-05,0.0323,,462.0,C,True,True,True,False,
us6000jpy6,BODA,KO,,HNE,strong_motion,35.8281,25.509,10.0,37.0348,27.4304,218.06,218.29,4.7,mwr,0.00024,0.0245,,600.0,C,True,True,True,False,
us6000jpyq,SARI,KO,,HHE,broadband,38.0696,36.5991,12.158,38.4072,36.4181,40.73,42.51,5.0,mww,0.01408,0.3149,30.09,740.0,C,False,True,False,False,has_gaps
us6000jpyq,KMRS,KO,,HHE,broadband,38.0696,36.5991,12.158,37.5087,36.9,67.74,68.82,5.0,mww,0.0024,0.2485,27.59,314.0,D,False,True,False,True,
us6000jpyq,KHMN,KO,,HNE,strong_motion,38.0696,36.5991,12.158,37.3916,37.1574,89.97,90.79,5.0,mww,0.00377,0.1412,,272.0,D,True,True,True,False,
us6000jpyq,KOZT,KO,,HHN,broadband,38.0696,36.5991,12.158,37.4795,35.8264,94.43,95.21,5.0,mww,0.00075,0.1009,11.43,567.0,C,False,True,False,False,has_gaps
us6000jq3c,DARE,KO,,HHE,broadband,38.2354,38.1917,5.306,38.5712,37.4832,72.15,72.34,4.6,mwr,0.00112,0.0636,12.74,510.0,C,False,True,False,True,
us6000jq3c,ARPRA,KO,,HNE,strong_motion,38.2354,38.1917,5.306,39.0929,38.3356,96.16,96.31,4.6,mwr,0.0026,0.1074,,773.0,B,True,True,True,False,
us6000jq3c,SVRC,KO,,HHE,broadband,38.2354,38.1917,5.306,38.3775,39.306,98.5,98.64,4.6,mwr,0.00037,0.0219,13.71,688.0,C,False,True,False,True,
us6000jq73,SVRC,KO,,HHE,broadband,38.6445,39.9175,10.0,38.3775,39.306,60.93,61.75,4.7,mwr,0.00062,0.0452,9.59,688.0,C,False,True,False,True,
us6000jq74,SVRC,KO,,HHE,broadband,38.6907,39.9843,10.0,38.3775,39.306,68.51,69.24,4.5,mwr,0.00062,0.0394,5.41,688.0,C,False,True,False,True,
us6000jqcn,KRTS,KO,,HNE,strong_motion,36.1616,36.0251,16.0,36.573,35.375,74.03,75.74,6.3,mww,0.02146,1.7525,,313.0,D,True,True,True,False,
us6000jqcn,CEYT,KO,,HHE,broadband,36.1616,36.0251,16.0,37.0105,35.7478,97.59,98.89,6.3,mww,0.00952,0.5448,28.49,360.0,D,False,True,False,True,
us6000jqjc,KRTS,KO,,HNE,strong_motion,36.159,35.9351,10.0,36.573,35.375,68.08,68.81,5.5,mb,0.0004,0.1324,,313.0,D,True,True,True,False,
us6000jqjc,CEYT,KO,,HHE,broadband,36.159,35.9351,10.0,37.0105,35.7478,96.15,96.67,5.5,mb,0.00051,0.0891,-0.04,360.0,D,False,True,False,True,
us6000jr1t,TAHT,KO,,HHE,broadband,36.0589,36.095,10.0,36.3755,36.1855,36.13,37.49,4.9,mww,0.06491,1.6451,39.67,458.0,C,False,True,False,True,
us6000jr1t,KRTS,KO,,HNE,strong_motion,36.0589,36.095,10.0,36.573,35.375,86.19,86.77,4.9,mww,0.00068,0.561,,313.0,D,True,True,False,False,has_gaps
us6000jr1t,CEYT,KO,,HHE,broadband,36.0589,36.095,10.0,37.0105,35.7478,110.27,110.72,4.9,mww,0.00076,0.0553,12.98,360.0,D,False,True,False,True,
us6000jral,YESY,KO,,HHE,broadband,37.9736,33.9905,10.022,37.7825,33.7431,30.38,31.99,4.5,mb,0.0014,0.1581,21.29,760.0,C,False,True,False,True,
us6000jral,GULA,KO,,HHE,broadband,37.9736,33.9905,10.022,38.3444,34.236,46.48,47.55,4.5,mb,0.00087,0.0258,17.79,301.0,D,False,True,False,True,
us6000jral,SULT,KO,,HHZ,broadband,37.9736,33.9905,10.022,38.1988,33.5157,48.52,49.54,4.5,mb,0.00082,0.0654,21.21,324.0,D,False,True,False,False,has_gaps
us6000jrdc,DARE,KO,,HHE,broadband,38.7865,37.3025,10.0,38.5712,37.4832,28.62,30.32,4.6,mwr,0.00328,0.22,28.46,510.0,C,False,True,False,True,
us6000jrdc,SARI,KO,,HHE,broadband,38.7865,37.3025,10.0,38.4072,36.4181,87.67,88.24,4.6,mwr,0.00062,0.039,11.31,740.0,C,False,True,False,True,
us6000jrdc,ARPRA,KO,,HNE,strong_motion,38.7865,37.3025,10.0,39.0929,38.3356,95.63,96.15,4.6,mwr,0.00057,0.029,,773.0,B,True,True,True,False,
us6000jrdc,TUNC,KO,,HNE,strong_motion,38.7865,37.3025,10.0,39.6942,37.5388,102.96,103.44,4.6,mwr,0.00038,0.0363,,558.0,C,True,True,True,False,
us6000jrej,SVRC,KO,,HHE,broadband,38.0934,38.7162,10.0,38.3775,39.306,60.43,61.25,4.5,mwr,0.00145,0.0709,24.16,688.0,C,False,True,False,True,
us6000jrej,URFA,KO,,HHE,broadband,38.0934,38.7162,10.0,37.4409,38.8213,73.14,73.82,4.5,mwr,0.00093,0.051,22.44,364.0,C,False,True,False,True,
us6000jriw,YESY,KO,,HHE,broadband,37.9797,33.9876,11.752,37.7825,33.7431,30.68,32.85,5.2,mww,0.00791,8.6148,62.41,760.0,C,False,True,False,True,
us6000jriw,GULA,KO,,HHE,broadband,37.9797,33.9876,11.752,38.3444,34.236,46.0,47.48,5.2,mww,0.00235,0.0947,29.27,301.0,D,False,True,False,True,
us6000jriw,SULT,KO,,HHN,broadband,37.9797,33.9876,11.752,38.1988,33.5157,47.95,49.37,5.2,mww,0.00353,0.2867,34.4,324.0,D,False,True,False,False,has_gaps
us6000jrn1,TAHT,KO,,HHE,broadband,36.0535,36.012,10.0,36.3755,36.1855,39.04,40.3,4.5,mwr,0.0131,0.439,20.28,458.0,C,False,True,False,True,
us6000jrn1,KRTS,KO,,HNE,strong_motion,36.0535,36.012,10.0,36.573,35.375,81.21,81.82,4.5,mwr,0.00023,0.0156,,313.0,D,True,True,True,False,
us6000jrn1,CEYT,KO,,HHE,broadband,36.0535,36.012,10.0,37.0105,35.7478,109.0,109.46,4.5,mwr,0.0002,0.0101,4.78,360.0,D,False,True,False,True,
us6000jrtz,KHMN,KO,,HNE,strong_motion,37.8722,37.5853,10.0,37.3916,37.1574,65.39,66.15,4.7,mwr,0.00045,0.0812,,272.0,D,True,True,True,False,
us6000jrtz,KMRS,KO,,HHE,broadband,37.8722,37.5853,10.0,37.5087,36.9,72.59,73.28,4.7,mwr,0.0008,0.0945,19.1,314.0,D,False,True,False,True,
us6000jrtz,GAZ,KO,,HHE,broadband,37.8722,37.5853,10.0,37.1721,37.2096,84.61,85.2,4.7,mwr,0.00033,0.0874,3.18,347.0,D,False,True,False,True,
us6000jrw4,DARE,KO,,HHE,broadband,38.2144,38.2773,10.0,38.5712,37.4832,79.77,80.39,5.2,mww,0.00117,0.1038,25.66,510.0,C,False,True,False,False,has_gaps
us6000jrw4,SVRC,KO,,HHE,broadband,38.2144,38.2773,10.0,38.3775,39.306,91.59,92.13,5.2,mww,0.00147,0.1681,25.49,688.0,C,False,True,False,True,
us6000jrw4,ARPRA,KO,,HNE,strong_motion,38.2144,38.2773,10.0,39.0929,38.3356,97.82,98.33,5.2,mww,0.00492,0.4325,,773.0,B,True,True,True,False,
us6000k0ne,SARI,KO,,HHE,broadband,37.9287,36.2781,3.848,38.4072,36.4181,54.6,54.74,4.5,mb,0.00303,0.1254,17.05,740.0,C,False,True,False,True,
us6000k0ne,KOZT,KO,,HHE,broadband,37.9287,36.2781,3.848,37.4795,35.8264,63.83,63.95,4.5,mb,0.00014,0.0108,11.51,567.0,C,False,True,False,True,
us6000k0ne,KMRS,KO,,HHE,broadband,37.9287,36.2781,3.848,37.5087,36.9,71.93,72.03,4.5,mb,0.00036,0.0232,11.75,314.0,D,False,True,False,False,has_gaps
us6000k0ne,KHMN,KO,,HNE,strong_motion,37.9287,36.2781,3.848,37.3916,37.1574,97.76,97.84,4.5,mb,0.00052,0.0354,,272.0,D,True,True,True,False,
us6000k2m4,BNGB,KO,,HHE,broadband,39.076,40.4393,10.0,38.9913,40.6792,22.76,24.86,4.5,mb,0.01174,0.2796,40.75,603.0,C,False,True,False,True,
us6000k2m4,KARO,KO,,HHE,broadband,39.076,40.4393,10.0,39.3089,41.0493,58.6,59.45,4.5,mb,0.00342,0.111,9.53,548.0,C,False,True,False,False,has_gaps
us6000ka6g,TAHT,KO,,HHE,broadband,36.3545,36.2183,10.0,36.3755,36.1855,3.75,10.68,4.7,mwr,0.066,1.7495,50.21,458.0,C,False,True,False,True,
us6000ka6g,KRTS,KO,,HNE,strong_motion,36.3545,36.2183,10.0,36.573,35.375,79.23,79.86,4.7,mwr,0.0012,0.0779,,313.0,D,True,True,True,False,
us6000ka6g,CEYT,KO,,HHE,broadband,36.3545,36.2183,10.0,37.0105,35.7478,84.15,84.74,4.7,mwr,0.00084,0.0493,11.39,360.0,D,False,True,False,True,
us6000kagp,URFA,KO,,HHE,broadband,38.0217,38.4005,10.0,37.4409,38.8213,74.43,75.1,4.5,mb,0.00258,0.0597,24.47,364.0,C,False,True,False,True,
us6000kagp,SVRC,KO,,HHE,broadband,38.0217,38.4005,10.0,38.3775,39.306,88.47,89.03,4.5,mb,0.00061,0.0311,19.9,688.0,C,False,True,False,True,
us6000kagp,DARE,KO,,HHE,broadband,38.0217,38.4005,10.0,38.5712,37.4832,100.7,101.2,4.5,mb,9e-05,0.0067,7.39,510.0,C,False,True,False,True,
us6000kbcq,KOZT,KO,,HHE,broadband,37.8784,36.2491,2.866,37.4795,35.8264,57.89,57.96,4.5,mwr,0.0005,0.0352,4.48,567.0,C,False,True,False,True,
us6000kbcq,SARI,KO,,HHE,broadband,37.8784,36.2491,2.866,38.4072,36.4181,60.63,60.7,4.5,mwr,0.00279,0.1337,12.4,740.0,C,False,True,False,True,
us6000kbcq,KMRS,KO,,HHE,broadband,37.8784,36.2491,2.866,37.5087,36.9,70.5,70.56,4.5,mwr,0.00029,0.0222,13.02,314.0,D,False,True,False,False,has_gaps
us6000kbcq,KHMN,KO,,HNE,strong_motion,37.8784,36.2491,2.866,37.3916,37.1574,96.58,96.62,4.5,mwr,0.00058,0.0364,,272.0,D,True,True,True,False,
us6000kdm0,SARI,KO,,HHE,broadband,37.9246,36.2523,5.539,38.4072,36.4181,55.59,55.87,4.9,mwr,0.00603,0.1973,20.21,740.0,C,False,True,False,True,
us6000kdm0,KOZT,KO,,HHE,broadband,37.9246,36.2523,5.539,37.4795,35.8264,62.08,62.33,4.9,mwr,0.00083,0.0733,9.45,567.0,C,False,True,False,True,
us6000kdm0,KMRS,KO,,HHE,broadband,37.9246,36.2523,5.539,37.5087,36.9,73.38,73.59,4.9,mwr,0.00067,0.0317,,314.0,D,False,True,False,False,"has_gaps,Z_bileşeni_yok_veya_kısa"
us6000kdm0,KHMN,KO,,HNE,strong_motion,37.9246,36.2523,5.539,37.3916,37.1574,99.3,99.45,4.9,mwr,0.00088,0.0393,,272.0,D,True,True,True,False,
us6000kx2n,LADK,KO,,HHE,broadband,38.0881,32.6486,12.017,38.1999,32.3648,27.76,30.25,4.8,mwr,0.01182,0.2899,41.5,438.0,C,False,True,False,True,
us6000kx2n,KONT,KO,,HHE,broadband,38.0881,32.6486,12.017,37.957,32.3563,29.46,31.82,4.8,mwr,0.01027,0.2871,35.28,572.0,C,False,True,False,True,
us6000kx2n,CHBY,KO,,HHE,broadband,38.0881,32.6486,12.017,38.5823,32.8902,58.85,60.06,4.8,mwr,0.0035,0.1386,36.42,334.0,D,False,True,False,True,
us6000kx2n,SULT,KO,,HHE,broadband,38.0881,32.6486,12.017,38.1988,33.5157,76.82,77.75,4.8,mwr,0.00054,0.053,20.49,324.0,D,False,True,False,False,has_gaps
us6000kz22,ALAN,KO,,HNE,strong_motion,35.7902,31.3781,36.552,36.557,32.0327,103.55,109.81,4.8,mb,0.00096,0.0388,,822.0,B,True,True,True,False,
us6000kz22,MNVG,KO,,HNE,strong_motion,35.7902,31.3781,36.552,36.7935,31.4161,111.61,117.44,4.8,mb,0.00036,0.0253,,304.0,D,True,True,True,False,
us6000kz22,KEMT,KO,,HNE,strong_motion,35.7902,31.3781,36.552,36.6037,30.5558,116.73,122.32,4.8,mb,0.00051,0.0363,,454.0,C,True,True,True,False,
us6000kz22,ANTB,KO,,HHE,broadband,35.7902,31.3781,36.552,36.8998,30.6538,139.39,144.1,4.8,mb,0.00011,0.0107,,363.0,C,False,True,False,False,
us6000kz45,DARE,KO,,HHE,broadband,38.2665,38.2011,10.0,38.5712,37.4832,71.13,71.83,5.2,mww,0.00138,0.1893,24.27,510.0,C,False,True,False,False,has_gaps
us6000kz45,ARPRA,KO,,HNE,strong_motion,38.2665,38.2011,10.0,39.0929,38.3356,92.63,93.17,5.2,mww,0.00295,0.1935,,773.0,B,True,True,True,False,
us6000kz45,SVRC,KO,,HHE,broadband,38.2665,38.2011,10.0,38.3775,39.306,97.17,97.68,5.2,mww,0.00274,0.189,27.91,688.0,C,False,True,False,True,
us6000kzjz,DARE,KO,,HHE,broadband,38.2878,38.2075,10.0,38.5712,37.4832,70.52,71.23,4.7,mwr,0.00061,0.0396,18.58,510.0,C,False,True,False,True,
us6000kzjz,ARPRA,KO,,HNE,strong_motion,38.2878,38.2075,10.0,39.0929,38.3356,90.21,90.76,4.7,mwr,0.00241,0.1192,,773.0,B,True,True,True,False,
us6000kzjz,SVRC,KO,,HHE,broadband,38.2878,38.2075,10.0,38.3775,39.306,96.33,96.85,4.7,mwr,0.00069,0.061,21.93,688.0,C,False,True,False,True,
us6000lf1y,CLDR,KO,,HHE,broadband,38.8669,43.4631,10.0,39.144,43.9172,49.89,50.88,4.5,mwr,0.00262,0.1633,25.17,296.0,D,False,True,False,True,
us6000lf1y,AKDM,KO,,HHE,broadband,38.8669,43.4631,10.0,38.3285,42.98,73.12,73.8,4.5,mwr,0.00019,0.0269,12.67,353.0,D,False,True,False,True,
us6000lfk2,RUZG,KO,,HHE,broadband,40.9045,31.7104,10.0,40.7242,31.7936,21.24,23.48,4.6,mb,0.05844,0.5453,37.26,597.0,C,False,True,False,True,
us6000lfk2,KDZE,KO,,HHE,broadband,40.9045,31.7104,10.0,41.3132,31.443,50.67,51.65,4.6,mb,0.00079,0.0161,7.53,773.0,B,False,True,False,True,
us6000lfk2,YUVA,KO,,HNE,strong_motion,40.9045,31.7104,10.0,40.391,31.6872,57.13,58.0,4.6,mb,0.00197,0.1351,9.24,629.0,C,True,True,True,True,
us6000lq9s,SVRC,KO,,HHE,broadband,38.0841,38.552,10.0,38.3775,39.306,73.5,74.18,5.3,mww,0.00211,0.1162,29.75,688.0,C,False,True,False,True,
us6000lq9s,URFA,KO,,HHE,broadband,38.0841,38.552,10.0,37.4409,38.8213,75.34,76.0,5.3,mww,0.00826,0.2477,41.84,364.0,C,False,True,False,True,
us6000lq9s,DARE,KO,,HHE,broadband,38.0841,38.552,10.0,38.5712,37.4832,107.82,108.28,5.3,mww,0.00081,0.0599,20.43,510.0,C,False,True,False,True,
us6000m009,TOS,KO,,HNE,strong_motion,41.0715,33.7513,10.0,41.0362,34.0226,23.08,25.15,4.9,mb,0.01264,0.4758,,667.0,C,True,True,True,False,
us6000m009,KMON,KO,,HNE,strong_motion,41.0715,33.7513,10.0,41.3738,33.7839,33.72,35.17,4.9,mb,0.00204,0.1455,,564.0,C,True,True,True,False,
us6000m009,CANT,KO,,HHE,broadband,41.0715,33.7513,10.0,40.6062,33.6193,52.92,53.86,4.9,mb,0.00125,0.0661,,583.0,C,False,True,False,False,
us6000m05l,DARE,KO,,HHE,broadband,38.1995,38.0744,10.0,38.5712,37.4832,66.06,66.81,4.6,mb,0.00027,0.021,15.34,510.0,C,False,True,False,True,
us6000m05l,ARPRA,KO,,HNE,strong_motion,38.1995,38.0744,10.0,39.0929,38.3356,101.9,102.39,4.6,mb,0.0008,0.0364,,773.0,B,True,True,True,False,
us6000m05l,URFA,KO,,HHE,broadband,38.1995,38.0744,10.0,37.4409,38.8213,106.86,107.33,4.6,mb,0.00118,0.053,25.22,364.0,C,False,True,False,True,
us6000m498,KOZT,KO,,HHE,broadband,37.8806,36.2369,10.0,37.4795,35.8264,57.4,58.26,4.5,mb,4e-05,0.003,2.19,567.0,C,False,True,False,True,
us6000m498,SARI,KO,,HHE,broadband,37.8806,36.2369,10.0,38.4072,36.4181,60.66,61.48,4.5,mb,0.00051,0.0155,,740.0,C,False,True,False,False,
us6000m498,KMRS,KO,,HHE,broadband,37.8806,36.2369,10.0,37.5087,36.9,71.51,72.21,4.5,mb,0.00012,0.0036,1.07,314.0,D,False,True,False,True,
us6000m498,KHMN,KO,,HNE,strong_motion,37.8806,36.2369,10.0,37.3916,37.1574,97.6,98.11,4.5,mb,0.00025,0.0071,,272.0,D,True,True,True,False,
us6000n148,BODT,KO,,HHE,broadband,36.7746,27.0205,152.09,37.0622,27.3103,41.07,157.54,4.5,mb,6e-05,0.0085,,464.0,C,False,True,False,False,
us6000n148,YKAV,KO,,HNE,strong_motion,36.7746,27.0205,152.09,37.1246,27.2801,45.24,158.68,4.5,mb,7e-05,0.0642,,462.0,C,True,True,True,False,
us6000n148,BODA,KO,,HNE,strong_motion,36.7746,27.0205,152.09,37.0348,27.4304,46.53,159.05,4.5,mb,0.00011,0.0198,,600.0,C,True,True,True,False,
us6000n148,DAT,KO,,HHE,broadband,36.7746,27.0205,152.09,36.7308,27.5767,49.79,160.03,4.5,mb,7e-05,0.0074,,789.0,B,False,True,False,False,clipping_şüphesi
us6000n80m,SOMA,KO,,HNE,strong_motion,39.277,27.5361,11.849,39.1564,27.5341,13.41,17.89,4.7,mww,0.01067,0.5029,31.58,798.0,B,True,True,True,True,
us6000n80m,BALB,KO,,HNE,strong_motion,39.277,27.5361,11.849,39.6507,27.8642,50.2,51.58,4.7,mww,0.00268,0.0822,16.83,463.0,C,True,True,True,True,
us6000n80m,YAYO,KO,,HHE,broadband,39.277,27.5361,11.849,39.6113,27.0726,54.46,55.73,4.7,mww,0.00427,0.2657,39.07,520.0,C,False,True,False,True,
us6000ng6h,DAT,KO,,HHE,broadband,35.6792,25.6635,10.0,36.7308,27.5767,207.7,207.94,4.7,mb,6e-05,0.0048,,789.0,B,False,True,False,False,clipping_şüphesi
us6000ng6h,BODT,KO,,HHE,broadband,35.6792,25.6635,10.0,37.0622,27.3103,213.04,213.27,4.7,mb,7e-05,0.0045,,464.0,C,False,True,False,False,
us6000ng6h,DATC,KO,,HNE,strong_motion,35.6792,25.6635,10.0,36.7584,27.6602,215.59,215.82,4.7,mb,0.00086,0.0267,,436.0,C,True,True,True,False,
us6000ng6h,YKAV,KO,,HNE,strong_motion,35.6792,25.6635,10.0,37.1246,27.2801,216.24,216.47,4.7,mb,0.0001,0.0246,,462.0,C,True,True,True,False,
us6000nigk,KOZT,KO,,HHE,broadband,37.6729,35.9527,10.0,37.4795,35.8264,24.21,26.19,4.6,mwr,0.00833,0.2864,44.27,567.0,C,False,True,False,True,
us6000nigk,CEYT,KO,,HHE,broadband,37.6729,35.9527,10.0,37.0105,35.7478,75.85,76.51,4.6,mwr,0.00091,0.066,26.92,360.0,D,False,True,False,True,
us6000nigk,CMRD,KO,,HNE,strong_motion,37.6729,35.9527,10.0,37.6623,34.9902,84.73,85.32,4.6,mwr,0.00073,0.0285,6.21,426.0,C,True,True,True,True,
us6000nigk,KMRS,KO,,HHE,broadband,37.6729,35.9527,10.0,37.5087,36.9,85.44,86.02,4.6,mwr,0.00045,0.0614,14.38,314.0,D,False,True,False,True,
us6000njq1,TAHT,KO,,HHE,broadband,35.1208,37.0152,7.282,36.3755,36.1855,158.34,158.51,5.2,mww,0.00503,0.2439,26.2,458.0,C,False,True,False,True,
us6000njq1,KRTS,KO,,HNE,strong_motion,35.1208,37.0152,7.282,36.573,35.375,218.92,219.04,5.2,mww,0.00054,0.0619,,313.0,D,True,True,True,False,
us6000njq1,GAZ,KO,,HHE,broadband,35.1208,37.0152,7.282,37.1721,37.2096,228.76,228.88,5.2,mww,0.00169,0.1873,7.77,347.0,D,False,True,False,True,
us6000njrg,TAHT,KO,,HHE,broadband,35.1423,37.0649,4.828,36.3755,36.1855,158.43,158.5,4.5,mwr,0.00118,0.0323,9.27,458.0,C,False,True,False,True,
us6000njrg,KRTS,KO,,HNE,strong_motion,35.1423,37.0649,4.828,36.573,35.375,220.22,220.27,4.5,mwr,0.00011,0.0127,,313.0,D,True,True,True,False,
us6000njrg,GAZ,KO,,HHE,broadband,35.1423,37.0649,4.828,37.1721,37.2096,226.08,226.13,4.5,mwr,0.00021,0.0176,6.37,347.0,D,False,True,False,True,
us6000nq9a,KHMN,KO,,HNE,strong_motion,37.3103,37.0627,4.096,37.3916,37.1574,12.32,12.98,5.0,mww,0.03878,1.0295,,272.0,D,True,True,True,False,
us6000nq9a,GAZ,KO,,HHE,broadband,37.3103,37.0627,4.096,37.1721,37.2096,20.13,20.54,5.0,mww,0.01455,0.8728,38.53,347.0,D,False,True,False,True,
us6000nq9a,KMRS,KO,,HHE,broadband,37.3103,37.0627,4.096,37.5087,36.9,26.33,26.65,5.0,mww,0.0046,0.2845,37.4,314.0,D,False,True,False,True,
us6000nwgc,SULT,KO,,HHE,broadband,37.907,33.2723,10.0,38.1988,33.5157,38.82,40.09,4.5,mb,0.0002,0.0187,24.52,324.0,D,False,True,False,True,
us6000nwgc,YESY,KO,,HHE,broadband,37.907,33.2723,10.0,37.7825,33.7431,43.6,44.73,4.5,mb,0.00027,0.0195,23.92,760.0,C,False,True,False,False,has_gaps
us6000nwgc,KONT,KO,,HHE,broadband,37.907,33.2723,10.0,37.957,32.3563,80.53,81.15,4.5,mb,0.00013,0.0063,-0.33,572.0,C,False,True,False,True,
us6000nwgc,KRMN,KO,,HNE,strong_motion,37.907,33.2723,10.0,37.174,33.2636,81.51,82.12,4.5,mb,0.00021,0.0252,,441.0,C,True,True,True,False,
us6000ny1h,KURC,KO,,HHE,broadband,42.6488,31.4238,10.0,41.8456,32.743,140.59,140.95,4.8,mww,0.00058,0.0287,,600.0,C,False,True,False,False,clipping_şüphesi
us6000ny1h,KDZE,KO,,HHE,broadband,42.6488,31.4238,10.0,41.3132,31.443,148.52,148.86,4.8,mww,0.00064,0.0364,4.04,773.0,B,False,True,False,True,
us6000ny1h,SAFT,KO,,HNE,strong_motion,42.6488,31.4238,10.0,41.2398,32.6871,188.31,188.58,4.8,mww,0.00034,0.0197,,461.0,C,True,True,True,False,
us6000nyvh,FETY,KO,,HHE,broadband,35.5373,28.7063,28.093,36.6353,29.0835,126.71,129.79,4.6,mww,0.00015,0.0195,7.75,382.0,C,False,True,False,True,
us6000nyvh,FETI,KO,,HNE,strong_motion,35.5373,28.7063,28.093,36.6903,29.096,132.9,135.84,4.6,mww,0.00073,2.2174,,462.0,C,True,True,False,False,clipping_şüphesi
us6000nyvh,DEMR,KO,,HNE,strong_motion,35.5373,28.7063,28.093,36.2365,29.9056,133.11,136.04,4.6,mww,0.00011,0.0383,,861.0,B,True,True,True,False,
us6000nyzk,SVRC,KO,,HHE,broadband,38.3115,38.8059,10.0,38.3775,39.306,44.23,45.35,6.0,mww,0.02873,0.5342,48.25,688.0,C,False,True,False,True,
us6000nyzk,KBAN,KO,,HHE,broadband,38.3115,38.8059,10.0,38.797,38.7278,54.41,55.32,6.0,mww,0.0602,0.6831,27.41,882.0,B,False,True,False,True,
us6000nza6,TUNC,KO,,HNE,strong_motion,39.6516,37.3342,9.338,39.6942,37.5388,18.14,20.4,4.5,mwr,0.01959,0.6033,5.9,558.0,C,True,True,True,True,
us6000nza6,SVSK,KO,,HHE,broadband,39.6516,37.3342,9.338,39.9157,36.9925,41.41,42.45,4.5,mwr,0.01268,0.282,,565.0,C,False,True,False,False,
us6000nza6,RSDY,KO,,HHE,broadband,39.6516,37.3342,9.338,40.3971,37.3273,82.9,83.42,4.5,mwr,0.00033,0.0273,8.95,528.0,C,False,True,False,True,
us6000nza6,KYHL,KO,,HNE,strong_motion,39.6516,37.3342,9.338,40.3244,37.8955,88.79,89.28,4.5,mwr,0.00049,0.035,,900.0,B,True,True,True,False,
us6000nzqk,KHMN,KO,,HNN,strong_motion,37.5967,37.1395,10.0,37.3916,37.1574,22.86,24.95,4.5,mb,0.0012,0.1443,,272.0,D,True,True,False,False,has_gaps
us6000nzqk,KMRS,KO,,HHE,broadband,37.5967,37.1395,10.0,37.5087,36.9,23.27,25.33,4.5,mb,0.00709,0.2786,31.34,314.0,D,False,True,False,True,
us6000nzqk,GAZ,KO,,HHE,broadband,37.5967,37.1395,10.0,37.1721,37.2096,47.62,48.66,4.5,mb,0.00062,0.039,9.3,347.0,D,False,True,False,True,
us6000p6yq,DAT,KO,,HHE,broadband,36.4388,26.7603,127.172,36.7308,27.5767,79.8,150.14,4.6,mb,6e-05,0.007,,789.0,B,False,True,False,False,clipping_şüphesi
us6000p6yq,BODT,KO,,HHE,broadband,36.4388,26.7603,127.172,37.0622,27.3103,84.89,152.9,4.6,mb,6e-05,0.006,,464.0,C,False,True,False,False,
us6000p6yq,DATC,KO,,HNE,strong_motion,36.4388,26.7603,127.172,36.7584,27.6602,87.84,154.56,4.6,mb,0.00062,0.0215,,436.0,C,True,True,True,False,
us6000p6yq,BODA,KO,,HNE,strong_motion,36.4388,26.7603,127.172,37.0348,27.4304,89.21,155.34,4.6,mb,0.00011,0.0083,,600.0,C,True,True,True,False,
us6000pg94,DAT,KO,,HHE,broadband,35.1088,26.3233,44.455,36.7308,27.5767,212.76,217.35,4.5,mb,8e-05,0.0057,,789.0,B,False,True,False,False,clipping_şüphesi
us6000pg94,DATC,KO,,HNE,strong_motion,35.1088,26.3233,44.455,36.7584,27.6602,219.39,223.85,4.5,mb,0.00034,0.0474,,436.0,C,True,True,True,False,
us6000pg94,BODT,KO,,HHE,broadband,35.1088,26.3233,44.455,37.0622,27.3103,234.61,238.78,4.5,mb,3e-05,0.0025,,464.0,C,False,True,False,False,
us6000phj9,ALAN,KO,,HNE,strong_motion,36.4681,31.9278,10.0,36.557,32.0327,13.62,16.9,4.5,mwr,0.08246,2.047,-2.52,822.0,B,True,True,False,False,has_gaps
us6000phj9,MNVG,KO,,HNE,strong_motion,36.4681,31.9278,10.0,36.7935,31.4161,58.26,59.11,4.5,mwr,0.00336,0.1876,,304.0,D,True,True,True,False,
us6000phj9,LMOS,KO,,HHE,broadband,36.4681,31.9278,10.0,36.6021,32.6962,70.25,70.96,4.5,mwr,0.00086,0.0401,10.7,785.0,B,False,True,False,True,
us6000phj9,HDMB,KO,,HHE,broadband,36.4681,31.9278,10.0,36.9638,32.4857,74.24,74.91,4.5,mwr,0.00351,0.2195,5.5,540.0,C,False,True,False,True,
us6000pi4u,DAT,KO,,HHE,broadband,36.5503,26.8011,150.935,36.7308,27.5767,72.05,167.25,4.5,mb,5e-05,0.0018,,789.0,B,False,True,False,False,clipping_şüphesi
us6000pi4u,BODT,KO,,HHE,broadband,36.5503,26.8011,150.935,37.0622,27.3103,72.77,167.56,4.5,mb,2e-05,0.0019,,464.0,C,False,True,False,False,
us6000pi4u,YKAV,KO,,HNE,strong_motion,36.5503,26.8011,150.935,37.1246,27.2801,76.78,169.34,4.5,mb,4e-05,0.0206,,462.0,C,True,True,True,False,
us6000pi4u,BODA,KO,,HNE,strong_motion,36.5503,26.8011,150.935,37.0348,27.4304,77.73,169.77,4.5,mb,0.00015,0.0183,,600.0,C,True,True,True,False,
us6000pii1,KOPR,KO,,HHE,broadband,39.8711,41.7947,10.0,39.9917,41.8535,14.32,17.47,4.6,mb,0.00418,0.3717,21.42,460.0,C,False,True,False,True,
us6000pii1,VRTB,KO,,HHE,broadband,39.8711,41.7947,10.0,39.1603,41.4558,84.21,84.8,4.6,mb,0.00057,0.1929,,555.0,C,False,True,False,False,
us6000pii1,SENK,KO,,HHE,broadband,39.8711,41.7947,10.0,40.5614,42.3505,90.1,90.65,4.6,mb,0.00015,0.0127,5.81,864.0,B,False,True,False,False,has_gaps
us6000plhn,GPNR,KO,,HNE,strong_motion,39.4605,26.2965,5.618,39.456,26.1331,14.04,15.12,5.0,mww,0.04236,1.5685,,665.0,C,True,True,True,False,
us6000plhn,EZNE,KO,,HNE,strong_motion,39.4605,26.2965,5.618,39.756,26.3655,33.39,33.86,5.0,mww,0.01008,0.4278,1.15,282.0,D,True,True,True,True,
us6000plhn,EZN,KO,,HHE,broadband,39.4605,26.2965,5.618,39.8255,26.3246,40.66,41.05,5.0,mww,0.00633,0.2778,35.72,448.0,C,False,True,False,True,
us6000py6h,CUKT,KO,,HNE,strong_motion,37.2735,44.0302,10.0,37.2473,43.6077,37.5,38.81,4.6,mww,0.01202,1.1245,,900.0,B,True,True,True,False,
us6000py6h,VANB,KO,,HHE,broadband,37.2735,44.0302,10.0,38.509,43.4056,147.91,148.25,4.6,mww,0.00022,0.0197,39.27,548.0,C,False,True,False,True,
us6000py6h,AKDM,KO,,HHE,broadband,37.2735,44.0302,10.0,38.3285,42.98,149.25,149.58,4.6,mww,0.00024,0.0333,15.05,353.0,D,False,True,False,True,
us6000q5sb,GULF,KO,,HNE,strong_motion,40.8081,36.1036,10.0,40.914,35.879,22.26,24.4,4.8,mww,0.01821,0.5101,,597.0,C,True,True,True,False,
us6000qg7w,OSMA,KO,,HHE,broadband,40.9474,35.1315,10.0,40.9939,34.7605,31.57,33.12,4.5,mb,0.02028,0.318,18.29,367.0,C,False,True,False,True,
us6000qg7w,GULF,KO,,HNE,strong_motion,40.9474,35.1315,10.0,40.914,35.879,62.91,63.7,4.5,mb,0.00259,0.066,,597.0,C,True,True,True,False,
us6000qhiq,DALY,KO,,HHE,broadband,36.7258,28.1891,72.0,36.8162,28.6532,42.54,83.63,5.8,mww,0.02228,2.1868,45.02,458.0,C,False,True,False,False,has_gaps
us6000qhiq,YER,KO,,HHE,broadband,36.7258,28.1891,72.0,37.1336,28.284,46.12,85.5,5.8,mww,0.02189,1.3818,30.08,494.0,C,False,True,False,True,
us6000qlfq,BODT,KO,,HHE,broadband,36.6846,25.7839,10.0,37.0622,27.3103,142.12,142.47,4.6,mww,0.00096,0.042,,464.0,C,False,True,False,False,
us6000qznb,BALB,KO,,HNE,strong_motion,39.3709,28.0168,10.0,39.6507,27.8642,33.75,35.2,6.1,mww,0.02681,2.1841,33.81,463.0,C,True,True,True,True,
us6000qznb,SOMA,KO,,HNE,strong_motion,39.3709,28.0168,10.0,39.1564,27.5341,47.91,48.94,6.1,mww,0.02674,1.9501,31.89,798.0,B,True,True,True,True,
us6000qznb,GORD,KO,,HNE,strong_motion,39.3709,28.0168,10.0,38.9088,28.1769,53.21,54.14,6.1,mww,0.0196,2.9808,42.08,662.0,C,True,True,True,True,
us6000qznb,AKS,KO,,HNE,strong_motion,39.3709,28.0168,10.0,38.8785,27.8129,57.51,58.37,6.1,mww,0.02869,1.7897,,541.0,C,True,True,True,False,
us6000r0e0,DAT,KO,,HHE,broadband,36.3293,26.8433,130.513,36.7308,27.5767,79.29,152.71,4.7,mb,0.00038,0.0135,,789.0,B,False,True,False,False,clipping_şüphesi
us6000r0e0,DATC,KO,,HNE,strong_motion,36.3293,26.8433,130.513,36.7584,27.6602,87.19,156.96,4.7,mb,0.00115,0.0578,,436.0,C,True,True,True,False,
us6000r0e0,BODT,KO,,HHE,broadband,36.3293,26.8433,130.513,37.0622,27.3103,91.51,159.4,4.7,mb,0.0001,0.0105,,464.0,C,False,True,False,False,
us6000r1um,SOMA,KO,,HNE,strong_motion,39.262,27.9697,10.0,39.1564,27.5341,39.32,40.57,4.6,mb,0.0012,0.0605,9.98,798.0,B,True,True,True,True,
us6000r1um,GORD,KO,,HNE,strong_motion,39.262,27.9697,10.0,38.9088,28.1769,43.15,44.29,4.6,mb,0.00058,0.0454,6.42,662.0,C,True,True,True,True,
us6000r1um,BALB,KO,,HNE,strong_motion,39.262,27.9697,10.0,39.6507,27.8642,44.16,45.28,4.6,mb,0.00153,0.077,8.95,463.0,C,True,True,True,True,
us6000r1um,AKS,KO,,HNE,strong_motion,39.262,27.9697,10.0,38.8785,27.8129,44.74,45.84,4.6,mb,0.00115,0.1165,,541.0,C,True,True,True,False,
us6000r3ie,GORD,KO,,HNE,strong_motion,39.2095,28.1422,13.641,38.9088,28.1769,33.57,36.24,4.8,mww,0.00215,0.1442,17.64,662.0,C,True,True,True,True,
us6000r3ie,AKS,KO,,HNE,strong_motion,39.2095,28.1422,13.641,38.8785,27.8129,46.51,48.47,4.8,mww,0.00429,0.1716,,541.0,C,True,True,True,False,
us6000r3ie,SOMA,KO,,HNE,strong_motion,39.2095,28.1422,13.641,39.1564,27.5341,52.74,54.48,4.8,mww,0.00379,0.1554,9.99,798.0,B,True,True,True,True,
us6000r3ie,BALB,KO,,HNE,strong_motion,39.2095,28.1422,13.641,39.6507,27.8642,54.56,56.24,4.8,mww,0.00317,0.1686,13.04,463.0,C,True,True,True,True,
us6000rcfc,GORD,KO,,HNE,strong_motion,39.2156,28.0869,27.155,38.9088,28.1769,34.99,44.29,4.6,mww,0.00164,0.1074,17.0,662.0,C,True,True,True,True,
us6000rcfc,AKS,KO,,HNE,strong_motion,39.2156,28.0869,27.155,38.8785,27.8129,44.33,51.99,4.6,mww,0.00275,0.1146,21.04,541.0,C,True,True,True,True,
us6000rcfc,SOMA,KO,,HNE,strong_motion,39.2156,28.0869,27.155,39.1564,27.5341,48.1,55.24,4.6,mww,0.00271,0.087,6.96,798.0,B,True,True,True,True,
us6000rcfc,BALB,KO,,HNE,strong_motion,39.2156,28.0869,27.155,39.6507,27.8642,52.02,58.68,4.6,mww,0.00214,0.1327,13.03,463.0,C,True,True,True,True,
us6000rdf2,SMAA,KO,,HNE,strong_motion,39.238,28.9377,10.0,39.1005,28.9805,15.73,18.64,5.2,mww,0.05263,4.0177,16.89,275.0,D,True,True,True,True,
us6000rdf2,SIMA,KO,,HHE,broadband,39.238,28.9377,10.0,39.0833,28.9825,17.63,20.27,5.2,mww,0.04946,0.4384,71.13,578.0,C,False,True,False,True,
us6000rdf2,SHAP,KO,,HNE,strong_motion,39.238,28.9377,10.0,39.0231,29.222,34.24,35.67,5.2,mww,0.053,1.5325,,496.0,C,True,True,True,False,
us6000rdhv,SMAA,KO,,HNE,strong_motion,39.3784,29.0045,10.0,39.1005,28.9805,30.97,32.54,4.6,mwr,0.02752,1.0124,6.07,275.0,D,True,True,True,True,
us6000rdhv,SIMA,KO,,HHE,broadband,39.3784,29.0045,10.0,39.0833,28.9825,32.87,34.36,4.6,mwr,0.01342,0.307,65.96,578.0,C,False,True,False,True,
us6000rdhv,TVSB,KO,,HHE,broadband,39.3784,29.0045,10.0,39.4497,29.4615,40.05,41.28,4.6,mwr,0.00537,0.1429,17.13,579.0,C,False,True,False,True,
us6000re6a,MAEG,KO,,HNE,strong_motion,40.7641,27.9515,10.0,40.9653,27.9448,22.38,24.51,5.0,mww,0.01272,0.6911,41.9,255.0,D,True,True,True,True,
us6000re6a,BOTS,KO,,HNZ,strong_motion,40.7641,27.9515,10.0,40.9902,27.981,25.26,27.17,5.0,mww,0.0161,0.8054,41.3,600.0,C,True,True,False,False,has_gaps
us6000re6a,NMR9,KO,,HHE,broadband,40.7641,27.9515,10.0,40.6196,27.702,26.47,28.3,5.0,mww,0.06038,0.5262,35.9,660.0,C,False,True,False,True,
us6000rfqg,SMAA,KO,,HNE,strong_motion,39.2779,29.0756,14.878,39.1005,28.9805,21.36,26.03,4.9,mww,0.04787,2.0941,7.83,275.0,D,True,True,True,True,
us6000rfqg,SIMA,KO,,HHE,broadband,39.2779,29.0756,14.878,39.0833,28.9825,23.08,27.46,4.9,mww,0.02327,0.4157,72.42,578.0,C,False,True,False,True,
us6000rfqg,SHAP,KO,,HNE,strong_motion,39.2779,29.0756,14.878,39.0231,29.222,31.02,34.4,4.9,mww,0.0885,3.1894,0.23,496.0,C,True,True,True,True,
us6000rfqg,TVSB,KO,,HHE,broadband,39.2779,29.0756,14.878,39.4497,29.4615,38.28,41.07,4.9,mww,0.00581,0.3498,11.87,579.0,C,False,True,False,True,
us6000rhb0,KULU,KO,,HHE,broadband,39.1541,33.1999,10.0,39.0343,33.0023,21.64,23.84,4.7,mb,0.00167,0.0305,56.96,355.0,D,False,True,False,False,has_gaps
us6000rhb0,AFSR,KO,,HHZ,broadband,39.1541,33.1999,10.0,39.4468,33.0707,34.39,35.81,4.7,mb,0.0004,0.0172,13.69,413.0,C,False,True,False,False,has_gaps
us6000rhb0,SERE,KO,,HHE,broadband,39.1541,33.1999,10.0,38.9463,33.564,39.02,40.28,4.7,mb,0.00357,0.1351,42.45,539.0,C,False,True,False,False,has_gaps
us6000rhb0,KAMT,KO,,HHN,broadband,39.1541,33.1999,10.0,39.3689,33.7087,49.89,50.88,4.7,mb,0.00099,0.0244,,429.0,C,False,True,False,False,has_gaps
us6000rjsu,GORD,KO,,HNE,strong_motion,39.1937,28.2425,8.0,38.9088,28.1769,32.18,33.16,6.0,mww,0.04093,3.8235,43.36,662.0,C,True,True,True,True,
us6000rjsu,AKS,KO,,HNE,strong_motion,39.1937,28.2425,8.0,38.8785,27.8129,51.04,51.66,6.0,mww,0.02178,1.7252,8.62,541.0,C,True,True,True,True,
us6000rjsu,DST,KO,,HNE,strong_motion,39.1937,28.2425,8.0,39.6041,28.6267,56.32,56.89,6.0,mww,0.01414,0.9093,,480.0,C,True,True,True,False,
us6000rjsu,BALB,KO,,HNE,strong_motion,39.1937,28.2425,8.0,39.6507,27.8642,60.32,60.85,6.0,mww,0.01875,1.785,31.63,463.0,C,True,True,True,True,
us6000rjvg,GORD,KO,,HNE,strong_motion,39.218,28.2551,10.0,38.9088,28.1769,35.04,36.44,4.9,mb,0.00615,0.4131,26.01,662.0,C,True,True,True,True,
us6000rjvg,DST,KO,,HNN,strong_motion,39.218,28.2551,10.0,39.6041,28.6267,53.5,54.43,4.9,mb,0.00244,0.1054,,480.0,C,True,True,False,False,has_gaps
us6000rjvg,AKS,KO,,HNE,strong_motion,39.218,28.2551,10.0,38.8785,27.8129,53.7,54.62,4.9,mb,0.00336,0.0983,6.07,541.0,C,True,True,True,True,
us6000rjvg,BALB,KO,,HNE,strong_motion,39.218,28.2551,10.0,39.6507,27.8642,58.67,59.52,4.9,mb,0.00124,0.0611,7.58,463.0,C,True,True,True,True,
us6000rjvu,GORD,KO,,HNE,strong_motion,39.2592,28.3214,10.0,38.9088,28.1769,40.91,42.11,4.9,mb,0.00399,0.2897,25.46,662.0,C,True,True,True,True,
us6000rjvu,DST,KO,,HNE,strong_motion,39.2592,28.3214,10.0,39.6041,28.6267,46.46,47.52,4.9,mb,0.00241,0.1801,,480.0,C,True,True,True,False,
us6000rjvu,BALB,KO,,HNE,strong_motion,39.2592,28.3214,10.0,39.6507,27.8642,58.62,59.47,4.9,mb,0.00141,0.0841,9.16,463.0,C,True,True,True,True,
us6000rjvu,SMAA,KO,,HNE,strong_motion,39.2592,28.3214,10.0,39.1005,28.9805,59.49,60.32,4.9,mb,0.00492,0.2509,,275.0,D,True,True,True,False,
us6000rjwk,GORD,KO,,HNE,strong_motion,39.1461,28.1491,10.0,38.9088,28.1769,26.5,28.32,4.5,mb,0.00302,0.0465,14.22,662.0,C,True,True,True,True,
us6000rjwk,AKS,KO,,HNE,strong_motion,39.1461,28.1491,10.0,38.8785,27.8129,41.58,42.77,4.5,mb,0.00118,0.0306,,541.0,C,True,True,False,False,has_gaps
us6000rjwk,GOMA,KO,,HNZ,strong_motion,39.1461,28.1491,10.0,38.7077,27.9175,52.7,53.64,4.5,mb,0.00145,0.077,,636.0,C,True,True,False,False,has_gaps
us6000rjwk,SOMA,KO,,HNE,strong_motion,39.1461,28.1491,10.0,39.1564,27.5341,53.04,53.97,4.5,mb,0.00048,0.0154,-0.14,798.0,B,True,True,True,True,
us6000rl1h,GORD,KO,,HNE,strong_motion,39.1954,28.2157,10.0,38.9088,28.1769,32.04,33.56,4.8,mb,0.00348,0.0658,17.34,662.0,C,True,True,True,True,
us6000rl1h,AKS,KO,,HNE,strong_motion,39.1954,28.2157,10.0,38.8785,27.8129,49.52,50.52,4.8,mb,0.00152,0.0597,,541.0,C,True,True,False,False,has_gaps
us6000rl1h,DST,KO,,HNE,strong_motion,39.1954,28.2157,10.0,39.6041,28.6267,57.55,58.41,4.8,mb,0.00065,0.0226,,480.0,C,True,True,True,False,
us6000rl1h,SOMA,KO,,HNE,strong_motion,39.1954,28.2157,10.0,39.1564,27.5341,58.91,59.75,4.8,mb,0.00176,0.0592,5.25,798.0,B,True,True,True,True,
us6000rl6n,GORD,KO,,HNE,strong_motion,39.1744,28.4156,10.0,38.9088,28.1769,36.02,37.38,5.0,mww,0.00475,0.2976,24.22,662.0,C,True,True,True,True,
us6000rl6n,SMAA,KO,,HNE,strong_motion,39.1744,28.4156,10.0,39.1005,28.9805,49.41,50.41,5.0,mww,0.01121,0.6137,7.26,275.0,D,True,True,True,True,
us6000rl6n,SIMA,KO,,HHE,broadband,39.1744,28.4156,10.0,39.0833,28.9825,49.94,50.93,5.0,mww,0.0089,0.3249,8.74,578.0,C,False,True,False,True,
us6000rl6n,DST,KO,,HNE,strong_motion,39.1744,28.4156,10.0,39.6041,28.6267,51.11,52.08,5.0,mww,0.0044,0.1464,,480.0,C,True,True,True,False,
us6000rmjf,GORD,KO,,HNE,strong_motion,39.2195,28.0363,10.0,38.9088,28.1769,36.62,37.96,4.7,mb,0.00183,0.0785,5.29,662.0,C,True,True,True,True,
us6000rmjf,AKS,KO,,HNE,strong_motion,39.2195,28.0363,10.0,38.8785,27.8129,42.54,43.7,4.7,mb,0.00255,0.1467,,541.0,C,True,True,True,False,
us6000rmjf,SOMA,KO,,HNE,strong_motion,39.2195,28.0363,10.0,39.1564,27.5341,43.85,44.98,4.7,mb,0.00178,0.0728,4.73,798.0,B,True,True,True,True,
us6000rmjf,BALB,KO,,HNE,strong_motion,39.2195,28.0363,10.0,39.6507,27.8642,50.17,51.16,4.7,mb,0.00231,0.1348,6.57,463.0,C,True,True,True,True,
us6000rmjv,GORD,KO,,HNE,strong_motion,39.1408,28.2547,10.0,38.9088,28.1769,26.66,28.47,4.5,mwr,0.00714,0.3252,28.29,662.0,C,True,True,True,True,
us6000rmjv,AKS,KO,,HNE,strong_motion,39.1408,28.2547,10.0,38.8785,27.8129,48.04,49.07,4.5,mwr,0.00187,0.0626,,541.0,C,True,True,True,False,
us6000rmjv,GOMA,KO,,HNE,strong_motion,39.1408,28.2547,10.0,38.7077,27.9175,56.3,57.18,4.5,mwr,0.00224,0.1437,,636.0,C,True,True,True,False,
us6000rmjv,DST,KO,,HNE,strong_motion,39.1408,28.2547,10.0,39.6041,28.6267,60.63,61.45,4.5,mwr,0.0012,0.0434,,480.0,C,True,True,True,False,
us6000rmmy,GORD,KO,,HNE,strong_motion,39.208,28.0825,10.0,38.9088,28.1769,34.25,35.68,4.8,mww,0.00303,0.2065,24.89,662.0,C,True,True,True,True,
us6000rmmy,AKS,KO,,HNE,strong_motion,39.208,28.0825,10.0,38.8785,27.8129,43.41,44.55,4.8,mww,0.00394,0.1466,,541.0,C,True,True,True,False,
us6000rmmy,SOMA,KO,,HNE,strong_motion,39.208,28.0825,10.0,39.1564,27.5341,47.61,48.65,4.8,mww,0.00315,0.2002,10.25,798.0,B,True,True,True,True,
us6000rmmy,BALB,KO,,HNE,strong_motion,39.208,28.0825,10.0,39.6507,27.8642,52.68,53.62,4.8,mww,0.00363,0.213,17.61,463.0,C,True,True,True,True,
us6000rn25,GORD,KO,,HNN,strong_motion,39.2616,28.0459,13.41,38.9088,28.1769,40.83,42.98,4.6,mwr,0.00201,0.1409,15.2,662.0,C,True,True,False,False,has_gaps
us6000rn25,SOMA,KO,,HNE,strong_motion,39.2616,28.0459,13.41,39.1564,27.5341,45.62,47.55,4.6,mwr,0.0029,0.1712,8.56,798.0,B,True,True,True,True,
us6000rn25,BALB,KO,,HNE,strong_motion,39.2616,28.0459,13.41,39.6507,27.8642,45.99,47.91,4.6,mwr,0.0028,0.1919,15.21,463.0,C,True,True,True,True,
us6000rn25,AKS,KO,,HNE,strong_motion,39.2616,28.0459,13.41,38.8785,27.8129,47.11,48.98,4.6,mwr,0.00306,0.1284,,541.0,C,True,True,True,False,
us6000rnfw,GORD,KO,,HNE,strong_motion,39.2087,28.2723,10.0,38.9088,28.1769,34.35,35.78,4.5,mb,0.00165,0.0789,18.28,662.0,C,True,True,True,True,
us6000rnfw,DST,KO,,HNE,strong_motion,39.2087,28.2723,10.0,39.6041,28.6267,53.48,54.41,4.5,mb,0.00073,0.0304,,480.0,C,True,True,True,False,
us6000rnfw,AKS,KO,,HNE,strong_motion,39.2087,28.2723,10.0,38.8785,27.8129,54.06,54.98,4.5,mb,0.00109,0.1276,,541.0,C,True,True,True,False,
us6000rnfw,BALB,KO,,HNE,strong_motion,39.2087,28.2723,10.0,39.6507,27.8642,60.37,61.19,4.5,mb,0.00036,0.0262,,463.0,C,True,True,True,False,
us6000rt9q,KEMT,KO,,HNE,strong_motion,36.7393,30.4636,10.0,36.6037,30.5558,17.17,19.87,4.6,mb,0.02616,0.7925,,454.0,C,True,True,True,False,
us6000rt9q,ANTB,KO,,HHE,broadband,36.7393,30.4636,10.0,36.8998,30.6538,24.6,26.55,4.6,mb,0.00252,0.2277,5.99,363.0,C,False,True,False,True,
us6000rt9q,ELL,KO,,HHE,broadband,36.7393,30.4636,10.0,36.7483,29.9085,49.47,50.47,4.6,mb,0.00063,0.0318,13.19,900.0,B,False,True,False,True,
us6000rt9q,DEMR,KO,,HNE,strong_motion,36.7393,30.4636,10.0,36.2365,29.9056,74.93,75.59,4.6,mb,0.00017,0.0176,,861.0,B,True,True,True,False,
us6000rtch,ANTB,KO,,HHE,broadband,37.1026,30.7856,113.694,36.8998,30.6538,25.41,116.5,5.1,mww,0.00188,0.1652,0.92,363.0,C,False,True,False,True,
us6000rtch,BCK,KO,,HNE,strong_motion,37.1026,30.7856,113.694,37.4602,30.5885,43.42,121.7,5.1,mww,0.00539,0.3245,0.19,567.0,C,True,True,True,True,
us6000rtch,KEMT,KO,,HNE,strong_motion,37.1026,30.7856,113.694,36.6037,30.5558,59.12,128.15,5.1,mww,0.00602,0.4393,,454.0,C,True,True,True,False,
us6000ru32,DST,KO,,HNE,strong_motion,39.2885,28.3186,10.0,39.6041,28.6267,43.95,45.07,4.5,mwr,0.00198,0.0657,,480.0,C,True,True,True,False,
us6000ru32,GORD,KO,,HNE,strong_motion,39.2885,28.3186,10.0,38.9088,28.1769,43.96,45.08,4.5,mwr,0.00258,0.1895,21.68,662.0,C,True,True,True,True,
us6000ru32,BALB,KO,,HNE,strong_motion,39.2885,28.3186,10.0,39.6507,27.8642,56.07,56.95,4.5,mwr,0.004,0.1864,10.76,463.0,C,True,True,True,True,
us6000ru32,SMAA,KO,,HNE,strong_motion,39.2885,28.3186,10.0,39.1005,28.9805,60.75,61.57,4.5,mwr,0.00609,0.2941,,275.0,D,True,True,True,False,
us6000s6wg,RFHY,KO,,HNE,strong_motion,39.7189,38.7885,10.0,39.927,38.833,23.45,25.49,4.7,mwr,0.01547,0.6975,,739.0,C,True,True,False,False,clipping_şüphesi
us6000s6wg,KMAH,KO,,HHN,broadband,39.7189,38.7885,10.0,39.6082,39.0275,23.88,25.89,4.7,mwr,0.02798,0.3584,40.98,518.0,C,False,True,False,False,has_gaps
us6000s6wg,DIVR,KO,,HHE,broadband,39.7189,38.7885,10.0,39.3562,38.1237,69.83,70.54,4.7,mwr,0.00184,0.1403,27.92,481.0,C,False,True,False,True,
us6000sfyj,ERBG,KO,,HNE,strong_motion,40.6413,36.7796,10.0,40.712,36.6768,11.7,15.39,5.3,mww,0.0586,6.9596,,766.0,B,True,True,True,False,
us6000sfyj,TOKT,KO,,HHE,broadband,40.6413,36.7796,10.0,40.3173,36.5443,41.16,42.36,5.3,mww,0.00558,0.7791,,632.0,C,False,True,False,False,clipping_şüphesi
us6000sfyj,RSDY,KO,,HHE,broadband,40.6413,36.7796,10.0,40.3971,37.3273,53.67,54.59,5.3,mww,0.01691,0.3055,39.58,528.0,C,False,True,False,True,
us6000sfyj,CAYL,KO,,HHE,broadband,40.6413,36.7796,10.0,40.3745,36.159,60.27,61.09,5.3,mww,0.00266,0.2244,24.93,646.0,C,False,True,False,True,
us6000smhq,AKDM,KO,,HHE,broadband,38.8496,43.4959,10.0,38.3285,42.98,73.27,73.95,5.1,mww,0.00049,0.0641,17.92,353.0,D,False,True,False,True,
us6000spb7,SMAA,KO,,HNE,strong_motion,39.2373,28.9734,10.0,39.1005,28.9805,15.22,18.21,4.8,mww,0.03783,2.0021,35.14,275.0,D,True,True,True,True,
us6000spb7,SIMA,KO,,HHE,broadband,39.2373,28.9734,10.0,39.0833,28.9825,17.14,19.84,4.8,mww,0.0236,0.3965,68.01,578.0,C,False,True,False,True,
us6000spb7,SHAP,KO,,HNE,strong_motion,39.2373,28.9734,10.0,39.0231,29.222,32.05,33.57,4.8,mww,0.03314,0.787,,496.0,C,True,True,True,False,
us6000spb7,GEDZ,KO,,HHE,broadband,39.2373,28.9734,10.0,39.0445,29.4105,43.37,44.51,4.8,mww,0.02466,0.4526,25.39,468.0,C,True,True,False,True,
us6000spkw,DEMR,KO,,HNE,strong_motion,35.9958,30.2318,10.0,36.2365,29.9056,39.69,40.93,4.6,mww,0.00201,0.0958,,861.0,B,True,True,False,False,has_gaps
us6000spkw,KEMT,KO,,HNE,strong_motion,35.9958,30.2318,10.0,36.6037,30.5558,73.57,74.25,4.6,mww,0.00128,0.8615,,454.0,C,True,True,False,False,has_gaps
us6000spkw,ELL,KO,,HHE,broadband,35.9958,30.2318,10.0,36.7483,29.9085,88.54,89.1,4.6,mww,0.00024,0.0206,2.66,900.0,B,False,True,False,True,
us6000spkw,ANTB,KO,,HHE,broadband,35.9958,30.2318,10.0,36.8998,30.6538,107.37,107.83,4.6,mww,0.0002,0.0302,,363.0,C,False,True,False,False,
us6000sshc,DATC,KO,,HNE,strong_motion,35.0303,25.8598,14.725,36.7584,27.6602,251.44,251.87,5.7,mww,0.00063,0.1261,,436.0,C,True,True,True,False,
us6000sshc,BODT,KO,,HHE,broadband,35.0303,25.8598,14.725,37.0622,27.3103,260.86,261.28,5.7,mww,0.00017,0.065,,464.0,C,False,True,False,False,
us6000sshc,BODA,KO,,HNE,strong_motion,35.0303,25.8598,14.725,37.0348,27.4304,263.86,264.27,5.7,mww,0.0001,0.0525,,600.0,C,True,True,False,False,has_gaps
us6000ssiq,DAT,KO,,HHE,broadband,35.0639,25.9295,10.0,36.7308,27.5767,237.41,237.62,4.7,mb,2e-05,0.0019,,789.0,B,False,True,False,False,clipping_şüphesi
us6000ssiq,DATC,KO,,HNE,strong_motion,35.0639,25.9295,10.0,36.7584,27.6602,244.52,244.72,4.7,mb,0.00044,0.0142,,436.0,C,True,True,True,False,
us6000ssiq,BODT,KO,,HHE,broadband,35.0639,25.9295,10.0,37.0622,27.3103,254.51,254.71,4.7,mb,1e-05,0.0021,,464.0,C,False,True,False,False,
us6000ssiq,BODA,KO,,HNE,strong_motion,35.0639,25.9295,10.0,37.0348,27.4304,257.35,257.54,4.7,mb,8e-05,0.0219,,600.0,C,True,True,True,False,
us6000ssve,DAT,KO,,HHE,broadband,35.087,25.9299,10.0,36.7308,27.5767,235.38,235.59,4.9,mww,2e-05,0.0046,,789.0,B,False,True,False,False,clipping_şüphesi
us6000ssve,DATC,KO,,HNE,strong_motion,35.087,25.9299,10.0,36.7584,27.6602,242.51,242.72,4.9,mww,0.00019,0.0171,,436.0,C,True,True,True,False,
us6000ssve,BODT,KO,,HHE,broadband,35.087,25.9299,10.0,37.0622,27.3103,252.24,252.44,4.9,mww,1e-05,0.0036,,464.0,C,False,True,False,False,
us6000ssve,BODA,KO,,HNE,strong_motion,35.087,25.9299,10.0,37.0348,27.4304,255.14,255.34,4.9,mww,4e-05,0.0066,,600.0,C,True,True,True,False,
us6000swsg,BODT,KO,,HHE,broadband,36.674,26.6993,160.147,37.0622,27.3103,69.41,174.54,4.6,mb,0.00038,0.0133,,464.0,C,False,True,False,False,
us6000swsg,YKAV,KO,,HNE,strong_motion,36.674,26.6993,160.147,37.1246,27.2801,71.96,175.57,4.6,mb,7e-05,0.018,,462.0,C,True,True,True,False,
us6000swsg,BODA,KO,,HNE,strong_motion,36.674,26.6993,160.147,37.0348,27.4304,76.43,177.45,4.6,mb,0.00028,0.0114,,600.0,C,True,True,True,False,
us6000swsg,DAT,KO,,HHE,broadband,36.674,26.6993,160.147,36.7308,27.5767,78.48,178.34,4.6,mb,0.00032,0.0141,,789.0,B,False,True,False,False,clipping_şüphesi
us6000syx6,MLTY,KO,,HHE,broadband,38.2203,38.5575,10.0,38.3223,38.4407,15.25,18.24,5.4,mww,0.07502,0.695,39.16,519.0,C,False,True,False,True,
us6000syx6,AKDG,KO,,HHE,broadband,38.2203,38.5575,10.0,38.3618,37.9703,53.61,54.53,5.4,mww,0.0288,0.7064,40.73,736.0,C,False,True,False,True,
us6000syx6,KBAN,KO,,HHE,broadband,38.2203,38.5575,10.0,38.797,38.7278,65.82,66.58,5.4,mww,0.00838,0.3028,16.96,882.0,B,False,True,False,True,
us6000szqj,DAT,KO,,HHE,broadband,35.4727,26.5728,10.0,36.7308,27.5767,166.45,166.75,4.6,mww,0.0001,0.0045,,789.0,B,False,True,False,False,clipping_şüphesi
us6000szqj,DATC,KO,,HNE,strong_motion,35.4727,26.5728,10.0,36.7584,27.6602,173.14,173.43,4.6,mww,0.00034,0.0287,,436.0,C,True,True,True,False,
us6000szqj,BODT,KO,,HHE,broadband,35.4727,26.5728,10.0,37.0622,27.3103,188.7,188.96,4.6,mww,3e-05,0.0021,,464.0,C,False,True,False,False,
us6000szud,KOZT,KO,,HHE,broadband,37.7737,36.139,10.0,37.4795,35.8264,42.76,43.91,4.9,mww,0.00331,0.2691,15.58,567.0,C,False,True,False,True,
us6000szud,SARI,KO,,HHE,broadband,37.7737,36.139,10.0,38.4072,36.4181,74.56,75.23,4.9,mww,0.0031,0.1112,15.17,740.0,C,False,True,False,True,
us6000szud,CEYT,KO,,HHE,broadband,37.7737,36.139,10.0,37.0105,35.7478,91.63,92.17,4.9,mww,0.00072,0.1006,20.81,360.0,D,False,True,False,True,
us6000t7tc,DAT,KO,,HHE,broadband,35.2677,27.2665,10.0,36.7308,27.5767,165.06,165.36,5.0,mb,0.00121,0.0575,,789.0,B,False,True,False,False,clipping_şüphesi
us6000t7tc,DATC,KO,,HNE,strong_motion,35.2677,27.2665,10.0,36.7584,27.6602,169.5,169.79,5.0,mb,0.00133,0.078,,436.0,C,True,True,True,False,
us6000t9lz,DAT,KO,,HHE,broadband,35.2927,27.1923,10.0,36.7308,27.5767,163.6,163.91,5.3,mww,0.0016,0.0997,,789.0,B,False,True,False,False,clipping_şüphesi
us6000t9lz,DATC,KO,,HNE,strong_motion,35.2927,27.1923,10.0,36.7584,27.6602,168.32,168.62,5.3,mww,0.00276,0.1535,,436.0,C,True,True,True,False,
us7000365s,ARPRA,KO,,HNE,strong_motion,38.6972,38.0712,10.0,39.0929,38.3356,49.59,50.59,4.5,mb,0.00247,0.1258,42.21,773.0,B,True,True,True,True,
us7000365s,DARE,KO,,BHE,broadband,38.6972,38.0712,10.0,38.5712,37.4832,52.96,53.9,4.5,mb,0.00048,0.0257,10.4,510.0,C,False,True,False,True,
us70003dri,DAT,KO,,BHE,broadband,35.3706,27.6869,31.29,36.7308,27.5767,151.57,154.77,4.8,mww,0.00055,0.0325,,789.0,B,False,True,False,False,clipping_şüphesi
us70003dri,DATC,KO,,HNE,strong_motion,35.3706,27.6869,31.29,36.7584,27.6602,154.33,157.47,4.8,mww,0.00095,0.0905,,436.0,C,True,True,True,False,
us70003e5j,GPNR,KO,,HNE,strong_motion,39.391,26.28,10.0,39.456,26.1331,14.54,17.65,4.6,mb,0.01155,0.3282,,665.0,C,True,True,True,False,
us70003e5j,EZNE,KO,,HNE,strong_motion,39.391,26.28,10.0,39.756,26.3655,41.24,42.44,4.6,mb,0.0049,0.1325,,282.0,D,True,True,True,False,
us70003e5j,EZN,KO,,HHE,broadband,39.391,26.28,10.0,39.8255,26.3246,48.47,49.49,4.6,mb,0.0046,0.0595,16.71,448.0,C,False,True,False,True,
us70003uej,SAUV,KO,,HHE,broadband,40.7824,30.7838,5.39,40.7401,30.3271,38.75,39.12,4.5,mwr,0.00731,0.2175,21.49,605.0,C,True,True,False,True,
us70003uej,GULT,KO,,HHE,broadband,40.7824,30.7838,5.39,40.432,30.5152,45.08,45.4,4.5,mwr,0.00482,0.2601,27.23,505.0,C,False,True,False,True,
us70003uej,MDUB,KO,,BHZ,broadband,40.7824,30.7838,5.39,40.4712,31.1976,49.16,49.45,4.5,mwr,0.00127,0.0632,21.97,601.0,C,False,True,False,False,"has_gaps,clipping_şüphesi"
us7000491h,DAT,KO,,BHE,broadband,35.0194,27.8886,10.0,36.7308,27.5767,192.36,192.62,4.6,mb,7e-05,0.0067,,789.0,B,False,True,False,False,clipping_şüphesi
us7000491h,DATC,KO,,HNE,strong_motion,35.0194,27.8886,10.0,36.7584,27.6602,194.46,194.72,4.6,mb,0.00015,0.1891,,436.0,C,True,True,True,False,
us7000594r,DAT,KO,,BHE,broadband,35.6836,27.636,10.0,36.7308,27.5767,116.56,116.99,4.9,mww,0.00151,0.0727,,789.0,B,False,True,False,False,clipping_şüphesi
us7000594r,DATC,KO,,HNE,strong_motion,35.6836,27.636,10.0,36.7584,27.6602,119.53,119.95,4.9,mww,0.00381,0.3567,,436.0,C,True,True,False,False,has_gaps
us70005a9c,DIDI,KO,,HNE,strong_motion,37.4855,26.8329,10.0,37.3767,27.2398,37.91,39.21,4.6,mb,0.01768,0.4576,0.72,316.0,D,True,True,True,True,
us70005a9c,YKAV,KO,,HNE,strong_motion,37.4855,26.8329,10.0,37.1246,27.2801,56.35,57.23,4.6,mb,0.00207,0.0704,,462.0,C,True,True,True,False,
us70005a9c,KUSD,KO,,HNE,strong_motion,37.4855,26.8329,10.0,37.8606,27.2868,57.75,58.61,4.6,mb,0.00197,0.0771,,616.0,C,True,True,True,False,
us70005abi,DIDI,KO,,HNE,strong_motion,37.5207,26.8245,6.15,37.3767,27.2398,40.01,40.48,4.5,mwr,0.02107,0.517,3.29,316.0,D,True,True,True,True,
us70005abi,KUSD,KO,,HNE,strong_motion,37.5207,26.8245,6.15,37.8606,27.2868,55.53,55.87,4.5,mwr,0.00217,0.0709,,616.0,C,True,True,True,False,
us70005abi,YKAV,KO,,HNE,strong_motion,37.5207,26.8245,6.15,37.1246,27.2801,59.69,60.01,4.5,mwr,0.002,0.0779,,462.0,C,True,True,True,False,
us70005abi,GMLD,KO,,HNE,strong_motion,37.5207,26.8245,6.15,38.0766,26.9157,62.33,62.63,4.5,mwr,0.00384,0.1826,,289.0,D,True,True,True,False,
us70005b4k,FETI,KO,,HNE,strong_motion,36.355,28.7878,10.0,36.6903,29.096,46.35,47.42,4.6,mb,0.00115,0.0983,,462.0,C,True,True,True,False,
us70005bq9,DAT,KO,,BHE,broadband,35.1737,27.8965,14.36,36.7308,27.5767,175.52,176.11,4.6,mb,6e-05,0.0047,,789.0,B,False,True,False,False,clipping_şüphesi
us70005bq9,DATC,KO,,HNE,strong_motion,35.1737,27.8965,14.36,36.7584,27.6602,177.49,178.07,4.6,mb,0.00046,0.0198,,436.0,C,True,True,True,False,
us70005e8a,TASB,KO,,HHE,broadband,41.0373,44.1411,6.71,39.9838,44.2384,117.43,117.62,4.7,mb,0.00038,0.0375,2.32,228.0,D,False,True,False,True,
us70005e8a,SENK,KO,,BHE,broadband,41.0373,44.1411,6.71,40.5614,42.3505,159.74,159.88,4.7,mb,0.00025,0.0329,-1.75,864.0,B,False,True,False,True,
us70005e8a,AGRB,KO,,HHE,broadband,41.0373,44.1411,6.71,39.5755,42.992,189.51,189.63,4.7,mb,6e-05,0.0077,8.56,474.0,C,False,True,False,True,
us70005g9r,SAFT,KO,,HNE,strong_motion,40.6861,33.0299,10.0,41.2398,32.6871,67.96,68.69,4.7,mb,0.00096,0.0479,,461.0,C,True,True,True,False,
us70005lkl,SLVT,KO,,HHE,broadband,40.9035,28.1502,8.0,41.2288,28.2098,36.52,37.39,5.7,mww,0.02782,0.949,43.54,466.0,C,True,True,False,True,
us70005q4l,DALY,KO,,BHE,broadband,36.2765,28.5721,17.77,36.8162,28.6532,60.45,63.01,5.1,mww,0.00436,0.2207,21.5,458.0,C,False,True,False,True,
us70005q4l,FETY,KO,,HHE,broadband,36.2765,28.5721,17.77,36.6353,29.0835,60.69,63.24,5.1,mww,0.02461,0.2614,28.39,382.0,C,False,True,False,True,
us70005r33,DAT,KO,,BHE,broadband,35.9894,27.978,76.05,36.7308,27.5767,89.93,117.78,5.0,mb,0.00201,0.0696,,789.0,B,False,True,False,False,clipping_şüphesi
us70005r33,DATC,KO,,HNE,strong_motion,35.9894,27.978,76.05,36.7584,27.6602,90.12,117.92,5.0,mb,0.00297,0.1365,,436.0,C,True,True,True,False,
us70005s19,SLVT,KO,,HHE,broadband,40.849,28.1699,10.0,41.2288,28.2098,42.36,43.52,4.5,mb,0.00056,0.0255,13.33,466.0,C,True,True,False,True,
us700069pz,VANB,KO,,HHE,broadband,38.5443,44.4021,10.0,38.509,43.4056,86.77,87.34,4.7,mwr,0.00061,0.0603,1.25,548.0,C,False,True,False,True,
us700069pz,ERCV,KO,,HNE,strong_motion,38.5443,44.4021,10.0,39.0198,43.3381,106.31,106.78,4.7,mwr,0.00152,0.1816,,344.0,D,True,True,False,False,has_gaps
us700069pz,AKDM,KO,,HHE,broadband,38.5443,44.4021,10.0,38.3285,42.98,126.16,126.56,4.7,mwr,0.0005,0.0483,10.24,353.0,D,False,True,False,True,
us70006cg8,KOZT,KO,,BHE,broadband,37.6256,35.8158,12.36,37.4795,35.8264,16.27,20.43,4.5,mb,0.00231,0.1147,,567.0,C,False,True,False,False,clipping_şüphesi
us70006cg8,CEYT,KO,,BHE,broadband,37.6256,35.8158,12.36,37.0105,35.7478,68.66,69.76,4.5,mb,0.0002,0.0135,4.66,360.0,D,False,True,False,True,
us70006cg8,CMRD,KO,,HNE,strong_motion,37.6256,35.8158,12.36,37.6623,34.9902,72.81,73.85,4.5,mb,0.00058,0.0141,,426.0,C,True,True,True,False,
us70006cg8,KARA,KO,,BHE,broadband,37.6256,35.8158,12.36,37.2607,35.0547,78.49,79.46,4.5,mb,0.00014,0.0046,,623.0,C,False,True,False,False,
us70006fht,DAT,KO,,BHE,broadband,35.2797,27.1515,10.0,36.7308,27.5767,165.83,166.13,4.5,mb,0.00016,0.0075,,789.0,B,False,True,False,False,clipping_şüphesi
us70006fht,DATC,KO,,HNE,strong_motion,35.2797,27.1515,10.0,36.7584,27.6602,170.67,170.96,4.5,mb,0.00059,0.0432,,436.0,C,True,True,True,False,
us70006rg4,URFA,KO,,BHE,broadband,38.2975,39.0277,10.0,37.4409,38.8213,96.96,97.47,4.9,mww,0.00255,0.2329,36.39,364.0,C,False,True,False,True,
us70006s5q,SENK,KO,,BHE,broadband,40.3089,42.0871,10.0,40.5614,42.3505,35.85,37.22,4.5,mb,0.00305,0.1322,14.15,864.0,B,False,True,False,True,
us70006s5q,KOPR,KO,,HHE,broadband,40.3089,42.0871,10.0,39.9917,41.8535,40.48,41.7,4.5,mb,0.00147,0.0974,9.66,460.0,C,False,True,False,True,
us70006s5q,KARS,KO,,HHE,broadband,40.3089,42.0871,10.0,40.6152,43.0937,91.72,92.26,4.5,mb,0.00028,0.0151,5.86,554.0,C,False,True,False,True,
us70006s5q,AGRB,KO,,HHE,broadband,40.3089,42.0871,10.0,39.5755,42.992,112.26,112.7,4.5,mb,0.00028,0.0152,6.43,474.0,C,False,True,False,True,
us70006ye3,BOTS,KO,,HNE,strong_motion,40.9289,28.2394,10.0,40.9902,27.981,22.74,24.84,4.9,mb,0.01538,0.5254,43.07,600.0,C,True,True,True,True,
us70006ye3,SINB,KO,,HNE,strong_motion,40.9289,28.2394,10.0,40.9998,28.5392,26.38,28.21,4.9,mb,0.01053,0.4417,31.47,466.0,C,True,True,True,True,
us70006ye3,SLVT,KO,,HHE,broadband,40.9289,28.2394,10.0,41.2288,28.2098,33.44,34.9,4.9,mb,0.00353,0.2707,26.41,466.0,C,True,True,False,True,
us70006ye3,YKBL,KO,,HNE,strong_motion,40.9289,28.2394,10.0,40.9908,28.6678,36.63,37.97,4.9,mb,0.00828,0.3877,30.79,477.0,C,True,True,True,True,
us70007k4y,DAT,KO,,BHE,broadband,35.2972,27.952,10.0,36.7308,27.5767,162.94,163.25,4.5,mb,5e-05,0.0037,,789.0,B,False,True,False,False,
us70007k4y,DATC,KO,,HNE,strong_motion,35.2972,27.952,10.0,36.7584,27.6602,164.58,164.88,4.5,mb,0.00032,0.0253,,436.0,C,True,True,True,False,
us70007kmm,DAT,KO,,BHE,broadband,35.0292,26.5522,10.0,36.7308,27.5767,210.52,210.76,4.7,mb,6e-05,0.0037,,789.0,B,False,True,False,False,clipping_şüphesi
us70007kmm,DATC,KO,,HNE,strong_motion,35.0292,26.5522,10.0,36.7584,27.6602,216.63,216.86,4.7,mb,0.00238,0.0382,,436.0,C,True,True,True,False,
us70007kmm,BODT,KO,,BHE,broadband,35.0292,26.5522,10.0,37.0622,27.3103,236.11,236.32,4.7,mb,3e-05,0.0025,,464.0,C,False,True,False,False,
us70007mw0,DAT,KO,,BHE,broadband,35.1684,27.9103,10.0,36.7308,27.5767,176.31,176.59,4.9,mww,0.00016,0.0168,,789.0,B,False,True,False,False,clipping_şüphesi
us70007mw0,DATC,KO,,HNE,strong_motion,35.1684,27.9103,10.0,36.7584,27.6602,178.23,178.51,4.9,mww,0.00032,0.046,,436.0,C,True,True,True,False,
us70007q3r,DAT,KO,,BHE,broadband,35.7767,26.951,14.48,36.7308,27.5767,120.01,120.88,4.9,mb,0.00039,0.0177,,789.0,B,False,True,False,False,clipping_şüphesi
us70007q3r,DATC,KO,,HNE,strong_motion,35.7767,26.951,14.48,36.7584,27.6602,126.33,127.16,4.9,mb,0.00084,0.0428,,436.0,C,True,True,True,False,
us70007rei,VANB,KO,,HHE,broadband,38.5223,44.3881,10.0,38.509,43.4056,85.49,86.07,4.7,mb,0.00033,0.029,18.24,548.0,C,False,True,False,True,
us70007rei,ERCV,KO,,HNE,strong_motion,38.5223,44.3881,10.0,39.0198,43.3381,106.52,106.99,4.7,mb,0.00065,0.2221,,344.0,D,True,True,False,False,has_gaps
us70007rei,AKDM,KO,,HHE,broadband,38.5223,44.3881,10.0,38.3285,42.98,124.54,124.94,4.7,mb,0.00026,0.0305,6.87,353.0,D,False,True,False,True,
us70007sgb,SOMA,KO,,HNE,strong_motion,39.1074,27.8179,10.0,39.1564,27.5341,25.08,27.0,4.8,mb,0.0376,1.614,,798.0,B,True,True,True,False,
us70007sgb,AKS,KO,,HNE,strong_motion,39.1074,27.8179,10.0,38.8785,27.8129,25.46,27.35,4.8,mb,0.01307,0.9304,-1.29,541.0,C,True,True,True,True,
us70007sgb,GORD,KO,,HNE,strong_motion,39.1074,27.8179,10.0,38.9088,28.1769,38.08,39.37,4.8,mb,0.00408,0.2913,,662.0,C,True,True,True,False,
us70007sgb,GOMA,KO,,HNE,strong_motion,39.1074,27.8179,10.0,38.7077,27.9175,45.27,46.36,4.8,mb,0.00794,0.6023,,636.0,C,True,True,True,False,
us70007u9g,DATC,KO,,HNE,strong_motion,35.2009,27.9563,10.0,36.7584,27.6602,175.22,175.51,4.5,mb,0.00019,0.0647,,436.0,C,True,True,True,False,
us70007uxg,SEYD,KO,,HNE,strong_motion,37.4132,31.4684,12.7,37.4056,31.8379,32.65,35.03,4.7,mb,0.00197,0.1027,16.83,382.0,C,True,True,True,True,
us70007uxg,MNVG,KO,,HNE,strong_motion,37.4132,31.4684,12.7,36.7935,31.4161,69.06,70.22,4.7,mb,0.00222,0.1185,,304.0,D,True,True,True,False,
us70007uxg,BCK,KO,,BHE,broadband,37.4132,31.4684,12.7,37.4602,30.5885,77.86,78.89,4.7,mb,0.00065,0.0315,14.64,567.0,C,True,True,False,True,
us70007v29,VANB,KO,,HHE,broadband,38.4465,44.4168,10.0,38.509,43.4056,88.3,88.86,5.8,mww,0.00203,0.242,31.4,548.0,C,False,True,False,True,
us70007v29,ERCV,KO,,HNN,strong_motion,38.4465,44.4168,10.0,39.0198,43.3381,113.22,113.66,5.8,mww,0.00593,1.4402,,344.0,D,True,True,False,False,has_gaps
us70007v29,AKDM,KO,,HHE,broadband,38.4465,44.4168,10.0,38.3285,42.98,125.91,126.31,5.8,mww,0.00165,0.2435,24.05,353.0,D,False,True,False,True,
us70007v9g,VANB,KO,,HHE,broadband,38.4958,44.3732,10.0,38.509,43.4056,84.21,84.8,6.0,mww,0.00447,0.5196,31.26,548.0,C,False,True,False,True,
us70007v9g,ERCV,KO,,HNE,strong_motion,38.4958,44.3732,10.0,39.0198,43.3381,107.01,107.48,6.0,mww,0.00402,1.3122,,344.0,D,True,True,True,False,
us70007v9g,AKDM,KO,,HHE,broadband,38.4958,44.3732,10.0,38.3285,42.98,122.8,123.21,6.0,mww,0.00102,0.3349,24.97,353.0,D,False,True,False,True,
us70007vj1,AKS,KO,,HNE,strong_motion,39.0595,27.916,10.88,38.8785,27.8129,22.01,24.55,4.6,mb,0.03234,1.1061,8.11,541.0,C,True,True,True,True,
us70007vj1,GORD,KO,,HNE,strong_motion,39.0595,27.916,10.88,38.9088,28.1769,28.1,30.13,4.6,mb,0.00745,0.4037,,662.0,C,True,True,True,False,
us70007vj1,SOMA,KO,,HNE,strong_motion,39.0595,27.916,10.88,39.1564,27.5341,34.67,36.34,4.6,mb,0.04458,1.5233,,798.0,B,True,True,True,False,
us70007vj1,GOMA,KO,,HNE,strong_motion,39.0595,27.916,10.88,38.7077,27.9175,39.12,40.6,4.6,mb,0.00392,0.2974,,636.0,C,True,True,True,False,
us70007wg2,VANB,KO,,HHE,broadband,38.4132,44.344,10.0,38.509,43.4056,82.4,83.0,4.5,mb,0.0002,0.0417,3.91,548.0,C,False,True,False,True,
us70007wg2,ERCV,KO,,HNE,strong_motion,38.4132,44.344,10.0,39.0198,43.3381,110.3,110.75,4.5,mb,0.00088,0.0526,,344.0,D,True,True,True,False,
us70007wg2,AKDM,KO,,HHE,broadband,38.4132,44.344,10.0,38.3285,42.98,119.28,119.7,4.5,mb,8e-05,0.0134,5.39,353.0,D,False,True,False,True,
us70008cbe,SVRC,KO,,BHE,broadband,38.3915,39.0729,10.0,38.3775,39.306,20.38,22.7,5.2,mww,0.02078,0.3912,51.04,688.0,C,False,True,False,True,
us70008cbe,ARPRA,KO,,HNE,strong_motion,38.3915,39.0729,10.0,39.0929,38.3356,100.85,101.34,5.2,mww,0.00225,0.1334,1.01,773.0,B,True,True,True,True,
us70008mc2,ERCV,KO,,HNE,strong_motion,38.8489,43.523,10.0,39.0198,43.3381,24.84,26.78,4.7,mwr,0.01584,1.048,,344.0,D,True,True,True,False,
us70008mc2,VANB,KO,,HHE,broadband,38.8489,43.523,10.0,38.509,43.4056,39.14,40.4,4.7,mwr,0.00188,0.2376,,548.0,C,False,True,False,False,
us70008mc2,AKDM,KO,,HHE,broadband,38.8489,43.523,10.0,38.3285,42.98,74.67,75.34,4.7,mwr,0.0003,0.0496,25.01,353.0,D,False,True,False,True,
us70008mx0,KRTS,KO,,HNE,strong_motion,35.9384,35.49,12.73,36.573,35.375,71.31,72.44,4.7,mww,0.00062,0.0735,,313.0,D,True,True,True,False,
us70008mx0,TAHT,KO,,BHE,broadband,35.9384,35.49,12.73,36.3755,36.1855,79.13,80.15,4.7,mww,0.0035,0.0845,16.16,458.0,C,False,True,False,True,
us70008try,DAT,KO,,BHE,broadband,35.0348,26.1595,37.72,36.7308,27.5767,227.74,230.84,4.9,mww,0.00014,0.0087,,789.0,B,False,True,False,False,clipping_şüphesi
us70008try,DATC,KO,,HNE,strong_motion,35.0348,26.1595,37.72,36.7584,27.6602,234.52,237.53,4.9,mww,0.00049,0.028,,436.0,C,True,True,True,False,
us70008try,BODT,KO,,BHE,broadband,35.0348,26.1595,37.72,37.0622,27.3103,248.04,250.89,4.9,mww,5e-05,0.0054,,464.0,C,False,True,False,False,
us70008ui2,VANB,KO,,HHE,broadband,38.4642,44.3085,10.0,38.509,43.4056,78.74,79.37,4.6,mb,0.00036,0.051,12.16,548.0,C,False,True,False,True,
us70008ui2,ERCV,KO,,HNE,strong_motion,38.4642,44.3085,10.0,39.0198,43.3381,104.4,104.88,4.6,mb,0.00078,0.116,,344.0,D,True,True,True,False,
us70008ui2,AKDM,KO,,HHE,broadband,38.4642,44.3085,10.0,38.3285,42.98,116.75,117.18,4.6,mb,0.00023,0.0313,9.93,353.0,D,False,True,False,True,
us70008wkw,KRTS,KO,,HNE,strong_motion,35.8628,35.525,10.0,36.573,35.375,80.11,80.73,4.6,mb,0.00151,0.097,,313.0,D,True,True,True,False,
us70008wkw,TAHT,KO,,BHE,broadband,35.8628,35.525,10.0,36.3755,36.1855,82.28,82.89,4.6,mb,0.0037,0.127,17.58,458.0,C,False,True,False,True,
us70008wkw,EREN,KO,,HHE,broadband,35.8628,35.525,10.0,35.5292,34.1742,127.5,127.89,4.6,mb,0.00025,0.0199,6.62,461.0,C,False,True,False,True,
us70008wl9,TAHT,KO,,BHE,broadband,35.8341,35.545,10.0,36.3755,36.1855,83.28,83.88,4.5,mb,0.00344,0.0975,14.49,458.0,C,False,True,False,True,
us70008wl9,KRTS,KO,,HNE,strong_motion,35.8341,35.545,10.0,36.573,35.375,83.57,84.17,4.5,mb,0.00086,0.0514,,313.0,D,True,True,True,False,
us70008wl9,EREN,KO,,HHE,broadband,35.8341,35.545,10.0,35.5292,34.1742,128.37,128.76,4.5,mb,0.00018,0.0115,5.17,461.0,C,False,True,False,True,
us700097h4,DALY,KO,,BHE,broadband,36.9551,28.5722,10.0,36.8162,28.6532,17.04,19.76,4.9,mb,0.0039,0.1822,33.4,458.0,C,False,True,False,True,
us700097h4,YER,KO,,BHE,broadband,36.9551,28.5722,10.0,37.1336,28.284,32.38,33.89,4.9,mb,0.0035,0.1636,20.6,494.0,C,False,True,False,True,
us70009lsl,DAT,KO,,BHE,broadband,35.2162,27.8657,10.0,36.7308,27.5767,170.41,170.7,4.7,mb,6e-05,0.005,,789.0,B,False,True,False,False,clipping_şüphesi
us70009lsl,DATC,KO,,HNE,strong_motion,35.2162,27.8657,10.0,36.7584,27.6602,172.48,172.77,4.7,mb,0.00026,0.0346,,436.0,C,True,True,True,False,
us7000aavx,CLDR,KO,,BHE,broadband,38.5329,43.9407,10.0,39.144,43.9172,67.98,68.71,5.4,mww,0.00211,0.1254,,296.0,D,False,True,False,False,
us7000aavx,ERCV,KO,,HNE,strong_motion,38.5329,43.9407,10.0,39.0198,43.3381,75.23,75.89,5.4,mww,0.00257,0.3321,,344.0,D,True,True,True,False,
us7000aavx,AKDM,KO,,HHE,broadband,38.5329,43.9407,10.0,38.3285,42.98,86.71,87.28,5.4,mww,0.00165,0.1311,20.18,353.0,D,False,True,False,True,
us7000abxv,AKS,KO,,HNE,strong_motion,38.7898,27.7934,10.0,38.8785,27.8129,10.01,14.15,5.2,mww,0.08862,7.1337,1.14,541.0,C,True,True,True,True,
us7000abxv,GOMA,KO,,HNE,strong_motion,38.7898,27.7934,10.0,38.7077,27.9175,14.11,17.29,5.2,mww,0.04256,2.0924,,636.0,C,True,True,True,False,
us7000abxv,GORD,KO,,HNE,strong_motion,38.7898,27.7934,10.0,38.9088,28.1769,35.75,37.12,5.2,mww,0.01195,1.0244,,662.0,C,True,True,True,False,
us7000abxv,SOMA,KO,,HNE,strong_motion,38.7898,27.7934,10.0,39.1564,27.5341,46.52,47.58,5.2,mww,0.03134,1.0949,,798.0,B,True,True,True,False,
us7000ackw,DAT,KO,,BHE,broadband,35.504,26.6835,24.5,36.7308,27.5767,158.26,160.15,4.9,mww,0.00017,0.0093,,789.0,B,False,True,False,False,clipping_şüphesi
us7000ackw,DATC,KO,,HNE,strong_motion,35.504,26.6835,24.5,36.7584,27.6602,164.77,166.58,4.9,mww,0.00143,0.0345,,436.0,C,True,True,True,False,
us7000ackw,BODT,KO,,BHE,broadband,35.504,26.6835,24.5,37.0622,27.3103,182.14,183.78,4.9,mww,6e-05,0.0042,,464.0,C,False,True,False,False,
us7000adtk,DALY,KO,,BHE,broadband,36.7481,28.2482,63.0,36.8162,28.6532,36.85,72.99,5.4,mww,0.01901,0.4636,39.02,458.0,C,False,True,False,True,
us7000adtk,YER,KO,,BHE,broadband,36.7481,28.2482,63.0,37.1336,28.284,42.98,76.26,5.4,mww,0.01206,0.7934,26.89,494.0,C,False,True,False,True,
us7000ae1r,DALY,KO,,BHE,broadband,36.7269,28.2064,67.0,36.8162,28.6532,41.02,78.56,4.6,mwr,0.00505,0.1784,32.31,458.0,C,False,True,False,True,
us7000ae1r,YER,KO,,BHE,broadband,36.7269,28.2064,67.0,37.1336,28.284,45.75,81.13,4.6,mwr,0.00504,0.2317,9.55,494.0,C,False,True,False,True,
us7000akqg,DAT,KO,,BHE,broadband,35.3918,26.6949,10.0,36.7308,27.5767,168.67,168.97,4.5,mb,2e-05,0.0009,,789.0,B,False,True,False,False,clipping_şüphesi
us7000akqg,DATC,KO,,HNE,strong_motion,35.3918,26.6949,10.0,36.7584,27.6602,174.98,175.27,4.5,mb,0.0006,0.0648,,436.0,C,True,True,True,False,
us7000akqg,BODT,KO,,BHE,broadband,35.3918,26.6949,10.0,37.0622,27.3103,193.77,194.03,4.5,mb,1e-05,0.0003,,464.0,C,False,True,False,False,
us7000aptd,KRBN,KO,,HNE,strong_motion,38.4031,26.6668,10.0,38.5936,26.5537,23.36,25.41,4.5,mb,0.03224,1.0922,36.78,843.0,B,True,True,True,True,
us7000aptd,BLCB,KO,,BHE,broadband,38.4031,26.6668,10.0,38.3853,27.042,32.76,34.25,4.5,mb,0.00098,0.0437,22.7,646.0,C,False,True,False,True,clipping_şüphesi
us7000aptd,CESE,KO,,HNE,strong_motion,38.4031,26.6668,10.0,38.3306,26.2997,33.0,34.48,4.5,mb,0.00817,0.337,,410.0,C,True,True,True,False,
us7000aptd,FOCM,KO,,HNE,strong_motion,38.4031,26.6668,10.0,38.7131,26.7309,34.92,36.32,4.5,mb,0.00412,0.1015,,553.0,C,True,True,True,False,
us7000bjmq,SVRC,KO,,BHE,broadband,38.0618,38.7769,10.0,38.3775,39.306,58.04,58.9,4.7,mwr,0.00029,0.0337,11.81,688.0,C,False,True,False,True,
us7000bjmq,URFA,KO,,BHE,broadband,38.0618,38.7769,10.0,37.4409,38.8213,69.15,69.87,4.7,mwr,0.00066,0.0407,23.89,364.0,C,False,True,False,True,
us7000bnxn,MLAZ,KO,,HHE,broadband,38.7152,42.0276,10.0,39.141,42.5496,65.43,66.19,4.6,mwr,0.00116,0.1716,11.55,386.0,C,False,True,False,True,
us7000bnxn,VRTB,KO,,BHE,broadband,38.7152,42.0276,10.0,39.1603,41.4558,69.97,70.68,4.6,mwr,0.00046,0.0713,14.47,555.0,C,False,True,False,True,
us7000bnxn,AKDM,KO,,HHE,broadband,38.7152,42.0276,10.0,38.3285,42.98,93.35,93.88,4.6,mwr,0.00176,0.0809,14.47,353.0,D,False,True,False,True,
us7000bpvt,DAT,KO,,BHE,broadband,35.0368,25.3034,44.0,36.7308,27.5767,278.24,281.7,5.9,mww,0.00022,0.0417,,789.0,B,False,True,False,False,clipping_şüphesi
us7000bpvt,DATC,KO,,HNE,strong_motion,35.0368,25.3034,44.0,36.7584,27.6602,285.84,289.21,5.9,mww,0.00147,0.1382,,436.0,C,True,True,True,False,
us7000bpvt,BODT,KO,,BHE,broadband,35.0368,25.3034,44.0,37.0622,27.3103,288.56,291.9,5.9,mww,0.00012,0.0298,,464.0,C,False,True,False,False,
us7000bpvt,YKAV,KO,,HNE,strong_motion,35.0368,25.3034,44.0,37.1246,27.2801,292.3,295.59,5.9,mww,0.00013,0.0699,,462.0,C,True,True,True,False,
us7000bqjg,YESY,KO,,HHE,broadband,38.0178,34.0419,10.0,37.7825,33.7431,37.04,38.37,5.1,mww,0.00281,0.3143,43.81,760.0,C,False,True,False,True,
us7000bqjg,GULA,KO,,HHE,broadband,38.0178,34.0419,10.0,38.3444,34.236,40.08,41.31,5.1,mww,0.00166,0.1019,37.48,301.0,D,False,True,False,True,
us7000c6pg,YEDI,KO,,BHE,broadband,39.8266,40.2951,10.0,39.4377,40.5443,48.22,49.25,4.5,mwr,0.00058,0.0241,,833.0,B,False,True,False,False,clipping_şüphesi
us7000c6pg,ERZN,KO,,BHE,broadband,39.8266,40.2951,10.0,39.5867,39.722,55.81,56.7,4.5,mwr,0.00093,0.0316,13.48,573.0,C,False,True,False,True,
us7000c6pg,KARO,KO,,HHE,broadband,39.8266,40.2951,10.0,39.3089,41.0493,86.56,87.14,4.5,mwr,0.00028,0.0203,,548.0,C,False,True,False,False,
us7000c7y0,GMLD,KO,,HNE,strong_motion,37.8973,26.7838,21.0,38.0766,26.9157,23.05,31.18,7.0,mww,0.21535,21.7331,9.69,289.0,D,True,True,True,True,
us7000c7y0,KUSD,KO,,HNE,strong_motion,37.8973,26.7838,21.0,37.8606,27.2868,44.34,49.06,7.0,mww,0.04641,4.0322,,616.0,C,True,True,True,False,
us7000c7y0,BLCB,KO,,BHE,broadband,37.8973,26.7838,21.0,38.3853,27.042,58.77,62.41,7.0,mww,0.01063,0.3845,46.79,646.0,C,False,True,False,True,clipping_şüphesi
us7000c7y0,CESE,KO,,HNE,strong_motion,37.8973,26.7838,21.0,38.3306,26.2997,64.15,67.5,7.0,mww,0.06267,4.9479,,410.0,C,True,True,True,False,
us7000c7ye,GMLD,KO,,HNE,strong_motion,37.8551,26.8766,10.0,38.0766,26.9157,24.87,26.81,4.9,mb,0.01434,0.4015,,289.0,D,True,True,True,False,
us7000c7ye,KUSD,KO,,HNE,strong_motion,37.8551,26.8766,10.0,37.8606,27.2868,36.02,37.38,4.9,mb,0.0024,0.1535,,616.0,C,True,True,True,False,
us7000c7ye,BLCB,KO,,BHE,broadband,37.8551,26.8766,10.0,38.3853,27.042,60.71,61.53,4.9,mb,0.00639,0.2369,10.54,646.0,C,False,True,False,True,clipping_şüphesi
us7000c7ye,DIDI,KO,,HNE,strong_motion,37.8551,26.8766,10.0,37.3767,27.2398,62.07,62.87,4.9,mb,0.01014,0.7717,,316.0,D,True,True,True,False,
us7000c7zh,GMLD,KO,,HNE,strong_motion,37.8319,26.8222,10.0,38.0766,26.9157,28.42,30.13,5.3,mww,0.01666,0.9142,,289.0,D,True,True,True,False,
us7000c7zh,KUSD,KO,,HNE,strong_motion,37.8319,26.8222,10.0,37.8606,27.2868,40.92,42.12,5.3,mww,0.00359,0.1709,,616.0,C,True,True,True,False,
us7000c7zh,DIDI,KO,,HNE,strong_motion,37.8319,26.8222,10.0,37.3767,27.2398,62.57,63.36,5.3,mww,0.01194,0.2778,0.19,316.0,D,True,True,True,True,
us7000c7zh,BLCB,KO,,BHE,broadband,37.8319,26.8222,10.0,38.3853,27.042,64.47,65.24,5.3,mww,0.00745,0.2391,30.41,646.0,C,False,True,False,True,clipping_şüphesi
us7000c8jq,GMLD,KO,,HNE,strong_motion,37.8579,26.8344,5.12,38.0766,26.9157,25.34,25.85,4.9,mww,0.01127,0.3968,,289.0,D,True,True,True,False,
us7000c8jq,KUSD,KO,,HNE,strong_motion,37.8579,26.8344,5.12,37.8606,27.2868,39.72,40.05,4.9,mww,0.00276,0.1225,,616.0,C,True,True,True,False,
us7000c8jq,BLCB,KO,,BHE,broadband,37.8579,26.8344,5.12,38.3853,27.042,61.39,61.6,4.9,mww,0.00748,0.2432,29.21,646.0,C,False,True,False,True,clipping_şüphesi
us7000c8jq,DIDI,KO,,HNE,strong_motion,37.8579,26.8344,5.12,37.3767,27.2398,64.33,64.53,4.9,mww,0.00498,0.2872,,316.0,D,True,True,True,False,
us7000c9df,GMLD,KO,,HNE,strong_motion,37.8283,26.4937,10.0,38.0766,26.9157,46.17,47.24,4.5,mb,0.00218,0.1008,,289.0,D,True,True,True,False,
us7000c9df,CESE,KO,,HNE,strong_motion,37.8283,26.4937,10.0,38.3306,26.2997,58.38,59.23,4.5,mb,0.00044,0.0215,,410.0,C,True,True,True,False,
us7000c9df,KUSD,KO,,HNE,strong_motion,37.8283,26.4937,10.0,37.8606,27.2868,69.73,70.44,4.5,mb,0.00029,0.0222,,616.0,C,True,True,True,False,
us7000c9df,BLCB,KO,,BHE,broadband,37.8283,26.4937,10.0,38.3853,27.042,78.34,78.98,4.5,mb,0.00042,0.0215,8.6,646.0,C,False,True,False,True,clipping_şüphesi
us7000cat9,KUSD,KO,,HNE,strong_motion,37.7426,26.9558,10.0,37.8606,27.2868,31.9,33.43,4.8,mb,0.0017,0.0804,,616.0,C,True,True,True,False,
us7000cat9,GMLD,KO,,HNE,strong_motion,37.7426,26.9558,10.0,38.0766,26.9157,37.31,38.63,4.8,mb,0.00623,0.3001,,289.0,D,True,True,True,False,
us7000cat9,DIDI,KO,,HNE,strong_motion,37.7426,26.9558,10.0,37.3767,27.2398,47.77,48.81,4.8,mb,0.00776,0.0947,,316.0,D,True,True,True,False,
us7000cat9,BLCB,KO,,BHE,broadband,37.7426,26.9558,10.0,38.3853,27.042,71.86,72.55,4.8,mb,0.00353,0.2335,11.4,646.0,C,False,True,False,True,clipping_şüphesi
us7000ccpb,CUKT,KO,,BHE,broadband,35.4692,45.1058,10.0,37.2473,43.6077,238.92,239.13,4.9,mb,0.00044,0.0351,7.72,900.0,B,True,True,False,True,
us7000ccpb,AKDM,KO,,HHE,broadband,35.4692,45.1058,10.0,38.3285,42.98,369.86,370.0,4.9,mb,3e-05,0.0056,1.27,353.0,D,False,True,False,True,
us7000cda2,GMLD,KO,,HNE,strong_motion,37.8478,26.9649,10.0,38.0766,26.9157,25.8,27.67,4.6,mb,0.0105,0.4552,,289.0,D,True,True,True,False,
us7000cda2,KUSD,KO,,HNE,strong_motion,37.8478,26.9649,10.0,37.8606,27.2868,28.3,30.01,4.6,mb,0.00374,0.1404,,616.0,C,True,True,True,False,
us7000cda2,DIDI,KO,,HNE,strong_motion,37.8478,26.9649,10.0,37.3767,27.2398,57.71,58.57,4.6,mb,0.00298,0.1336,,316.0,D,True,True,True,False,
us7000cda2,BLCB,KO,,BHE,broadband,37.8478,26.9649,10.0,38.3853,27.042,60.15,60.98,4.6,mb,0.00306,0.1234,24.31,646.0,C,False,True,False,True,clipping_şüphesi
us7000ckak,SVRC,KO,,BHE,broadband,38.1793,38.6406,10.0,38.3775,39.306,62.12,62.92,4.6,mwr,0.00076,0.0506,16.68,688.0,C,False,True,False,True,
us7000ckak,URFA,KO,,BHE,broadband,38.1793,38.6406,10.0,37.4409,38.8213,83.63,84.23,4.6,mwr,0.00149,0.0818,31.11,364.0,C,False,True,False,True,
us7000cmfa,SVAN,KO,,BHE,broadband,37.9458,41.697,10.0,38.1511,41.1984,49.27,50.27,5.0,mww,0.00134,0.0956,28.58,571.0,C,False,True,False,True,
us7000cmfa,GURO,KO,,HHE,broadband,37.9458,41.697,10.0,38.5509,42.0322,73.38,74.06,5.0,mww,0.00303,2.9447,19.27,559.0,C,False,True,False,True,clipping_şüphesi
us7000cmfa,AKDM,KO,,HHE,broadband,37.9458,41.697,10.0,38.3285,42.98,120.01,120.43,5.0,mww,0.00044,0.0485,12.81,353.0,D,False,True,False,True,
us7000cmy8,GMLD,KO,,HNE,strong_motion,37.8168,26.8061,10.0,38.0766,26.9157,30.45,32.05,4.5,mb,0.00211,0.1212,,289.0,D,True,True,True,False,
us7000cmy8,KUSD,KO,,HNE,strong_motion,37.8168,26.8061,10.0,37.8606,27.2868,42.49,43.65,4.5,mb,0.00042,0.0207,,616.0,C,True,True,True,False,
us7000cmy8,DIDI,KO,,HNE,strong_motion,37.8168,26.8061,10.0,37.3767,27.2398,62.09,62.89,4.5,mb,0.00264,0.4049,,316.0,D,True,True,False,False,has_gaps
us7000cmy8,BLCB,KO,,BHE,broadband,37.8168,26.8061,10.0,38.3853,27.042,66.5,67.25,4.5,mb,0.00178,0.0847,14.46,646.0,C,False,True,False,True,clipping_şüphesi
us7000cnf1,ALAN,KO,,HNE,strong_motion,36.0719,31.8808,84.52,36.557,32.0327,55.63,101.18,5.3,mww,0.01795,0.8183,10.39,822.0,B,True,True,True,True,
us7000cnf1,MNVG,KO,,HNE,strong_motion,36.0719,31.8808,84.52,36.7935,31.4161,90.37,123.74,5.3,mww,0.00736,0.3838,,304.0,D,True,True,True,False,
us7000cnf1,BOZY,KO,,HNE,strong_motion,36.0719,31.8808,84.52,36.1069,32.9763,98.51,129.8,5.3,mww,0.02374,0.5502,,276.0,D,True,True,True,False,
us7000cnf1,HDMB,KO,,HHE,broadband,36.0719,31.8808,84.52,36.9638,32.4857,112.95,141.07,5.3,mww,0.00177,0.1322,12.63,540.0,C,False,True,False,True,
us7000cr3p,ERCV,KO,,HNE,strong_motion,38.831,43.4625,10.0,39.0198,43.3381,23.59,25.62,4.7,mb,0.01767,1.5042,,344.0,D,True,True,True,False,
us7000cr3p,VANB,KO,,HHE,broadband,38.831,43.4625,10.0,38.509,43.4056,36.14,37.5,4.7,mb,0.00067,0.1623,17.33,548.0,C,False,True,False,True,
us7000cr3p,AKDM,KO,,HHE,broadband,38.831,43.4625,10.0,38.3285,42.98,69.87,70.58,4.7,mb,8e-05,0.0238,8.97,353.0,D,False,True,False,False,has_gaps
us7000crsr,DAT,KO,,BHE,broadband,35.6626,26.2609,10.0,36.7308,27.5767,167.48,167.78,4.8,mb,0.00012,0.0074,,789.0,B,False,True,False,False,clipping_şüphesi
us7000crsr,DATC,KO,,HNE,strong_motion,35.6626,26.2609,10.0,36.7584,27.6602,174.95,175.24,4.8,mb,0.00053,0.0195,,436.0,C,True,True,True,False,
us7000crsr,BODT,KO,,BHE,broadband,35.6626,26.2609,10.0,37.0622,27.3103,181.79,182.06,4.8,mb,7e-05,0.0042,,464.0,C,False,True,False,False,
us7000d112,DAT,KO,,BHE,broadband,35.6339,26.2557,10.0,36.7308,27.5767,170.09,170.38,4.5,mb,8e-05,0.0037,,789.0,B,False,True,False,False,clipping_şüphesi
us7000d112,DATC,KO,,HNE,strong_motion,35.6339,26.2557,10.0,36.7584,27.6602,177.53,177.81,4.5,mb,0.0001,0.0076,,436.0,C,True,True,True,False,
us7000d112,BODT,KO,,BHE,broadband,35.6339,26.2557,10.0,37.0622,27.3103,184.78,185.05,4.5,mb,7e-05,0.0036,,464.0,C,False,True,False,False,
us7000d1v3,GMLD,KO,,HNE,strong_motion,37.8701,26.7652,2.8,38.0766,26.9157,26.48,26.63,4.8,mb,0.01294,0.7477,,289.0,D,True,True,True,False,
us7000d1v3,KUSD,KO,,HNE,strong_motion,37.8701,26.7652,2.8,37.8606,27.2868,45.8,45.89,4.8,mb,0.00121,0.0672,,616.0,C,True,True,True,False,
us7000d1v3,BLCB,KO,,BHE,broadband,37.8701,26.7652,2.8,38.3853,27.042,62.19,62.25,4.8,mb,0.00426,0.1771,26.8,646.0,C,False,True,False,True,clipping_şüphesi
us7000d1v3,CESE,KO,,HNE,strong_motion,37.8701,26.7652,2.8,38.3306,26.2997,65.43,65.49,4.8,mb,0.00137,0.0917,,410.0,C,True,True,True,False,
us7000d23a,EREN,KO,,HHE,broadband,35.0489,33.7163,62.88,35.5292,34.1742,67.67,92.37,5.0,mb,0.00242,0.1009,26.06,461.0,C,False,True,False,True,
us7000d3ec,DYBB,KO,,BHE,broadband,36.172,41.062,10.0,37.9532,40.1393,214.31,214.54,4.9,mb,0.00069,0.0662,9.38,371.0,C,False,True,False,True,
us7000d3ec,SVAN,KO,,BHE,broadband,36.172,41.062,10.0,38.1511,41.1984,220.4,220.63,4.9,mb,0.00024,0.0356,6.72,571.0,C,False,True,False,True,
us7000dlb9,DATC,KO,,HNE,strong_motion,35.2173,27.5065,26.36,36.7584,27.6602,171.92,173.93,4.7,mb,0.00051,0.0407,,436.0,C,True,True,True,False,
us7000e4ey,GMLD,KO,,HNE,strong_motion,38.076,27.0444,10.0,38.0766,26.9157,11.27,15.07,4.6,mb,0.03485,1.099,,289.0,D,True,True,True,False,
us7000e4ey,KUSD,KO,,HNE,strong_motion,38.076,27.0444,10.0,37.8606,27.2868,32.02,33.55,4.6,mb,0.00125,0.0409,,616.0,C,True,True,True,False,
us7000e4ey,BLCB,KO,,BHE,broadband,38.076,27.0444,10.0,38.3853,27.042,34.39,35.81,4.6,mb,0.00208,0.097,30.09,646.0,C,False,True,False,True,clipping_şüphesi
us7000e4ey,CESE,KO,,HNE,strong_motion,38.076,27.0444,10.0,38.3306,26.2997,70.96,71.66,4.6,mb,0.00081,0.0324,,410.0,C,True,True,True,False,
us7000e9kp,BODT,KO,,BHE,broadband,35.2249,25.2518,10.0,37.0622,27.3103,275.49,275.67,4.6,mb,1e-05,0.0008,,464.0,C,False,True,False,False,
us7000ef1g,BODT,KO,,BHE,broadband,36.4391,27.0416,9.03,37.0622,27.3103,73.3,73.85,5.5,mww,0.00314,0.1315,1.33,464.0,C,False,True,False,True,
us7000f66b,ALT,KO,,HNE,strong_motion,39.0422,30.1894,10.0,39.0541,30.1104,6.95,12.18,5.1,mww,0.16294,2.5255,5.22,444.0,C,True,True,True,True,
us7000f8ku,BODT,KO,,BHE,broadband,36.2989,27.1498,10.0,37.0622,27.3103,86.07,86.65,4.6,mb,0.00031,0.0103,,464.0,C,False,True,False,False,
us7000f93t,BODT,KO,,BHE,broadband,36.4786,27.1703,9.76,37.0622,27.3103,66.08,66.8,4.5,mwr,0.00176,0.0484,,464.0,C,False,True,False,False,
us7000fes8,BODT,KO,,BHE,broadband,35.244,25.2697,6.0,37.0622,27.3103,272.82,272.89,6.0,mww,0.00026,0.044,1.49,464.0,C,False,True,False,True,
us7000fesd,BODT,KO,,BHE,broadband,35.092,25.2617,7.74,37.0622,27.3103,286.15,286.25,4.7,mb,1e-05,0.0015,,464.0,C,False,True,False,False,
us7000fesr,BODT,KO,,BHE,broadband,35.3273,25.265,10.0,37.0622,27.3103,266.26,266.45,4.5,mwr,1e-05,0.0014,,464.0,C,False,True,False,False,
us7000fetq,BODT,KO,,BHE,broadband,35.0447,25.2053,10.0,37.0622,27.3103,293.47,293.64,4.8,mb,1e-05,0.0014,,464.0,C,False,True,False,False,
us7000feyd,BODT,KO,,BHE,broadband,35.1951,25.2253,10.0,37.0622,27.3103,279.57,279.75,4.7,mb,1e-05,0.0009,,464.0,C,False,True,False,False,
us7000ff36,BODT,KO,,BHE,broadband,35.0817,25.2018,10.0,37.0622,27.3103,290.51,290.68,5.3,mww,0.00011,0.0128,,464.0,C,False,True,False,False,
us7000ff84,BODT,KO,,BHE,broadband,35.2054,25.2791,10.0,37.0622,27.3103,275.49,275.67,4.7,mb,1e-05,0.0011,,464.0,C,False,True,False,False,
us7000fp8n,DAT,KO,,BHE,broadband,35.1275,25.1433,10.0,36.7308,27.5767,282.45,282.63,4.5,mb,0.0,0.0003,,789.0,B,False,True,False,False,
us7000fp8n,BODT,KO,,BHE,broadband,35.1275,25.1433,10.0,37.0622,27.3103,290.14,290.31,4.5,mb,1e-05,0.0003,,464.0,C,False,True,False,False,
us7000fp8n,DATC,KO,,HNE,strong_motion,35.1275,25.1433,10.0,36.7584,27.6602,290.2,290.37,4.5,mb,0.00045,0.0361,,436.0,C,True,True,True,False,
us7000fp8n,YKAV,KO,,HNE,strong_motion,35.1275,25.1433,10.0,37.1246,27.2801,293.49,293.66,4.5,mb,5e-05,0.0125,,462.0,C,True,True,False,False,clipping_şüphesi
us7000fsfm,KONT,KO,,BHE,broadband,37.8434,32.1713,10.0,37.957,32.3563,20.57,22.87,5.1,mww,0.02629,1.1678,46.84,572.0,C,False,True,False,True,
us7000fsfm,LADK,KO,,BHE,broadband,37.8434,32.1713,10.0,38.1999,32.3648,43.11,44.25,5.1,mww,0.00678,0.2742,23.94,438.0,C,False,True,False,False,has_gaps
us7000fsfm,SEYD,KO,,HNE,strong_motion,37.8434,32.1713,10.0,37.4056,31.8379,56.85,57.72,5.1,mww,0.00367,0.0851,9.47,382.0,C,True,True,True,True,
us7000fthz,SVRC,KO,,BHE,broadband,38.1991,38.7832,7.0,38.3775,39.306,49.75,50.24,4.8,mwr,0.00578,0.2849,27.19,688.0,C,False,True,False,True,
us7000fthz,URFA,KO,,BHE,broadband,38.1991,38.7832,7.0,37.4409,38.8213,84.37,84.66,4.8,mwr,0.00084,0.0452,33.1,364.0,C,False,True,False,True,
us7000futw,UVEZ,KO,,HHE,broadband,40.8642,30.9954,7.19,40.904,30.9032,8.93,11.46,4.8,mwr,0.06074,2.486,49.18,629.0,C,False,True,False,False,has_gaps
us7000futw,MDUB,KO,,BHE,broadband,40.8642,30.9954,7.19,40.4712,31.1976,46.91,47.46,4.8,mwr,0.00488,0.2855,28.77,601.0,C,False,True,False,False,"has_gaps,clipping_şüphesi"
us7000fvfl,KOPR,KO,,HHE,broadband,39.8267,41.9223,6.17,39.9917,41.8535,19.26,20.22,5.1,mwr,0.0205,1.1883,40.75,460.0,C,False,True,False,True,
us7000fvfl,VRTB,KO,,BHE,broadband,39.8267,41.9223,6.17,39.1603,41.4558,84.22,84.45,5.1,mwr,0.00268,0.2728,27.25,555.0,C,False,True,False,True,
us7000fvfl,SENK,KO,,BHE,broadband,39.8267,41.9223,6.17,40.5614,42.3505,89.42,89.63,5.1,mwr,0.00084,0.0664,5.71,864.0,B,False,True,False,True,
us7000fw5n,KOPR,KO,,HHE,broadband,39.7369,41.8806,10.0,39.9917,41.8535,28.43,30.14,4.7,mb,0.01118,0.4233,33.23,460.0,C,False,True,False,True,
us7000fw5n,VRTB,KO,,BHE,broadband,39.7369,41.8806,10.0,39.1603,41.4558,73.76,74.43,4.7,mb,0.00194,0.1813,21.71,555.0,C,False,True,False,True,
us7000fw5n,KARO,KO,,HHE,broadband,39.7369,41.8806,10.0,39.3089,41.0493,85.73,86.31,4.7,mb,0.00401,0.2891,5.87,548.0,C,False,True,False,True,
us7000g94d,MNVG,KO,,HNE,strong_motion,36.1445,31.2928,42.99,36.7935,31.4161,73.0,84.72,5.1,mww,0.0031,0.1895,,304.0,D,True,True,True,False,
us7000g94d,ALAN,KO,,HNE,strong_motion,36.1445,31.2928,42.99,36.557,32.0327,80.59,91.34,5.1,mww,0.01042,0.3325,,822.0,B,True,True,True,False,
us7000g94d,KEMT,KO,,HNE,strong_motion,36.1445,31.2928,42.99,36.6037,30.5558,83.43,93.85,5.1,mww,0.00487,0.9108,,454.0,C,True,True,True,False,
us7000g94d,ANTB,KO,,BHE,broadband,36.1445,31.2928,42.99,36.8998,30.6538,101.56,110.28,5.1,mww,0.00086,0.0728,,363.0,C,False,True,False,False,clipping_şüphesi
us7000g9ms,DAT,KO,,BHE,broadband,35.056,26.9226,10.0,36.7308,27.5767,195.33,195.59,4.7,mb,5e-05,0.0207,,789.0,B,False,True,False,False,"has_gaps,clipping_şüphesi"
us7000g9ms,DATC,KO,,HNE,strong_motion,35.056,26.9226,10.0,36.7584,27.6602,200.61,200.86,4.7,mb,0.00079,0.1211,,436.0,C,True,True,False,False,has_gaps
us7000gamy,AKDM,KO,,HHE,broadband,35.5272,44.9269,10.0,38.3285,42.98,356.31,356.45,4.5,mb,1e-05,0.001,,353.0,D,False,True,False,False,
us7000gamy,VANB,KO,,HHE,broadband,35.5272,44.9269,10.0,38.509,43.4056,358.0,358.14,4.5,mb,1e-05,0.0012,,548.0,C,False,True,False,False,clipping_şüphesi
us7000gaqu,BOZY,KO,,HNE,strong_motion,35.2267,31.9435,21.0,36.1069,32.9763,135.22,136.84,6.6,mww,0.01339,0.5361,,276.0,D,True,True,True,False,
us7000gcr9,BNN,KO,,BHE,broadband,39.0484,35.9156,10.0,38.8521,35.8472,22.61,24.72,4.9,mb,0.02012,0.3109,45.96,468.0,C,False,True,False,True,
us7000gcr9,YOZ,KO,,HHE,broadband,39.0484,35.9156,10.0,39.6376,35.3152,83.41,84.01,4.9,mb,0.00498,0.2822,20.56,588.0,C,False,True,False,True,
us7000gcr9,SARI,KO,,BHE,broadband,39.0484,35.9156,10.0,38.4072,36.4181,83.57,84.17,4.9,mb,0.00126,0.0796,20.49,740.0,C,False,True,False,True,
us7000gcr9,KOZK,KO,,HNE,strong_motion,39.0484,35.9156,10.0,39.2101,34.868,92.13,92.67,4.9,mb,0.00277,0.1484,17.6,520.0,C,True,True,True,True,
us7000gd7k,AKDM,KO,,HHE,broadband,35.4789,44.9228,10.0,38.3285,42.98,360.87,361.01,4.6,mb,0.0,0.0001,,353.0,D,False,True,False,False,
us7000gd7k,VANB,KO,,HHE,broadband,35.4789,44.9228,10.0,38.509,43.4056,362.86,363.0,4.6,mb,0.0,0.0003,,548.0,C,False,True,False,False,clipping_şüphesi
us7000ge92,DST,KO,,HNE,strong_motion,39.5763,28.8232,2.68,39.6041,28.6267,17.12,17.33,4.6,mwr,0.01566,0.7457,,480.0,C,True,True,True,False,
us7000ge92,ORLT,KO,,HNE,strong_motion,39.5763,28.8232,2.68,40.0452,28.8914,52.46,52.53,4.6,mwr,0.00356,0.2243,,610.0,C,True,True,True,False,
us7000ge92,SMAA,KO,,HNE,strong_motion,39.5763,28.8232,2.68,39.1005,28.9805,54.61,54.68,4.6,mwr,0.00772,0.6511,,275.0,D,True,True,True,False,
us7000ge92,SIMA,KO,,BHE,broadband,39.5763,28.8232,2.68,39.0833,28.9825,56.51,56.57,4.6,mwr,0.00305,0.2212,44.92,578.0,C,False,True,False,True,
us7000gghf,YEDI,KO,,BHE,broadband,39.1928,40.1586,10.0,39.4377,40.5443,42.92,44.07,4.7,mwr,0.00687,0.1606,,833.0,B,False,True,False,False,clipping_şüphesi
us7000gghf,BNGB,KO,,BHE,broadband,39.1928,40.1586,10.0,38.9913,40.6792,50.21,51.2,4.7,mwr,0.00466,0.1616,22.49,603.0,C,False,True,False,True,
us7000gghf,ERZN,KO,,BHE,broadband,39.1928,40.1586,10.0,39.5867,39.722,57.67,58.53,4.7,mwr,0.00223,0.0844,18.56,573.0,C,False,True,False,True,
us7000ggki,KONT,KO,,BHE,broadband,37.9265,32.098,10.0,37.957,32.3563,22.9,24.99,4.5,mb,0.01556,0.31,31.96,572.0,C,False,True,False,True,
us7000ggki,LADK,KO,,BHE,broadband,37.9265,32.098,10.0,38.1999,32.3648,38.34,39.62,4.5,mb,0.00075,0.0238,10.9,438.0,C,False,True,False,True,
us7000ggki,SEYD,KO,,HNE,strong_motion,37.9265,32.098,10.0,37.4056,31.8379,62.28,63.08,4.5,mb,0.00136,0.0322,5.27,382.0,C,True,True,True,True,
us7000ggki,CHBY,KO,,HHE,broadband,37.9265,32.098,10.0,38.5823,32.8902,100.51,101.01,4.5,mb,9e-05,0.0038,25.42,334.0,D,False,True,False,True,
us7000ghf9,BOZY,KO,,HNE,strong_motion,35.0634,31.8203,26.39,36.1069,32.9763,156.17,158.38,5.3,mww,0.00099,0.0376,,276.0,D,True,True,True,False,
us7000ghzy,BNGB,KO,,BHE,broadband,39.0635,40.0681,10.0,38.9913,40.6792,53.39,54.32,4.6,mb,0.00072,0.0237,7.57,603.0,C,False,True,False,True,
us7000ghzy,YEDI,KO,,BHE,broadband,39.0635,40.0681,10.0,39.4377,40.5443,58.42,59.27,4.6,mb,0.00136,0.0264,,833.0,B,False,True,False,False,clipping_şüphesi
us7000ghzy,ERZN,KO,,BHE,broadband,39.0635,40.0681,10.0,39.5867,39.722,65.35,66.11,4.6,mb,0.0005,0.0134,3.76,573.0,C,False,True,False,True,
us7000gkl5,KARS,KO,,HHE,broadband,41.1598,44.01,10.0,40.6152,43.0937,97.98,98.49,5.3,mww,0.00245,0.2905,29.65,554.0,C,False,True,False,True,
us7000gkl5,TASB,KO,,HHE,broadband,41.1598,44.01,10.0,39.9838,44.2384,132.18,132.56,5.3,mww,0.00161,0.2325,20.72,228.0,D,False,True,False,True,
us7000gkl5,SENK,KO,,BHE,broadband,41.1598,44.01,10.0,40.5614,42.3505,154.61,154.93,5.3,mww,0.00128,0.1666,18.39,864.0,B,False,True,False,True,
us7000gkl5,AGRB,KO,,HHE,broadband,41.1598,44.01,10.0,39.5755,42.992,196.14,196.39,5.3,mww,0.00042,0.0787,22.68,474.0,C,False,True,False,True,
us7000h0wh,SVRC,KO,,BHE,broadband,38.1155,38.6617,10.0,38.3775,39.306,63.36,64.14,5.3,mww,0.00151,0.1382,21.5,688.0,C,False,True,False,True,
us7000h0wh,URFA,KO,,BHE,broadband,38.1155,38.6617,10.0,37.4409,38.8213,76.31,76.96,5.3,mww,0.00109,0.1595,26.25,364.0,C,False,True,False,True,
us7000h1b2,KDZE,KO,,BHE,broadband,42.3247,31.1019,10.0,41.3132,31.443,115.97,116.4,4.6,mb,0.00075,0.024,5.99,773.0,B,False,True,False,True,
us7000h1b2,KURC,KO,,HHE,broadband,42.3247,31.1019,10.0,41.8456,32.743,145.53,145.87,4.6,mb,0.00037,0.0146,12.41,600.0,C,False,True,False,True,
us7000h1b2,UVEZ,KO,,HHE,broadband,42.3247,31.1019,10.0,40.904,30.9032,158.84,159.15,4.6,mb,0.00055,0.0204,16.12,629.0,C,False,True,False,True,
us7000h5uf,DAT,KO,,BHE,broadband,35.0732,25.0057,10.0,36.7308,27.5767,295.95,296.12,4.9,mb,1e-05,0.0011,,789.0,B,False,True,False,False,clipping_şüphesi
us7000h5uf,BODT,KO,,BHE,broadband,35.0732,25.0057,10.0,37.0622,27.3103,303.0,303.16,4.9,mb,1e-05,0.001,,464.0,C,False,True,False,False,
us7000h5uf,YKAV,KO,,HNE,strong_motion,35.0732,25.0057,10.0,37.1246,27.2801,306.23,306.39,4.9,mb,4e-05,0.0315,,462.0,C,True,True,False,False,clipping_şüphesi
us7000h68m,KARS,KO,,HHN,broadband,41.1134,44.0631,10.0,40.6152,43.0937,98.56,99.07,4.9,mb,0.0002,0.0133,13.38,554.0,C,False,True,False,False,"has_gaps,eksik_bileşen"
us7000h68m,TASB,KO,,HHE,broadband,41.1134,44.0631,10.0,39.9838,44.2384,126.48,126.87,4.9,mb,0.00015,0.0194,,228.0,D,False,True,False,False,
us7000h68m,SENK,KO,,BHE,broadband,41.1134,44.0631,10.0,40.5614,42.3505,156.6,156.92,4.9,mb,0.0001,0.0104,,864.0,B,False,True,False,False,
us7000h68m,AGRB,KO,,HHE,broadband,41.1134,44.0631,10.0,39.5755,42.992,193.6,193.86,4.9,mb,3e-05,0.0066,-0.62,474.0,C,False,True,False,True,
us7000h7xj,DAT,KO,,BHE,broadband,35.0709,25.2599,8.51,36.7308,27.5767,278.57,278.7,4.7,mb,1e-05,0.0009,,789.0,B,False,True,False,False,clipping_şüphesi
us7000h7xj,DATC,KO,,HNE,strong_motion,35.0709,25.2599,8.51,36.7584,27.6602,286.22,286.35,4.7,mb,0.00043,0.0429,,436.0,C,True,True,True,False,
us7000h7xj,BODT,KO,,BHE,broadband,35.0709,25.2599,8.51,37.0622,27.3103,288.07,288.2,4.7,mb,1e-05,0.0011,,464.0,C,False,True,False,False,
us7000h7xj,YKAV,KO,,HNE,strong_motion,35.0709,25.2599,8.51,37.1246,27.2801,291.69,291.81,4.7,mb,0.00013,0.0512,,462.0,C,True,True,True,False,
us7000hepi,DAT,KO,,BHE,broadband,36.0633,27.5159,17.71,36.7308,27.5767,74.42,76.5,4.9,mb,0.00253,0.1183,,789.0,B,False,True,False,False,clipping_şüphesi
us7000hepi,DATC,KO,,HNN,strong_motion,36.0633,27.5159,17.71,36.7584,27.6602,78.36,80.34,4.9,mb,0.00303,0.6349,,436.0,C,True,True,False,False,has_gaps
us7000hge7,ERCV,KO,,HNE,strong_motion,38.8382,43.4028,10.0,39.0198,43.3381,20.95,23.21,4.6,mwr,0.01046,0.48,,344.0,D,True,True,True,False,
us7000hge7,AKDM,KO,,HHE,broadband,38.8382,43.4028,10.0,38.3285,42.98,67.55,68.29,4.6,mwr,0.00019,0.0187,15.41,353.0,D,False,True,False,True,
us7000hgyu,VANB,KO,,HHE,broadband,38.7366,43.5068,10.0,38.509,43.4056,26.79,28.6,5.2,mww,0.00149,0.2291,36.42,548.0,C,False,True,False,True,clipping_şüphesi
us7000hgyu,ERCV,KO,,HNE,strong_motion,38.7366,43.5068,10.0,39.0198,43.3381,34.71,36.12,5.2,mww,0.02874,1.7608,,344.0,D,True,True,True,False,
us7000hgyu,AKDM,KO,,HHE,broadband,38.7366,43.5068,10.0,38.3285,42.98,64.49,65.26,5.2,mww,0.00033,0.0694,21.59,353.0,D,False,True,False,True,
us7000hilt,DAT,KO,,BHE,broadband,35.3307,27.1376,38.95,36.7308,27.5767,160.61,165.27,4.9,mww,0.00026,0.014,,789.0,B,False,True,False,False,clipping_şüphesi
us7000hilt,DATC,KO,,HNE,strong_motion,35.3307,27.1376,38.95,36.7584,27.6602,165.56,170.08,4.9,mww,0.00044,0.0456,,436.0,C,True,True,True,False,
us7000hs2d,DAT,KO,,BHE,broadband,35.3253,25.3656,2.588,36.7308,27.5767,252.89,252.9,4.6,mwr,1e-05,0.0015,,789.0,B,False,True,False,False,clipping_şüphesi
us7000hs2d,BODT,KO,,BHE,broadband,35.3253,25.3656,2.588,37.0622,27.3103,260.28,260.29,4.6,mwr,1e-05,0.0018,,464.0,C,False,True,False,False,
us7000hs2d,DATC,KO,,HNE,strong_motion,35.3253,25.3656,2.588,36.7584,27.6602,260.67,260.68,4.6,mwr,0.00189,0.0328,,436.0,C,True,True,True,False,
us7000hs2d,YKAV,KO,,HNE,strong_motion,35.3253,25.3656,2.588,37.1246,27.2801,263.66,263.67,4.6,mwr,5e-05,0.011,,462.0,C,True,True,False,False,clipping_şüphesi
us7000i1xl,DAT,KO,,BHE,broadband,35.3183,26.1631,10.0,36.7308,27.5767,202.06,202.31,4.5,mb,2e-05,0.0007,,789.0,B,False,True,False,False,clipping_şüphesi
us7000i1xl,DATC,KO,,HNE,strong_motion,35.3183,26.1631,10.0,36.7584,27.6602,209.19,209.43,4.5,mb,0.00083,0.0109,,436.0,C,True,True,True,False,
us7000i1xl,BODT,KO,,BHE,broadband,35.3183,26.1631,10.0,37.0622,27.3103,219.54,219.77,4.5,mb,1e-05,0.0004,,464.0,C,False,True,False,False,
us7000i1xl,BODA,KO,,HNE,strong_motion,35.3183,26.1631,10.0,37.0348,27.4304,222.18,222.4,4.5,mb,0.00016,0.0028,,600.0,C,True,True,True,False,
us7000i3ss,LFK,KO,,HHE,broadband,35.0991,31.9644,10.0,35.2832,33.5335,144.05,144.4,4.5,mb,6e-05,0.005,,796.0,B,False,True,False,False,
us7000i3ym,DIDI,KO,,HNE,strong_motion,37.5649,26.8151,10.0,37.3767,27.2398,42.93,44.08,4.7,mwr,0.02198,0.6058,4.7,316.0,D,True,True,True,True,
us7000i3ym,KUSD,KO,,HNE,strong_motion,37.5649,26.8151,10.0,37.8606,27.2868,52.94,53.88,4.7,mwr,0.00189,0.1201,,616.0,C,True,True,True,False,
us7000i3ym,GMLD,KO,,HNE,strong_motion,37.5649,26.8151,10.0,38.0766,26.9157,57.58,58.44,4.7,mwr,0.00481,0.2575,,289.0,D,True,True,True,False,
us7000i3ym,YKAV,KO,,HNE,strong_motion,37.5649,26.8151,10.0,37.1246,27.2801,63.93,64.71,4.7,mwr,0.0046,0.1799,,462.0,C,True,True,True,False,
us7000i3yp,DIDI,KO,,HNE,strong_motion,37.5527,26.8515,10.926,37.3767,27.2398,39.46,40.94,5.4,mww,0.04755,2.0453,12.29,316.0,D,True,True,True,True,
us7000i3yp,KUSD,KO,,HNE,strong_motion,37.5527,26.8515,10.926,37.8606,27.2868,51.37,52.52,5.4,mww,0.00432,0.2258,,616.0,C,True,True,True,False,
us7000i3yp,GMLD,KO,,HNE,strong_motion,37.5527,26.8515,10.926,38.0766,26.9157,58.53,59.54,5.4,mww,0.01209,0.6619,,289.0,D,True,True,True,False,
us7000i3yp,YKAV,KO,,HNE,strong_motion,37.5527,26.8515,10.926,37.1246,27.2801,60.84,61.81,5.4,mww,0.00567,0.3462,,462.0,C,True,True,True,False,
us7000i40j,DIDI,KO,,HNE,strong_motion,37.5368,26.8049,10.0,37.3767,27.2398,42.31,43.48,4.6,mwr,0.01478,0.3824,-3.22,316.0,D,True,True,True,True,
us7000i40j,KUSD,KO,,HNE,strong_motion,37.5368,26.8049,10.0,37.8606,27.2868,55.62,56.51,4.6,mwr,0.00182,0.1161,,616.0,C,True,True,True,False,
us7000i40j,GMLD,KO,,HNE,strong_motion,37.5368,26.8049,10.0,38.0766,26.9157,60.81,61.63,4.6,mwr,0.00295,0.1503,,289.0,D,True,True,True,False,
us7000i40j,YKAV,KO,,HNE,strong_motion,37.5368,26.8049,10.0,37.1246,27.2801,62.18,62.98,4.6,mwr,0.00208,0.0862,,462.0,C,True,True,True,False,
us7000i4v6,DAT,KO,,BHE,broadband,35.0971,26.3465,8.819,36.7308,27.5767,212.77,212.95,5.3,mww,0.00022,0.0407,,789.0,B,False,True,False,False,clipping_şüphesi
us7000i4v6,DATC,KO,,HNE,strong_motion,35.0971,26.3465,8.819,36.7584,27.6602,219.35,219.53,5.3,mww,0.0008,0.1243,,436.0,C,True,True,True,False,
us7000i4v6,BODT,KO,,BHE,broadband,35.0971,26.3465,8.819,37.0622,27.3103,235.05,235.22,5.3,mww,8e-05,0.0156,,464.0,C,False,True,False,False,
us7000i8nr,KARO,KO,,HHE,broadband,39.3672,40.7044,10.924,39.3089,41.0493,30.36,32.27,4.8,mwr,0.01912,0.9716,25.66,548.0,C,False,True,False,True,
us7000i8nr,BNGB,KO,,BHE,broadband,39.3672,40.7044,10.924,38.9913,40.6792,41.85,43.25,4.8,mwr,0.00541,0.2054,27.57,603.0,C,False,True,False,True,
us7000i8nr,VRTB,KO,,BHE,broadband,39.3672,40.7044,10.924,39.1603,41.4558,68.66,69.52,4.8,mwr,0.00098,0.1731,20.75,555.0,C,False,True,False,True,
us7000i9z2,CLDR,KO,,BHE,broadband,38.4613,44.9496,10.0,39.144,43.9172,117.33,117.76,5.1,mww,0.00057,0.0766,15.77,296.0,D,False,True,False,True,
us7000i9z2,VANB,KO,,HHE,broadband,38.4613,44.9496,10.0,38.509,43.4056,134.49,134.86,5.1,mww,0.00012,0.0251,13.49,548.0,C,False,True,False,True,
us7000i9z2,ERCV,KO,,HNE,strong_motion,38.4613,44.9496,10.0,39.0198,43.3381,152.94,153.27,5.1,mww,0.00052,0.0902,,344.0,D,True,True,True,False,
us7000i9z2,AKDM,KO,,HHE,broadband,38.4613,44.9496,10.0,38.3285,42.98,172.28,172.57,5.1,mww,0.00012,0.0232,15.91,353.0,D,False,True,False,True,
us7000im0t,KEMT,KO,,HNE,strong_motion,35.9595,30.9178,52.321,36.6037,30.5558,78.64,94.45,4.8,mb,0.00273,1.038,,454.0,C,True,True,True,False,
us7000im0t,DEMR,KO,,HNE,strong_motion,35.9595,30.9178,52.321,36.2365,29.9056,96.02,109.35,4.8,mb,0.00029,0.0197,,861.0,B,True,True,True,False,
us7000im0t,MNVG,KO,,HNE,strong_motion,35.9595,30.9178,52.321,36.7935,31.4161,102.91,115.45,4.8,mb,0.00101,0.0491,,304.0,D,True,True,True,False,
us7000im0t,ANTB,KO,,BHE,broadband,35.9595,30.9178,52.321,36.8998,30.6538,107.19,119.28,4.8,mb,0.00038,0.0266,,363.0,C,False,True,False,False,
us7000imc7,BLCB,KO,,BHE,broadband,38.339,27.2071,10.0,38.3853,27.042,15.29,18.27,4.8,mwr,0.01089,0.5271,47.73,646.0,C,False,True,False,True,
us7000imc7,GMLD,KO,,HNE,strong_motion,38.339,27.2071,10.0,38.0766,26.9157,38.72,39.99,4.8,mwr,0.0137,0.6245,,289.0,D,True,True,True,False,
us7000imc7,KUSD,KO,,HNE,strong_motion,38.339,27.2071,10.0,37.8606,27.2868,53.65,54.57,4.8,mwr,0.00208,0.1706,,616.0,C,True,True,True,False,
us7000imc7,FOCM,KO,,HNE,strong_motion,38.339,27.2071,10.0,38.7131,26.7309,58.71,59.56,4.8,mwr,0.00279,0.0891,,553.0,C,True,True,True,False,
us7000iqln,YER,KO,,BHE,broadband,36.9992,28.4542,10.0,37.1336,28.284,21.25,23.49,4.6,mb,0.00177,0.1035,21.86,494.0,C,False,True,False,False,has_gaps
us7000iqln,DALY,KO,,BHE,broadband,36.9992,28.4542,10.0,36.8162,28.6532,26.97,28.76,4.6,mb,0.0002,0.0182,10.96,458.0,C,False,True,False,True,
us7000ir86,DAT,KO,,HHE,broadband,35.8357,26.4319,63.0,36.7308,27.5767,142.95,156.22,5.5,mww,0.00083,0.0459,,789.0,B,False,True,False,False,clipping_şüphesi
us7000ir86,BODT,KO,,BHE,broadband,35.8357,26.4319,63.0,37.0622,27.3103,157.39,169.53,5.5,mww,0.00037,0.0343,,464.0,C,False,True,False,False,
us7000ir86,BODA,KO,,HNE,strong_motion,35.8357,26.4319,63.0,37.0348,27.4304,160.49,172.41,5.5,mww,0.00028,0.0207,,600.0,C,True,True,True,False,
us7000irp8,UVEZ,KO,,HHE,broadband,40.8356,30.9831,10.0,40.904,30.9032,10.15,14.25,6.1,mww,0.08707,1.8297,53.24,629.0,C,False,True,False,True,
us7000irp8,MDUB,KO,,BHE,broadband,40.8356,30.9831,10.0,40.4712,31.1976,44.38,45.49,6.1,mww,0.01221,0.641,46.83,601.0,C,False,True,False,True,clipping_şüphesi
us7000irp8,SAUV,KO,,HNE,strong_motion,40.8356,30.9831,10.0,40.7401,30.3271,56.24,57.12,6.1,mww,0.0241,1.6017,46.12,605.0,C,True,True,True,True,
us7000isll,DAT,KO,,HHE,broadband,35.3543,27.7429,35.0,36.7308,27.5767,153.79,157.72,4.5,mb,0.00018,0.0093,,789.0,B,False,True,False,False,clipping_şüphesi
us7000isne,UVEZ,KO,,HHE,broadband,40.8448,31.01,10.0,40.904,30.9032,11.13,14.96,4.5,mb,0.05821,0.4478,42.55,629.0,C,False,True,False,True,
us7000isne,MDUB,KO,,BHE,broadband,40.8448,31.01,10.0,40.4712,31.1976,44.45,45.56,4.5,mb,0.00218,0.1375,37.32,601.0,C,False,True,False,True,clipping_şüphesi
us7000isne,SAUV,KO,,HNE,strong_motion,40.8448,31.01,10.0,40.7401,30.3271,58.66,59.51,4.5,mb,0.00281,0.0811,19.43,605.0,C,True,True,True,True,
us7000j2pq,GPNR,KO,,HNE,strong_motion,39.389,26.1735,10.0,39.456,26.1331,8.22,12.94,4.8,mwr,0.05594,3.5581,,665.0,C,True,True,True,False,
us7000j2pq,EZNE,KO,,HNE,strong_motion,39.389,26.1735,10.0,39.756,26.3655,44.0,45.12,4.8,mwr,0.00696,0.2469,,282.0,D,True,True,True,False,
us7000j2pq,EZN,KO,,HHE,broadband,39.389,26.1735,10.0,39.8255,26.3246,50.23,51.22,4.8,mwr,0.00693,0.2232,32.42,448.0,C,False,True,False,True,
us7000j2re,GPNR,KO,,HNE,strong_motion,39.4132,26.1996,12.538,39.456,26.1331,7.43,14.57,4.6,mwr,0.0575,3.4186,,665.0,C,True,True,True,False,
us7000j2re,EZNE,KO,,HNE,strong_motion,39.4132,26.1996,12.538,39.756,26.3655,40.68,42.57,4.6,mwr,0.00579,0.2189,,282.0,D,True,True,True,False,
us7000j2re,EZN,KO,,HHE,broadband,39.4132,26.1996,12.538,39.8255,26.3246,47.08,48.72,4.6,mwr,0.00676,0.1221,34.5,448.0,C,False,True,False,True,
us7000j3cr,GPNR,KO,,HNE,strong_motion,39.4874,26.2503,10.0,39.456,26.1331,10.65,14.61,4.9,mwr,0.03625,1.3955,,665.0,C,True,True,True,False,
us7000j3cr,EZNE,KO,,HNE,strong_motion,39.4874,26.2503,10.0,39.756,26.3655,31.45,33.0,4.9,mwr,0.00439,0.1524,,282.0,D,True,True,True,False,
us7000j3cr,EZN,KO,,HHE,broadband,39.4874,26.2503,10.0,39.8255,26.3246,38.13,39.42,4.9,mwr,0.00458,0.1804,28.8,448.0,C,False,True,False,True,
us7000j4gh,SVRC,KO,,HHE,broadband,38.4311,39.156,10.0,38.3775,39.306,14.37,17.51,4.7,mb,0.0217,0.2961,47.59,688.0,C,False,True,False,True,
us7000j4gh,DYBB,KO,,HHE,broadband,38.4311,39.156,10.0,37.9532,40.1393,101.04,101.53,4.7,mb,0.00051,0.0367,53.27,371.0,C,False,True,False,True,
us7000j56z,CLDR,KO,,HHE,broadband,38.4334,44.9458,19.102,39.144,43.9172,119.13,120.65,5.7,mww,0.00733,0.3341,31.23,296.0,D,False,True,False,True,
us7000j56z,VANB,KO,,HHE,broadband,38.4334,44.9458,19.102,38.509,43.4056,134.35,135.7,5.7,mww,0.00134,0.237,18.67,548.0,C,False,True,False,True,
us7000j56z,ERCV,KO,,HNE,strong_motion,38.4334,44.9458,19.102,39.0198,43.3381,153.95,155.13,5.7,mww,0.00422,1.0011,,344.0,D,True,True,False,False,has_gaps
us7000j56z,AKDM,KO,,HHE,broadband,38.4334,44.9458,19.102,38.3285,42.98,171.74,172.8,5.7,mww,0.00106,0.2087,23.99,353.0,D,False,True,False,True,
us7000jga3,KRTS,KO,,HNE,strong_motion,36.2653,36.0798,10.0,36.573,35.375,71.75,72.44,4.6,mb,0.00037,0.0295,,313.0,D,True,True,True,False,
us7000jga3,CEYT,KO,,HHE,broadband,36.2653,36.0798,10.0,37.0105,35.7478,88.0,88.57,4.6,mb,0.00016,0.0156,4.26,360.0,D,False,True,False,True,
us7000jgic,TAHT,KO,,HHE,broadband,36.3065,36.097,10.0,36.3755,36.1855,11.03,14.89,4.7,mb,0.02343,0.292,41.16,458.0,C,False,True,False,True,
us7000jgic,KRTS,KO,,HNE,strong_motion,36.3065,36.097,10.0,36.573,35.375,71.06,71.76,4.7,mb,0.00125,0.0496,,313.0,D,True,True,True,False,
us7000jgic,CEYT,KO,,HHE,broadband,36.3065,36.097,10.0,37.0105,35.7478,84.25,84.84,4.7,mb,0.00061,0.0297,8.78,360.0,D,False,True,False,True,
us7000jgyv,KMRS,KO,,HHE,broadband,37.8395,36.7004,7.12,37.5087,36.9,40.76,41.38,5.0,mww,0.00695,0.3031,26.56,314.0,D,False,True,False,True,
us7000jgyv,KHMN,KO,,HNE,strong_motion,37.8395,36.7004,7.12,37.3916,37.1574,64.04,64.43,5.0,mww,0.00149,0.0729,,272.0,D,True,True,True,False,
us7000jgyv,SARI,KO,,HHE,broadband,37.8395,36.7004,7.12,38.4072,36.4181,67.78,68.15,5.0,mww,0.00175,0.0905,17.6,740.0,C,False,True,False,True,
us7000jgyv,KOZT,KO,,HHE,broadband,37.8395,36.7004,7.12,37.4795,35.8264,86.73,87.02,5.0,mww,0.0011,0.1136,13.56,567.0,C,False,True,False,True,
us7000jhi7,TAHT,KO,,HHE,broadband,36.7867,36.1842,10.0,36.3755,36.1855,45.72,46.8,4.8,mwr,0.02028,0.3344,33.68,458.0,C,False,True,False,True,
us7000jhi7,CEYT,KO,,HHE,broadband,36.7867,36.1842,10.0,37.0105,35.7478,46.1,47.17,4.8,mwr,0.00121,0.0665,19.58,360.0,D,False,True,False,True,
us7000jhi7,KRTS,KO,,HNE,strong_motion,36.7867,36.1842,10.0,36.573,35.375,75.97,76.63,4.8,mwr,0.00098,0.0616,,313.0,D,True,True,True,False,
us7000jhvn,BNN,KO,,HHE,broadband,38.6363,35.2749,5.0,38.8521,35.8472,55.13,55.36,4.7,mwr,0.00068,0.038,13.93,468.0,C,False,True,False,True,
us7000jhvn,KOZK,KO,,HNE,strong_motion,38.6363,35.2749,5.0,39.2101,34.868,72.87,73.04,4.7,mwr,0.00164,0.0843,6.46,520.0,C,True,True,True,True,
us7000jhvn,GULA,KO,,HHE,broadband,38.6363,35.2749,5.0,38.3444,34.236,96.07,96.2,4.7,mwr,0.00053,0.0231,16.83,301.0,D,False,True,False,True,
us7000jiph,BNN,KO,,HHE,broadband,38.6968,35.3499,6.0,38.8521,35.8472,46.44,46.83,4.8,mwr,0.00139,0.1103,19.37,468.0,C,False,True,False,True,
us7000jiph,KOZK,KO,,HNE,strong_motion,38.6968,35.3499,6.0,39.2101,34.868,70.67,70.92,4.8,mwr,0.0025,0.1446,9.2,520.0,C,True,True,True,True,
us7000jiph,SARI,KO,,HHE,broadband,38.6968,35.3499,6.0,38.4072,36.4181,98.31,98.49,4.8,mwr,0.00036,0.0278,9.69,740.0,C,False,True,False,True,
us7000jjft,SVRC,KO,,HHE,broadband,38.1188,38.6904,5.474,38.3775,39.306,60.97,61.22,4.6,mwr,0.00119,0.0503,19.66,688.0,C,False,True,False,True,
us7000jjft,URFA,KO,,HHE,broadband,38.1188,38.6904,5.474,37.4409,38.8213,76.25,76.45,4.6,mwr,0.00167,0.0684,26.9,364.0,C,False,True,False,True,
us7000jjrw,SARI,KO,,HHE,broadband,38.0681,36.9544,3.289,38.4072,36.4181,60.13,60.22,4.6,mwr,0.00172,0.1404,15.12,740.0,C,False,True,False,True,
us7000jjrw,KMRS,KO,,HHE,broadband,38.0681,36.9544,3.289,37.5087,36.9,62.39,62.48,4.6,mwr,0.0003,0.0271,7.87,314.0,D,False,True,False,True,
us7000jjrw,DARE,KO,,HHE,broadband,38.0681,36.9544,3.289,38.5712,37.4832,72.51,72.58,4.6,mwr,0.00032,0.0453,10.5,510.0,C,False,True,False,True,
us7000jjrw,KHMN,KO,,HNE,strong_motion,38.0681,36.9544,3.289,37.3916,37.1574,77.31,77.38,4.6,mwr,0.00036,0.0248,,272.0,D,True,True,True,False,
us7000jjv5,KHMN,KO,,HNE,strong_motion,37.7899,37.3899,10.0,37.3916,37.1574,48.8,49.81,4.6,mwr,0.00059,0.1461,,272.0,D,True,True,True,False,
us7000jjv5,KMRS,KO,,HHN,broadband,37.7899,37.3899,10.0,37.5087,36.9,53.27,54.2,4.6,mwr,0.00052,0.0581,19.14,314.0,D,False,True,False,False,has_gaps
us7000jjv5,GAZ,KO,,HHE,broadband,37.7899,37.3899,10.0,37.1721,37.2096,70.51,71.22,4.6,mwr,0.00061,0.19,5.57,347.0,D,False,True,False,True,
us7000jjv5,DARE,KO,,HHE,broadband,37.7899,37.3899,10.0,38.5712,37.4832,87.26,87.83,4.6,mwr,0.0003,0.0601,7.99,510.0,C,False,True,False,True,
us7000jkeb,RUZG,KO,,HHE,broadband,40.7432,31.5028,10.0,40.7242,31.7936,24.59,26.55,4.8,mww,0.00379,0.3118,37.48,597.0,C,False,True,False,True,
us7000jkeb,MDUB,KO,,HHE,broadband,40.7432,31.5028,10.0,40.4712,31.1976,39.73,40.97,4.8,mww,0.0029,0.2255,25.98,601.0,C,False,True,False,True,clipping_şüphesi
us7000jkeb,YUVA,KO,,HNE,strong_motion,40.7432,31.5028,10.0,40.391,31.6872,42.15,43.32,4.8,mww,0.00099,0.0694,15.61,629.0,C,True,True,True,True,
us7000jkeb,UVEZ,KO,,HHE,broadband,40.7432,31.5028,10.0,40.904,30.9032,53.53,54.46,4.8,mww,0.00461,0.2478,18.44,629.0,C,False,True,False,True,
us7000jkel,VANB,KO,,HHE,broadband,38.5027,45.0678,10.0,38.509,43.4056,144.64,144.99,5.2,mww,0.00031,0.0571,14.63,548.0,C,False,True,False,True,
us7000jkel,TASB,KO,,HHE,broadband,38.5027,45.0678,10.0,39.9838,44.2384,179.51,179.79,5.2,mww,0.00023,0.0599,7.53,228.0,D,False,True,False,True,
us7000jl0z,SARI,KO,,HHE,broadband,38.0124,36.4342,7.446,38.4072,36.4181,43.92,44.55,4.6,mb,0.00296,0.1321,20.95,740.0,C,False,True,False,True,
us7000jl0z,KMRS,KO,,HHE,broadband,38.0124,36.4342,7.446,37.5087,36.9,69.38,69.78,4.6,mb,0.00098,0.0396,19.52,314.0,D,False,True,False,False,has_gaps
us7000jl0z,KOZT,KO,,HHE,broadband,38.0124,36.4342,7.446,37.4795,35.8264,79.79,80.14,4.6,mb,0.00031,0.0213,15.43,567.0,C,False,True,False,True,
us7000jl0z,KHMN,KO,,HNE,strong_motion,38.0124,36.4342,7.446,37.3916,37.1574,93.88,94.17,4.6,mb,0.00072,0.0381,,272.0,D,True,True,True,False,
us7000jm54,SARI,KO,,HHE,broadband,38.0109,36.4273,10.0,38.4072,36.4181,44.07,45.19,5.3,mww,0.01391,0.2902,26.53,740.0,C,False,True,False,True,
us7000jm54,KMRS,KO,,HHE,broadband,38.0109,36.4273,10.0,37.5087,36.9,69.61,70.32,5.3,mww,0.00244,0.1952,29.16,314.0,D,False,True,False,True,
us7000jm54,KOZT,KO,,HHE,broadband,38.0109,36.4273,10.0,37.4795,35.8264,79.27,79.9,5.3,mww,0.002,0.2289,17.28,567.0,C,False,True,False,True,
us7000jm54,KHMN,KO,,HNE,strong_motion,38.0109,36.4273,10.0,37.3916,37.1574,94.17,94.7,5.3,mww,0.00298,0.11,,272.0,D,True,True,True,False,
us7000jmay,SARI,KO,,HHE,broadband,37.9593,36.3728,10.0,38.4072,36.4181,49.96,50.95,4.6,mwr,0.00855,0.3186,25.84,740.0,C,False,True,False,True,
us7000jmay,KMRS,KO,,HHE,broadband,37.9593,36.3728,10.0,37.5087,36.9,68.26,68.99,4.6,mwr,0.00173,0.1005,22.19,314.0,D,False,True,False,True,
us7000jmay,KOZT,KO,,HHE,broadband,37.9593,36.3728,10.0,37.4795,35.8264,71.81,72.5,4.6,mwr,0.00097,0.0813,10.8,567.0,C,False,True,False,True,
us7000jmay,KHMN,KO,,HNE,strong_motion,37.9593,36.3728,10.0,37.3916,37.1574,93.56,94.09,4.6,mwr,0.00135,0.0776,,272.0,D,True,True,True,False,
us7000jmbi,VANB,KO,,HHE,broadband,38.4614,44.8505,11.0,38.509,43.4056,125.87,126.35,5.6,mww,0.00043,0.0866,15.99,548.0,C,False,True,False,True,
us7000jmbi,ERCV,KO,,HNE,strong_motion,38.4614,44.8505,11.0,39.0198,43.3381,145.12,145.54,5.6,mww,0.0013,0.2389,,344.0,D,True,True,False,False,has_gaps
us7000jmbi,AKDM,KO,,HHE,broadband,38.4614,44.8505,11.0,38.3285,42.98,163.68,164.05,5.6,mww,0.00049,0.0702,14.73,353.0,D,False,True,False,True,
us7000jmme,KMRS,KO,,HHE,broadband,38.039,37.0762,10.0,37.5087,36.9,60.97,61.78,4.5,mb,0.00024,0.014,9.49,314.0,D,False,True,False,True,
us7000jmme,DARE,KO,,HHE,broadband,38.039,37.0762,10.0,38.5712,37.4832,69.02,69.74,4.5,mb,0.0009,0.0309,10.38,510.0,C,False,True,False,True,
us7000jmme,SARI,KO,,HHE,broadband,38.039,37.0762,10.0,38.4072,36.4181,70.58,71.28,4.5,mb,0.00047,0.0149,8.05,740.0,C,False,True,False,True,
us7000jmme,KHMN,KO,,HNZ,strong_motion,38.039,37.0762,10.0,37.3916,37.1574,72.34,73.03,4.5,mb,0.0004,0.0318,,272.0,D,True,True,False,False,has_gaps
us7000jw42,BODT,KO,,HHE,broadband,36.4294,26.3159,116.496,37.0622,27.3103,113.14,162.39,5.1,mww,0.00071,0.0736,,464.0,C,False,True,False,False,
us7000jw42,YKAV,KO,,HNE,strong_motion,36.4294,26.3159,116.496,37.1246,27.2801,115.54,164.08,5.1,mww,0.00045,0.0712,,462.0,C,True,True,True,False,
us7000jw42,DAT,KO,,HHE,broadband,36.4294,26.3159,116.496,36.7308,27.5767,117.46,165.43,5.1,mww,0.0005,0.0703,,789.0,B,False,True,False,False,clipping_şüphesi
us7000jw42,BODA,KO,,HNE,strong_motion,36.4294,26.3159,116.496,37.0348,27.4304,119.98,167.23,5.1,mww,0.00051,0.0792,,600.0,C,True,True,True,False,
us7000jwv7,SARI,KO,,HHE,broadband,38.1021,36.4431,10.0,38.4072,36.4181,34.0,35.44,4.6,mb,0.00428,0.1984,21.75,740.0,C,False,True,False,True,
us7000jwv7,KMRS,KO,,HHE,broadband,38.1021,36.4431,10.0,37.5087,36.9,77.23,77.87,4.6,mb,0.0006,0.0536,15.89,314.0,D,False,True,False,True,
us7000jwv7,KOZT,KO,,HHE,broadband,38.1021,36.4431,10.0,37.4795,35.8264,87.92,88.49,4.6,mb,0.00091,0.0823,18.73,567.0,C,False,True,False,True,
us7000jwv7,BNN,KO,,HHE,broadband,38.1021,36.4431,10.0,38.8521,35.8472,98.21,98.72,4.6,mb,0.00043,0.0384,8.11,468.0,C,False,True,False,True,
us7000jxsv,SARI,KO,,HHE,broadband,38.0541,36.5563,11.5,38.4072,36.4181,41.08,42.66,4.9,mb,0.00686,0.182,25.87,740.0,C,False,True,False,True,
us7000jxsv,KMRS,KO,,HHE,broadband,38.0541,36.5563,11.5,37.5087,36.9,67.75,68.72,4.9,mb,0.00507,0.1884,25.37,314.0,D,False,True,False,True,
us7000jxsv,KOZT,KO,,HHE,broadband,38.0541,36.5563,11.5,37.4795,35.8264,90.55,91.28,4.9,mb,0.00137,0.1268,7.06,567.0,C,False,True,False,True,
us7000jxsv,KHMN,KO,,HNE,strong_motion,38.0541,36.5563,11.5,37.3916,37.1574,90.67,91.4,4.9,mb,0.00165,0.1039,,272.0,D,True,True,True,False,
us7000k6ge,SARI,KO,,HHE,broadband,37.9672,36.5784,10.496,38.4072,36.4181,50.89,51.96,4.5,mwr,0.00503,0.1637,23.7,740.0,C,False,True,False,True,
us7000k6ge,KMRS,KO,,HHE,broadband,37.9672,36.5784,10.496,37.5087,36.9,58.3,59.24,4.5,mwr,0.00053,0.0293,11.81,314.0,D,False,True,False,False,has_gaps
us7000k6ge,KHMN,KO,,HNE,strong_motion,37.9672,36.5784,10.496,37.3916,37.1574,81.81,82.48,4.5,mwr,0.00043,0.0156,,272.0,D,True,True,True,False,
us7000k6ge,KOZT,KO,,HHE,broadband,37.9672,36.5784,10.496,37.4795,35.8264,85.53,86.17,4.5,mwr,0.0002,0.0183,9.3,567.0,C,False,True,False,True,
us7000k970,CLDR,KO,,HHE,broadband,38.4669,44.9405,10.0,39.144,43.9172,116.32,116.75,4.5,mb,0.00081,0.0805,11.85,296.0,D,False,True,False,True,
us7000k970,VANB,KO,,HHZ,broadband,38.4669,44.9405,10.0,38.509,43.4056,133.67,134.04,4.5,mb,0.00011,0.0143,15.58,548.0,C,False,True,False,False,has_gaps
us7000k970,ERCV,KO,,HNE,strong_motion,38.4669,44.9405,10.0,39.0198,43.3381,151.96,152.29,4.5,mb,0.00049,0.0603,,344.0,D,True,True,True,False,
us7000k970,AKDM,KO,,HHE,broadband,38.4669,44.9405,10.0,38.3285,42.98,171.54,171.83,4.5,mb,9e-05,0.0099,11.29,353.0,D,False,True,False,True,
us7000ki5u,KOZT,KO,,HHE,broadband,37.5794,35.9482,13.116,37.4795,35.8264,15.45,20.27,5.5,mww,0.0148,0.4249,47.95,567.0,C,False,True,False,False,has_gaps
us7000ki5u,CEYT,KO,,HHE,broadband,37.5794,35.9482,13.116,37.0105,35.7478,65.7,67.0,5.5,mww,0.00476,0.3359,38.99,360.0,D,False,True,False,True,
us7000ki5u,KMRS,KO,,HHE,broadband,37.5794,35.9482,13.116,37.5087,36.9,84.28,85.29,5.5,mww,0.0036,0.2843,30.27,314.0,D,False,True,False,True,
us7000ki5u,CMRD,KO,,HNE,strong_motion,37.5794,35.9482,13.116,37.6623,34.9902,84.88,85.89,5.5,mww,0.00247,0.1256,12.99,426.0,C,True,True,True,True,
us7000knrn,CMRD,KO,,HNE,strong_motion,37.6374,35.4222,10.0,37.6623,34.9902,38.13,39.42,4.7,mb,0.01422,0.233,16.09,426.0,C,True,True,True,True,
us7000knrn,CEYT,KO,,HHE,broadband,37.6374,35.4222,10.0,37.0105,35.7478,75.42,76.08,4.7,mb,0.00115,0.0559,15.39,360.0,D,False,True,False,True,
us7000kq2s,SARI,KO,,HHE,broadband,38.4319,36.6586,14.0,38.4072,36.4181,21.13,25.35,4.7,mwr,0.01932,0.3242,45.51,740.0,C,False,True,False,True,
us7000kq2s,DARE,KO,,HHE,broadband,38.4319,36.6586,14.0,38.5712,37.4832,73.41,74.73,4.7,mwr,0.00142,0.0501,14.26,510.0,C,False,True,False,True,
us7000kq2s,BNN,KO,,HHE,broadband,38.4319,36.6586,14.0,38.8521,35.8472,84.55,85.7,4.7,mwr,0.00066,0.0437,11.49,468.0,C,False,True,False,True,
us7000kq2s,KMRS,KO,,HHE,broadband,38.4319,36.6586,14.0,37.5087,36.9,104.81,105.74,4.7,mwr,0.00162,0.109,12.61,314.0,D,False,True,False,False,has_gaps
us7000kqky,DARE,KO,,HHE,broadband,38.2125,38.1815,10.0,38.5712,37.4832,72.76,73.44,4.8,mwr,0.0003,0.0272,15.84,510.0,C,False,True,False,True,
us7000kqky,ARPRA,KO,,HNZ,strong_motion,38.2125,38.1815,10.0,39.0929,38.3356,98.81,99.31,4.8,mwr,0.00106,0.0791,,773.0,B,True,True,False,False,has_gaps
us7000kqky,SVRC,KO,,HHE,broadband,38.2125,38.1815,10.0,38.3775,39.306,99.83,100.33,4.8,mwr,0.0009,0.0666,18.95,688.0,C,False,True,False,True,
us7000krp7,DAT,KO,,HHE,broadband,35.7724,25.4996,11.932,36.7308,27.5767,214.58,214.91,4.5,mb,1e-05,0.0011,,789.0,B,False,True,False,False,clipping_şüphesi
us7000krp7,BODT,KO,,HHE,broadband,35.7724,25.4996,11.932,37.0622,27.3103,216.37,216.7,4.5,mb,2e-05,0.0017,,464.0,C,False,True,False,False,
us7000krp7,YKAV,KO,,HNE,strong_motion,35.7724,25.4996,11.932,37.1246,27.2801,219.01,219.33,4.5,mb,6e-05,0.01,,462.0,C,True,True,True,False,
us7000krp7,DATC,KO,,HNE,strong_motion,35.7724,25.4996,11.932,36.7584,27.6602,222.57,222.89,4.5,mb,0.00169,0.0358,,436.0,C,True,True,True,False,
us7000krs4,KULU,KO,,HHE,broadband,38.967,32.9223,7.802,39.0343,33.0023,10.19,12.83,4.8,mwr,0.02115,0.2407,68.81,355.0,D,False,True,False,True,
us7000krs4,CHBY,KO,,HHE,broadband,38.967,32.9223,7.802,38.5823,32.8902,42.87,43.57,4.8,mwr,0.00217,0.2106,46.79,334.0,D,False,True,False,True,
us7000krs4,AFSR,KO,,HHE,broadband,38.967,32.9223,7.802,39.4468,33.0707,54.86,55.41,4.8,mwr,0.00297,0.2343,27.28,413.0,C,False,True,False,True,
us7000krs4,SERE,KO,,HHE,broadband,38.967,32.9223,7.802,38.9463,33.564,55.53,56.08,4.8,mwr,0.00157,0.0855,47.78,539.0,C,False,True,False,True,
us7000kuw4,CUKT,KO,,HHE,broadband,35.0542,44.7295,10.0,37.2473,43.6077,263.84,264.03,4.7,mb,0.00044,0.0517,5.05,900.0,B,True,True,False,True,
us7000kuw4,SIRT,KO,,HHE,broadband,35.0542,44.7295,10.0,37.501,42.4392,340.81,340.96,4.7,mb,0.00039,0.0317,12.77,629.0,C,False,True,False,True,
us7000kuw4,AKDM,KO,,HHE,broadband,35.0542,44.7295,10.0,38.3285,42.98,396.07,396.2,4.7,mb,7e-05,0.0129,6.25,353.0,D,False,True,False,True,
us7000kxls,SARI,KO,,HHE,broadband,37.8997,36.359,6.835,38.4072,36.4181,56.67,57.08,4.5,mwr,0.01358,0.2883,24.26,740.0,C,False,True,False,True,
us7000kxls,KMRS,KO,,HHE,broadband,37.8997,36.359,6.835,37.5087,36.9,64.46,64.82,4.5,mwr,0.0007,0.0391,21.76,314.0,D,False,True,False,True,
us7000kxls,KOZT,KO,,HHE,broadband,37.8997,36.359,6.835,37.4795,35.8264,66.18,66.53,4.5,mwr,0.00041,0.0396,15.78,567.0,C,False,True,False,True,
us7000kxls,KHMN,KO,,HNE,strong_motion,37.8997,36.359,6.835,37.3916,37.1574,90.18,90.44,4.5,mwr,0.00086,0.0404,,272.0,D,True,True,True,False,
us7000l8hp,DAT,KO,,HHE,broadband,35.4311,27.3356,25.992,36.7308,27.5767,146.14,148.43,4.5,mb,6e-05,0.0033,,789.0,B,False,True,False,False,clipping_şüphesi
us7000l8hp,DATC,KO,,HNE,strong_motion,35.4311,27.3356,25.992,36.7584,27.6602,150.44,152.67,4.5,mb,0.00019,0.0121,,436.0,C,True,True,True,False,
us7000l9r5,TAHT,KO,,HHE,broadband,36.5969,36.4173,10.0,36.3755,36.1855,32.18,33.7,4.6,mwr,0.0544,0.5361,41.6,458.0,C,False,True,False,True,
us7000l9r5,CEYT,KO,,HHE,broadband,36.5969,36.4173,10.0,37.0105,35.7478,75.29,75.95,4.6,mwr,0.00128,0.0679,17.32,360.0,D,False,True,False,True,
us7000l9r5,KRTS,KO,,HNE,strong_motion,36.5969,36.4173,10.0,36.573,35.375,93.1,93.64,4.6,mwr,0.00132,0.0841,,313.0,D,True,True,True,False,
us7000ledq,SVRC,KO,,HHE,broadband,38.1529,38.5763,10.0,38.3775,39.306,68.43,69.16,4.7,mb,0.00056,0.023,18.75,688.0,C,False,True,False,True,
us7000ledq,URFA,KO,,HHE,broadband,38.1529,38.5763,10.0,37.4409,38.8213,82.05,82.66,4.7,mb,0.00383,0.0646,0.57,364.0,C,False,True,False,True,
us7000ledq,DARE,KO,,HHE,broadband,38.1529,38.5763,10.0,38.5712,37.4832,106.05,106.52,4.7,mb,0.00017,0.0171,7.81,510.0,C,False,True,False,True,
us7000leyu,DARE,KO,,HHE,broadband,38.3501,37.6095,10.0,38.5712,37.4832,26.93,28.73,4.5,mwr,0.00255,0.1519,35.61,510.0,C,False,True,False,True,
us7000leyu,ARPRA,KO,,HNE,strong_motion,38.3501,37.6095,10.0,39.0929,38.3356,103.87,104.35,4.5,mwr,0.00084,0.0709,,773.0,B,True,True,True,False,
us7000leyu,SARI,KO,,HHE,broadband,38.3501,37.6095,10.0,38.4072,36.4181,104.05,104.53,4.5,mwr,0.00049,0.0333,10.27,740.0,C,False,True,False,True,
us7000lg2l,MDNY,KO,,HNE,strong_motion,40.4371,28.848,10.117,40.3709,28.8846,7.99,12.89,5.1,mww,0.14655,6.2084,50.91,571.0,C,True,True,True,True,
us7000lg2l,ESKY,KO,,HNE,strong_motion,40.4371,28.848,10.117,40.5918,28.9071,17.91,20.57,5.1,mww,0.02299,1.3861,,642.0,C,True,True,True,False,
us7000lj55,KRTS,KO,,HNE,strong_motion,36.1922,36.0589,10.0,36.573,35.375,74.44,75.11,4.6,mb,0.00012,0.0096,,313.0,D,True,True,True,False,
us7000lj55,CEYT,KO,,HHE,broadband,36.1922,36.0589,10.0,37.0105,35.7478,95.13,95.65,4.6,mb,6e-05,0.0047,,360.0,D,False,True,False,False,
us7000ltqd,URFA,KO,,HHE,broadband,38.1238,38.4224,16.204,37.4409,38.8213,83.64,85.2,5.0,mww,0.0032,0.1533,28.49,364.0,C,False,True,False,True,
us7000ltqd,DARE,KO,,HHE,broadband,38.1238,38.4224,16.204,38.5712,37.4832,95.83,97.19,5.0,mww,0.00085,0.0647,19.91,510.0,C,False,True,False,True,
us7000luac,KUSD,KO,,HNE,strong_motion,37.9756,27.1182,11.291,37.8606,27.2868,19.55,22.58,5.1,mww,0.02222,0.956,,616.0,C,True,True,True,False,
us7000luac,GMLD,KO,,HNE,strong_motion,37.9756,27.1182,11.291,38.0766,26.9157,20.99,23.83,5.1,mww,0.11115,3.4921,0.4,289.0,D,True,True,True,True,
us7000luac,BLCB,KO,,HHE,broadband,37.9756,27.1182,11.291,38.3853,27.042,46.04,47.4,5.1,mww,0.00327,0.1972,31.38,646.0,C,False,True,False,True,clipping_şüphesi
us7000luac,DIDI,KO,,HNE,strong_motion,37.9756,27.1182,11.291,37.3767,27.2398,67.45,68.39,5.1,mww,0.00612,0.3191,,316.0,D,True,True,True,False,
us7000m42k,DALY,KO,,HHE,broadband,36.4248,28.3727,62.682,36.8162,28.6532,50.21,80.31,4.7,mb,0.00598,0.2059,21.49,458.0,C,False,True,False,True,
us7000m42k,FETY,KO,,HHE,broadband,36.4248,28.3727,62.682,36.6353,29.0835,67.69,92.25,4.7,mb,0.00231,0.0734,16.18,382.0,C,False,True,False,True,
us7000m4jl,DEMR,KO,,HNE,strong_motion,36.1454,30.1252,44.819,36.2365,29.9056,22.16,50.0,4.8,mwr,0.00394,0.2208,,861.0,B,True,True,True,False,
us7000m4jl,KEMT,KO,,HNE,strong_motion,36.1454,30.1252,44.819,36.6037,30.5558,63.9,78.05,4.8,mwr,0.00231,0.0965,,454.0,C,True,True,True,False,
us7000m4jl,ELL,KO,,HHE,broadband,36.1454,30.1252,44.819,36.7483,29.9085,69.79,82.94,4.8,mwr,0.0005,0.036,14.89,900.0,B,False,True,False,True,
us7000m4jl,ANTB,KO,,HHE,broadband,36.1454,30.1252,44.819,36.8998,30.6538,96.27,106.19,4.8,mwr,0.00064,0.0662,,363.0,C,False,True,False,False,
us7000m8v4,SINE,KO,,HHE,broadband,38.4393,39.3542,5.828,39.1636,39.3871,80.59,80.8,4.7,mww,0.00053,0.0273,11.01,527.0,C,False,True,False,True,
us7000m8xt,BCA,KO,,HHE,broadband,42.559,43.597,10.0,41.445,41.6223,204.85,205.09,4.7,mb,0.00024,0.0133,4.51,642.0,C,False,True,False,True,
us7000m8xt,KARS,KO,,HHE,broadband,42.559,43.597,10.0,40.6152,43.0937,220.16,220.39,4.7,mb,7e-05,0.0094,3.58,554.0,C,False,True,False,True,
us7000m8xt,HOPA,KO,,HNE,strong_motion,42.559,43.597,10.0,41.3867,41.4458,220.48,220.71,4.7,mb,0.00041,0.0231,,588.0,C,True,True,True,False,
us7000m8xt,SENK,KO,,HHE,broadband,42.559,43.597,10.0,40.5614,42.3505,245.13,245.33,4.7,mb,5e-05,0.0043,,864.0,B,False,True,False,False,has_gaps
us7000mcs6,CAYL,KO,,HHE,broadband,40.018,35.9571,3.765,40.3745,36.159,43.19,43.35,4.6,mwr,0.00125,0.0515,21.05,646.0,C,False,True,False,True,
us7000mcs6,TOKT,KO,,HHE,broadband,40.018,35.9571,3.765,40.3173,36.5443,59.98,60.1,4.6,mwr,0.0009,0.0489,,632.0,C,False,True,False,False,clipping_şüphesi
us7000mcs6,YOZ,KO,,HHE,broadband,40.018,35.9571,3.765,39.6376,35.3152,69.24,69.34,4.6,mwr,0.00088,0.0456,,588.0,C,False,True,False,False,
us7000mcxc,CAYL,KO,,HHE,broadband,39.9894,35.9451,16.0,40.3745,36.159,46.52,49.19,5.6,mww,0.00954,0.3204,36.22,646.0,C,False,True,False,True,
us7000mcxc,TOKT,KO,,HHE,broadband,39.9894,35.9451,16.0,40.3173,36.5443,62.63,64.64,5.6,mww,0.00498,0.7707,,632.0,C,False,True,False,False,clipping_şüphesi
us7000mcxc,YOZ,KO,,HHE,broadband,39.9894,35.9451,16.0,39.6376,35.3152,66.52,68.42,5.6,mww,0.00913,0.2846,47.19,588.0,C,False,True,False,True,
us7000mq51,BCA,KO,,HHE,broadband,42.4985,43.5092,6.261,41.445,41.6223,195.07,195.17,4.9,mww,0.00054,0.0256,9.61,642.0,C,False,True,False,True,
us7000mq51,HOPA,KO,,HNE,strong_motion,42.4985,43.5092,6.261,41.3867,41.4458,210.72,210.81,4.9,mww,0.00096,0.0597,,588.0,C,True,True,True,False,
us7000mq51,KARS,KO,,HHE,broadband,42.4985,43.5092,6.261,40.6152,43.0937,212.25,212.34,4.9,mww,0.00019,0.0211,13.34,554.0,C,False,True,False,True,
us7000mq51,SENK,KO,,HHE,broadband,42.4985,43.5092,6.261,40.5614,42.3505,236.0,236.08,4.9,mww,0.0001,0.0132,,864.0,B,False,True,False,False,has_gaps
us7000ms04,DAT,KO,,HHE,broadband,35.9745,27.9542,61.368,36.7308,27.5767,90.64,109.46,4.7,mww,0.00631,0.2706,,789.0,B,False,True,False,False,clipping_şüphesi
us7000ms04,DATC,KO,,HNE,strong_motion,35.9745,27.9542,61.368,36.7584,27.6602,91.05,109.8,4.7,mww,0.01903,1.1727,,436.0,C,True,True,True,False,
us7000mxzg,DATC,KO,,HNE,strong_motion,36.6658,28.1421,76.484,36.7584,27.6602,44.17,88.32,4.5,mwr,0.00472,0.1058,,436.0,C,True,True,True,False,
us7000n0uq,EZNE,KO,,HNE,strong_motion,39.6736,26.3745,11.394,39.756,26.3655,9.19,14.64,4.5,mwr,0.08778,3.4366,3.91,282.0,D,True,True,True,True,
us7000n0uq,EZN,KO,,HHE,broadband,39.6736,26.3745,11.394,39.8255,26.3246,17.42,20.82,4.5,mwr,0.03322,0.3199,46.39,448.0,C,False,True,False,True,
us7000n0uq,BMYO,KO,,HNE,strong_motion,39.6736,26.3745,11.394,39.8098,26.6009,24.58,27.09,4.5,mwr,0.01034,0.8969,,384.0,C,True,True,True,False,
us7000n0uq,GPNR,KO,,HNZ,strong_motion,39.6736,26.3745,11.394,39.456,26.1331,31.84,33.82,4.5,mwr,0.01022,0.499,,665.0,C,True,True,False,False,has_gaps
us7000n7dh,TAHT,KO,,HHE,broadband,35.0598,37.0338,10.0,36.3755,36.1855,165.13,165.43,4.8,mww,0.00507,0.1745,21.76,458.0,C,False,True,False,True,
us7000n7dh,KRTS,KO,,HNE,strong_motion,35.0598,37.0338,10.0,36.573,35.375,225.12,225.34,4.8,mww,0.00043,0.038,,313.0,D,True,True,False,False,has_gaps
us7000n7dh,GAZ,KO,,HHE,broadband,35.0598,37.0338,10.0,37.1721,37.2096,235.41,235.62,4.8,mww,0.00097,0.089,4.02,347.0,D,False,True,False,True,
us7000nni1,KOZT,KO,,HHE,broadband,37.6308,36.0057,10.0,37.4795,35.8264,23.08,25.15,4.9,mww,0.00809,0.2888,41.82,567.0,C,False,True,False,True,
us7000nni1,CEYT,KO,,HHE,broadband,37.6308,36.0057,10.0,37.0105,35.7478,72.65,73.34,4.9,mww,0.00131,0.1579,27.38,360.0,D,False,True,False,True,
us7000nni1,KMRS,KO,,HHE,broadband,37.6308,36.0057,10.0,37.5087,36.9,79.98,80.6,4.9,mww,0.00126,0.1132,15.9,314.0,D,False,True,False,True,
us7000nni1,CMRD,KO,,HNE,strong_motion,37.6308,36.0057,10.0,37.6623,34.9902,89.48,90.04,4.9,mww,0.00119,0.0442,2.36,426.0,C,True,True,True,True,
us7000nqls,SVRC,KO,,HHE,broadband,38.5535,39.7334,10.0,38.3775,39.306,42.04,43.21,5.1,mwr,0.01102,0.2873,33.96,688.0,C,False,True,False,True,
us7000nqls,SINE,KO,,HHE,broadband,38.5535,39.7334,10.0,39.1636,39.3871,74.17,74.84,5.1,mwr,0.00214,0.1045,15.81,527.0,C,False,True,False,True,
us7000nqls,DYBB,KO,,HHE,broadband,38.5535,39.7334,10.0,37.9532,40.1393,75.58,76.24,5.1,mwr,0.00232,0.1022,14.63,371.0,C,False,True,False,True,
us7000nrxw,NURH,KO,,HHE,broadband,37.9554,37.6128,6.57,37.9693,37.4363,15.55,16.88,4.9,mwr,0.0631,0.4644,36.89,900.0,B,False,True,False,True,
us7000nrxw,DARE,KO,,HHE,broadband,37.9554,37.6128,6.57,38.5712,37.4832,69.4,69.71,4.9,mwr,0.00158,0.1075,21.8,510.0,C,False,True,False,True,
us7000nrxw,KHMN,KO,,HNE,strong_motion,37.9554,37.6128,6.57,37.3916,37.1574,74.41,74.7,4.9,mwr,0.00115,1.0011,,272.0,D,True,True,False,False,"has_gaps,eksik_bileşen,Z_bileşeni_yok_veya_kısa"
us7000nrxw,KMRS,KO,,HHE,broadband,37.9554,37.6128,6.57,37.5087,36.9,79.98,80.25,4.9,mwr,0.00193,0.1053,19.02,314.0,D,False,True,False,True,
us7000nry6,CHOM,KO,,HHE,broadband,41.0371,40.882,10.0,41.097,40.7612,12.12,15.71,4.5,mwr,0.0706,2.3649,51.24,797.0,B,False,True,False,False,has_gaps
us7000nry6,CHAY,KO,,HNE,strong_motion,41.0371,40.882,10.0,41.0862,40.7253,14.23,17.39,4.5,mwr,0.09638,3.4427,,501.0,C,True,True,True,False,
us7000nry6,BCA,KO,,HHE,broadband,41.0371,40.882,10.0,41.445,41.6223,76.74,77.39,4.5,mwr,0.01321,0.2203,15.53,642.0,C,False,True,False,False,has_gaps
us7000nv00,ALAN,KO,,HNE,strong_motion,35.9421,31.7094,58.945,36.557,32.0327,74.27,94.82,4.8,mww,0.01812,0.6479,,822.0,B,True,True,True,False,
us7000nv00,MNVG,KO,,HNE,strong_motion,35.9421,31.7094,58.945,36.7935,31.4161,98.25,114.58,4.8,mww,0.00323,0.1641,,304.0,D,True,True,True,False,
us7000nv00,LMOS,KO,,HHE,broadband,35.9421,31.7094,58.945,36.6021,32.6962,114.94,129.17,4.8,mww,0.00056,0.0269,21.7,785.0,B,False,True,False,True,
us7000nv00,BOZY,KO,,HNE,strong_motion,35.9421,31.7094,58.945,36.1069,32.9763,115.4,129.58,4.8,mww,0.00355,0.0906,,276.0,D,True,True,True,False,
us7000nvuc,ALAN,KO,,HNN,strong_motion,35.9165,31.7105,65.676,36.557,32.0327,76.86,101.1,4.8,mb,0.00382,0.1875,,822.0,B,True,True,True,False,eksik_bileşen
us7000nvuc,MNVG,KO,,HNE,strong_motion,35.9165,31.7105,65.676,36.7935,31.4161,101.02,120.49,4.8,mb,0.00245,0.1091,,304.0,D,True,True,True,False,
us7000nvuc,BOZY,KO,,HNE,strong_motion,35.9165,31.7105,65.676,36.1069,32.9763,115.8,133.13,4.8,mb,0.00437,0.1253,,276.0,D,True,True,True,False,
us7000nvuc,LMOS,KO,,HHE,broadband,35.9165,31.7105,65.676,36.6021,32.6962,116.72,133.93,4.8,mb,0.00036,0.0162,9.1,785.0,B,False,True,False,True,
us7000parp,YKAV,KO,,HNE,strong_motion,36.6439,25.592,10.0,37.1246,27.2801,159.37,159.68,4.6,mww,0.00035,0.0286,,462.0,C,True,True,True,False,
us7000parp,BODT,KO,,HHE,broadband,36.6439,25.592,10.0,37.0622,27.3103,159.8,160.11,4.6,mww,0.00048,0.0328,,464.0,C,False,True,False,False,
us7000parp,DIDI,KO,,HNE,strong_motion,36.6439,25.592,10.0,37.3767,27.2398,167.47,167.77,4.6,mww,0.00054,0.0758,,316.0,D,True,True,True,False,
us7000parp,BODA,KO,,HNE,strong_motion,36.6439,25.592,10.0,37.0348,27.4304,169.27,169.57,4.6,mww,0.00026,0.03,,600.0,C,True,True,True,False,
us7000patf,YKAV,KO,,HNE,strong_motion,36.6529,25.6674,10.0,37.1246,27.2801,152.71,153.04,4.8,mww,0.00041,0.0273,,462.0,C,True,True,True,False,
us7000patf,BODT,KO,,HHE,broadband,36.6529,25.6674,10.0,37.0622,27.3103,153.09,153.42,4.8,mww,0.0007,0.0377,,464.0,C,False,True,False,False,
us7000patf,DIDI,KO,,HNE,strong_motion,36.6529,25.6674,10.0,37.3767,27.2398,161.14,161.45,4.8,mww,0.00074,0.055,,316.0,D,True,True,True,False,
us7000patf,BODA,KO,,HNE,strong_motion,36.6529,25.6674,10.0,37.0348,27.4304,162.53,162.84,4.8,mww,0.00034,0.0164,,600.0,C,True,True,True,False,
us7000paup,BODT,KO,,HHE,broadband,36.5144,25.64,10.0,37.0622,27.3103,160.73,161.04,4.7,mww,0.00028,0.0137,,464.0,C,False,True,False,False,
us7000paup,YKAV,KO,,HNE,strong_motion,36.5144,25.64,10.0,37.1246,27.2801,160.99,161.3,4.7,mww,0.00019,0.0211,,462.0,C,True,True,True,False,
us7000paup,BODA,KO,,HNE,strong_motion,36.5144,25.64,10.0,37.0348,27.4304,169.64,169.93,4.7,mww,0.0002,0.0175,,600.0,C,True,True,True,False,
us7000paup,DIDI,KO,,HNN,strong_motion,36.5144,25.64,10.0,37.3767,27.2398,171.48,171.77,4.7,mww,0.0006,0.0622,,316.0,D,True,True,False,False,has_gaps
us7000pauq,BODT,KO,,HHE,broadband,36.4975,25.5497,10.0,37.0622,27.3103,168.9,169.2,4.7,mww,9e-05,0.0073,,464.0,C,False,True,False,False,
us7000pauq,YKAV,KO,,HNE,strong_motion,36.4975,25.5497,10.0,37.1246,27.2801,169.09,169.39,4.7,mww,8e-05,0.0135,,462.0,C,True,True,True,False,
us7000pauq,BODA,KO,,HNE,strong_motion,36.4975,25.5497,10.0,37.0348,27.4304,177.86,178.14,4.7,mww,9e-05,0.0166,,600.0,C,True,True,True,False,
us7000pauq,DIDI,KO,,HNE,strong_motion,36.4975,25.5497,10.0,37.3767,27.2398,179.22,179.5,4.7,mww,0.00044,0.018,,316.0,D,True,True,True,False,
us7000pavd,YKAV,KO,,HNE,strong_motion,36.5404,25.5038,10.0,37.1246,27.2801,170.91,171.2,4.5,mb,4e-05,0.0159,,462.0,C,True,True,True,False,
us7000pavd,BODT,KO,,HHE,broadband,36.5404,25.5038,10.0,37.0622,27.3103,170.98,171.27,4.5,mb,4e-05,0.0021,,464.0,C,False,True,False,False,
us7000pavd,DIDI,KO,,HNE,strong_motion,36.5404,25.5038,10.0,37.3767,27.2398,180.11,180.39,4.5,mb,0.00046,0.0182,,316.0,D,True,True,True,False,
us7000pavd,BODA,KO,,HNE,strong_motion,36.5404,25.5038,10.0,37.0348,27.4304,180.16,180.44,4.5,mb,0.00016,0.0151,,600.0,C,True,True,True,False,
us7000pawd,BODT,KO,,HHE,broadband,36.5329,25.6191,10.0,37.0622,27.3103,161.67,161.98,4.5,mwr,0.00014,0.0079,,464.0,C,False,True,False,False,
us7000pawd,YKAV,KO,,HNE,strong_motion,36.5329,25.6191,10.0,37.1246,27.2801,161.81,162.12,4.5,mwr,8e-05,0.0084,,462.0,C,True,True,True,False,
us7000pawd,BODA,KO,,HNE,strong_motion,36.5329,25.6191,10.0,37.0348,27.4304,170.69,170.98,4.5,mwr,8e-05,0.0033,,600.0,C,True,True,True,False,
us7000pawd,DIDI,KO,,HNE,strong_motion,36.5329,25.6191,10.0,37.3767,27.2398,171.87,172.16,4.5,mwr,0.0005,0.0226,,316.0,D,True,True,True,False,
us7000paz6,BODT,KO,,HHE,broadband,36.3514,25.6458,10.0,37.0622,27.3103,168.12,168.42,4.5,mb,0.00026,0.0208,,464.0,C,False,True,False,False,has_gaps
us7000paz6,YKAV,KO,,HNE,strong_motion,36.3514,25.6458,10.0,37.1246,27.2801,169.11,169.41,4.5,mb,0.00022,0.0338,,462.0,C,True,True,True,False,
us7000paz6,BODA,KO,,HNE,strong_motion,36.3514,25.6458,10.0,37.0348,27.4304,176.33,176.61,4.5,mb,0.00022,0.0349,,600.0,C,True,True,True,False,
us7000paz6,DAT,KO,,HHE,broadband,36.3514,25.6458,10.0,36.7308,27.5767,177.58,177.86,4.5,mb,6e-05,0.0039,,789.0,B,False,True,False,False,clipping_şüphesi
us7000pazc,YKAV,KO,,HNE,strong_motion,36.6711,25.6052,8.236,37.1246,27.2801,157.24,157.46,4.5,mb,0.00012,0.0316,,462.0,C,True,True,True,False,
us7000pazc,BODT,KO,,HHE,broadband,36.6711,25.6052,8.236,37.0622,27.3103,157.79,158.0,4.5,mb,0.0003,0.0092,,464.0,C,False,True,False,False,
us7000pazc,DIDI,KO,,HNE,strong_motion,36.6711,25.6052,8.236,37.3767,27.2398,164.96,165.17,4.5,mb,0.00057,0.0563,,316.0,D,True,True,True,False,
us7000pazc,BODA,KO,,HNE,strong_motion,36.6711,25.6052,8.236,37.0348,27.4304,167.36,167.56,4.5,mb,0.00013,0.0365,,600.0,C,True,True,True,False,
us7000paze,YKAV,KO,,HNE,strong_motion,36.6296,25.693,9.506,37.1246,27.2801,151.52,151.82,5.0,mww,0.00043,0.0298,,462.0,C,True,True,True,False,
us7000paze,BODT,KO,,HHE,broadband,36.6296,25.693,9.506,37.0622,27.3103,151.74,152.04,5.0,mww,0.00041,0.015,,464.0,C,False,True,False,False,
us7000paze,DIDI,KO,,HNE,strong_motion,36.6296,25.693,9.506,37.3767,27.2398,160.52,160.8,5.0,mww,0.00066,0.0554,,316.0,D,True,True,True,False,
us7000paze,BODA,KO,,HNE,strong_motion,36.6296,25.693,9.506,37.0348,27.4304,161.06,161.34,5.0,mww,0.00022,0.0296,,600.0,C,True,True,True,False,
us7000pazi,YKAV,KO,,HNE,strong_motion,36.6341,25.669,10.0,37.1246,27.2801,153.33,153.66,4.9,mww,0.00034,0.0311,,462.0,C,True,True,True,False,
us7000pazi,BODT,KO,,HHE,broadband,36.6341,25.669,10.0,37.0622,27.3103,153.6,153.93,4.9,mww,0.00053,0.0229,,464.0,C,False,True,False,False,
us7000pazi,DIDI,KO,,HNE,strong_motion,36.6341,25.669,10.0,37.3767,27.2398,162.09,162.4,4.9,mww,0.00071,0.0617,,316.0,D,True,True,True,False,
us7000pazi,BODA,KO,,HNE,strong_motion,36.6341,25.669,10.0,37.0348,27.4304,162.97,163.28,4.9,mww,0.00027,0.0336,,600.0,C,True,True,True,False,
us7000pazp,YKAV,KO,,HNE,strong_motion,36.5701,25.628,10.0,37.1246,27.2801,159.41,159.72,4.9,mww,0.00015,0.0295,,462.0,C,True,True,True,False,
us7000pazp,BODT,KO,,HHE,broadband,36.5701,25.628,10.0,37.0622,27.3103,159.44,159.75,4.9,mww,0.00028,0.0144,,464.0,C,False,True,False,False,
us7000pazp,BODA,KO,,HNE,strong_motion,36.5701,25.628,10.0,37.0348,27.4304,168.59,168.89,4.9,mww,0.00016,0.0292,,600.0,C,True,True,True,False,
us7000pazp,DIDI,KO,,HNE,strong_motion,36.5701,25.628,10.0,37.3767,27.2398,168.95,169.25,4.9,mww,0.00044,0.0721,,316.0,D,True,True,True,False,
us7000pb0b,YKAV,KO,,HNE,strong_motion,36.6886,25.6302,10.0,37.1246,27.2801,154.5,154.82,4.6,mww,0.00023,0.0144,,462.0,C,True,True,True,False,
us7000pb0b,BODT,KO,,HHE,broadband,36.6886,25.6302,10.0,37.0622,27.3103,155.11,155.43,4.6,mww,0.00025,0.0131,,464.0,C,False,True,False,False,
us7000pb0b,DIDI,KO,,HNE,strong_motion,36.6886,25.6302,10.0,37.3767,27.2398,162.07,162.38,4.6,mww,0.0004,0.0267,,316.0,D,True,True,True,False,
us7000pb0b,BODA,KO,,HNE,strong_motion,36.6886,25.6302,10.0,37.0348,27.4304,164.71,165.01,4.6,mww,0.00021,0.024,,600.0,C,True,True,True,False,
us7000pb0e,YKAV,KO,,HNE,strong_motion,36.6164,25.6564,10.0,37.1246,27.2801,155.09,155.41,4.9,mww,0.0005,0.0368,,462.0,C,True,True,True,False,
us7000pb0e,BODT,KO,,HHE,broadband,36.6164,25.6564,10.0,37.0622,27.3103,155.3,155.62,4.9,mww,0.00083,0.0446,,464.0,C,False,True,False,False,
us7000pb0e,DIDI,KO,,HNE,strong_motion,36.6164,25.6564,10.0,37.3767,27.2398,164.07,164.37,4.9,mww,0.00089,0.0539,,316.0,D,True,True,True,False,
us7000pb0e,BODA,KO,,HNE,strong_motion,36.6164,25.6564,10.0,37.0348,27.4304,164.61,164.91,4.9,mww,0.00058,0.033,,600.0,C,True,True,True,False,
us7000pb0j,YKAV,KO,,HNE,strong_motion,36.6377,25.566,10.0,37.1246,27.2801,161.78,162.09,4.5,mb,0.0001,0.0066,,462.0,C,True,True,True,False,
us7000pb0j,BODT,KO,,HHE,broadband,36.6377,25.566,10.0,37.0622,27.3103,162.22,162.53,4.5,mb,0.00012,0.0055,,464.0,C,False,True,False,False,
us7000pb0j,DIDI,KO,,HNE,strong_motion,36.6377,25.566,10.0,37.3767,27.2398,169.83,170.12,4.5,mb,0.00047,0.0158,,316.0,D,True,True,True,False,
us7000pb0j,BODA,KO,,HNE,strong_motion,36.6377,25.566,10.0,37.0348,27.4304,171.69,171.98,4.5,mb,0.00015,0.0082,,600.0,C,True,True,True,False,
us7000pb28,BODT,KO,,HHE,broadband,36.5473,25.6076,10.0,37.0622,27.3103,162.04,162.35,4.7,mww,0.00056,0.0229,,464.0,C,False,True,False,False,
us7000pb28,YKAV,KO,,HNE,strong_motion,36.5473,25.6076,10.0,37.1246,27.2801,162.09,162.4,4.7,mww,0.00049,0.0242,,462.0,C,True,True,True,False,
us7000pb28,BODA,KO,,HNE,strong_motion,36.5473,25.6076,10.0,37.0348,27.4304,171.12,171.41,4.7,mww,0.00026,0.0226,,600.0,C,True,True,True,False,
us7000pb28,DIDI,KO,,HNE,strong_motion,36.5473,25.6076,10.0,37.3767,27.2398,171.86,172.15,4.7,mww,0.00059,0.035,,316.0,D,True,True,True,False,
us7000pb33,BODT,KO,,HHE,broadband,36.5365,25.6279,10.0,37.0622,27.3103,160.8,161.11,4.9,mww,0.00026,0.0113,,464.0,C,False,True,False,False,
us7000pb33,YKAV,KO,,HNE,strong_motion,36.5365,25.6279,10.0,37.1246,27.2801,160.93,161.24,4.9,mww,0.00021,0.0119,,462.0,C,True,True,True,False,
us7000pb33,BODA,KO,,HNE,strong_motion,36.5365,25.6279,10.0,37.0348,27.4304,169.81,170.1,4.9,mww,0.00018,0.0105,,600.0,C,True,True,True,False,
us7000pb33,DIDI,KO,,HNE,strong_motion,36.5365,25.6279,10.0,37.3767,27.2398,171.0,171.29,4.9,mww,0.00033,0.0182,,316.0,D,True,True,True,False,
us7000pb37,YKAV,KO,,HNE,strong_motion,36.6643,25.6754,10.0,37.1246,27.2801,151.6,151.93,4.6,mww,0.0003,0.0174,,462.0,C,True,True,True,False,
us7000pb37,BODT,KO,,HHE,broadband,36.6643,25.6754,10.0,37.0622,27.3103,152.02,152.35,4.6,mww,0.00036,0.0164,,464.0,C,False,True,False,False,
us7000pb37,DIDI,KO,,HNE,strong_motion,36.6643,25.6754,10.0,37.3767,27.2398,159.89,160.2,4.6,mww,0.00044,0.0321,,316.0,D,True,True,True,False,
us7000pb37,BODA,KO,,HNE,strong_motion,36.6643,25.6754,10.0,37.0348,27.4304,161.5,161.81,4.6,mww,0.00024,0.0129,,600.0,C,True,True,True,False,
us7000pb5h,YKAV,KO,,HNE,strong_motion,36.6511,25.6623,10.0,37.1246,27.2801,153.21,153.54,5.0,mww,0.0003,0.0238,,462.0,C,True,True,True,False,
us7000pb5h,BODT,KO,,HHE,broadband,36.6511,25.6623,10.0,37.0622,27.3103,153.58,153.91,5.0,mww,0.00026,0.0183,,464.0,C,False,True,False,False,
us7000pb5h,DIDI,KO,,HNE,strong_motion,36.6511,25.6623,10.0,37.3767,27.2398,161.64,161.95,5.0,mww,0.00056,0.0479,,316.0,D,True,True,True,False,
us7000pb5h,BODA,KO,,HNE,strong_motion,36.6511,25.6623,10.0,37.0348,27.4304,163.02,163.33,5.0,mww,0.00019,0.016,,600.0,C,True,True,True,False,
us7000pb69,YKAV,KO,,HNE,strong_motion,36.5899,25.6465,10.0,37.1246,27.2801,157.03,157.35,4.7,mww,0.00019,0.012,,462.0,C,True,True,True,False,
us7000pb69,BODT,KO,,HHE,broadband,36.5899,25.6465,10.0,37.0622,27.3103,157.12,157.44,4.7,mww,0.00017,0.0092,,464.0,C,False,True,False,False,
us7000pb69,BODA,KO,,HNE,strong_motion,36.5899,25.6465,10.0,37.0348,27.4304,166.33,166.63,4.7,mww,0.00021,0.0081,,600.0,C,True,True,True,False,
us7000pb69,DIDI,KO,,HNE,strong_motion,36.5899,25.6465,10.0,37.3767,27.2398,166.38,166.68,4.7,mww,0.00032,0.018,,316.0,D,True,True,True,False,
us7000pb6g,YKAV,KO,,HNE,strong_motion,36.5853,25.6551,10.0,37.1246,27.2801,156.52,156.84,4.6,mb,0.00026,0.0196,,462.0,C,True,True,True,False,
us7000pb6g,BODT,KO,,HHE,broadband,36.5853,25.6551,10.0,37.0622,27.3103,156.58,156.9,4.6,mb,0.00028,0.016,,464.0,C,False,True,False,False,
us7000pb6g,BODA,KO,,HNE,strong_motion,36.5853,25.6551,10.0,37.0348,27.4304,165.76,166.06,4.6,mb,0.00017,0.0197,,600.0,C,True,True,False,False,has_gaps
us7000pb6g,DIDI,KO,,HNE,strong_motion,36.5853,25.6551,10.0,37.3767,27.2398,166.0,166.3,4.6,mb,0.00036,0.0288,,316.0,D,True,True,True,False,
us7000pb7a,BODT,KO,,HHE,broadband,36.5417,25.6129,10.0,37.0622,27.3103,161.83,162.14,4.6,mb,0.00018,0.0086,,464.0,C,False,True,False,False,
us7000pb7a,YKAV,KO,,HNE,strong_motion,36.5417,25.6129,10.0,37.1246,27.2801,161.91,162.22,4.6,mb,0.00014,0.0261,,462.0,C,True,True,True,False,
us7000pb7a,BODA,KO,,HNE,strong_motion,36.5417,25.6129,10.0,37.0348,27.4304,170.88,171.17,4.6,mb,0.00017,0.0349,,600.0,C,True,True,True,False,
us7000pb7a,DIDI,KO,,HNE,strong_motion,36.5417,25.6129,10.0,37.3767,27.2398,171.8,172.09,4.6,mb,0.00041,0.0181,,316.0,D,True,True,True,False,
us7000pb7d,BODT,KO,,HHE,broadband,36.5729,25.7204,7.822,37.0622,27.3103,151.62,151.82,4.6,mb,0.00072,0.0255,,464.0,C,False,True,False,False,
us7000pb7d,YKAV,KO,,HNE,strong_motion,36.5729,25.7204,7.822,37.1246,27.2801,151.73,151.93,4.6,mb,0.00039,0.0297,,462.0,C,True,True,True,False,
us7000pb7d,BODA,KO,,HNE,strong_motion,36.5729,25.7204,7.822,37.0348,27.4304,160.67,160.86,4.6,mb,0.00033,0.0298,,600.0,C,True,True,True,False,
us7000pb7d,DIDI,KO,,HNE,strong_motion,36.5729,25.7204,7.822,37.3767,27.2398,161.88,162.07,4.6,mb,0.00063,0.0302,,316.0,D,True,True,True,False,
us7000pb7g,YKAV,KO,,HNE,strong_motion,36.6246,25.6672,11.58,37.1246,27.2801,153.86,154.3,4.7,mww,0.0001,0.0277,,462.0,C,True,True,True,False,
us7000pb7g,BODT,KO,,HHE,broadband,36.6246,25.6672,11.58,37.0622,27.3103,154.1,154.53,4.7,mww,0.00015,0.0071,,464.0,C,False,True,False,False,
us7000pb7g,DIDI,KO,,HNE,strong_motion,36.6246,25.6672,11.58,37.3767,27.2398,162.77,163.18,4.7,mww,0.0003,0.0116,,316.0,D,True,True,True,False,
us7000pb7g,BODA,KO,,HNE,strong_motion,36.6246,25.6672,11.58,37.0348,27.4304,163.42,163.83,4.7,mww,0.00016,0.0312,,600.0,C,True,True,True,False,
us7000pb7w,BODT,KO,,HHE,broadband,36.4896,25.5615,11.576,37.0622,27.3103,168.26,168.66,4.6,mww,0.00022,0.0127,,464.0,C,False,True,False,False,
us7000pb7w,YKAV,KO,,HNE,strong_motion,36.4896,25.5615,11.576,37.1246,27.2801,168.51,168.91,4.6,mww,0.00017,0.0164,,462.0,C,True,True,True,False,
us7000pb7w,BODA,KO,,HNE,strong_motion,36.4896,25.5615,11.576,37.0348,27.4304,177.17,177.55,4.6,mww,0.00015,0.0137,,600.0,C,True,True,True,False,
us7000pb7w,DIDI,KO,,HNE,strong_motion,36.4896,25.5615,11.576,37.3767,27.2398,178.83,179.2,4.6,mww,0.00052,0.0241,,316.0,D,True,True,True,False,
us7000pb82,BODT,KO,,HHE,broadband,36.5558,25.6022,13.546,37.0622,27.3103,162.15,162.71,5.3,mww,0.00127,0.0786,,464.0,C,False,True,False,False,
us7000pb82,YKAV,KO,,HNE,strong_motion,36.5558,25.6022,13.546,37.1246,27.2801,162.16,162.72,5.3,mww,0.00102,0.0672,,462.0,C,True,True,True,False,
us7000pb82,BODA,KO,,HNE,strong_motion,36.5558,25.6022,13.546,37.0348,27.4304,171.28,171.81,5.3,mww,0.001,0.0647,,600.0,C,True,True,True,False,
us7000pb82,DIDI,KO,,HNE,strong_motion,36.5558,25.6022,13.546,37.3767,27.2398,171.75,172.28,5.3,mww,0.00212,0.1504,,316.0,D,True,True,True,False,
us7000pba3,YKAV,KO,,HNE,strong_motion,36.6039,25.6079,10.0,37.1246,27.2801,159.63,159.94,4.5,mww,0.00015,0.027,,462.0,C,True,True,True,False,
us7000pba3,BODT,KO,,HHE,broadband,36.6039,25.6079,10.0,37.0622,27.3103,159.85,160.16,4.5,mww,0.00024,0.0116,,464.0,C,False,True,False,False,
us7000pba3,DIDI,KO,,HNE,strong_motion,36.6039,25.6079,10.0,37.3767,27.2398,168.49,168.79,4.5,mww,0.00046,0.0332,,316.0,D,True,True,True,False,
us7000pba3,BODA,KO,,HNE,strong_motion,36.6039,25.6079,10.0,37.0348,27.4304,169.15,169.45,4.5,mww,0.00013,0.0299,,600.0,C,True,True,True,False,
us7000pbba,YKAV,KO,,HNE,strong_motion,36.5665,25.5654,10.0,37.1246,27.2801,164.72,165.02,4.7,mww,0.00012,0.0233,,462.0,C,True,True,True,False,
us7000pbba,BODT,KO,,HHE,broadband,36.5665,25.5654,10.0,37.0622,27.3103,164.82,165.12,4.7,mww,0.00019,0.0091,,464.0,C,False,True,False,False,
us7000pbba,DIDI,KO,,HNE,strong_motion,36.5665,25.5654,10.0,37.3767,27.2398,173.9,174.19,4.7,mww,0.00069,0.0207,,316.0,D,True,True,True,False,
us7000pbba,BODA,KO,,HNE,strong_motion,36.5665,25.5654,10.0,37.0348,27.4304,174.02,174.31,4.7,mww,0.00012,0.0349,,600.0,C,True,True,True,False,
us7000pbig,YKAV,KO,,HNE,strong_motion,36.6007,25.6274,10.0,37.1246,27.2801,158.15,158.47,4.8,mb,0.00032,0.0265,,462.0,C,True,True,True,False,
us7000pbig,BODT,KO,,HHE,broadband,36.6007,25.6274,10.0,37.0622,27.3103,158.32,158.64,4.8,mb,0.00026,0.011,,464.0,C,False,True,False,False,
us7000pbig,DIDI,KO,,HNE,strong_motion,36.6007,25.6274,10.0,37.3767,27.2398,167.19,167.49,4.8,mb,0.00108,0.7142,,316.0,D,True,True,False,False,has_gaps
us7000pbig,BODA,KO,,HNN,strong_motion,36.6007,25.6274,10.0,37.0348,27.4304,167.6,167.9,4.8,mb,0.00013,0.008,,600.0,C,True,True,False,False,has_gaps
us7000pbir,YKAV,KO,,HNE,strong_motion,36.7322,25.5811,10.0,37.1246,27.2801,157.19,157.51,4.7,mww,0.00064,0.0348,,462.0,C,True,True,True,False,
us7000pbir,BODT,KO,,HHE,broadband,36.7322,25.5811,10.0,37.0622,27.3103,158.08,158.4,4.7,mww,0.00062,0.0366,,464.0,C,False,True,False,False,
us7000pbir,DIDI,KO,,HNE,strong_motion,36.7322,25.5811,10.0,37.3767,27.2398,163.71,164.02,4.7,mww,0.00217,0.067,,316.0,D,True,True,True,False,
us7000pbir,BODA,KO,,HNE,strong_motion,36.7322,25.5811,10.0,37.0348,27.4304,167.88,168.18,4.7,mww,0.00041,0.0256,,600.0,C,True,True,True,False,
us7000pbiu,YKAV,KO,,HNE,strong_motion,36.554,25.5345,10.0,37.1246,27.2801,167.8,168.1,4.7,mb,0.00026,0.014,,462.0,C,True,True,True,False,
us7000pbiu,BODT,KO,,HHE,broadband,36.554,25.5345,10.0,37.0622,27.3103,167.89,168.19,4.7,mb,0.0003,0.0198,,464.0,C,False,True,False,False,
us7000pbiu,DIDI,KO,,HNE,strong_motion,36.554,25.5345,10.0,37.3767,27.2398,176.98,177.26,4.7,mb,0.00183,0.0384,,316.0,D,True,True,True,False,
us7000pbiu,BODA,KO,,HNE,strong_motion,36.554,25.5345,10.0,37.0348,27.4304,177.08,177.36,4.7,mb,0.00031,0.0173,,600.0,C,True,True,True,False,
us7000pbj0,YKAV,KO,,HNE,strong_motion,36.6717,25.6831,10.0,37.1246,27.2801,150.67,151.0,4.5,mwr,0.00028,0.0117,,462.0,C,True,True,True,False,
us7000pbj0,BODT,KO,,HHE,broadband,36.6717,25.6831,10.0,37.0622,27.3103,151.12,151.45,4.5,mwr,0.00022,0.0078,,464.0,C,False,True,False,False,
us7000pbj0,DIDI,KO,,HNE,strong_motion,36.6717,25.6831,10.0,37.3767,27.2398,158.88,159.19,4.5,mwr,0.00177,0.0249,,316.0,D,True,True,True,False,
us7000pbj0,BODA,KO,,HNE,strong_motion,36.6717,25.6831,10.0,37.0348,27.4304,160.62,160.93,4.5,mwr,0.00015,0.0146,,600.0,C,True,True,True,False,
us7000pbln,BODT,KO,,HHE,broadband,36.5406,25.6733,10.0,37.0622,27.3103,156.86,157.18,4.8,mww,0.00036,0.0236,,464.0,C,False,True,False,False,
us7000pbln,YKAV,KO,,HNE,strong_motion,36.5406,25.6733,10.0,37.1246,27.2801,157.05,157.37,4.8,mww,0.00032,0.0332,,462.0,C,True,True,True,False,
us7000pbln,BODA,KO,,HNE,strong_motion,36.5406,25.6733,10.0,37.0348,27.4304,165.84,166.14,4.8,mww,0.00026,0.0165,,600.0,C,True,True,True,False,
us7000pbln,DIDI,KO,,HNE,strong_motion,36.5406,25.6733,10.0,37.3767,27.2398,167.38,167.68,4.8,mww,0.00128,0.0827,,316.0,D,True,True,True,False,
us7000pbmp,YKAV,KO,,HNE,strong_motion,36.6148,25.6436,10.0,37.1246,27.2801,156.22,156.54,5.1,mww,0.00061,0.2616,,462.0,C,True,True,False,False,has_gaps
us7000pbmp,BODT,KO,,HHE,broadband,36.6148,25.6436,10.0,37.0622,27.3103,156.44,156.76,5.1,mww,0.00067,0.044,,464.0,C,False,True,False,False,
us7000pbmp,DIDI,KO,,HNE,strong_motion,36.6148,25.6436,10.0,37.3767,27.2398,165.14,165.44,5.1,mww,0.00165,0.0614,,316.0,D,True,True,True,False,
us7000pbmp,BODA,KO,,HNE,strong_motion,36.6148,25.6436,10.0,37.0348,27.4304,165.75,166.05,5.1,mww,0.00051,0.0451,,600.0,C,True,True,True,False,
us7000pbq8,YKAV,KO,,HNE,strong_motion,36.6312,25.6651,10.0,37.1246,27.2801,153.77,154.09,4.5,mb,0.00037,0.0137,,462.0,C,True,True,True,False,
us7000pbq8,BODT,KO,,HHE,broadband,36.6312,25.6651,10.0,37.0622,27.3103,154.04,154.36,4.5,mb,0.00038,0.0176,,464.0,C,False,True,False,False,
us7000pbq8,DIDI,KO,,HNE,strong_motion,36.6312,25.6651,10.0,37.3767,27.2398,162.55,162.86,4.5,mb,0.00086,0.0186,,316.0,D,True,True,True,False,
us7000pbq8,BODA,KO,,HNE,strong_motion,36.6312,25.6651,10.0,37.0348,27.4304,163.39,163.7,4.5,mb,0.00026,0.0392,,600.0,C,True,True,True,False,
us7000pbqh,BODT,KO,,HHE,broadband,36.4859,25.6259,10.0,37.0622,27.3103,163.13,163.44,4.5,mb,0.00022,0.0114,,464.0,C,False,True,False,False,
us7000pbqh,YKAV,KO,,HNE,strong_motion,36.4859,25.6259,10.0,37.1246,27.2801,163.5,163.81,4.5,mb,0.00028,0.0323,,462.0,C,True,True,True,False,
us7000pbqh,BODA,KO,,HNE,strong_motion,36.4859,25.6259,10.0,37.0348,27.4304,171.94,172.23,4.5,mb,0.00012,0.0197,,600.0,C,True,True,True,False,
us7000pbqh,DIDI,KO,,HNE,strong_motion,36.4859,25.6259,10.0,37.3767,27.2398,174.32,174.61,4.5,mb,0.00151,0.0311,,316.0,D,True,True,True,False,
us7000pbqp,YKAV,KO,,HNE,strong_motion,36.6338,25.5307,10.0,37.1246,27.2801,164.89,165.19,4.6,mb,0.00027,0.0093,,462.0,C,True,True,True,False,
us7000pbqp,BODT,KO,,HHE,broadband,36.6338,25.5307,10.0,37.0622,27.3103,165.36,165.66,4.6,mb,0.00027,0.0095,,464.0,C,False,True,False,False,
us7000pbqp,DIDI,KO,,HNE,strong_motion,36.6338,25.5307,10.0,37.3767,27.2398,172.79,173.08,4.6,mb,0.00043,0.0157,,316.0,D,True,True,True,False,
us7000pbqp,BODA,KO,,HNE,strong_motion,36.6338,25.5307,10.0,37.0348,27.4304,174.85,175.14,4.6,mb,0.00014,0.0238,,600.0,C,True,True,True,False,
us7000pbrr,YKAV,KO,,HNE,strong_motion,36.5889,25.5151,10.0,37.1246,27.2801,167.95,168.25,4.7,mb,0.00032,0.0119,,462.0,C,True,True,True,False,
us7000pbrr,BODT,KO,,HHE,broadband,36.5889,25.5151,10.0,37.0622,27.3103,168.23,168.53,4.7,mb,0.00024,0.0113,,464.0,C,False,True,False,False,
us7000pbrr,DIDI,KO,,HNE,strong_motion,36.5889,25.5151,10.0,37.3767,27.2398,176.47,176.75,4.7,mb,0.00231,0.0252,,316.0,D,True,True,True,False,
us7000pbrr,BODA,KO,,HNE,strong_motion,36.5889,25.5151,10.0,37.0348,27.4304,177.57,177.85,4.7,mb,0.00013,0.0306,,600.0,C,True,True,True,False,
us7000pbs6,BODT,KO,,HHE,broadband,36.554,25.638,10.0,37.0622,27.3103,159.24,159.55,4.5,mb,0.00015,0.0054,,464.0,C,False,True,False,False,
us7000pbs6,YKAV,KO,,HNE,strong_motion,36.554,25.638,10.0,37.1246,27.2801,159.31,159.62,4.5,mb,0.00025,0.0248,,462.0,C,True,True,True,False,
us7000pbs6,BODA,KO,,HNE,strong_motion,36.554,25.638,10.0,37.0348,27.4304,168.31,168.61,4.5,mb,0.00012,0.032,,600.0,C,True,True,True,False,
us7000pbs6,DIDI,KO,,HNE,strong_motion,36.554,25.638,10.0,37.3767,27.2398,169.17,169.47,4.5,mb,0.00095,0.0446,,316.0,D,True,True,True,False,
us7000pc23,YKAV,KO,,HNE,strong_motion,36.5924,25.6059,10.0,37.1246,27.2801,160.27,160.58,4.9,mww,0.00026,0.0204,,462.0,C,True,True,True,False,
us7000pc23,BODT,KO,,HHE,broadband,36.5924,25.6059,10.0,37.0622,27.3103,160.44,160.75,4.9,mww,0.00025,0.0189,,464.0,C,False,True,False,False,
us7000pc23,DIDI,KO,,HNE,strong_motion,36.5924,25.6059,10.0,37.3767,27.2398,169.31,169.61,4.9,mww,0.00083,0.0746,,316.0,D,True,True,True,False,
us7000pc23,BODA,KO,,HNE,strong_motion,36.5924,25.6059,10.0,37.0348,27.4304,169.7,169.99,4.9,mww,0.00018,0.0143,,600.0,C,True,True,True,False,
us7000pc4s,YKAV,KO,,HNE,strong_motion,36.6165,25.6204,10.0,37.1246,27.2801,158.08,158.4,4.6,mb,0.00037,0.0146,,462.0,C,True,True,True,False,
us7000pc4s,BODT,KO,,HHE,broadband,36.6165,25.6204,10.0,37.0622,27.3103,158.34,158.66,4.6,mb,0.0005,0.0199,,464.0,C,False,True,False,False,
us7000pc4s,DIDI,KO,,HNE,strong_motion,36.6165,25.6204,10.0,37.3767,27.2398,166.81,167.11,4.6,mb,0.00087,0.0419,,316.0,D,True,True,True,False,
us7000pc4s,BODA,KO,,HNE,strong_motion,36.6165,25.6204,10.0,37.0348,27.4304,167.68,167.98,4.6,mb,0.0003,0.0177,,600.0,C,True,True,True,False,
us7000pc8g,YKAV,KO,,HNE,strong_motion,36.5956,25.6859,10.0,37.1246,27.2801,153.54,153.87,4.6,mww,0.00046,0.0254,,462.0,C,True,True,True,False,
us7000pc8g,BODT,KO,,HHE,broadband,36.5956,25.6859,10.0,37.0622,27.3103,153.6,153.93,4.6,mww,0.0008,0.0313,,464.0,C,False,True,False,False,has_gaps
us7000pc8g,BODA,KO,,HNE,strong_motion,36.5956,25.6859,10.0,37.0348,27.4304,162.79,163.1,4.6,mww,0.0006,0.028,,600.0,C,True,True,True,False,
us7000pc8g,DIDI,KO,,HNE,strong_motion,36.5956,25.6859,10.0,37.3767,27.2398,163.07,163.38,4.6,mww,0.00085,0.0442,,316.0,D,True,True,True,False,
us7000pcac,YKAV,KO,,HNE,strong_motion,36.5766,25.606,10.0,37.1246,27.2801,160.94,161.25,4.8,mb,0.00015,0.0222,,462.0,C,True,True,True,False,
us7000pcac,BODT,KO,,HHE,broadband,36.5766,25.606,10.0,37.0622,27.3103,161.03,161.34,4.8,mb,0.00021,0.0074,,464.0,C,False,True,False,False,
us7000pcac,BODA,KO,,HNE,strong_motion,36.5766,25.606,10.0,37.0348,27.4304,170.23,170.52,4.8,mb,0.00012,0.0131,,600.0,C,True,True,True,False,
us7000pcac,DIDI,KO,,HNE,strong_motion,36.5766,25.606,10.0,37.3767,27.2398,170.23,170.52,4.8,mb,0.00279,0.0466,,316.0,D,True,True,True,False,
us7000pcah,YKAV,KO,,HNE,strong_motion,36.5839,25.614,10.0,37.1246,27.2801,159.97,160.28,4.9,mww,0.0002,0.0264,,462.0,C,True,True,True,False,
us7000pcah,BODT,KO,,HHE,broadband,36.5839,25.614,10.0,37.0622,27.3103,160.08,160.39,4.9,mww,0.0003,0.0212,,464.0,C,False,True,False,False,
us7000pcah,DIDI,KO,,HNE,strong_motion,36.5839,25.614,10.0,37.3767,27.2398,169.19,169.49,4.9,mww,0.00204,0.062,,316.0,D,True,True,True,False,
us7000pcah,BODA,KO,,HNE,strong_motion,36.5839,25.614,10.0,37.0348,27.4304,169.3,169.6,4.9,mww,0.00018,0.013,,600.0,C,True,True,True,False,
us7000pcan,YKAV,KO,,HNE,strong_motion,36.5971,25.572,10.0,37.1246,27.2801,162.89,163.2,4.5,mb,0.00012,0.0254,,462.0,C,True,True,True,False,
us7000pcan,BODT,KO,,HHE,broadband,36.5971,25.572,10.0,37.0622,27.3103,163.13,163.44,4.5,mb,7e-05,0.0035,,464.0,C,False,True,False,False,
us7000pcan,DIDI,KO,,HNE,strong_motion,36.5971,25.572,10.0,37.3767,27.2398,171.63,171.92,4.5,mb,0.00206,0.0673,,316.0,D,True,True,True,False,
us7000pcan,BODA,KO,,HNE,strong_motion,36.5971,25.572,10.0,37.0348,27.4304,172.44,172.73,4.5,mb,0.0001,0.0168,,600.0,C,True,True,True,False,
us7000pcau,BODT,KO,,HHE,broadband,36.5093,25.534,10.0,37.0622,27.3103,169.71,170.0,4.6,mb,0.00015,0.0067,,464.0,C,False,True,False,False,
us7000pcau,YKAV,KO,,HNE,strong_motion,36.5093,25.534,10.0,37.1246,27.2801,169.82,170.11,4.6,mb,9e-05,0.0226,,462.0,C,True,True,True,False,
us7000pcau,BODA,KO,,HNE,strong_motion,36.5093,25.534,10.0,37.0348,27.4304,178.73,179.01,4.6,mb,0.00012,0.0116,,600.0,C,True,True,True,False,
us7000pcau,DIDI,KO,,HNE,strong_motion,36.5093,25.534,10.0,37.3767,27.2398,179.67,179.95,4.6,mb,0.00174,0.0542,,316.0,D,True,True,True,False,
us7000pce5,BODT,KO,,HHE,broadband,36.4503,25.4819,10.0,37.0622,27.3103,176.52,176.8,4.5,mb,6e-05,0.0027,,464.0,C,False,True,False,False,
us7000pce5,YKAV,KO,,HNE,strong_motion,36.4503,25.4819,10.0,37.1246,27.2801,176.81,177.09,4.5,mb,5e-05,0.0096,,462.0,C,True,True,True,False,
us7000pce5,BODA,KO,,HNE,strong_motion,36.4503,25.4819,10.0,37.0348,27.4304,185.38,185.65,4.5,mb,0.0001,0.0126,,600.0,C,True,True,True,False,
us7000pce5,DIDI,KO,,HNE,strong_motion,36.4503,25.4819,10.0,37.3767,27.2398,187.18,187.45,4.5,mb,0.00149,0.0174,,316.0,D,True,True,True,False,
us7000pchj,BODT,KO,,HHE,broadband,36.5367,25.6531,10.0,37.0622,27.3103,158.7,159.01,4.5,mb,0.00017,0.0112,,464.0,C,False,True,False,False,
us7000pchj,YKAV,KO,,HNE,strong_motion,36.5367,25.6531,10.0,37.1246,27.2801,158.87,159.18,4.5,mb,0.0002,0.0069,,462.0,C,True,True,True,False,
us7000pchj,BODA,KO,,HNE,strong_motion,36.5367,25.6531,10.0,37.0348,27.4304,167.68,167.98,4.5,mb,0.00014,0.0081,,600.0,C,True,True,True,False,
us7000pchj,DIDI,KO,,HNE,strong_motion,36.5367,25.6531,10.0,37.3767,27.2398,169.11,169.41,4.5,mb,0.00132,0.0488,,316.0,D,True,True,True,False,
us7000pcid,BODT,KO,,HHE,broadband,36.5231,25.5964,10.0,37.0622,27.3103,163.96,164.26,4.7,mb,0.00014,0.0066,,464.0,C,False,True,False,False,
us7000pcid,YKAV,KO,,HNE,strong_motion,36.5231,25.5964,10.0,37.1246,27.2801,164.11,164.41,4.7,mb,0.00014,0.0108,,462.0,C,True,True,True,False,
us7000pcid,BODA,KO,,HNE,strong_motion,36.5231,25.5964,10.0,37.0348,27.4304,172.96,173.25,4.7,mb,0.00012,0.0302,,600.0,C,True,True,True,False,
us7000pcid,DIDI,KO,,HNE,strong_motion,36.5231,25.5964,10.0,37.3767,27.2398,174.17,174.46,4.7,mb,0.00046,0.0172,,316.0,D,True,True,True,False,
us7000pcih,YKAV,KO,,HNE,strong_motion,36.6626,25.6271,10.0,37.1246,27.2801,155.71,156.03,5.2,mww,0.00087,0.0478,,462.0,C,True,True,True,False,
us7000pcih,BODT,KO,,HHE,broadband,36.6626,25.6271,10.0,37.0622,27.3103,156.2,156.52,5.2,mww,0.00116,0.056,,464.0,C,False,True,False,False,
us7000pcih,DIDI,KO,,HNE,strong_motion,36.6626,25.6271,10.0,37.3767,27.2398,163.72,164.03,5.2,mww,0.00169,0.0962,,316.0,D,True,True,True,False,
us7000pcih,BODA,KO,,HNE,strong_motion,36.6626,25.6271,10.0,37.0348,27.4304,165.71,166.01,5.2,mww,0.00103,0.0501,,600.0,C,True,True,True,False,
us7000pcij,BODT,KO,,HHE,broadband,36.5049,25.4898,10.0,37.0622,27.3103,173.56,173.85,4.6,mb,0.00018,0.0094,,464.0,C,False,True,False,False,
us7000pcij,YKAV,KO,,HNE,strong_motion,36.5049,25.4898,10.0,37.1246,27.2801,173.63,173.92,4.6,mb,0.00014,0.008,,462.0,C,True,True,True,False,
us7000pcij,BODA,KO,,HNZ,strong_motion,36.5049,25.4898,10.0,37.0348,27.4304,182.62,182.89,4.6,mb,0.00015,0.0319,,600.0,C,True,True,False,False,has_gaps
us7000pcij,DIDI,KO,,HNE,strong_motion,36.5049,25.4898,10.0,37.3767,27.2398,183.26,183.53,4.6,mb,0.00052,0.028,,316.0,D,True,True,True,False,
us7000pcil,BODT,KO,,HHE,broadband,36.4741,25.5152,10.0,37.0622,27.3103,172.75,173.04,4.7,mb,0.00018,0.0094,,464.0,C,False,True,False,False,
us7000pcil,YKAV,KO,,HNE,strong_motion,36.4741,25.5152,10.0,37.1246,27.2801,172.99,173.28,4.7,mb,0.00014,0.0078,,462.0,C,True,True,True,False,
us7000pcil,BODA,KO,,HNZ,strong_motion,36.4741,25.5152,10.0,37.0348,27.4304,181.66,181.94,4.7,mb,0.00015,0.0342,,600.0,C,True,True,False,False,has_gaps
us7000pcil,DIDI,KO,,HNE,strong_motion,36.4741,25.5152,10.0,37.3767,27.2398,183.23,183.5,4.7,mb,0.00052,0.0279,,316.0,D,True,True,True,False,
us7000pcmg,YKAV,KO,,HNE,strong_motion,36.7163,25.7463,10.0,37.1246,27.2801,143.71,144.06,4.7,mww,0.00087,0.0447,,462.0,C,True,True,True,False,
us7000pcmg,BODT,KO,,HHE,broadband,36.7163,25.7463,10.0,37.0622,27.3103,144.31,144.66,4.7,mww,0.0013,0.0681,,464.0,C,False,True,False,False,
us7000pcmg,DIDI,KO,,HNE,strong_motion,36.7163,25.7463,10.0,37.3767,27.2398,151.53,151.86,4.7,mww,0.0013,0.0978,,316.0,D,True,True,True,False,
us7000pcmg,BODA,KO,,HNE,strong_motion,36.7163,25.7463,10.0,37.0348,27.4304,153.93,154.25,4.7,mww,0.00079,0.038,,600.0,C,True,True,True,False,
us7000pcr3,YKAV,KO,,HNE,strong_motion,36.6898,25.6536,10.0,37.1246,27.2801,152.48,152.81,5.3,mww,0.00054,0.048,,462.0,C,True,True,True,False,
us7000pcr3,BODT,KO,,HHE,broadband,36.6898,25.6536,10.0,37.0622,27.3103,153.07,153.4,5.3,mww,0.00098,0.0561,,464.0,C,False,True,False,False,
us7000pcr3,DIDI,KO,,HNE,strong_motion,36.6898,25.6536,10.0,37.3767,27.2398,160.18,160.49,5.3,mww,0.00175,0.1096,,316.0,D,True,True,True,False,
us7000pcr3,BODA,KO,,HNE,strong_motion,36.6898,25.6536,10.0,37.0348,27.4304,162.66,162.97,5.3,mww,0.00051,0.0403,,600.0,C,True,True,True,False,
us7000pcs7,YKAV,KO,,HNE,strong_motion,36.6244,25.6258,10.0,37.1246,27.2801,157.31,157.63,5.1,mww,0.00062,0.0379,,462.0,C,True,True,True,False,
us7000pcs7,BODT,KO,,HHE,broadband,36.6244,25.6258,10.0,37.0622,27.3103,157.6,157.92,5.1,mww,0.00106,0.0542,,464.0,C,False,True,False,False,
us7000pcs7,DIDI,KO,,HNE,strong_motion,36.6244,25.6258,10.0,37.3767,27.2398,165.95,166.25,5.1,mww,0.00117,0.079,,316.0,D,True,True,True,False,
us7000pcs7,BODA,KO,,HNE,strong_motion,36.6244,25.6258,10.0,37.0348,27.4304,166.97,167.27,5.1,mww,0.00076,0.0391,,600.0,C,True,True,True,False,
us7000pctn,YKAV,KO,,HNE,strong_motion,36.6032,25.7274,10.0,37.1246,27.2801,149.8,150.13,4.5,mb,0.00027,0.0159,,462.0,C,True,True,True,False,
us7000pctn,BODT,KO,,HHE,broadband,36.6032,25.7274,10.0,37.0622,27.3103,149.83,150.16,4.5,mb,0.00044,0.0161,,464.0,C,False,True,False,False,
us7000pctn,BODA,KO,,HNE,strong_motion,36.6032,25.7274,10.0,37.0348,27.4304,159.01,159.32,4.5,mb,0.00023,0.0232,,600.0,C,True,True,True,False,
us7000pctn,DIDI,KO,,HNE,strong_motion,36.6032,25.7274,10.0,37.3767,27.2398,159.5,159.81,4.5,mb,0.00096,0.0189,,316.0,D,True,True,True,False,
us7000pcu0,YKAV,KO,,HNE,strong_motion,36.6691,25.809,10.0,37.1246,27.2801,140.28,140.64,4.7,mww,0.00049,0.0324,,462.0,C,True,True,True,False,
us7000pcu0,BODT,KO,,HHE,broadband,36.6691,25.809,10.0,37.0622,27.3103,140.53,140.89,4.7,mww,0.00103,0.0413,,464.0,C,False,True,False,False,
us7000pcu0,DIDI,KO,,HNE,strong_motion,36.6691,25.809,10.0,37.3767,27.2398,149.41,149.74,4.7,mww,0.0011,0.0606,,316.0,D,True,True,True,False,
us7000pcu0,BODA,KO,,HNE,strong_motion,36.6691,25.809,10.0,37.0348,27.4304,149.89,150.22,4.7,mww,0.00063,0.0295,,600.0,C,True,True,True,False,
us7000pcu8,YKAV,KO,,HNE,strong_motion,36.7071,25.7677,10.0,37.1246,27.2801,142.24,142.59,4.9,mb,0.00023,0.0272,,462.0,C,True,True,True,False,
us7000pcu8,BODT,KO,,HHE,broadband,36.7071,25.7677,10.0,37.0622,27.3103,142.76,143.11,4.9,mb,0.00044,0.0198,,464.0,C,False,True,False,False,
us7000pcu8,DIDI,KO,,HNE,strong_motion,36.7071,25.7677,10.0,37.3767,27.2398,150.38,150.71,4.9,mb,0.00097,0.0412,,316.0,D,True,True,True,False,
us7000pcu8,BODA,KO,,HNE,strong_motion,36.7071,25.7677,10.0,37.0348,27.4304,152.33,152.66,4.9,mb,0.00019,0.023,,600.0,C,True,True,True,False,
us7000pcuc,YKAV,KO,,HNE,strong_motion,36.7266,25.6978,10.0,37.1246,27.2801,147.45,147.79,4.7,mww,0.00032,0.0225,,462.0,C,True,True,True,False,
us7000pcuc,BODT,KO,,HHE,broadband,36.7266,25.6978,10.0,37.0622,27.3103,148.17,148.51,4.7,mww,0.00051,0.0197,,464.0,C,False,True,False,False,
us7000pcuc,DIDI,KO,,HNE,strong_motion,36.7266,25.6978,10.0,37.3767,27.2398,154.76,155.08,4.7,mww,0.001,0.0659,,316.0,D,True,True,True,False,
us7000pcuc,BODA,KO,,HNE,strong_motion,36.7266,25.6978,10.0,37.0348,27.4304,157.87,158.19,4.7,mww,0.00026,0.0632,,600.0,C,True,True,True,False,
us7000pcv7,YKAV,KO,,HNE,strong_motion,36.6508,25.7853,10.0,37.1246,27.2801,143.0,143.35,4.9,mww,0.00029,0.0236,,462.0,C,True,True,True,False,
us7000pcv7,BODT,KO,,HHE,broadband,36.6508,25.7853,10.0,37.0622,27.3103,143.18,143.53,4.9,mww,0.00066,0.0377,,464.0,C,False,True,False,False,
us7000pcv7,DIDI,KO,,HNE,strong_motion,36.6508,25.7853,10.0,37.3767,27.2398,152.29,152.62,4.9,mww,0.00085,0.0489,,316.0,D,True,True,True,False,
us7000pcv7,BODA,KO,,HNZ,strong_motion,36.6508,25.7853,10.0,37.0348,27.4304,152.49,152.82,4.9,mww,0.0004,0.0261,,600.0,C,True,True,False,False,has_gaps
us7000pcvr,YKAV,KO,,HNE,strong_motion,36.7147,25.7426,10.0,37.1246,27.2801,144.08,144.43,4.6,mb,0.00018,0.0101,,462.0,C,True,True,True,False,
us7000pcvr,BODT,KO,,HHE,broadband,36.7147,25.7426,10.0,37.0622,27.3103,144.68,145.03,4.6,mb,0.00028,0.0112,,464.0,C,False,True,False,False,
us7000pcvr,DIDI,KO,,HNE,strong_motion,36.7147,25.7426,10.0,37.3767,27.2398,151.9,152.23,4.6,mb,0.00086,0.0373,,316.0,D,True,True,True,False,
us7000pcvr,BODA,KO,,HNE,strong_motion,36.7147,25.7426,10.0,37.0348,27.4304,154.29,154.61,4.6,mb,0.00014,0.0214,,600.0,C,True,True,False,False,has_gaps
us7000pcwn,YKAV,KO,,HNE,strong_motion,36.6234,25.7885,10.0,37.1246,27.2801,143.91,144.26,4.5,mb,0.00016,0.0103,,462.0,C,True,True,True,False,
us7000pcwn,BODT,KO,,HHE,broadband,36.6234,25.7885,10.0,37.0622,27.3103,143.94,144.29,4.5,mb,0.00019,0.0314,,464.0,C,False,True,False,False,has_gaps
us7000pcwn,BODA,KO,,HNE,strong_motion,36.6234,25.7885,10.0,37.0348,27.4304,153.12,153.45,4.5,mb,0.00015,0.0241,,600.0,C,True,True,True,False,
us7000pcwn,DIDI,KO,,HNE,strong_motion,36.6234,25.7885,10.0,37.3767,27.2398,153.71,154.03,4.5,mb,0.00038,0.0309,,316.0,D,True,True,True,False,
us7000pcww,YKAV,KO,,HNE,strong_motion,36.5653,25.5865,10.0,37.1246,27.2801,163.03,163.34,4.5,mb,8e-05,0.0072,,462.0,C,True,True,True,False,
us7000pcww,BODT,KO,,HHE,broadband,36.5653,25.5865,10.0,37.0622,27.3103,163.1,163.41,4.5,mb,6e-05,0.0024,,464.0,C,False,True,False,False,
us7000pcww,BODA,KO,,HNE,strong_motion,36.5653,25.5865,10.0,37.0348,27.4304,172.27,172.56,4.5,mb,0.0002,0.0181,,600.0,C,True,True,True,False,
us7000pcww,DIDI,KO,,HNE,strong_motion,36.5653,25.5865,10.0,37.3767,27.2398,172.37,172.66,4.5,mb,0.00041,0.0138,,316.0,D,True,True,True,False,
us7000pcx4,BODT,KO,,HHE,broadband,36.2377,25.6352,10.0,37.0622,27.3103,175.32,175.6,4.5,mb,8e-05,0.004,,464.0,C,False,True,False,False,
us7000pcx4,YKAV,KO,,HNE,strong_motion,36.2377,25.6352,10.0,37.1246,27.2801,176.75,177.03,4.5,mb,7e-05,0.0354,,462.0,C,True,True,True,False,
us7000pcx4,DAT,KO,,HHE,broadband,36.2377,25.6352,10.0,36.7308,27.5767,182.03,182.3,4.5,mb,2e-05,0.0011,,789.0,B,False,True,False,False,clipping_şüphesi
us7000pcx4,BODA,KO,,HNE,strong_motion,36.2377,25.6352,10.0,37.0348,27.4304,183.06,183.33,4.5,mb,0.00027,0.0343,,600.0,C,True,True,True,False,
us7000pd1i,YKAV,KO,,HNE,strong_motion,36.5549,25.5084,10.0,37.1246,27.2801,169.91,170.2,5.1,mww,0.00022,0.0196,,462.0,C,True,True,True,False,
us7000pd1i,BODT,KO,,HHE,broadband,36.5549,25.5084,10.0,37.0622,27.3103,170.04,170.33,5.1,mww,0.00038,0.0246,,464.0,C,False,True,False,False,has_gaps
us7000pd1i,DIDI,KO,,HNE,strong_motion,36.5549,25.5084,10.0,37.3767,27.2398,178.92,179.2,5.1,mww,0.00057,0.2269,,316.0,D,True,True,False,False,has_gaps
us7000pd1i,BODA,KO,,HNE,strong_motion,36.5549,25.5084,10.0,37.0348,27.4304,179.26,179.54,5.1,mww,0.00021,0.0147,,600.0,C,True,True,True,False,
us7000pd1u,BODT,KO,,HHE,broadband,36.507,25.5971,10.0,37.0622,27.3103,164.58,164.88,4.5,mb,8e-05,0.0046,,464.0,C,False,True,False,False,
us7000pd1u,YKAV,KO,,HNE,strong_motion,36.507,25.5971,10.0,37.1246,27.2801,164.8,165.1,4.5,mb,0.00014,0.0184,,462.0,C,True,True,True,False,
us7000pd1u,BODA,KO,,HNE,strong_motion,36.507,25.5971,10.0,37.0348,27.4304,173.52,173.81,4.5,mb,6e-05,0.0171,,600.0,C,True,True,True,False,
us7000pd1u,DIDI,KO,,HNE,strong_motion,36.507,25.5971,10.0,37.3767,27.2398,175.11,175.4,4.5,mb,0.00047,0.0084,,316.0,D,True,True,True,False,
us7000pd2t,YKAV,KO,,HNE,strong_motion,36.5749,25.5832,10.0,37.1246,27.2801,162.89,163.2,4.8,mww,0.00015,0.0173,,462.0,C,True,True,True,False,
us7000pd2t,BODT,KO,,HHE,broadband,36.5749,25.5832,10.0,37.0622,27.3103,163.01,163.32,4.8,mww,0.00019,0.0146,,464.0,C,False,True,False,False,
us7000pd2t,DIDI,KO,,HNE,strong_motion,36.5749,25.5832,10.0,37.3767,27.2398,172.06,172.35,4.8,mww,0.00094,0.0392,,316.0,D,True,True,True,False,
us7000pd2t,BODA,KO,,HNE,strong_motion,36.5749,25.5832,10.0,37.0348,27.4304,172.22,172.51,4.8,mww,0.0002,0.0209,,600.0,C,True,True,True,False,
us7000pd30,YKAV,KO,,HNE,strong_motion,36.5864,25.5445,10.0,37.1246,27.2801,165.61,165.91,4.8,mww,0.00024,0.0287,,462.0,C,True,True,True,False,
us7000pd30,BODT,KO,,HHE,broadband,36.5864,25.5445,10.0,37.0622,27.3103,165.83,166.13,4.8,mww,0.00034,0.0275,,464.0,C,False,True,False,False,
us7000pd30,DIDI,KO,,HNE,strong_motion,36.5864,25.5445,10.0,37.3767,27.2398,174.35,174.64,4.8,mww,0.00114,0.0706,,316.0,D,True,True,True,False,
us7000pd30,BODA,KO,,HNE,strong_motion,36.5864,25.5445,10.0,37.0348,27.4304,175.14,175.43,4.8,mww,0.00016,0.0298,,600.0,C,True,True,True,False,
us7000pd31,BODT,KO,,HHE,broadband,36.4127,25.5886,10.0,37.0622,27.3103,169.57,169.86,4.7,mb,0.0002,0.0095,,464.0,C,False,True,False,False,
us7000pd31,YKAV,KO,,HNE,strong_motion,36.4127,25.5886,10.0,37.1246,27.2801,170.19,170.48,4.7,mb,0.00012,0.0294,,462.0,C,True,True,True,False,
us7000pd31,BODA,KO,,HNZ,strong_motion,36.4127,25.5886,10.0,37.0348,27.4304,178.13,178.41,4.7,mb,0.00017,0.0329,,600.0,C,True,True,False,False,has_gaps
us7000pd31,DAT,KO,,HHE,broadband,36.4127,25.5886,10.0,36.7308,27.5767,181.03,181.31,4.7,mb,5e-05,0.005,,789.0,B,False,True,False,False,clipping_şüphesi
us7000pd6f,BODT,KO,,HHE,broadband,36.4771,25.7281,10.0,37.0622,27.3103,155.22,155.54,4.5,mb,0.00011,0.0057,,464.0,C,False,True,False,False,has_gaps
us7000pd6f,YKAV,KO,,HNE,strong_motion,36.4771,25.7281,10.0,37.1246,27.2801,155.81,156.13,4.5,mb,0.00011,0.0232,,462.0,C,True,True,True,False,
us7000pd6f,BODA,KO,,HNE,strong_motion,36.4771,25.7281,10.0,37.0348,27.4304,163.84,164.14,4.5,mb,0.00017,0.0168,,600.0,C,True,True,True,False,
us7000pd6f,DAT,KO,,HHE,broadband,36.4771,25.7281,10.0,36.7308,27.5767,167.41,167.71,4.5,mb,4e-05,0.0021,,789.0,B,False,True,False,False,clipping_şüphesi
us7000pd76,BODT,KO,,HHE,broadband,36.5433,25.7047,10.0,37.0622,27.3103,154.16,154.48,4.5,mb,0.00011,0.0054,,464.0,C,False,True,False,False,has_gaps
us7000pd76,YKAV,KO,,HNE,strong_motion,36.5433,25.7047,10.0,37.1246,27.2801,154.39,154.71,4.5,mb,0.00011,0.0202,,462.0,C,True,True,True,False,
us7000pd76,BODA,KO,,HNZ,strong_motion,36.5433,25.7047,10.0,37.0348,27.4304,163.1,163.41,4.5,mb,0.00017,0.0205,,600.0,C,True,True,False,False,has_gaps
us7000pd76,DIDI,KO,,HNE,strong_motion,36.5433,25.7047,10.0,37.3767,27.2398,164.89,165.19,4.5,mb,0.00066,0.0167,,316.0,D,True,True,True,False,
us7000pd7j,YKAV,KO,,HNE,strong_motion,36.5507,25.5226,10.0,37.1246,27.2801,168.92,169.22,4.6,mww,0.0002,0.0099,,462.0,C,True,True,True,False,
us7000pd7j,BODT,KO,,HHE,broadband,36.5507,25.5226,10.0,37.0622,27.3103,169.01,169.31,4.6,mww,0.00012,0.0067,,464.0,C,False,True,False,False,
us7000pd7j,DIDI,KO,,HNE,strong_motion,36.5507,25.5226,10.0,37.3767,27.2398,178.08,178.36,4.6,mww,0.00053,0.0225,,316.0,D,True,True,True,False,
us7000pd7j,BODA,KO,,HNE,strong_motion,36.5507,25.5226,10.0,37.0348,27.4304,178.2,178.48,4.6,mww,0.00014,0.0462,,600.0,C,True,True,True,False,
us7000pde0,YKAV,KO,,HNE,strong_motion,36.5453,25.5581,10.0,37.1246,27.2801,166.24,166.54,4.5,mb,6e-05,0.0062,,462.0,C,True,True,True,False,
us7000pde0,BODT,KO,,HHE,broadband,36.5453,25.5581,10.0,37.0622,27.3103,166.25,166.55,4.5,mb,8e-05,0.0058,,464.0,C,False,True,False,False,
us7000pde0,BODA,KO,,HNE,strong_motion,36.5453,25.5581,10.0,37.0348,27.4304,175.38,175.66,4.5,mb,0.00013,0.0228,,600.0,C,True,True,True,False,
us7000pde0,DIDI,KO,,HNE,strong_motion,36.5453,25.5581,10.0,37.3767,27.2398,175.7,175.98,4.5,mb,0.00052,0.0582,,316.0,D,True,True,True,False,
us7000pdf3,BODT,KO,,HHE,broadband,36.5331,25.7297,10.0,37.0622,27.3103,152.54,152.87,4.5,mb,0.00019,0.0075,,464.0,C,False,True,False,False,
us7000pdf3,YKAV,KO,,HNE,strong_motion,36.5331,25.7297,10.0,37.1246,27.2801,152.86,153.19,4.5,mb,0.00026,0.0129,,462.0,C,True,True,True,False,
us7000pdf3,BODA,KO,,HNE,strong_motion,36.5331,25.7297,10.0,37.0348,27.4304,161.4,161.71,4.5,mb,0.00021,0.0087,,600.0,C,True,True,True,False,
us7000pdf3,DIDI,KO,,HNE,strong_motion,36.5331,25.7297,10.0,37.3767,27.2398,163.72,164.03,4.5,mb,0.00175,0.0237,,316.0,D,True,True,True,False,
us7000pdfj,BODT,KO,,HHE,broadband,36.3957,25.5448,10.0,37.0622,27.3103,173.92,174.21,4.6,mb,0.00029,0.0116,,464.0,C,False,True,False,False,
us7000pdfj,YKAV,KO,,HNE,strong_motion,36.3957,25.5448,10.0,37.1246,27.2801,174.54,174.83,4.6,mb,0.00028,0.0086,,462.0,C,True,True,True,False,
us7000pdfj,BODA,KO,,HNE,strong_motion,36.3957,25.5448,10.0,37.0348,27.4304,182.48,182.75,4.6,mb,0.0002,0.0124,,600.0,C,True,True,True,False,
us7000pdfj,DAT,KO,,HHE,broadband,36.3957,25.5448,10.0,36.7308,27.5767,185.25,185.52,4.6,mb,6e-05,0.004,,789.0,B,False,True,False,False,clipping_şüphesi
us7000pdft,YKAV,KO,,HNE,strong_motion,36.6906,25.653,10.0,37.1246,27.2801,152.5,152.83,4.8,mb,0.00063,0.0334,,462.0,C,True,True,True,False,
us7000pdft,BODT,KO,,HHE,broadband,36.6906,25.653,10.0,37.0622,27.3103,153.09,153.42,4.8,mb,0.00062,0.0357,,464.0,C,False,True,False,False,
us7000pdft,DIDI,KO,,HNE,strong_motion,36.6906,25.653,10.0,37.3767,27.2398,160.18,160.49,4.8,mb,0.00206,0.0659,,316.0,D,True,True,True,False,
us7000pdft,BODA,KO,,HNE,strong_motion,36.6906,25.653,10.0,37.0348,27.4304,162.69,163.0,4.8,mb,0.00041,0.0256,,600.0,C,True,True,True,False,
us7000pdgq,YKAV,KO,,HNE,strong_motion,36.6477,25.6137,10.0,37.1246,27.2801,157.4,157.72,4.6,mb,0.00064,0.0342,,462.0,C,True,True,True,False,
us7000pdgq,BODT,KO,,HHE,broadband,36.6477,25.6137,10.0,37.0622,27.3103,157.83,158.15,4.6,mb,0.00062,0.0365,,464.0,C,False,True,False,False,
us7000pdgq,DIDI,KO,,HNE,strong_motion,36.6477,25.6137,10.0,37.3767,27.2398,165.58,165.88,4.6,mb,0.00206,0.0664,,316.0,D,True,True,True,False,
us7000pdgq,BODA,KO,,HNE,strong_motion,36.6477,25.6137,10.0,37.0348,27.4304,167.3,167.6,4.6,mb,0.00041,0.0252,,600.0,C,True,True,True,False,
us7000pdlv,BODT,KO,,HHE,broadband,36.3625,25.6068,10.0,37.0622,27.3103,170.62,170.91,4.5,mb,0.00038,0.0131,,464.0,C,False,True,False,False,
us7000pdlv,YKAV,KO,,HNE,strong_motion,36.3625,25.6068,10.0,37.1246,27.2801,171.49,171.78,4.5,mb,0.00028,0.0385,,462.0,C,True,True,True,False,
us7000pdlv,BODA,KO,,HNE,strong_motion,36.3625,25.6068,10.0,37.0348,27.4304,178.94,179.22,4.5,mb,0.00015,0.019,,600.0,C,True,True,True,False,
us7000pdlv,DAT,KO,,HHE,broadband,36.3625,25.6068,10.0,36.7308,27.5767,180.67,180.95,4.5,mb,7e-05,0.0059,,789.0,B,False,True,False,False,clipping_şüphesi
us7000pdr4,YKAV,KO,,HNE,strong_motion,36.7113,25.6427,10.0,37.1246,27.2801,152.64,152.97,4.6,mb,0.00037,0.0145,,462.0,C,True,True,True,False,
us7000pdr4,BODT,KO,,HHE,broadband,36.7113,25.6427,10.0,37.0622,27.3103,153.35,153.68,4.6,mb,0.0005,0.0198,,464.0,C,False,True,False,False,
us7000pdr4,DIDI,KO,,HNE,strong_motion,36.7113,25.6427,10.0,37.3767,27.2398,159.89,160.2,4.6,mb,0.00076,0.0381,,316.0,D,True,True,True,False,
us7000pdr4,BODA,KO,,HNE,strong_motion,36.7113,25.6427,10.0,37.0348,27.4304,163.03,163.34,4.6,mb,0.0003,0.0193,,600.0,C,True,True,True,False,
us7000pe15,YEDI,KO,,HHE,broadband,39.3636,40.7291,20.99,39.4377,40.5443,17.89,27.58,4.7,mww,0.05769,1.2763,,833.0,B,False,True,False,False,
us7000pe15,KARO,KO,,HHE,broadband,39.3636,40.7291,20.99,39.3089,41.0493,28.2,35.15,4.7,mww,0.00592,0.3631,14.87,548.0,C,False,True,False,True,
us7000pe15,BNGB,KO,,HHE,broadband,39.3636,40.7291,20.99,38.9913,40.6792,41.62,46.61,4.7,mww,0.00248,0.0976,21.55,603.0,C,False,True,False,True,
us7000pe15,VRTB,KO,,HHE,broadband,39.3636,40.7291,20.99,39.1603,41.4558,66.52,69.75,4.7,mww,0.00031,0.0653,,555.0,C,False,True,False,False,
us7000pe7i,YKAV,KO,,HNE,strong_motion,36.6106,25.6049,10.0,37.1246,27.2801,159.6,159.91,4.5,mb,0.00014,0.0251,,462.0,C,True,True,True,False,
us7000pe7i,BODT,KO,,HHE,broadband,36.6106,25.6049,10.0,37.0622,27.3103,159.86,160.17,4.5,mb,0.00025,0.0088,,464.0,C,False,True,False,False,has_gaps
us7000pe7i,DIDI,KO,,HNN,strong_motion,36.6106,25.6049,10.0,37.3767,27.2398,168.34,168.64,4.5,mb,0.00098,0.0764,,316.0,D,True,True,False,False,has_gaps
us7000pe7i,BODA,KO,,HNE,strong_motion,36.6106,25.6049,10.0,37.0348,27.4304,169.19,169.49,4.5,mb,0.00013,0.0239,,600.0,C,True,True,True,False,
us7000pe7k,YKAV,KO,,HNE,strong_motion,36.6724,25.5788,10.0,37.1246,27.2801,159.42,159.73,5.0,mww,0.00053,0.0316,,462.0,C,True,True,True,False,
us7000pe7k,BODT,KO,,HHE,broadband,36.6724,25.5788,10.0,37.0622,27.3103,160.01,160.32,5.0,mww,0.00079,0.033,,464.0,C,False,True,False,False,
us7000pe7k,DIDI,KO,,HNE,strong_motion,36.6724,25.5788,10.0,37.3767,27.2398,166.96,167.26,5.0,mww,0.0008,0.0596,,316.0,D,True,True,True,False,
us7000pe7k,BODA,KO,,HNZ,strong_motion,36.6724,25.5788,10.0,37.0348,27.4304,169.6,169.89,5.0,mww,0.00051,0.0262,,600.0,C,True,True,False,False,has_gaps
us7000peff,YKAV,KO,,HNE,strong_motion,36.6713,25.7378,10.0,37.1246,27.2801,146.11,146.45,4.6,mww,0.00011,0.0094,,462.0,C,True,True,True,False,
us7000peff,BODT,KO,,HHE,broadband,36.6713,25.7378,10.0,37.0622,27.3103,146.48,146.82,4.6,mww,0.00011,0.0047,,464.0,C,False,True,False,False,
us7000peff,DIDI,KO,,HNE,strong_motion,36.6713,25.7378,10.0,37.3767,27.2398,154.7,155.02,4.6,mww,0.0005,0.0187,,316.0,D,True,True,True,False,
us7000peff,BODA,KO,,HNE,strong_motion,36.6713,25.7378,10.0,37.0348,27.4304,155.93,156.25,4.6,mww,7e-05,0.0159,,600.0,C,True,True,True,False,
us7000pefq,YKAV,KO,,HNE,strong_motion,36.6544,25.8261,10.0,37.1246,27.2801,139.48,139.84,5.0,mww,0.00013,0.0132,,462.0,C,True,True,True,False,
us7000pefq,BODT,KO,,HHE,broadband,36.6544,25.8261,10.0,37.0622,27.3103,139.62,139.98,5.0,mww,0.00037,0.0163,,464.0,C,False,True,False,False,
us7000pefq,BODA,KO,,HNE,strong_motion,36.6544,25.8261,10.0,37.0348,27.4304,148.89,149.23,5.0,mww,0.00017,0.0142,,600.0,C,True,True,True,False,
us7000pefq,DIDI,KO,,HNE,strong_motion,36.6544,25.8261,10.0,37.3767,27.2398,149.01,149.35,5.0,mww,0.00049,0.0356,,316.0,D,True,True,True,False,
us7000pefy,YKAV,KO,,HNE,strong_motion,36.6394,25.6214,9.631,37.1246,27.2801,157.08,157.37,4.8,mww,0.00011,0.0146,,462.0,C,True,True,True,False,
us7000pefy,BODT,KO,,HHE,broadband,36.6394,25.6214,9.631,37.0622,27.3103,157.45,157.74,4.8,mww,0.00013,0.0128,,464.0,C,False,True,False,False,
us7000pefy,DIDI,KO,,HNE,strong_motion,36.6394,25.6214,9.631,37.3767,27.2398,165.44,165.72,4.8,mww,0.00036,0.0298,,316.0,D,True,True,True,False,
us7000pefy,BODA,KO,,HNE,strong_motion,36.6394,25.6214,9.631,37.0348,27.4304,166.88,167.16,4.8,mww,0.00015,0.0114,,600.0,C,True,True,True,False,
us7000pesp,YKAV,KO,,HNE,strong_motion,36.8471,25.7796,10.0,37.1246,27.2801,136.8,137.17,4.5,mb,0.0002,0.0152,,462.0,C,True,True,True,False,
us7000pesp,BODT,KO,,HHE,broadband,36.8471,25.7796,10.0,37.0622,27.3103,138.1,138.46,4.5,mb,0.00034,0.0203,,464.0,C,False,True,False,False,
us7000pesp,DIDI,KO,,HNE,strong_motion,36.8471,25.7796,10.0,37.3767,27.2398,142.24,142.59,4.5,mb,0.00081,0.0173,,316.0,D,True,True,True,False,
us7000pesp,BODA,KO,,HNE,strong_motion,36.8471,25.7796,10.0,37.0348,27.4304,148.19,148.53,4.5,mb,0.00015,0.0073,,600.0,C,True,True,True,False,
us7000pf0h,BODT,KO,,HHE,broadband,36.4465,25.6748,10.0,37.0622,27.3103,160.99,161.3,4.5,mb,6e-05,0.0034,,464.0,C,False,True,False,False,
us7000pf0h,YKAV,KO,,HNE,strong_motion,36.4465,25.6748,10.0,37.1246,27.2801,161.62,161.93,4.5,mb,0.00011,0.0249,,462.0,C,True,True,True,False,
us7000pf0h,BODA,KO,,HNZ,strong_motion,36.4465,25.6748,10.0,37.0348,27.4304,169.56,169.85,4.5,mb,0.00021,0.0281,,600.0,C,True,True,False,False,has_gaps
us7000pf0h,DAT,KO,,HHE,broadband,36.4465,25.6748,10.0,36.7308,27.5767,172.72,173.01,4.5,mb,2e-05,0.002,,789.0,B,False,True,False,False,clipping_şüphesi
us7000pf7u,VRTB,KO,,HHE,broadband,39.2529,41.6996,9.04,39.1603,41.4558,23.39,25.08,4.5,mb,0.00102,0.3988,,555.0,C,False,True,False,False,
us7000pf7u,KARO,KO,,HHE,broadband,39.2529,41.6996,9.04,39.3089,41.0493,56.32,57.04,4.5,mb,0.00187,0.1147,7.42,548.0,C,False,True,False,True,
us7000pf7u,MLAZ,KO,,HHE,broadband,39.2529,41.6996,9.04,39.141,42.5496,74.3,74.85,4.5,mb,0.00069,0.0319,3.45,386.0,C,False,True,False,True,
us7000pf7u,GURO,KO,,HHE,broadband,39.2529,41.6996,9.04,38.5509,42.0322,83.2,83.69,4.5,mb,0.00029,0.0115,,559.0,C,False,True,False,False,
us7000pfs8,YKAV,KO,,HNE,strong_motion,36.6253,25.6112,10.0,37.1246,27.2801,158.49,158.81,4.5,mb,0.00015,0.0167,,462.0,C,True,True,True,False,
us7000pfs8,BODT,KO,,HHE,broadband,36.6253,25.6112,10.0,37.0622,27.3103,158.81,159.12,4.5,mb,0.00023,0.0109,,464.0,C,False,True,False,False,
us7000pfs8,DIDI,KO,,HNE,strong_motion,36.6253,25.6112,10.0,37.3767,27.2398,167.02,167.32,4.5,mb,0.00054,0.043,,316.0,D,True,True,True,False,
us7000pfs8,BODA,KO,,HNN,strong_motion,36.6253,25.6112,10.0,37.0348,27.4304,168.19,168.49,4.5,mb,0.00012,0.0303,,600.0,C,True,True,False,False,has_gaps
us7000pn53,YKAV,KO,,HNE,strong_motion,36.5518,25.5614,10.0,37.1246,27.2801,165.68,165.98,4.5,mww,0.0002,0.0094,,462.0,C,True,True,True,False,
us7000pn53,BODT,KO,,HHE,broadband,36.5518,25.5614,10.0,37.0622,27.3103,165.72,166.02,4.5,mww,0.0002,0.0091,,464.0,C,False,True,False,False,
us7000pn53,BODA,KO,,HNE,strong_motion,36.5518,25.5614,10.0,37.0348,27.4304,174.87,175.16,4.5,mww,0.00014,0.0048,,600.0,C,True,True,True,False,
us7000pn53,DIDI,KO,,HNE,strong_motion,36.5518,25.5614,10.0,37.3767,27.2398,175.07,175.36,4.5,mww,0.0012,0.0191,,316.0,D,True,True,True,False,
us7000pufs,BOTS,KO,,HNE,strong_motion,40.8342,28.1897,12.736,40.9902,27.981,24.67,27.76,6.2,mww,0.09303,6.7968,68.47,600.0,C,True,True,True,True,
us7000pufs,MAEG,KO,,HNE,strong_motion,40.8342,28.1897,12.736,40.9653,27.9448,25.22,28.25,6.2,mww,0.08463,3.6172,,255.0,D,True,True,True,False,
us7000pufs,SILV,KO,,HNN,strong_motion,40.8342,28.1897,12.736,41.0723,28.239,26.8,29.67,6.2,mww,0.05601,6.6482,,324.0,D,True,True,False,False,has_gaps
us7000pufs,GUZE,KO,,HNE,strong_motion,40.8342,28.1897,12.736,40.9998,28.5074,32.43,34.84,6.2,mww,0.16845,13.3387,3.59,398.0,C,True,True,True,True,
us7000pufv,SILV,KO,,HNE,strong_motion,40.8471,28.2332,10.0,41.0723,28.239,25.05,26.97,4.5,mb,0.02581,0.941,,324.0,D,True,True,True,False,
us7000pufv,BOTS,KO,,HNE,strong_motion,40.8471,28.2332,10.0,40.9902,27.981,26.5,28.32,4.5,mb,0.01906,1.3345,16.67,600.0,C,True,True,False,False,has_gaps
us7000pufv,MAEG,KO,,HNE,strong_motion,40.8471,28.2332,10.0,40.9653,27.9448,27.57,29.33,4.5,mb,0.0111,0.6833,,255.0,D,True,True,True,False,
us7000pufv,GUZE,KO,,HNE,strong_motion,40.8471,28.2332,10.0,40.9998,28.5074,28.62,30.32,4.5,mb,0.15913,11.7212,,398.0,C,True,True,True,False,
us7000pufy,GUZE,KO,,HNE,strong_motion,40.8888,28.4829,10.0,40.9998,28.5074,12.51,16.02,5.0,mb,0.15915,11.6322,,398.0,C,True,True,True,False,
us7000pufy,SINB,KO,,HNE,strong_motion,40.8888,28.4829,10.0,40.9998,28.5392,13.22,16.58,5.0,mb,0.06905,4.465,28.59,466.0,C,True,True,True,True,
us7000pufy,BUYK,KO,,HNE,strong_motion,40.8888,28.4829,10.0,41.0168,28.5828,16.52,19.31,5.0,mb,0.02776,5.5351,20.17,245.0,D,True,True,False,False,has_gaps
us7000pufy,YKBL,KO,,HNE,strong_motion,40.8888,28.4829,10.0,40.9908,28.6678,19.23,21.67,5.0,mb,0.0165,1.1535,21.96,477.0,C,True,True,False,False,has_gaps
us7000pugj,SILV,KO,,HNE,strong_motion,40.8489,28.2741,10.0,41.0723,28.239,25.02,26.94,4.9,mww,0.03838,1.9717,,324.0,D,True,True,False,False,has_gaps
us7000pugj,GUZE,KO,,HNE,strong_motion,40.8489,28.2741,10.0,40.9998,28.5074,25.8,27.67,4.9,mww,0.04122,1.8453,,398.0,C,True,True,True,False,
us7000pugj,SINB,KO,,HNE,strong_motion,40.8489,28.2741,10.0,40.9998,28.5392,27.89,29.63,4.9,mww,0.02837,1.1373,46.18,466.0,C,True,True,True,True,
us7000pugj,BOTS,KO,,HNE,strong_motion,40.8489,28.2741,10.0,40.9902,27.981,29.21,30.87,4.9,mww,0.00862,0.2779,50.02,600.0,C,True,True,False,False,has_gaps
us7000puz4,SMAA,KO,,HNE,strong_motion,39.2734,28.9731,10.0,39.1005,28.9805,19.24,21.68,4.6,mwr,0.03197,1.5231,6.45,275.0,D,True,True,True,True,
us7000puz4,SIMA,KO,,HHE,broadband,39.2734,28.9731,10.0,39.0833,28.9825,21.15,23.39,4.6,mwr,0.0237,0.3457,60.07,578.0,C,False,True,False,False,has_gaps
us7000puz4,SHAP,KO,,HNE,strong_motion,39.2734,28.9731,10.0,39.0231,29.222,35.15,36.54,4.6,mwr,0.02036,0.5377,,496.0,C,True,True,True,False,
us7000puz4,GEDZ,KO,,HHE,broadband,39.2734,28.9731,10.0,39.0445,29.4105,45.5,46.59,4.6,mwr,0.0089,0.4185,21.67,468.0,C,True,True,False,False,has_gaps
us7000pvfk,SVRC,KO,,HHE,broadband,38.3165,38.9257,11.847,38.3775,39.306,33.85,35.86,4.7,mwr,0.00454,0.181,31.03,688.0,C,False,True,False,True,
us7000pvfk,KBAN,KO,,HHE,broadband,38.3165,38.9257,11.847,38.797,38.7278,56.13,57.37,4.7,mwr,0.03413,0.3727,26.0,882.0,B,False,True,False,True,
us7000pw15,DAT,KO,,HHE,broadband,35.4031,26.5634,10.0,36.7308,27.5767,173.46,173.75,4.5,mb,0.00016,0.0062,,789.0,B,False,True,False,False,clipping_şüphesi
us7000pw15,DATC,KO,,HNE,strong_motion,35.4031,26.5634,10.0,36.7584,27.6602,180.07,180.35,4.5,mb,0.00053,0.0409,,436.0,C,True,True,True,False,
us7000pw15,BODT,KO,,HHE,broadband,35.4031,26.5634,10.0,37.0622,27.3103,196.27,196.52,4.5,mb,3e-05,0.0017,,464.0,C,False,True,False,False,
us7000py7q,GUZE,KO,,HNE,strong_motion,40.8412,28.4987,10.0,40.9998,28.5074,17.65,20.29,4.5,mb,0.15915,11.6793,,398.0,C,True,True,True,False,
us7000py7q,SINB,KO,,HNE,strong_motion,40.8412,28.4987,10.0,40.9998,28.5392,17.96,20.56,4.5,mb,0.06905,4.4654,3.11,466.0,C,True,True,True,True,
us7000py7q,BUYK,KO,,HNE,strong_motion,40.8412,28.4987,10.0,41.0168,28.5828,20.76,23.04,4.5,mb,0.02776,5.5906,20.4,245.0,D,True,True,False,False,has_gaps
us7000py7q,YKBL,KO,,HNE,strong_motion,40.8412,28.4987,10.0,40.9908,28.6678,21.88,24.06,4.5,mb,0.0165,1.1539,32.45,477.0,C,True,True,True,True,
us7000pyx9,YKAV,KO,,HNE,strong_motion,36.6305,25.589,5.07,37.1246,27.2801,160.14,160.22,4.9,mww,0.00051,0.0465,,462.0,C,True,True,True,False,
us7000pyx9,BODT,KO,,HHE,broadband,36.6305,25.589,5.07,37.0622,27.3103,160.51,160.59,4.9,mww,0.00055,0.0399,,464.0,C,False,True,False,False,
us7000pyx9,DIDI,KO,,HNE,strong_motion,36.6305,25.589,5.07,37.3767,27.2398,168.44,168.52,4.9,mww,0.0011,0.0968,,316.0,D,True,True,True,False,
us7000pyx9,BODA,KO,,HNE,strong_motion,36.6305,25.589,5.07,37.0348,27.4304,169.93,170.01,4.9,mww,0.00039,0.0257,,600.0,C,True,True,True,False,
us7000pz2p,DAT,KO,,HHE,broadband,35.237,26.9951,76.202,36.7308,27.5767,174.15,190.09,6.0,mww,0.00229,0.1554,,789.0,B,False,True,False,False,clipping_şüphesi
us7000pz2p,DATC,KO,,HNE,strong_motion,35.237,26.9951,76.202,36.7584,27.6602,179.44,194.95,6.0,mww,0.00513,0.3852,,436.0,C,True,True,True,False,
us7000pzcl,KULU,KO,,HHE,broadband,39.1296,33.238,10.0,39.0343,33.0023,22.94,25.02,5.0,mww,0.00498,0.2804,67.55,355.0,D,False,True,False,False,has_gaps
us7000pzcl,AFSR,KO,,HHE,broadband,39.1296,33.238,10.0,39.4468,33.0707,38.1,39.39,5.0,mww,0.00198,4.6591,33.72,413.0,C,False,True,False,False,has_gaps
us7000pzcl,KAMT,KO,,HHE,broadband,39.1296,33.238,10.0,39.3689,33.7087,48.49,49.51,5.0,mww,0.00113,0.0578,13.93,429.0,C,False,True,False,False,has_gaps
us7000q0pq,DAT,KO,,HHE,broadband,35.8915,25.9159,64.0,36.7308,27.5767,175.65,186.95,6.2,mww,0.00302,0.3224,,789.0,B,False,True,False,False,clipping_şüphesi
us7000q0pq,BODT,KO,,HHE,broadband,35.8915,25.9159,64.0,37.0622,27.3103,180.24,191.27,6.2,mww,0.00323,0.1853,3.73,464.0,C,False,True,False,True,
us7000q0pq,YKAV,KO,,HNE,strong_motion,35.8915,25.9159,64.0,37.1246,27.2801,183.48,194.32,6.2,mww,0.0017,0.1532,,462.0,C,True,True,True,False,
us7000q0pq,DATC,KO,,HNE,strong_motion,35.8915,25.9159,64.0,36.7584,27.6602,183.6,194.43,6.2,mww,0.00508,0.708,,436.0,C,True,True,True,False,
us7000qbpg,BODT,KO,,HHE,broadband,36.723,25.7412,10.0,37.0622,27.3103,144.54,144.89,4.6,mww,0.00021,0.0116,,464.0,C,False,True,False,False,
us7000qbpg,DIDI,KO,,HNE,strong_motion,36.723,25.7412,10.0,37.3767,27.2398,151.56,151.89,4.6,mww,0.00037,0.0224,,316.0,D,True,True,True,False,
us7000quja,GORD,KO,,HNE,strong_motion,39.2065,28.1295,10.0,38.9088,28.1769,33.35,34.82,4.9,mww,0.00502,0.5118,23.44,662.0,C,True,True,True,True,
us7000quja,AKS,KO,,HNE,strong_motion,39.2065,28.1295,10.0,38.8785,27.8129,45.58,46.66,4.9,mww,0.00747,0.1916,12.21,541.0,C,True,True,True,True,
us7000quja,SOMA,KO,,HNE,strong_motion,39.2065,28.1295,10.0,39.1564,27.5341,51.62,52.58,4.9,mww,0.00437,0.237,12.81,798.0,B,True,True,True,True,
us7000quja,BALB,KO,,HNE,strong_motion,39.2065,28.1295,10.0,39.6507,27.8642,54.4,55.31,4.9,mww,0.00344,0.2651,18.34,463.0,C,True,True,True,True,
us7000qxqv,GORD,KO,,HNE,strong_motion,39.1842,28.1095,10.0,38.9088,28.1769,31.17,32.73,5.1,mww,0.00531,0.3421,22.67,662.0,C,True,True,True,True,
us7000qxqv,AKS,KO,,HNE,strong_motion,39.1842,28.1095,10.0,38.8785,27.8129,42.57,43.73,5.1,mww,0.00511,0.1825,4.12,541.0,C,True,True,True,True,
us7000qxqv,SOMA,KO,,HNE,strong_motion,39.1842,28.1095,10.0,39.1564,27.5341,49.7,50.7,5.1,mww,0.00303,0.1223,12.22,798.0,B,True,True,True,True,
us7000qxqv,GOMA,KO,,HNE,strong_motion,39.1842,28.1095,10.0,38.7077,27.9175,55.53,56.42,5.1,mww,0.00865,0.393,,636.0,C,True,True,True,False,
us7000rey2,LEF,KO,,HHE,broadband,35.0254,32.4592,10.0,35.1118,32.8433,36.25,37.6,4.6,mb,0.0004,0.03,2.21,497.0,C,False,True,False,True,
us7000rey2,AKDN,KO,,HNE,strong_motion,35.0254,32.4592,10.0,35.2977,32.9677,55.26,56.16,4.6,mb,0.00015,0.0344,,452.0,C,True,True,True,False,
us7000rey2,HSY,KO,,HHE,broadband,35.0254,32.4592,10.0,35.2916,33.0974,65.13,65.89,4.6,mb,0.00121,0.047,0.56,419.0,C,False,True,False,True,
us7000rey2,AKIN,KO,,HNN,strong_motion,35.0254,32.4592,10.0,35.0157,33.4662,91.71,92.25,4.6,mb,0.00046,0.0317,,412.0,C,True,True,False,False,has_gaps
us7000rmaa,SVRC,KO,,HHE,broadband,38.2809,38.9482,10.0,38.3775,39.306,33.01,34.49,4.5,mwr,0.00469,0.1919,36.64,688.0,C,False,True,False,True,
us7000rmaa,MLTY,KO,,HHE,broadband,38.2809,38.9482,10.0,38.3223,38.4407,44.52,45.63,4.5,mwr,0.00825,0.1534,25.54,519.0,C,False,True,False,True,
us7000rmaa,KBAN,KO,,HHE,broadband,38.2809,38.9482,10.0,38.797,38.7278,60.5,61.32,4.5,mwr,0.00746,0.2209,16.35,882.0,B,False,True,False,True,
us7000rr4f,GORD,KO,,HNE,strong_motion,39.1772,28.2285,18.284,38.9088,28.1769,30.18,35.29,4.6,mww,0.00318,0.1195,22.56,662.0,C,True,True,True,True,
us7000rr4f,AKS,KO,,HNE,strong_motion,39.1772,28.2285,18.284,38.8785,27.8129,48.91,52.22,4.6,mww,0.00297,0.1043,,541.0,C,True,True,True,False,
us7000rr4f,DST,KO,,HNE,strong_motion,39.1772,28.2285,18.284,39.6041,28.6267,58.52,61.31,4.6,mww,0.00167,0.06,,480.0,C,True,True,True,False,
us7000rr4f,GOMA,KO,,HNE,strong_motion,39.1772,28.2285,18.284,38.7077,27.9175,58.73,61.51,4.6,mww,0.00365,0.1379,,636.0,C,True,True,True,False,
us7000rr79,GORD,KO,,HNE,strong_motion,39.1598,28.2744,15.856,38.9088,28.1769,29.15,33.18,4.5,mwr,0.00123,0.0886,15.82,662.0,C,True,True,True,True,
us7000rr79,AKS,KO,,HNE,strong_motion,39.1598,28.2744,15.856,38.8785,27.8129,50.67,53.09,4.5,mwr,0.00172,0.0414,,541.0,C,True,True,True,False,
us7000rr79,DST,KO,,HNE,strong_motion,39.1598,28.2744,15.856,39.6041,28.6267,57.94,60.07,4.5,mwr,0.00156,0.0665,,480.0,C,True,True,True,False,
us7000rr79,GOMA,KO,,HNE,strong_motion,39.1598,28.2744,15.856,38.7077,27.9175,58.99,61.08,4.5,mwr,0.00178,0.0718,,636.0,C,True,True,True,False,
us7000rrq9,GORD,KO,,HNE,strong_motion,39.199,28.293,8.924,38.9088,28.1769,33.79,34.95,4.9,mww,0.00356,0.2927,29.26,662.0,C,True,True,True,True,
us7000rrq9,DST,KO,,HNE,strong_motion,39.199,28.293,8.924,39.6041,28.6267,53.4,54.14,4.9,mww,0.00226,0.1455,,480.0,C,True,True,True,False,
us7000rrq9,AKS,KO,,HNE,strong_motion,39.199,28.293,8.924,38.8785,27.8129,54.68,55.4,4.9,mww,0.00428,0.1972,20.06,541.0,C,True,True,True,True,
us7000rrq9,SMAA,KO,,HNE,strong_motion,39.199,28.293,8.924,39.1005,28.9805,60.29,60.95,4.9,mww,0.00382,0.1962,,275.0,D,True,True,True,False,
us7000s0ij,NURH,KO,,HHE,broadband,38.0587,37.3319,10.0,37.9693,37.4363,13.51,16.81,4.6,mwr,0.00929,0.3001,50.9,900.0,B,False,True,False,True,
us7000s0ij,AKDG,KO,,HHZ,broadband,38.0587,37.3319,10.0,38.3618,37.9703,65.17,65.93,4.6,mwr,0.00385,0.3124,35.03,736.0,C,False,True,False,False,has_gaps
us7000s0ij,KMRS,KO,,HHE,broadband,38.0587,37.3319,10.0,37.5087,36.9,71.98,72.67,4.6,mwr,0.00188,0.108,16.94,314.0,D,False,True,False,True,
us7000s33s,BABD,KO,,HHE,broadband,38.1066,29.0052,10.0,37.802,28.8531,36.4,37.75,5.0,mww,0.01136,0.2103,19.95,626.0,C,False,True,False,True,
us7000s33s,KHL,KO,,HNE,strong_motion,38.1066,29.0052,10.0,38.3231,29.5286,51.68,52.64,5.0,mww,0.00538,0.2484,,448.0,C,True,True,True,False,
us7000s33s,KULA,KO,,HHE,broadband,38.1066,29.0052,10.0,38.5145,28.6607,54.41,55.32,5.0,mww,0.00599,0.2764,20.67,515.0,C,False,True,False,True,
us7000sskd,GAZ,KO,,HHE,broadband,37.1066,36.8288,10.0,37.1721,37.2096,34.53,35.95,4.6,mwr,0.00287,0.1248,23.02,347.0,D,False,True,False,True,
us7000sskd,KHMN,KO,,HNE,strong_motion,37.1066,36.8288,10.0,37.3916,37.1574,43.01,44.16,4.6,mwr,0.00182,0.066,,272.0,D,True,True,True,False,
us7000t1j0,MLTY,KO,,HHE,broadband,38.2293,38.5134,10.0,38.3223,38.4407,12.13,15.72,5.0,mww,0.06591,0.5427,60.17,519.0,C,False,True,False,True,
us7000t1j0,AKDG,KO,,HHE,broadband,38.2293,38.5134,10.0,38.3618,37.9703,49.63,50.63,5.0,mww,0.00823,0.4665,50.75,736.0,C,False,True,False,True,
us7000t1j0,ARGN,KO,,HHE,broadband,38.2293,38.5134,10.0,38.7763,38.2639,64.58,65.35,5.0,mww,0.00647,0.289,24.68,605.0,C,False,True,False,True,
us7000tctp,DAT,KO,,HHE,broadband,36.2182,27.5734,14.336,36.7308,27.5767,57.0,58.78,4.5,mb,0.00097,0.0289,,789.0,B,False,True,False,False,clipping_şüphesi
us7000tctp,DATC,KO,,HNE,strong_motion,36.2182,27.5734,14.336,36.7584,27.6602,60.57,62.24,4.5,mb,0.00199,0.0415,,436.0,C,True,True,True,False,
usb000fisx,CUKT,KO,,BHE,broadband,36.67,43.44,7.0,37.2473,43.6077,65.9,66.27,4.9,mb,0.00194,0.1093,19.45,900.0,B,True,True,False,True,
usb000fisx,SIRT,KO,,BHE,broadband,36.67,43.44,7.0,37.501,42.4392,128.14,128.33,4.9,mb,0.00397,0.2278,15.17,629.0,C,False,True,False,True,
usb000fisx,AKDM,KO,,HHE,broadband,36.67,43.44,7.0,38.3285,42.98,188.83,188.96,4.9,mb,0.0002,0.0502,17.93,353.0,D,False,True,False,True,
usb000fisx,VANB,KO,,BHE,broadband,36.67,43.44,7.0,38.509,43.4056,204.51,204.63,4.9,mb,0.00011,0.0202,13.71,548.0,C,False,True,False,True,
usb000gac8,CLDR,KO,,BHE,broadband,38.401,45.441,10.3,39.144,43.9172,155.81,156.15,4.8,mb,0.00017,0.0192,5.4,296.0,D,False,True,False,True,
usb000gac8,VANB,KO,,BHE,broadband,38.401,45.441,10.3,38.509,43.4056,177.64,177.94,4.8,mb,6e-05,0.0143,24.96,548.0,C,False,True,False,True,
usb000gac8,ERCV,KO,,HNE,strong_motion,38.401,45.441,10.3,39.0198,43.3381,195.0,195.27,4.8,mb,0.00075,0.1348,,344.0,D,True,True,False,False,has_gaps
usb000gac8,TASB,KO,,HHE,broadband,38.401,45.441,10.3,39.9838,44.2384,204.24,204.5,4.8,mb,7e-05,0.015,-1.69,228.0,D,False,True,False,True,
usb000gh38,DATC,KO,,HNE,strong_motion,36.94,27.76,6.0,36.7584,27.6602,22.06,22.86,4.5,mb,0.00357,0.1078,,436.0,C,True,True,True,False,
usb000gh38,DAT,KO,,BHE,broadband,36.94,27.76,6.0,36.7308,27.5767,28.41,29.04,4.5,mb,0.00174,0.0589,7.08,789.0,B,False,True,False,True,
usb000gh38,BBRN,KO,,HNE,strong_motion,36.94,27.76,6.0,36.6796,28.0587,39.31,39.77,4.5,mb,0.00627,0.1404,,512.0,C,True,True,True,False,
usb000gwsz,DALY,KO,,BHE,broadband,37.044,28.402,7.8,36.8162,28.6532,33.77,34.66,4.9,mb,0.00466,0.2605,30.62,458.0,C,False,True,False,True,
usb000gwsz,MRSB,KO,,HNE,strong_motion,37.044,28.402,7.8,36.7161,28.1969,40.77,41.51,4.9,mb,0.00422,0.195,,732.0,C,True,True,True,False,
usb000gwsz,BBRN,KO,,HNE,strong_motion,37.044,28.402,7.8,36.6796,28.0587,50.74,51.34,4.9,mb,0.00344,0.0961,,512.0,C,True,True,True,False,
usb000h85k,SHAP,KO,,HNE,strong_motion,39.115,29.173,2.5,39.0231,29.222,11.06,11.34,4.5,mb,0.02185,0.3793,,496.0,C,True,True,True,False,
usb000h85k,GEDZ,KO,,HHE,broadband,39.115,29.173,2.5,39.0445,29.4105,21.95,22.09,4.5,mb,0.0016,0.0467,14.63,468.0,C,True,True,False,True,
usb000ijb0,TOS,KO,,HNE,strong_motion,41.136,33.504,4.1,41.0362,34.0226,44.86,45.05,4.5,mb,0.00114,0.0425,11.0,667.0,C,True,True,True,True,
usb000ijb0,CANT,KO,,BHE,broadband,41.136,33.504,4.1,40.6062,33.6193,59.7,59.84,4.5,mb,0.00077,0.0353,10.87,583.0,C,False,True,False,True,
usb000ijb0,SAFT,KO,,HNE,strong_motion,41.136,33.504,4.1,41.2398,32.6871,69.33,69.45,4.5,mb,0.00066,0.0204,,461.0,C,True,True,True,False,
usb000ijb0,BZK,KO,,BHE,broadband,41.136,33.504,4.1,41.96,34.0035,100.61,100.69,4.5,mb,0.00035,0.0168,8.41,871.0,B,False,True,False,True,
usb000k0xu,CUKT,KO,,BHE,broadband,37.33,44.94,7.0,37.2473,43.6077,118.22,118.43,4.5,mb,0.00029,0.0354,11.11,900.0,B,True,True,False,True,
usb000k0xu,VANB,KO,,HHE,broadband,37.33,44.94,7.0,38.509,43.4056,187.88,188.01,4.5,mb,4e-05,0.0071,11.13,548.0,C,False,True,False,True,
usb000k0xu,AKDM,KO,,HHE,broadband,37.33,44.94,7.0,38.3285,42.98,204.83,204.95,4.5,mb,3e-05,0.0092,7.68,353.0,D,False,True,False,True,
usb000k0xu,CLDR,KO,,BHE,broadband,37.33,44.94,7.0,39.144,43.9172,220.6,220.71,4.5,mb,3e-05,0.0037,1.04,296.0,D,False,True,False,True,
usb000kj64,SLFK,KO,,HNE,strong_motion,36.2912,34.3423,5.0,36.3925,33.9464,37.21,37.54,4.5,mb,0.01912,0.2833,,470.0,C,True,True,True,False,
usb000kj64,IKL,KO,,BHE,broadband,36.2912,34.3423,5.0,36.2366,33.6845,59.29,59.5,4.5,mb,0.00328,0.0738,27.76,684.0,C,False,True,False,True,
usb000kj64,MERS,KO,,BHE,broadband,36.2912,34.3423,5.0,36.8678,34.522,66.09,66.28,4.5,mb,0.00167,0.0658,18.3,861.0,B,False,True,False,True,
usb000kj64,EREN,KO,,HHE,broadband,36.2912,34.3423,5.0,35.5292,34.1742,86.07,86.22,4.5,mb,0.00036,0.0258,5.89,461.0,C,False,True,False,True,
usb000l5v1,GRDE,KO,,HNE,strong_motion,40.8205,31.8691,5.99,40.7995,32.2116,28.92,29.53,5.1,mb,0.00951,0.625,,552.0,C,True,True,True,False,
usb000l5v1,YUVA,KO,,HNE,strong_motion,40.8205,31.8691,5.99,40.391,31.6872,50.17,50.53,5.1,mb,0.00405,0.1835,,629.0,C,True,True,True,False,
usb000l5v1,KDZE,KO,,BHE,broadband,40.8205,31.8691,5.99,41.3132,31.443,65.4,65.67,5.1,mb,0.00113,0.0797,31.37,773.0,B,False,True,False,True,clipping_şüphesi
usb000l74s,BOTS,KO,,HNE,strong_motion,40.851,27.9198,9.6,40.9902,27.981,16.31,18.93,4.5,mb,0.01105,0.4424,48.08,600.0,C,True,True,True,True,
usb000l74s,TKR,KO,,HNE,strong_motion,40.851,27.9198,9.6,40.9893,27.5351,35.79,37.06,4.5,mb,0.01581,0.5609,,449.0,C,True,True,True,False,
usb000l74s,MRMT,KO,,HHE,broadband,40.851,27.9198,9.6,40.609,27.5832,39.1,40.26,4.5,mb,0.00107,0.0687,11.41,288.0,D,False,True,False,True,
usb000lacc,DAT,KO,,BHE,broadband,35.3928,26.9962,20.24,36.7308,27.5767,157.66,158.95,4.5,mb,0.00022,0.0085,,789.0,B,False,True,False,False,
usb000lacc,DATC,KO,,HNE,strong_motion,35.3928,26.9962,20.24,36.7584,27.6602,163.15,164.4,4.5,mb,0.00021,0.0318,,436.0,C,True,True,True,False,
usb000lacc,MRSB,KO,,HNE,strong_motion,35.3928,26.9962,20.24,36.7161,28.1969,182.48,183.6,4.5,mb,0.00019,0.0576,,732.0,C,True,True,True,False,
usb000ldsa,ANTB,KO,,BHE,broadband,36.6148,31.2427,88.6,36.8998,30.6538,61.29,107.73,4.9,mb,0.00097,0.0765,,363.0,C,False,True,False,False,
usb000ldsa,ALAN,KO,,HNE,strong_motion,36.6148,31.2427,88.6,36.557,32.0327,70.83,113.43,4.9,mb,0.00753,0.1744,,822.0,B,True,True,True,False,
usb000q4uy,CESE,KO,,HNE,strong_motion,38.23,25.13,32.0,38.3306,26.2997,102.71,107.58,4.8,mwr,0.00076,0.2256,,410.0,C,True,True,False,False,has_gaps
usb000q4uy,KRBN,KO,,HNE,strong_motion,38.23,25.13,32.0,38.5936,26.5537,130.47,134.34,4.8,mwr,0.00062,0.0934,,843.0,B,True,True,True,False,
usb000qa6c,KEMT,KO,,HNE,strong_motion,36.092,31.065,90.6,36.6037,30.5558,72.92,116.3,4.5,mb,0.00072,0.0357,,454.0,C,True,True,True,False,
usb000r2hc,GADA,KO,,HHE,broadband,40.2893,25.3889,6.43,40.1908,25.8987,44.64,45.1,6.9,mww,0.02945,0.5071,45.56,451.0,C,False,True,False,True,
usb000r2hc,ENEZ,KO,,HHE,broadband,40.2893,25.3889,6.43,40.7362,26.153,81.5,81.75,6.9,mww,0.03064,0.9019,44.44,462.0,C,False,True,False,False,has_gaps
usb000r2ht,GELI,KO,,HHE,broadband,40.3892,26.1418,9.0,40.398,26.4742,28.17,29.57,4.6,mb,0.00171,0.0428,19.84,561.0,C,False,True,False,True,
usb000r2ht,GADA,KO,,HHE,broadband,40.3892,26.1418,9.0,40.1908,25.8987,30.2,31.51,4.6,mb,0.00101,0.0416,21.44,451.0,C,False,True,False,True,
usb000r2nx,GADA,KO,,HHE,broadband,40.4013,25.9517,2.1,40.1908,25.8987,23.83,23.92,4.5,mb,0.00089,0.0992,25.77,451.0,C,False,True,False,True,
usb000r2nx,ENEZ,KO,,HHE,broadband,40.4013,25.9517,2.1,40.7362,26.153,40.94,40.99,4.5,mb,0.001,0.139,18.45,462.0,C,False,True,False,True,
usb000rh6j,ALAN,KO,,HNE,strong_motion,35.813,32.06,71.02,36.557,32.0327,82.77,109.06,4.5,mb,0.00171,0.0626,,822.0,B,True,True,True,False,
usb000rh6j,BOZY,KO,,HNE,strong_motion,35.813,32.06,71.02,36.1069,32.9763,88.71,113.64,4.5,mb,0.00337,0.1089,,276.0,D,True,True,True,False,
usb000rh6j,AKDN,KO,,HNZ,strong_motion,35.813,32.06,71.02,35.2977,32.9677,100.13,122.76,4.5,mb,0.00145,0.0785,,452.0,C,True,True,False,False,has_gaps
usb000rh6j,LEF,KO,,BHE,broadband,35.813,32.06,71.02,35.1118,32.8433,105.41,127.1,4.5,mb,0.00147,0.0342,11.59,497.0,C,False,True,False,True,
usb000s5w4,BCK,KO,,BHE,broadband,37.683,30.6288,7.4,37.4602,30.5885,25.03,26.1,5.1,mww,0.01791,0.3029,38.8,567.0,C,True,True,False,True,
usb000s5w4,BASM,KO,,HNE,strong_motion,37.683,30.6288,7.4,37.9194,30.035,58.42,58.89,5.1,mww,0.0041,0.2973,,395.0,C,True,True,True,False,
usb000s5w4,ANTB,KO,,BHE,broadband,37.683,30.6288,7.4,36.8998,30.6538,87.12,87.43,5.1,mww,0.0009,0.1409,,363.0,C,False,True,False,False,
usb000s99n,KEMT,KO,,HNE,strong_motion,36.21,30.82,46.0,36.6037,30.5558,49.75,67.76,5.3,mww,0.01252,0.5578,8.54,454.0,C,True,True,True,True,
usb000s99n,ANTB,KO,,BHE,broadband,36.21,30.82,46.0,36.8998,30.6538,78.13,90.67,5.3,mww,0.00186,0.1579,,363.0,C,False,True,False,False,
usb000s99n,DEMR,KO,,HNE,strong_motion,36.21,30.82,46.0,36.2365,29.9056,82.08,94.09,5.3,mww,0.0009,0.1078,,861.0,B,True,True,True,False,
usb000sirk,DATC,KO,,HNE,strong_motion,35.1004,26.2324,60.7,36.7584,27.6602,224.75,232.8,4.9,mb,0.00031,0.0272,,436.0,C,True,True,True,False,
usb000sirk,BODT,KO,,BHE,broadband,35.1004,26.2324,60.7,37.0622,27.3103,238.68,246.28,4.9,mb,2e-05,0.0019,3.35,464.0,C,False,True,False,True,
usb000smqw,DATC,KO,,HNE,strong_motion,35.6487,26.5797,65.0,36.7584,27.6602,156.92,169.85,4.6,mb,0.00077,0.0448,,436.0,C,True,True,True,False,
usb000smqw,BODT,KO,,BHE,broadband,35.6487,26.5797,65.0,37.0622,27.3103,170.25,182.24,4.6,mb,0.00012,0.0054,15.26,464.0,C,False,True,False,True,
usb000t0sw,SIMA,KO,,HHE,broadband,39.32,28.99,10.0,39.0833,28.9825,26.33,28.17,4.5,mwr,0.00323,0.1039,55.0,578.0,C,False,True,False,False,has_gaps
usb000t0sw,SHAP,KO,,HNE,strong_motion,39.32,28.99,10.0,39.0231,29.222,38.6,39.87,4.5,mwr,0.00705,0.1503,,496.0,C,True,True,True,False,
usb000t0sw,TVSB,KO,,HHE,broadband,39.32,28.99,10.0,39.4497,29.4615,43.01,44.16,4.5,mwr,0.00185,0.0451,7.43,579.0,C,False,True,False,True,
usb000tpmv,BCK,KO,,BHE,broadband,37.2188,30.0841,10.0,37.4602,30.5885,52.05,53.0,4.7,mb,0.0007,0.0457,16.47,567.0,C,True,True,False,True,
usb000tpmv,ELL,KO,,BHE,broadband,37.2188,30.0841,10.0,36.7483,29.9085,54.59,55.5,4.7,mb,0.0024,0.1688,19.19,900.0,B,False,True,False,True,clipping_şüphesi
usb000tpmv,ANTB,KO,,BHE,broadband,37.2188,30.0841,10.0,36.8998,30.6538,61.76,62.56,4.7,mb,0.00064,0.0961,,363.0,C,False,True,False,False,
usc000fayn,DIDI,KO,,HNE,strong_motion,37.405,26.932,5.0,37.3767,27.2398,27.37,27.82,4.5,mwr,0.02045,0.6846,6.42,316.0,D,True,True,True,True,
usc000fayn,YKAV,KO,,HNE,strong_motion,37.405,26.932,5.0,37.1246,27.2801,43.83,44.11,4.5,mwr,0.00617,0.3117,,462.0,C,True,True,True,False,
usc000fayn,BODT,KO,,BHE,broadband,37.405,26.932,5.0,37.0622,27.3103,50.74,50.99,4.5,mwr,0.00413,0.1751,33.74,464.0,C,False,True,False,True,
usc000hnc9,VANB,KO,,BHE,broadband,38.654,43.581,11.8,38.509,43.4056,22.19,25.13,4.5,mb,0.00188,0.2059,,548.0,C,False,True,False,False,
usc000hnc9,ERCV,KO,,HNE,strong_motion,38.654,43.581,11.8,39.0198,43.3381,45.79,47.29,4.5,mb,0.00277,0.2611,,344.0,D,True,True,True,False,
usc000hnc9,CLDR,KO,,BHE,broadband,38.654,43.581,11.8,39.144,43.9172,61.77,62.89,4.5,mb,0.00071,0.0583,10.34,296.0,D,False,True,False,True,
usc000hnc9,AKDM,KO,,HHE,broadband,38.654,43.581,11.8,38.3285,42.98,63.61,64.7,4.5,mb,0.00021,0.027,12.34,353.0,D,False,True,False,True,
usc000isd7,GADA,KO,,BHE,broadband,40.292,25.867,10.2,40.1908,25.8987,11.57,15.42,4.6,mb,0.00916,0.2967,44.97,451.0,C,False,True,False,True,
usc000isd7,GELI,KO,,BHE,broadband,40.292,25.867,10.2,40.398,26.4742,52.79,53.77,4.6,mb,0.00349,0.2754,23.85,561.0,C,False,True,False,True,
usc000jwi4,VRTB,KO,,BHE,broadband,39.0234,41.4924,5.33,39.1603,41.4558,15.55,16.44,5.0,mb,0.02053,1.0145,48.93,555.0,C,False,True,False,True,
usc000jwi4,KARO,KO,,HHE,broadband,39.0234,41.4924,5.33,39.3089,41.0493,49.67,49.96,5.0,mb,0.01635,0.9005,17.09,548.0,C,False,True,False,True,
usc000jwi4,GURO,KO,,HHE,broadband,39.0234,41.4924,5.33,38.5509,42.0322,70.35,70.55,5.0,mb,0.00374,2.0379,11.69,559.0,C,False,True,False,True,
usc000jwi4,BNGB,KO,,BHE,broadband,39.0234,41.4924,5.33,38.9913,40.6792,70.36,70.56,5.0,mb,0.00153,0.0692,26.68,603.0,C,False,True,False,True,
usc000lrgn,KEMT,KO,,HNE,strong_motion,36.94,31.06,91.0,36.6037,30.5558,58.44,108.15,4.5,mb,0.00109,0.0542,,454.0,C,True,True,True,False,
usc000ltax,ALAN,KO,,HNE,strong_motion,36.028,31.31,40.7,36.557,32.0327,87.49,96.49,5.9,mww,0.01994,0.7433,0.98,822.0,B,True,True,True,True,
usc000ltax,KEMT,KO,,HNE,strong_motion,36.028,31.31,40.7,36.6037,30.5558,93.08,101.59,5.9,mww,0.01707,0.8603,,454.0,C,True,True,True,False,
usc000ltdi,ALAN,KO,,HNE,strong_motion,35.7262,31.3125,49.05,36.557,32.0327,112.77,122.98,4.5,mb,0.00071,0.0196,,822.0,B,True,True,True,False,
usc000ltdi,KEMT,KO,,HNE,strong_motion,35.7262,31.3125,49.05,36.6037,30.5558,118.89,128.61,4.5,mb,0.00026,0.0151,,454.0,C,True,True,True,False,
usc000ltdi,DEMR,KO,,HNE,strong_motion,35.7262,31.3125,49.05,36.2365,29.9056,138.73,147.15,4.5,mb,0.0001,0.0045,,861.0,B,True,True,True,False,
usc000mq8w,TAHT,KO,,BHE,broadband,36.74,36.08,10.0,36.3755,36.1855,41.61,42.79,4.7,mwr,0.01813,0.3078,31.75,458.0,C,False,True,False,True,
usc000mq8w,CEYT,KO,,BHE,broadband,36.74,36.08,10.0,37.0105,35.7478,42.16,43.33,4.7,mwr,0.00077,0.0466,,360.0,D,False,True,False,False,
usc000mq8w,KRTD,KO,,HNE,strong_motion,36.74,36.08,10.0,36.5934,35.4157,61.45,62.26,4.7,mwr,0.00063,0.0392,,363.0,C,True,True,True,False,
usc000mq8w,KRTS,KO,,BHE,broadband,36.74,36.08,10.0,36.573,35.375,65.57,66.33,4.7,mwr,0.00054,0.0321,,313.0,D,True,True,False,False,
usc000mt3m,ERCV,KO,,HNE,strong_motion,38.82,43.53,10.0,39.0198,43.3381,27.73,29.48,4.5,mb,0.01546,0.767,,344.0,D,True,True,True,False,
usc000n43d,ALAN,KO,,HNE,strong_motion,35.9908,31.2739,62.49,36.557,32.0327,92.69,111.79,4.5,mb,0.00346,0.1013,,822.0,B,True,True,True,False,
usc000n43d,KEMT,KO,,HNE,strong_motion,35.9908,31.2739,62.49,36.6037,30.5558,93.73,112.65,4.5,mb,0.0009,0.0424,,454.0,C,True,True,True,False,
usc000n43d,ANTB,KO,,BHE,broadband,35.9908,31.2739,62.49,36.8998,30.6538,115.29,131.14,4.5,mb,9e-05,0.0066,,363.0,C,False,True,False,False,
usc000rctx,CEYT,KO,,BHE,broadband,36.7453,36.0505,17.6,37.0105,35.7478,39.93,43.64,4.6,mwr,0.00112,0.0577,,360.0,D,False,True,False,False,
usc000rctx,TAHT,KO,,BHE,broadband,36.7453,36.0505,17.6,36.3755,36.1855,42.85,46.32,4.6,mwr,0.01207,0.288,24.99,458.0,C,False,True,False,True,
usc000rctx,KRTD,KO,,HNE,strong_motion,36.7453,36.0505,17.6,36.5934,35.4157,59.08,61.65,4.6,mwr,0.00086,0.0507,,363.0,C,True,True,True,False,
usc000rctx,KRTS,KO,,BHE,broadband,36.7453,36.0505,17.6,36.573,35.375,63.23,65.63,4.6,mwr,0.00052,0.0336,,313.0,D,True,True,False,False,
usc000retx,DAT,KO,,BHE,broadband,35.3916,27.0997,72.78,36.7308,27.5767,154.96,171.2,4.7,mwr,0.00096,0.0388,,789.0,B,False,True,False,False,
usc000retx,DATC,KO,,HNE,strong_motion,35.3916,27.0997,72.78,36.7584,27.6602,160.11,175.88,4.7,mwr,0.00127,0.093,,436.0,C,True,True,True,False,
usc000retx,MRSB,KO,,HNE,strong_motion,35.3916,27.0997,72.78,36.7161,28.1969,177.25,191.61,4.7,mwr,0.0016,0.0864,,732.0,C,True,True,True,False,
usc000riqb,MRSB,KO,,HNE,strong_motion,36.3955,28.5588,59.7,36.7161,28.1969,48.12,76.68,4.5,mb,0.00197,0.0549,,732.0,C,True,True,True,False,
usc000riqb,FETY,KO,,BHE,broadband,36.3955,28.5588,59.7,36.6353,29.0835,53.94,80.46,4.5,mb,0.00203,0.1017,15.68,382.0,C,False,True,False,True,
usc000rmvt,KRBN,KO,,HNE,strong_motion,38.2318,25.1192,29.8,38.5936,26.5537,131.3,134.64,4.8,mb,0.00039,0.0812,,843.0,B,True,True,True,False,
usc000rpuu,EDC,KO,,HHE,broadband,40.2083,27.9282,12.1,40.3465,27.8618,16.37,20.36,4.6,mwr,0.00892,0.2788,31.78,710.0,C,True,True,False,True,
usc000rpuu,GONE,KO,,HNE,strong_motion,40.2083,27.9282,12.1,40.0466,27.686,27.34,29.9,4.6,mwr,0.00812,0.1427,,440.0,C,True,True,True,False,
usc000rpuu,KCTX,KO,,HHE,broadband,40.2083,27.9282,12.1,40.2626,28.3353,35.08,37.11,4.6,mwr,0.00523,0.1395,27.7,492.0,C,True,True,False,True,
usc000rpuu,MRMT,KO,,HHE,broadband,40.2083,27.9282,12.1,40.609,27.5832,53.28,54.64,4.6,mwr,0.00123,0.032,4.87,288.0,D,False,True,False,True,
usc000s9uu,MASR,KO,,HNE,strong_motion,41.6437,32.5123,4.5,41.7596,32.4658,13.45,14.18,4.5,mb,0.01827,0.2797,10.1,534.0,C,True,True,True,True,
usc000s9uu,SAFT,KO,,HNE,strong_motion,41.6437,32.5123,4.5,41.2398,32.6871,47.22,47.43,4.5,mb,0.00041,0.0199,,461.0,C,True,True,True,False,
usc000svyz,DALY,KO,,BHE,broadband,37.138,28.785,12.9,36.8162,28.6532,37.65,39.8,4.8,mwr,0.00146,0.1138,29.43,458.0,C,False,True,False,True,
usc000svyz,YER,KO,,BHE,broadband,37.138,28.785,12.9,37.1336,28.284,44.41,46.25,4.8,mwr,0.00201,0.1108,9.86,494.0,C,False,True,False,True,
usc000t478,DKL,KO,,BHE,broadband,38.894,26.272,12.4,39.0713,26.9053,58.18,59.49,5.1,mww,0.0031,0.2007,17.57,304.0,D,False,True,False,True,
usc000t486,DKL,KO,,BHE,broadband,38.8955,26.2693,13.4,39.0713,26.9053,58.34,59.86,4.9,mwr,0.00345,0.1597,16.03,304.0,D,False,True,False,True,
usc000thtl,AKDM,KO,,HHE,broadband,38.25,42.86,4.0,38.3285,42.98,13.63,14.2,4.5,mb,0.01885,0.3071,40.71,353.0,D,False,True,False,True,
usc000thtl,VANB,KO,,HHE,broadband,38.25,42.86,4.0,38.509,43.4056,55.6,55.74,4.5,mb,0.00041,0.0557,26.37,548.0,C,False,True,False,True,
usc000thtl,GURO,KO,,HHE,broadband,38.25,42.86,4.0,38.5509,42.0322,79.52,79.62,4.5,mb,0.00123,0.0425,7.8,559.0,C,False,True,False,True,
usc000thtl,SIRT,KO,,BHE,broadband,38.25,42.86,4.0,37.501,42.4392,91.11,91.2,4.5,mb,0.00115,0.1019,14.26,629.0,C,False,True,False,True,
usc000tnmn,ELL,KO,,BHE,broadband,37.1685,30.0058,5.0,36.7483,29.9085,47.52,47.78,4.5,mb,0.00146,0.0555,14.71,900.0,B,False,True,False,True,clipping_şüphesi
usc000tnmn,BCK,KO,,BHE,broadband,37.1685,30.0058,5.0,37.4602,30.5885,60.89,61.09,4.5,mb,0.00073,0.029,15.22,567.0,C,True,True,False,True,
usc000tnmn,ANTB,KO,,BHE,broadband,37.1685,30.0058,5.0,36.8998,30.6538,64.82,65.01,4.5,mb,0.00021,0.0342,,363.0,C,False,True,False,False,
usp000gshs,YER,KO,,BHE,broadband,35.66,26.39,42.0,37.1336,28.284,235.76,239.47,5.3,mwc,0.00018,0.0315,12.73,494.0,C,False,True,False,True,
usp000gsqz,CEYT,KO,,BHE,broadband,37.096,36.313,5.6,37.0105,35.7478,51.05,51.36,4.6,mb,0.00082,0.0438,,360.0,D,False,True,False,False,
usp000gsqz,KOZT,KO,,BHE,broadband,37.096,36.313,5.6,37.4795,35.8264,60.59,60.85,4.6,mb,0.00065,0.046,12.17,567.0,C,False,True,False,True,
usp000gsqz,KMRS,KO,,BHE,broadband,37.096,36.313,5.6,37.5087,36.9,69.29,69.52,4.6,mb,0.00061,0.0307,9.47,314.0,D,False,True,False,True,
usp000gt21,CRLT,KO,,BHE,broadband,40.798,27.785,11.2,41.129,27.736,37.03,38.69,4.6,ml,0.00163,0.0502,19.71,435.0,C,False,True,False,True,
usp000gt21,EDC,KO,,BHE,broadband,40.798,27.785,11.2,40.3465,27.8618,50.62,51.84,4.6,ml,0.00159,0.04,11.68,710.0,C,True,True,False,True,
usp000gt7f,YER,KO,,BHE,broadband,35.74,28.18,64.0,37.1336,28.284,155.24,167.92,4.7,mb,0.00028,0.0174,3.66,494.0,C,False,True,False,True,
usp000gu3g,TVSB,KO,,BHE,broadband,39.107,29.039,7.3,39.4497,29.4615,52.67,53.17,5.2,mwc,0.00747,0.2346,34.89,579.0,C,False,True,False,True,
usp000gu3g,KULA,KO,,BHE,broadband,39.107,29.039,7.3,38.5145,28.6607,73.59,73.95,5.2,mwc,0.00324,0.1081,23.19,515.0,C,False,True,False,True,
usp000gujh,YER,KO,,BHE,broadband,36.68,26.66,8.0,37.1336,28.284,152.95,153.16,4.6,mb,4e-05,0.0028,-1.08,494.0,C,False,True,False,True,
usp000gy9p,KRTS,KO,,BHE,broadband,36.047,36.02,10.4,36.573,35.375,82.23,82.89,5.0,mb,0.00099,0.0708,,313.0,D,True,True,False,False,
usp000gy9p,CEYT,KO,,BHE,broadband,36.047,36.02,10.4,37.0105,35.7478,109.86,110.35,5.0,mb,0.00047,0.0406,,360.0,D,False,True,False,False,
usp000gy9p,KOZT,KO,,BHE,broadband,36.047,36.02,10.4,37.4795,35.8264,160.22,160.56,5.0,mb,0.00014,0.01,3.71,567.0,C,False,True,False,True,
usp000gybc,DALY,KO,,BHE,broadband,35.389,28.507,30.0,36.8162,28.6532,159.24,162.04,4.7,mb,4e-05,0.0046,0.68,458.0,C,False,True,False,True,
usp000gybc,YER,KO,,BHE,broadband,35.389,28.507,30.0,37.1336,28.284,195.02,197.31,4.7,mb,4e-05,0.0045,,494.0,C,False,True,False,False,
usp000gych,DALY,KO,,BHE,broadband,35.358,28.453,28.0,36.8162,28.6532,163.14,165.53,5.8,mwc,0.00089,0.0835,12.44,458.0,C,False,True,False,False,has_gaps
usp000gych,YER,KO,,BHE,broadband,35.358,28.453,28.0,37.1336,28.284,198.02,199.99,5.8,mwc,0.00069,0.0803,15.58,494.0,C,False,True,False,True,
usp000gycm,DALY,KO,,BHZ,broadband,35.385,28.54,41.9,36.8162,28.6532,159.47,164.88,4.5,mb,3e-05,0.0026,,458.0,C,False,True,False,False,has_gaps
usp000gycm,ELL,KO,,BHE,broadband,35.385,28.54,41.9,36.7483,29.9085,195.21,199.66,4.5,mb,1e-05,0.0014,,900.0,B,False,True,False,False,
usp000gyh9,ELL,KO,,BHE,broadband,35.969,30.047,12.3,36.7483,29.9085,87.54,88.4,4.5,mb,7e-05,0.0067,3.67,900.0,B,False,True,False,True,eksik_bileşen
usp000gyh9,DALY,KO,,BHE,broadband,35.969,30.047,12.3,36.8162,28.6532,156.33,156.81,4.5,mb,0.00012,0.0093,,458.0,C,False,True,False,False,"has_gaps,eksik_bileşen"
usp000gze0,CUKT,KO,,BHE,broadband,35.888,43.353,25.8,37.2473,43.6077,152.85,155.01,5.1,mwc,0.00188,0.2015,29.97,900.0,B,True,True,False,True,
usp000gze0,SIRT,KO,,BHE,broadband,35.888,43.353,25.8,37.501,42.4392,196.99,198.67,5.1,mwc,0.00329,0.2341,21.11,629.0,C,False,True,False,True,
usp000gze0,MAZI,KO,,BHE,broadband,35.888,43.353,25.8,37.4593,40.4465,312.57,313.63,5.1,mwc,0.00102,0.0942,13.34,542.0,C,False,True,False,True,
usp000gzju,KOZT,KO,,BHE,broadband,37.546,35.694,6.5,37.4795,35.8264,13.82,15.27,4.5,mb,0.01148,0.3165,47.05,567.0,C,False,True,False,True,
usp000gzju,CEYT,KO,,BHE,broadband,37.546,35.694,6.5,37.0105,35.7478,59.73,60.08,4.5,mb,0.00145,0.0843,,360.0,D,False,True,False,False,
usp000gzju,KARA,KO,,BHE,broadband,37.546,35.694,6.5,37.2607,35.0547,64.77,65.1,4.5,mb,0.00055,0.0251,15.6,623.0,C,False,True,False,True,
usp000gzju,KMRS,KO,,BHE,broadband,37.546,35.694,6.5,37.5087,36.9,106.43,106.63,4.5,mb,0.00043,0.03,14.34,314.0,D,False,True,False,True,
usp000gzru,ELL,KO,,BHE,broadband,36.141,29.715,34.9,36.7483,29.9085,69.71,77.96,4.5,mb,0.00047,0.0398,17.94,900.0,B,False,True,False,True,
usp000gzru,DALY,KO,,BHE,broadband,36.141,29.715,34.9,36.8162,28.6532,121.03,125.96,4.5,mb,0.00062,0.047,15.98,458.0,C,False,True,False,True,
usp000gztb,ERZN,KO,,BHE,broadband,39.588,39.726,10.0,39.5867,39.722,0.37,10.01,5.0,mwc,0.04118,2.3779,18.29,573.0,C,False,True,False,True,
usp000gztb,PTK,KO,,BHE,broadband,39.588,39.726,10.0,38.8923,39.3923,82.52,83.12,5.0,mwc,0.0008,0.0881,14.72,456.0,C,False,True,False,True,
usp000gztb,BAYT,KO,,BHE,broadband,39.588,39.726,10.0,40.3937,40.141,96.31,96.83,5.0,mwc,0.00063,0.0475,14.23,561.0,C,False,True,False,True,
usp000h0wb,DALY,KO,,BHE,broadband,35.348,28.568,41.7,36.8162,28.6532,163.44,168.68,4.5,mb,3e-05,0.0035,,458.0,C,False,True,False,False,
usp000h0wb,ELL,KO,,BHE,broadband,35.348,28.568,41.7,36.7483,29.9085,196.89,201.26,4.5,mb,1e-05,0.0005,,900.0,B,False,True,False,False,
usp000h1ar,BCA,KO,,BHE,broadband,42.66,43.443,15.0,41.445,41.6223,202.11,202.67,6.0,mwc,0.00357,0.2402,24.53,642.0,C,False,True,False,False,has_gaps
usp000h1ar,AGRB,KO,,BHE,broadband,42.66,43.443,15.0,39.5755,42.992,345.05,345.38,6.0,mwc,0.00016,0.0757,9.01,474.0,C,False,True,False,True,
usp000h1as,BCA,KO,,BHZ,broadband,42.62,43.487,10.0,41.445,41.6223,201.95,202.2,4.8,mb,0.0004,0.0185,2.66,642.0,C,False,True,False,False,has_gaps
usp000h1as,AGRB,KO,,BHE,broadband,42.62,43.487,10.0,39.5755,42.992,341.06,341.21,4.8,mb,1e-05,0.0025,0.68,474.0,C,False,True,False,True,
usp000h1av,BCA,KO,,BHE,broadband,42.704,43.42,10.0,41.445,41.6223,203.99,204.23,4.5,mb,0.00025,0.0057,,642.0,C,False,True,False,False,has_gaps
usp000h1av,AGRB,KO,,BHE,broadband,42.704,43.42,10.0,39.5755,42.992,349.71,349.85,4.5,mb,0.0,0.0002,,474.0,C,False,True,False,False,
usp000h1ca,BCA,KO,,BHZ,broadband,42.538,43.567,9.1,41.445,41.6223,201.49,201.7,4.6,mb,0.00031,0.0053,,642.0,C,False,True,False,False,has_gaps
usp000h1ca,KARS,KO,,BHE,broadband,42.538,43.567,9.1,40.6152,43.0937,217.4,217.59,4.6,mb,4e-05,0.004,2.03,554.0,C,False,True,False,True,
usp000h1ca,AGRB,KO,,BHE,broadband,42.538,43.567,9.1,39.5755,42.992,332.92,333.04,4.6,mb,0.0,0.0008,,474.0,C,False,True,False,False,
usp000h1ca,KTUT,KO,,BHE,broadband,42.538,43.567,9.1,40.987,39.7667,359.25,359.37,4.6,mb,2e-05,0.0012,,646.0,C,False,True,False,False,has_gaps
usp000h1da,KONT,KO,,BHE,broadband,37.953,32.483,5.0,37.957,32.3563,11.12,12.19,4.9,mwc,0.02315,0.3356,46.49,572.0,C,False,True,False,True,
usp000h1da,LADK,KO,,BHE,broadband,37.953,32.483,5.0,38.1999,32.3648,29.34,29.76,4.9,mwc,0.00287,0.1003,22.12,438.0,C,False,True,False,True,
usp000h1da,SULT,KO,,BHE,broadband,37.953,32.483,5.0,38.1988,33.5157,94.44,94.57,4.9,mwc,0.00012,0.0178,10.53,324.0,D,False,True,False,True,
usp000h1dp,KONT,KO,,BHE,broadband,37.936,32.438,5.4,37.957,32.3563,7.53,9.27,4.9,mwc,0.02494,0.5974,43.24,572.0,C,False,True,False,True,
usp000h1dp,LADK,KO,,BHE,broadband,37.936,32.438,5.4,38.1999,32.3648,30.04,30.52,4.9,mwc,0.00935,0.2811,35.34,438.0,C,False,True,False,True,
usp000h1dp,SULT,KO,,BHE,broadband,37.936,32.438,5.4,38.1988,33.5157,98.77,98.92,4.9,mwc,0.00027,0.0284,14.77,324.0,D,False,True,False,True,
usp000h3tw,LEF,KO,,BHE,broadband,36.064,31.833,83.0,35.1118,32.8433,139.84,162.62,4.5,mb,0.00078,0.0178,30.56,497.0,C,False,True,False,True,
usp000h3tw,ANTB,KO,,BHE,broadband,36.064,31.833,83.0,36.8998,30.6538,140.54,163.22,4.5,mb,0.00011,0.0102,,363.0,C,False,True,False,False,
usp000h43p,DALY,KO,,BHE,broadband,35.132,27.85,10.0,36.8162,28.6532,200.74,200.99,4.5,mb,2e-05,0.016,,458.0,C,False,True,False,False,
usp000h43p,BODT,KO,,BHE,broadband,35.132,27.85,10.0,37.0622,27.3103,220.04,220.27,4.5,mb,2e-05,0.0017,1.32,464.0,C,False,True,False,True,
usp000h4a1,BZK,KO,,BHE,broadband,41.347,33.555,5.0,41.96,34.0035,77.68,77.84,4.5,mb,0.00088,0.074,10.72,871.0,B,False,True,False,True,
usp000h4a1,CANT,KO,,BHE,broadband,41.347,33.555,5.0,40.6062,33.6193,82.55,82.7,4.5,mb,0.00119,0.0533,12.99,583.0,C,False,True,False,True,
usp000h4c9,ELL,KO,,BHE,broadband,35.975,30.033,15.6,36.7483,29.9085,86.71,88.1,4.5,mb,0.00019,0.0155,4.34,900.0,B,False,True,False,True,
usp000h4c9,ANTB,KO,,BHE,broadband,35.975,30.033,15.6,36.8998,30.6538,116.87,117.91,4.5,mb,7e-05,0.0085,,363.0,C,False,True,False,False,
usp000h4c9,DALY,KO,,BHE,broadband,35.975,30.033,15.6,36.8162,28.6532,154.92,155.7,4.5,mb,0.00023,0.0164,,458.0,C,False,True,False,False,
usp000h4dp,KULA,KO,,BHE,broadband,37.87,28.955,10.0,38.5145,28.6607,76.14,76.79,4.6,mb,0.00081,0.018,8.32,515.0,C,False,True,False,True,
usp000h4dp,AYDB,KO,,BHE,broadband,37.87,28.955,10.0,37.9467,27.8908,93.75,94.28,4.6,mb,0.00036,0.0172,4.09,900.0,B,False,True,False,True,
usp000h4qu,KULA,KO,,BHE,broadband,37.915,28.726,5.0,38.5145,28.6607,66.91,67.1,4.9,mwc,0.00174,0.0657,19.87,515.0,C,False,True,False,True,
usp000h4qu,AYDB,KO,,BHE,broadband,37.915,28.726,5.0,37.9467,27.8908,73.34,73.51,4.9,mwc,0.00607,0.2125,22.63,900.0,B,False,True,False,True,
usp000h4r1,ELL,KO,,BHE,broadband,37.401,29.658,10.0,36.7483,29.9085,75.9,76.56,4.7,mb,0.00047,0.0365,11.72,900.0,B,False,True,False,True,
usp000h4r1,BCK,KO,,BHE,broadband,37.401,29.658,10.0,37.4602,30.5885,82.42,83.02,4.7,mb,0.00138,0.0747,14.98,567.0,C,True,True,False,False,has_gaps
usp000h4r1,FETY,KO,,BHE,broadband,37.401,29.658,10.0,36.6353,29.0835,99.25,99.75,4.7,mb,0.00037,0.0222,6.4,382.0,C,False,True,False,True,
usp000h565,BODT,KO,,BHE,broadband,36.1,27.18,91.0,37.0622,27.3103,107.62,140.94,4.5,mb,0.00051,0.0265,23.19,464.0,C,False,True,False,False,has_gaps
usp000h58s,LEF,KO,,BHE,broadband,35.72,31.511,63.5,35.1118,32.8433,138.38,152.25,5.3,mwc,0.0015,0.0747,33.63,497.0,C,False,True,False,True,
usp000h58s,ANTB,KO,,BHE,broadband,35.72,31.511,63.5,36.8998,30.6538,152.02,164.75,5.3,mwc,0.00061,0.0431,,363.0,C,False,True,False,False,
usp000h59e,BLCB,KO,,BHE,broadband,37.65,26.54,32.0,38.3853,27.042,92.84,98.2,4.5,mb,0.0005,0.0261,12.78,646.0,C,False,True,False,True,
usp000h59e,BODT,KO,,BHE,broadband,37.65,26.54,32.0,37.0622,27.3103,94.38,99.66,4.5,mb,0.00063,0.0303,22.9,464.0,C,False,True,False,True,
usp000h59e,AYDB,KO,,BHE,broadband,37.65,26.54,32.0,37.9467,27.8908,123.18,127.27,4.5,mb,0.0002,0.0114,,900.0,B,False,True,False,False,
usp000h5r4,BODT,KO,,BHE,broadband,36.18,25.41,105.0,37.0622,27.3103,195.91,222.27,4.5,mb,1e-05,0.001,-0.45,464.0,C,False,True,False,True,
usp000h68q,DALY,KO,,BHE,broadband,35.26,27.86,29.0,36.8162,28.6532,187.16,189.39,4.9,mwc,0.0001,0.009,6.63,458.0,C,False,True,False,True,
usp000h68q,FETY,KO,,BHE,broadband,35.26,27.86,29.0,36.6353,29.0835,188.45,190.67,4.9,mwc,9e-05,0.0081,4.2,382.0,C,False,True,False,True,
usp000h68q,BODT,KO,,BHE,broadband,35.26,27.86,29.0,37.0622,27.3103,206.38,208.41,4.9,mwc,0.00014,0.0144,18.49,464.0,C,False,True,False,True,
usp000h8x1,BNGB,KO,,BHE,broadband,38.864,39.986,12.0,38.9913,40.6792,61.61,62.77,6.1,mwc,0.01297,0.6965,40.82,603.0,C,False,True,False,True,
usp000h8xh,BNGB,KO,,BHE,broadband,38.709,40.051,10.0,38.9913,40.6792,62.81,63.6,5.6,mwc,0.00256,0.3085,30.38,603.0,C,False,True,False,True,
usp000h8xn,BNGB,KO,,BHE,broadband,38.736,40.076,5.1,38.9913,40.6792,59.44,59.66,4.6,mb,0.00022,0.0194,10.21,603.0,C,False,True,False,True,
usp000h8xr,BNGB,KO,,BHE,broadband,38.761,40.062,5.0,38.9913,40.6792,59.25,59.46,4.9,mwc,0.00079,0.0429,12.89,603.0,C,False,True,False,True,
usp000h8xy,BNGB,KO,,BHE,broadband,38.828,40.119,5.0,38.9913,40.6792,51.76,52.0,5.2,mb,0.00322,0.1289,21.84,603.0,C,False,True,False,True,
usp000h8y1,BNGB,KO,,BHE,broadband,38.776,40.143,5.0,38.9913,40.6792,52.22,52.46,5.1,mwc,0.00178,0.1339,23.19,603.0,C,False,True,False,True,
usp000h8yh,BNGB,KO,,BHE,broadband,38.677,40.05,10.0,38.9913,40.6792,64.74,65.51,4.9,mwc,0.00102,0.0599,15.16,603.0,C,False,True,False,True,
usp000h9xv,BNGB,KO,,BHE,broadband,38.821,40.138,4.5,38.9913,40.6792,50.51,50.71,5.1,mwc,0.00313,0.1786,26.15,603.0,C,False,True,False,True,
usp000h9xv,PTK,KO,,BHE,broadband,38.821,40.138,4.5,38.8923,39.3923,65.05,65.21,5.1,mwc,0.0027,0.213,18.73,456.0,C,False,True,False,True,
usp000h9xv,SVRC,KO,,BHE,broadband,38.821,40.138,4.5,38.3775,39.306,87.52,87.64,5.1,mwc,0.00128,0.1009,13.23,688.0,C,False,True,False,True,
usp000ha0f,AYDB,KO,,BHE,broadband,38.142,26.22,9.2,37.9467,27.8908,147.91,148.2,4.9,mb,0.00038,0.0335,8.19,900.0,B,False,True,False,False,has_gaps
usp000ha0f,BODT,KO,,BHE,broadband,38.142,26.22,9.2,37.0622,27.3103,153.76,154.03,4.9,mb,0.00033,0.0278,14.03,464.0,C,False,True,False,True,
usp000hfbp,BODT,KO,,BHE,broadband,36.81,26.91,165.0,37.0622,27.3103,45.3,171.11,5.1,mwc,0.00057,0.0701,31.44,464.0,C,False,True,False,True,
usp000hfbp,YER,KO,,BHZ,broadband,36.81,26.91,165.0,37.1336,28.284,127.25,208.37,5.1,mwc,0.00033,0.0255,19.33,494.0,C,False,True,False,False,has_gaps
usp000hkuk,SVRC,KO,,BHE,broadband,38.068,39.035,7.0,38.3775,39.306,41.77,42.35,4.7,mb,0.00779,0.2842,27.37,688.0,C,False,True,False,True,
usp000hkuk,URFA,KO,,BHE,broadband,38.068,39.035,7.0,37.4409,38.8213,72.22,72.56,4.7,mb,0.00192,0.0716,,364.0,C,False,True,False,False,"eksik_bileşen,clipping_şüphesi"
usp000hkuk,PTK,KO,,BHE,broadband,38.068,39.035,7.0,38.8923,39.3923,96.79,97.04,4.7,mb,0.00015,0.0219,6.87,456.0,C,False,True,False,True,
usp000hn37,FETY,KO,,BHE,broadband,36.071,29.532,21.1,36.6353,29.0835,74.5,77.43,4.5,ml,0.003,0.1072,20.15,382.0,C,False,True,False,True,
usp000hn37,ELL,KO,,BHE,broadband,36.071,29.532,21.1,36.7483,29.9085,82.51,85.17,4.5,ml,0.00071,0.0409,,900.0,B,False,True,False,False,"eksik_bileşen,Z_bileşeni_yok_veya_kısa"
usp000hn37,DALY,KO,,BHE,broadband,36.071,29.532,21.1,36.8162,28.6532,114.22,116.15,4.5,ml,0.00135,0.0548,9.43,458.0,C,False,True,False,True,
usp000hn37,ANTB,KO,,BHE,broadband,36.071,29.532,21.1,36.8998,30.6538,136.2,137.82,4.5,ml,0.00027,0.0352,,363.0,C,False,True,False,False,
usp000hnya,GELI,KO,,BHE,broadband,40.423,26.333,15.3,40.398,26.4742,12.27,19.61,5.3,mwc,0.02557,1.0172,51.54,561.0,C,False,True,False,True,
usp000hnya,ERIK,KO,,BHE,broadband,40.423,26.333,15.3,40.6708,26.5132,31.48,35.0,5.3,mwc,0.02621,0.3938,52.81,262.0,D,False,True,False,True,
usp000hpe2,AYDB,KO,,BHE,broadband,37.899,27.343,11.8,37.9467,27.8908,48.34,49.76,5.0,mwc,0.00728,0.2002,25.9,900.0,B,False,True,False,True,
usp000hpe2,BLCB,KO,,BHE,broadband,37.899,27.343,11.8,38.3853,27.042,60.14,61.29,5.0,mwc,0.00403,0.214,22.86,646.0,C,False,True,False,True,
usp000hpe2,MLSB,KO,,BHE,broadband,37.899,27.343,11.8,37.2953,27.7767,77.24,78.14,5.0,mwc,0.00252,0.1708,14.98,571.0,C,False,True,False,True,
usp000hpnf,TAHT,KO,,BHE,broadband,36.585,36.007,2.6,36.3755,36.1855,28.24,28.36,4.9,mwc,0.01846,0.3307,37.47,458.0,C,False,True,False,True,
usp000hpnf,CEYT,KO,,BHE,broadband,36.585,36.007,2.6,37.0105,35.7478,52.64,52.7,4.9,mwc,0.00128,0.0842,,360.0,D,False,True,False,False,
usp000hpnf,KRTS,KO,,BHE,broadband,36.585,36.007,2.6,36.573,35.375,56.45,56.51,4.9,mwc,0.00165,0.102,,313.0,D,True,True,False,False,
usp000hpr2,KMRS,KO,,BHE,broadband,37.312,36.415,5.3,37.5087,36.9,48.1,48.39,4.5,mb,0.0007,0.0539,21.42,314.0,D,False,True,False,True,
usp000hpr2,KOZT,KO,,BHE,broadband,37.312,36.415,5.3,37.4795,35.8264,55.23,55.48,4.5,mb,0.00035,0.0416,,567.0,C,False,True,False,False,"eksik_bileşen,Z_bileşeni_yok_veya_kısa"
usp000hpr2,CEYT,KO,,BHE,broadband,37.312,36.415,5.3,37.0105,35.7478,67.97,68.18,4.5,mb,0.00012,0.0215,,360.0,D,False,True,False,False,
usp000hqg2,MLSB,KO,,BHE,broadband,36.42,26.44,99.0,37.2953,27.7767,153.67,182.8,4.8,mb,5e-05,0.0313,,571.0,C,False,True,False,False,
usp000hqjn,FETY,KO,,BHE,broadband,35.293,28.572,35.7,36.6353,29.0835,156.19,160.22,4.8,mb,0.00011,0.0095,7.02,382.0,C,False,True,False,True,
usp000hs0j,GELI,KO,,BHE,broadband,40.326,25.864,12.1,40.398,26.4742,52.32,53.7,4.6,mb,0.00032,0.0156,7.56,561.0,C,False,True,False,True,
usp000hs0j,ERIK,KO,,BHE,broadband,40.326,25.864,12.1,40.6708,26.5132,66.96,68.04,4.6,mb,0.00057,0.0219,10.57,262.0,D,False,True,False,True,
usp000htbr,KARS,KO,,BHE,broadband,41.961,42.657,10.0,40.6152,43.0937,154.03,154.35,5.2,mwr,0.00137,0.0971,23.31,554.0,C,False,True,False,True,
usp000htbr,KTUT,KO,,BHE,broadband,41.961,42.657,10.0,40.987,39.7667,264.02,264.21,5.2,mwr,0.00013,0.0114,4.11,646.0,C,False,True,False,True,
usp000htbr,AGRB,KO,,BHE,broadband,41.961,42.657,10.0,39.5755,42.992,266.75,266.94,5.2,mwr,7e-05,0.0213,10.94,474.0,C,False,True,False,True,
usp000hu73,YER,KO,,BHE,broadband,36.656,26.922,133.6,37.1336,28.284,132.25,187.99,4.6,mb,4e-05,0.0017,,494.0,C,False,True,False,False,
usp000hux6,VRTB,KO,,BHE,broadband,38.983,42.297,5.0,39.1603,41.4558,75.25,75.42,4.6,mb,0.00129,0.0929,16.39,555.0,C,False,True,False,True,
usp000hux6,AGRB,KO,,BHE,broadband,38.983,42.297,5.0,39.5755,42.992,88.99,89.13,4.6,mb,0.00077,0.0612,8.59,474.0,C,False,True,False,True,
usp000hux6,SVAN,KO,,BHE,broadband,38.983,42.297,5.0,38.1511,41.1984,132.96,133.05,4.6,mb,8e-05,0.0117,6.03,571.0,C,False,True,False,True,
usp000huxz,VRTB,KO,,BHE,broadband,38.927,42.335,4.8,39.1603,41.4558,80.24,80.38,4.5,mb,0.00123,0.0914,11.96,555.0,C,False,True,False,True,
usp000huxz,AGRB,KO,,BHE,broadband,38.927,42.335,4.8,39.5755,42.992,91.65,91.78,4.5,mb,0.00054,0.033,4.95,474.0,C,False,True,False,True,
usp000huxz,SVAN,KO,,BHE,broadband,38.927,42.335,4.8,38.1511,41.1984,131.21,131.3,4.5,mb,8e-05,0.0099,6.56,571.0,C,False,True,False,True,
usp000hv2p,YER,KO,,BHE,broadband,36.583,27.154,138.4,37.1336,28.284,117.71,181.69,4.5,mb,0.00016,0.0033,,494.0,C,False,True,False,False,
usp000hx7m,AGRB,KO,,BHE,broadband,38.725,44.112,4.4,39.5755,42.992,135.17,135.24,4.7,mb,8e-05,0.0172,5.7,474.0,C,False,True,False,True,
usp000hx7m,CUKT,KO,,BHE,broadband,38.725,44.112,4.4,37.2473,43.6077,170.15,170.21,4.7,mb,0.00021,0.0242,6.25,900.0,B,True,True,False,True,
usp000hz2h,YER,KO,,BHE,broadband,35.662,26.56,59.9,37.1336,28.284,224.9,232.74,6.0,mww,0.00339,0.2946,30.03,494.0,C,False,True,False,True,
usp000j0ek,KOZT,KO,,BHE,broadband,37.47,35.584,10.4,37.4795,35.8264,21.42,23.81,4.5,mb,0.00074,0.0347,28.51,567.0,C,False,True,False,True,
usp000j0ek,KRTS,KO,,BHE,broadband,37.47,35.584,10.4,36.573,35.375,101.45,101.98,4.5,mb,0.00012,0.0117,,313.0,D,True,True,False,False,has_gaps
usp000j161,YER,KO,,BHE,broadband,36.974,28.248,1.2,37.1336,28.284,18.03,18.07,4.5,mb,0.00417,0.1906,26.37,494.0,C,False,True,False,True,
usp000j161,DALY,KO,,BHE,broadband,36.974,28.248,1.2,36.8162,28.6532,40.08,40.1,4.5,mb,0.00054,0.0188,10.03,458.0,C,False,True,False,True,
usp000j16w,DATC,KO,,HNE,strong_motion,36.704,27.238,11.0,36.7584,27.6602,38.11,39.67,5.1,mwr,0.00999,0.6942,,436.0,C,True,True,False,False,has_gaps
usp000j16w,YKAV,KO,,HNE,strong_motion,36.704,27.238,11.0,37.1246,27.2801,46.92,48.19,5.1,mwr,0.01166,0.5746,,462.0,C,True,True,True,False,
usp000j1up,TVSB,KO,,BHE,broadband,39.149,29.103,7.0,39.4497,29.4615,45.49,46.03,5.8,mww,0.01766,0.4744,48.73,579.0,C,False,True,False,True,
usp000j1up,KULA,KO,,BHE,broadband,39.149,29.103,7.0,38.5145,28.6607,80.28,80.58,5.8,mww,0.00931,0.318,34.39,515.0,C,False,True,False,True,
usp000j1uq,TVSB,KO,,BHE,broadband,39.124,29.079,5.0,39.4497,29.4615,48.94,49.19,4.6,ml,0.00718,0.1777,14.72,579.0,C,False,True,False,True,
usp000j1uq,KULA,KO,,BHE,broadband,39.124,29.079,5.0,38.5145,28.6607,76.85,77.01,4.6,ml,0.00053,0.0297,0.87,515.0,C,False,True,False,True,
usp000j1v9,TVSB,KO,,BHE,broadband,39.1,29.09,5.0,39.4497,29.4615,50.34,50.59,4.5,mb,0.00316,0.0945,23.14,579.0,C,False,True,False,True,
usp000j1v9,KULA,KO,,BHE,broadband,39.1,29.09,5.0,38.5145,28.6607,74.98,75.15,4.5,mb,0.00036,0.0185,7.35,515.0,C,False,True,False,True,
usp000j2b5,TVSB,KO,,BHE,broadband,39.119,29.049,9.2,39.4497,29.4615,51.11,51.93,4.8,mwr,0.00507,0.2188,38.08,579.0,C,False,True,False,True,
usp000j2b5,KULA,KO,,BHE,broadband,39.119,29.049,9.2,38.5145,28.6607,75.17,75.73,4.8,mwr,0.00139,0.0535,17.71,515.0,C,False,True,False,True,
usp000j2dm,SIRT,KO,,BHE,broadband,37.414,42.575,11.2,37.501,42.4392,15.4,19.04,4.5,mb,0.01728,0.3037,,629.0,C,False,True,False,False,clipping_şüphesi
usp000j2dm,CUKT,KO,,BHE,broadband,37.414,42.575,11.2,37.2473,43.6077,93.17,93.84,4.5,mb,0.00081,0.041,14.85,900.0,B,True,True,False,True,
usp000j2dm,SVAN,KO,,BHE,broadband,37.414,42.575,11.2,38.1511,41.1984,146.13,146.56,4.5,mb,0.00022,0.0133,15.22,571.0,C,False,True,False,True,
usp000j3cp,DATC,KO,,HNE,strong_motion,35.42,27.75,26.0,36.7584,27.6602,149.04,151.29,4.5,mb,0.00095,0.0434,,436.0,C,True,True,False,False,has_gaps
usp000j3cp,DALY,KO,,BHE,broadband,35.42,27.75,26.0,36.8162,28.6532,175.17,177.09,4.5,mb,0.00013,0.0132,1.97,458.0,C,False,True,False,True,
usp000j3ku,SVRC,KO,,BHE,broadband,38.578,39.64,6.1,38.3775,39.306,36.64,37.14,5.2,mwr,0.0143,0.2913,40.14,688.0,C,False,True,False,True,
usp000j3ku,PTK,KO,,BHE,broadband,38.578,39.64,6.1,38.8923,39.3923,41.02,41.47,5.2,mwr,0.00683,0.315,35.48,456.0,C,False,True,False,True,
usp000j3ur,GEDZ,KO,,HHE,broadband,39.114,29.031,10.4,39.0445,29.4105,33.66,35.23,4.7,mwr,0.03903,0.4803,31.4,468.0,C,True,True,False,True,
usp000j3ur,TVSB,KO,,BHE,broadband,39.114,29.031,10.4,39.4497,29.4615,52.6,53.62,4.7,mwr,0.00522,0.198,33.83,579.0,C,False,True,False,True,
usp000j3ur,KULA,KO,,BHE,broadband,39.114,29.031,10.4,38.5145,28.6607,73.98,74.71,4.7,mwr,0.00174,0.0582,14.76,515.0,C,False,True,False,True,
usp000j3yg,KOZT,KO,,BHE,broadband,37.412,35.875,5.5,37.4795,35.8264,8.65,10.25,4.5,mb,0.00805,0.2894,44.62,567.0,C,False,True,False,True,
usp000j3yg,KMRS,KO,,BHE,broadband,37.412,35.875,5.5,37.5087,36.9,91.11,91.28,4.5,mb,0.0008,0.0417,15.83,314.0,D,False,True,False,True,
usp000j42p,YKAV,KO,,HNE,strong_motion,36.51,26.61,138.0,37.1246,27.2801,90.71,165.14,4.8,mb,8e-05,0.0381,,462.0,C,True,True,True,False,
usp000j42p,DATC,KO,,HNE,strong_motion,36.51,26.61,138.0,36.7584,27.6602,97.69,169.08,4.8,mb,0.00038,0.039,,436.0,C,True,True,False,False,has_gaps
usp000j4ns,ADVT,KO,,BHE,broadband,40.247,29.954,5.0,40.4332,29.7383,27.62,28.07,4.5,mb,0.00145,0.0675,27.08,562.0,C,False,True,False,True,
usp000j5g9,MRMT,KO,,BHE,broadband,40.802,27.752,16.4,40.609,27.5832,25.75,30.53,5.1,mwc,0.00635,0.2324,41.29,288.0,D,False,True,False,True,
usp000j5g9,CRLT,KO,,BHE,broadband,40.802,27.752,16.4,41.129,27.736,36.39,39.91,5.1,mwc,0.00491,0.3081,32.54,435.0,C,False,True,False,True,
usp000j5js,LADK,KO,,BHE,broadband,38.32,31.957,10.0,38.1999,32.3648,38.03,39.32,4.8,mwc,0.00339,0.1334,24.48,438.0,C,False,True,False,True,
usp000j5js,KONT,KO,,BHE,broadband,38.32,31.957,10.0,37.957,32.3563,53.37,54.3,4.8,mwc,0.00528,0.1417,22.74,572.0,C,False,True,False,True,
usp000j5js,CHBY,KO,,HHE,broadband,38.32,31.957,10.0,38.5823,32.8902,86.34,86.92,4.8,mwc,0.0006,0.0442,15.63,334.0,D,False,True,False,True,
usp000j6mw,KARS,KO,,BHE,broadband,42.606,42.948,10.0,40.6152,43.0937,221.7,221.93,4.8,mwr,0.00026,0.0416,17.2,554.0,C,False,True,False,True,
usp000j6mw,SENK,KO,,BHE,broadband,42.606,42.948,10.0,40.5614,42.3505,232.72,232.93,4.8,mwr,0.00023,0.0264,2.07,864.0,B,False,True,False,True,
usp000j6mw,KTUT,KO,,BHE,broadband,42.606,42.948,10.0,40.987,39.7667,319.27,319.43,4.8,mwr,6e-05,0.0049,-0.4,646.0,C,False,True,False,True,
usp000j8cv,ERZN,KO,,BHE,broadband,39.785,38.842,5.0,39.5867,39.722,78.46,78.62,5.5,mwb,0.00244,0.1824,24.32,573.0,C,False,True,False,True,
usp000j8cv,PTK,KO,,BHE,broadband,39.785,38.842,5.0,38.8923,39.3923,109.97,110.08,5.5,mwb,0.00225,0.2929,23.39,456.0,C,False,True,False,True,
usp000j9rr,VANB,KO,,BHE,broadband,38.721,43.508,18.0,38.509,43.4056,25.2,30.97,7.1,mww,0.0,0.0,,548.0,C,False,True,False,False,clipping_şüphesi
usp000j9rr,AGRB,KO,,BHE,broadband,38.721,43.508,18.0,39.5755,42.992,104.92,106.45,7.1,mww,0.01994,0.3919,49.73,474.0,C,False,True,False,True,
usp000j9rr,CUKT,KO,,BHE,broadband,38.721,43.508,18.0,37.2473,43.6077,164.1,165.08,7.1,mww,0.00653,1.9532,37.76,900.0,B,True,True,False,True,clipping_şüphesi
usp000j9rs,AGRB,KO,,BHE,broadband,38.751,43.595,9.0,39.5755,42.992,105.39,105.77,5.6,mb,0.00118,0.0903,7.79,474.0,C,False,True,False,True,
usp000j9rs,CUKT,KO,,BHE,broadband,38.751,43.595,9.0,37.2473,43.6077,167.21,167.45,5.6,mb,0.00019,0.0725,2.92,900.0,B,True,True,False,True,
usp000j9rt,AGRB,KO,,BHE,broadband,38.764,43.252,7.1,39.5755,42.992,92.98,93.25,4.8,mb,0.00076,0.0551,3.89,474.0,C,False,True,False,True,
usp000j9rv,AGRB,KO,,BHE,broadband,38.814,43.446,5.0,39.5755,42.992,93.28,93.41,5.6,mb,0.00213,0.2807,16.03,474.0,C,False,True,False,True,
usp000j9rw,AGRB,KO,,BHE,broadband,38.593,43.516,10.0,39.5755,42.992,118.24,118.66,4.6,mb,0.00202,0.1161,2.02,474.0,C,False,True,False,True,
usp000j9rw,CUKT,KO,,BHE,broadband,38.593,43.516,10.0,37.2473,43.6077,149.85,150.18,4.6,mb,0.00029,0.0603,3.36,900.0,B,True,True,False,True,
usp000j9rx,AGRB,KO,,BHE,broadband,38.603,43.101,10.0,39.5755,42.992,108.55,109.01,5.2,mb,0.00202,0.1154,-0.11,474.0,C,False,True,False,True,
usp000j9ry,AGRB,KO,,BHE,broadband,38.56,43.284,10.0,39.5755,42.992,115.7,116.13,4.5,mb,0.00015,0.0095,-0.11,474.0,C,False,True,False,True,
usp000j9rz,SVAN,KO,,BHE,broadband,38.325,42.607,10.0,38.1511,41.1984,124.53,124.93,5.0,mb,4e-05,0.0101,5.22,571.0,C,False,True,False,True,
usp000j9rz,VRTB,KO,,BHN,broadband,38.325,42.607,10.0,39.1603,41.4558,136.36,136.73,5.0,mb,0.0001,0.03,7.25,555.0,C,False,True,False,False,has_gaps
usp000j9s0,AGRB,KO,,BHE,broadband,38.741,43.341,10.0,39.5755,42.992,97.55,98.06,4.7,mb,0.00021,0.0111,7.1,474.0,C,False,True,False,True,
usp000j9s1,AGRB,KO,,BHE,broadband,38.694,43.571,11.4,39.5755,42.992,110.01,110.6,4.5,mb,0.00014,0.0089,5.26,474.0,C,False,True,False,True,
usp000j9s1,CUKT,KO,,BHE,broadband,38.694,43.571,11.4,37.2473,43.6077,160.9,161.3,4.5,mb,7e-05,0.0086,1.35,900.0,B,True,True,False,True,
usp000j9s2,AGRB,KO,,BHE,broadband,38.809,43.3,5.0,39.5755,42.992,89.27,89.41,5.7,mb,0.00484,0.2872,5.25,474.0,C,False,True,False,True,
usp000j9s6,AGRB,KO,,BHE,broadband,38.701,43.141,7.0,39.5755,42.992,98.09,98.34,4.7,mb,0.0002,0.0124,5.3,474.0,C,False,True,False,True,
usp000j9s8,AGRB,KO,,BHE,broadband,38.786,43.163,5.0,39.5755,42.992,89.02,89.16,4.5,mb,0.0002,0.0102,5.27,474.0,C,False,True,False,True,
usp000j9s8,VRTB,KO,,BHE,broadband,38.786,43.163,5.0,39.1603,41.4558,153.34,153.42,4.5,mb,0.00048,0.0064,2.67,555.0,C,False,True,False,True,
usp000j9sc,AGRB,KO,,BHE,broadband,38.729,43.192,5.0,39.5755,42.992,95.69,95.82,4.8,mb,0.00028,0.016,8.52,474.0,C,False,True,False,True,
usp000j9se,AGRB,KO,,BHE,broadband,38.759,43.338,7.2,39.5755,42.992,95.56,95.83,4.5,mb,0.00026,0.0163,5.19,474.0,C,False,True,False,True,
usp000j9sq,AGRB,KO,,BHE,broadband,38.488,43.256,15.9,39.5755,42.992,123.06,124.08,4.8,mb,0.00036,0.0298,10.64,474.0,C,False,True,False,True,
usp000j9st,VANB,KO,,BHE,broadband,38.66,43.333,18.3,38.509,43.4056,17.94,25.63,4.6,mb,0.0,0.0,,548.0,C,False,True,False,False,clipping_şüphesi
usp000j9st,AGRB,KO,,BHE,broadband,38.66,43.333,18.3,39.5755,42.992,105.96,107.53,4.6,mb,0.00022,0.0246,11.12,474.0,C,False,True,False,True,
usp000j9su,VANB,KO,,BHE,broadband,38.793,43.585,9.8,38.509,43.4056,35.21,36.55,4.6,mb,0.0,0.0,,548.0,C,False,True,False,False,clipping_şüphesi
usp000j9su,CUKT,KO,,BHE,broadband,38.793,43.585,9.8,37.2473,43.6077,171.89,172.17,4.6,mb,0.00016,0.0248,12.1,900.0,B,True,True,False,True,
usp000j9t0,VANB,KO,,BHE,broadband,38.71,43.338,5.0,38.509,43.4056,23.11,23.64,5.1,mwc,0.00456,0.2484,7.4,548.0,C,False,True,False,True,
usp000j9t0,AGRB,KO,,BHE,broadband,38.71,43.338,5.0,39.5755,42.992,100.76,100.88,5.1,mwc,0.00147,0.082,20.89,474.0,C,False,True,False,True,
usp000j9t2,AGRB,KO,,BHE,broadband,38.711,43.336,12.3,39.5755,42.992,100.6,101.35,4.9,mb,0.00103,0.0533,10.76,474.0,C,False,True,False,True,
usp000j9t4,AGRB,KO,,BHE,broadband,38.787,43.296,5.0,39.5755,42.992,91.51,91.65,4.8,mb,0.00131,0.0962,11.63,474.0,C,False,True,False,True,
usp000j9t8,AGRB,KO,,BHE,broadband,38.634,43.077,5.0,39.5755,42.992,104.95,105.07,5.9,mww,0.00262,0.3052,28.74,474.0,C,False,True,False,True,
usp000j9t9,AGRB,KO,,BHE,broadband,38.616,43.084,7.7,39.5755,42.992,106.99,107.27,4.5,mb,0.00014,0.0128,6.93,474.0,C,False,True,False,True,
usp000j9th,AGRB,KO,,BHE,broadband,38.624,43.067,5.0,39.5755,42.992,106.0,106.12,4.8,mb,0.00025,0.0213,7.23,474.0,C,False,True,False,True,
usp000j9u0,AGRB,KO,,BHE,broadband,38.651,43.226,5.0,39.5755,42.992,104.76,104.88,4.7,mb,0.00018,0.0148,3.67,474.0,C,False,True,False,True,
usp000j9u2,AGRB,KO,,BHE,broadband,38.64,43.302,10.0,39.5755,42.992,107.41,107.87,4.7,mb,0.00094,0.0465,9.38,474.0,C,False,True,False,True,
usp000j9u8,AGRB,KO,,BHE,broadband,38.851,43.425,4.5,39.5755,42.992,88.78,88.89,4.5,mb,0.00016,0.0115,7.93,474.0,C,False,True,False,True,
usp000j9u9,CUKT,KO,,BHE,broadband,38.617,43.55,3.6,37.2473,43.6077,152.39,152.43,4.8,mwc,0.00014,0.0187,8.29,900.0,B,True,True,False,True,
usp000j9ub,CUKT,KO,,BHE,broadband,38.667,43.515,7.6,37.2473,43.6077,158.07,158.25,4.8,mwc,0.00017,0.0266,10.09,900.0,B,True,True,False,True,
usp000j9ur,AGRB,KO,,BHE,broadband,38.674,43.198,10.6,39.5755,42.992,101.8,102.35,5.0,mwc,0.00086,0.0476,18.81,474.0,C,False,True,False,True,
usp000j9v8,AGRB,KO,,BHE,broadband,38.736,43.561,5.0,39.5755,42.992,105.46,105.58,4.6,mb,0.00024,0.0266,11.81,474.0,C,False,True,False,True,
usp000j9v8,CUKT,KO,,BHE,broadband,38.736,43.561,5.0,37.2473,43.6077,165.59,165.67,4.6,mb,8e-05,0.0102,2.73,900.0,B,True,True,False,True,
usp000j9vg,AGRB,KO,,BHE,broadband,38.747,43.169,5.0,39.5755,42.992,93.38,93.51,4.7,mb,0.00046,0.014,7.81,474.0,C,False,True,False,True,
usp000j9w5,AGRB,KO,,BHE,broadband,38.811,43.623,14.0,39.5755,42.992,100.91,101.88,5.6,mww,0.00215,0.2203,27.65,474.0,C,False,True,False,True,
usp000j9x9,AGRB,KO,,BHE,broadband,38.803,43.504,10.0,39.5755,42.992,96.57,97.09,4.5,mb,0.0002,0.0152,-0.45,474.0,C,False,True,False,True,
usp000j9xd,AGRB,KO,,BHE,broadband,38.73,43.3,5.0,39.5755,42.992,97.69,97.82,4.8,mwc,0.00093,0.0373,11.23,474.0,C,False,True,False,True,
usp000j9yk,AGRB,KO,,BHE,broadband,38.699,43.395,5.4,39.5755,42.992,103.47,103.61,4.5,mb,0.00022,0.0178,9.59,474.0,C,False,True,False,True,
usp000j9z9,CUKT,KO,,BHE,broadband,37.256,43.86,10.0,37.2473,43.6077,22.35,24.49,5.1,mwc,0.0252,0.5917,47.13,900.0,B,True,True,False,True,
usp000ja0r,AGRB,KO,,BHE,broadband,38.649,43.635,5.0,39.5755,42.992,117.01,117.12,4.6,mb,9e-05,0.0096,2.57,474.0,C,False,True,False,True,
usp000ja3h,AGRB,KO,,BHE,broadband,38.89,43.56,5.0,39.5755,42.992,90.57,90.71,5.1,mwc,0.001,0.1104,16.64,474.0,C,False,True,False,True,
usp000ja3q,AGRB,KO,,BHE,broadband,38.729,43.593,5.0,39.5755,42.992,107.45,107.57,4.5,mb,0.00036,0.0211,9.42,474.0,C,False,True,False,True,
usp000ja7v,AGRB,KO,,BHE,broadband,38.87,43.57,5.0,39.5755,42.992,92.91,93.04,4.5,mb,0.0003,0.018,10.12,474.0,C,False,True,False,True,
usp000jacw,AGRB,KO,,BHE,broadband,38.807,43.542,5.0,39.5755,42.992,97.72,97.85,4.5,mb,0.00061,0.0253,6.89,474.0,C,False,True,False,True,
usp000jadk,AGRB,KO,,BHE,broadband,38.924,43.565,5.0,39.5755,42.992,87.65,87.79,4.8,mwc,0.00063,0.042,15.41,474.0,C,False,True,False,True,
usp000jahb,AGRB,KO,,BHE,broadband,38.688,43.631,3.8,39.5755,42.992,113.03,113.09,4.8,mb,0.00017,0.0186,6.89,474.0,C,False,True,False,True,
usp000jaj1,AGRB,KO,,BHE,broadband,38.917,43.609,5.0,39.5755,42.992,90.47,90.61,4.5,mb,0.00034,0.0261,9.5,474.0,C,False,True,False,True,
usp000jak5,AGRB,KO,,BHE,broadband,38.664,43.651,5.0,39.5755,42.992,116.21,116.32,4.5,mb,0.0001,0.0119,4.59,474.0,C,False,True,False,True,
usp000jakm,AGRB,KO,,BHE,broadband,38.8,43.467,5.0,39.5755,42.992,95.46,95.59,4.5,mb,0.00046,0.0274,6.25,474.0,C,False,True,False,True,
usp000jakt,AGRB,KO,,BHE,broadband,38.718,43.191,10.0,39.5755,42.992,96.88,97.39,5.2,mwb,0.00564,0.2666,32.94,474.0,C,False,True,False,True,
usp000jamt,DALY,KO,,BHE,broadband,35.694,27.647,10.9,36.8162,28.6532,153.98,154.37,4.5,mb,3e-05,0.003,,458.0,C,False,True,False,False,
usp000javr,CLDR,KO,,BHE,broadband,38.658,43.077,4.6,39.144,43.9172,90.59,90.71,4.5,mb,0.00045,0.0248,7.23,296.0,D,False,True,False,True,
usp000javs,CLDR,KO,,BHE,broadband,38.647,43.046,5.0,39.144,43.9172,93.48,93.61,4.7,mb,0.00013,0.134,-3.18,296.0,D,False,True,False,False,has_gaps
usp000javz,CLDR,KO,,BHE,broadband,38.658,43.17,10.0,39.144,43.9172,84.27,84.86,5.2,mwc,0.00134,0.1373,17.69,296.0,D,False,True,False,True,
usp000jayw,VRTB,KO,,BHE,broadband,39.133,41.565,3.8,39.1603,41.4558,9.89,10.59,4.9,mb,0.02807,3.1549,49.08,555.0,C,False,True,False,False,has_gaps
usp000jayw,YEDI,KO,,BHE,broadband,39.133,41.565,3.8,39.4377,40.5443,94.15,94.23,4.9,mb,0.00034,0.0272,1.77,833.0,B,False,True,False,True,
usp000jb2m,CLDR,KO,,BHE,broadband,38.85,43.878,5.0,39.144,43.9172,32.87,33.25,4.9,mwc,0.00171,0.2381,29.89,296.0,D,False,True,False,True,
usp000jb2m,AGRB,KO,,BHE,broadband,38.85,43.878,5.0,39.5755,42.992,111.06,111.17,4.9,mwc,0.00018,0.0335,10.21,474.0,C,False,True,False,True,
usp000jb8a,CLDR,KO,,BHE,broadband,38.611,43.287,2.5,39.144,43.9172,80.55,80.59,4.6,mb,0.00026,0.0252,7.16,296.0,D,False,True,False,True,
usp000jbkq,FETY,KO,,BHE,broadband,35.895,28.508,35.0,36.6353,29.0835,97.15,103.26,4.5,mb,0.00029,0.0114,7.0,382.0,C,False,True,False,True,
usp000jbkq,DALY,KO,,BHE,broadband,35.895,28.508,35.0,36.8162,28.6532,103.25,109.02,4.5,mb,0.00024,0.0074,8.26,458.0,C,False,True,False,True,
usp000jbmn,CLDR,KO,,BHE,broadband,38.474,43.454,4.3,39.144,43.9172,84.62,84.73,5.4,mwc,0.00106,0.0957,18.94,296.0,D,False,True,False,True,
usp000jbrf,CLDR,KO,,BHE,broadband,38.868,43.791,5.0,39.144,43.9172,32.57,32.95,4.7,mb,0.00074,0.0775,23.55,296.0,D,False,True,False,True,
usp000jbrf,AGRB,KO,,BHE,broadband,38.868,43.791,5.0,39.5755,42.992,104.53,104.65,4.7,mb,7e-05,0.0099,3.26,474.0,C,False,True,False,True,
usp000jbvv,CLDR,KO,,BHE,broadband,38.812,43.67,5.0,39.144,43.9172,42.65,42.94,4.6,mb,0.00092,0.0695,20.76,296.0,D,False,True,False,True,
usp000jbvv,AGRB,KO,,BHE,broadband,38.812,43.67,5.0,39.5755,42.992,103.06,103.18,4.6,mb,0.00028,0.0175,10.06,474.0,C,False,True,False,True,
usp000jbw9,CUKT,KO,,BHE,broadband,37.244,43.713,13.6,37.2473,43.6077,9.33,16.49,4.5,mb,9e-05,0.009,,900.0,B,True,True,False,False,
usp000jbw9,SIRT,KO,,BHE,broadband,37.244,43.713,13.6,37.501,42.4392,116.13,116.92,4.5,mb,0.00073,0.0487,12.64,629.0,C,False,True,False,True,
usp000jcqj,CLDR,KO,,BHE,broadband,38.888,43.79,5.0,39.144,43.9172,30.51,30.92,4.7,mb,0.00091,0.2453,23.51,296.0,D,False,True,False,True,
usp000jcqj,AGRB,KO,,BHE,broadband,38.888,43.79,5.0,39.5755,42.992,102.8,102.92,4.7,mb,0.00011,0.033,4.57,474.0,C,False,True,False,True,
usp000jd3j,ERCV,KO,,HNE,strong_motion,38.7,43.64,5.0,39.0198,43.3381,44.13,44.41,4.5,mb,0.00312,0.1575,,344.0,D,True,True,True,False,
usp000jd3j,CLDR,KO,,BHE,broadband,38.7,43.64,5.0,39.144,43.9172,54.89,55.12,4.5,mb,0.00063,0.0485,13.08,296.0,D,False,True,False,True,
usp000jd3j,AGRB,KO,,BHE,broadband,38.7,43.64,5.0,39.5755,42.992,112.25,112.36,4.5,mb,0.00011,0.0077,0.37,474.0,C,False,True,False,True,
usp000jd4z,FETY,KO,,BHE,broadband,36.195,29.061,56.5,36.6353,29.0835,49.0,74.79,4.5,mb,0.00151,0.0537,16.04,382.0,C,False,True,False,True,
usp000jd4z,FETI,KO,,HNE,strong_motion,36.195,29.061,56.5,36.6903,29.096,55.16,78.96,4.5,mb,0.00183,0.0165,,462.0,C,True,True,True,False,
usp000jd4z,DEMR,KO,,HNE,strong_motion,36.195,29.061,56.5,36.2365,29.9056,75.91,94.63,4.5,mb,0.00044,0.0079,,861.0,B,True,True,True,False,
usp000jdcd,KEMT,KO,,HNE,strong_motion,36.077,31.104,65.9,36.6037,30.5558,76.43,100.92,4.5,mb,0.00115,0.0366,,454.0,C,True,True,True,False,
usp000jdcd,MNVG,KO,,HNE,strong_motion,36.077,31.104,65.9,36.7935,31.4161,84.42,107.1,4.5,mb,0.00056,0.023,,304.0,D,True,True,True,False,
usp000jdcd,ALAN,KO,,HNE,strong_motion,36.077,31.104,65.9,36.557,32.0327,98.85,118.8,4.5,mb,0.00135,0.0437,,822.0,B,True,True,True,False,
usp000jdrj,ERCV,KO,,HNE,strong_motion,38.695,43.451,5.0,39.0198,43.3381,37.42,37.75,4.7,mb,0.00624,0.4147,,344.0,D,True,True,True,False,
usp000jdrj,CLDR,KO,,BHE,broadband,38.695,43.451,5.0,39.144,43.9172,64.18,64.37,4.7,mb,0.00432,0.251,23.43,296.0,D,False,True,False,True,
usp000jdrj,AGRB,KO,,BHE,broadband,38.695,43.451,5.0,39.5755,42.992,105.61,105.73,4.7,mb,0.00024,0.0192,4.9,474.0,C,False,True,False,True,
usp000jdzp,YKAV,KO,,HNE,strong_motion,36.06,25.07,29.0,37.1246,27.2801,230.09,231.91,5.2,mb,0.00011,0.0187,,462.0,C,True,True,True,False,
usp000jdzp,DIDI,KO,,HNE,strong_motion,36.06,25.07,29.0,37.3767,27.2398,242.56,244.29,5.2,mb,0.00085,0.0289,,316.0,D,True,True,True,False,
usp000jdzu,YKAV,KO,,HNE,strong_motion,36.026,25.005,10.0,37.1246,27.2801,237.05,237.26,4.5,mb,0.0001,0.0202,,462.0,C,True,True,True,False,
usp000jdzu,DIDI,KO,,HNE,strong_motion,36.026,25.005,10.0,37.3767,27.2398,249.49,249.69,4.5,mb,0.00027,0.0277,,316.0,D,True,True,True,False,
usp000je0w,YKAV,KO,,HNE,strong_motion,36.044,25.064,5.2,37.1246,27.2801,231.49,231.55,5.3,mwc,8e-05,0.0127,,462.0,C,True,True,True,False,
usp000je0w,DIDI,KO,,HNE,strong_motion,36.044,25.064,5.2,37.3767,27.2398,244.07,244.13,5.3,mwc,0.00017,0.037,,316.0,D,True,True,True,False,
usp000je1u,YKAV,KO,,HNE,strong_motion,36.061,25.041,17.8,37.1246,27.2801,232.26,232.94,4.7,mb,0.00011,0.0193,,462.0,C,True,True,True,False,
usp000je1u,DIDI,KO,,HNE,strong_motion,36.061,25.041,17.8,37.3767,27.2398,244.55,245.2,4.7,mb,0.00175,0.0604,,316.0,D,True,True,True,False,
usp000je2t,YKAV,KO,,HNE,strong_motion,36.054,25.035,15.1,37.1246,27.2801,233.12,233.61,4.5,mb,4e-05,0.0326,,462.0,C,True,True,True,False,
usp000je2t,DIDI,KO,,HNE,strong_motion,36.054,25.035,15.1,37.3767,27.2398,245.45,245.91,4.5,mb,0.00392,0.0364,,316.0,D,True,True,True,False,
usp000je47,ERCV,KO,,HNE,strong_motion,38.823,43.599,5.0,39.0198,43.3381,31.44,31.84,4.5,mb,0.00748,0.5269,,344.0,D,True,True,True,False,
usp000je47,CLDR,KO,,BHE,broadband,38.823,43.599,5.0,39.144,43.9172,45.06,45.34,4.5,mb,0.00154,0.118,19.83,296.0,D,False,True,False,True,
usp000je4g,YKAV,KO,,HNE,strong_motion,36.072,25.009,17.2,37.1246,27.2801,234.09,234.72,4.5,mb,5e-05,0.0431,,462.0,C,True,True,True,False,
usp000je4g,DIDI,KO,,HNE,strong_motion,36.072,25.009,17.2,37.3767,27.2398,246.11,246.71,4.5,mb,0.00066,0.0213,,316.0,D,True,True,True,False,
usp000jf19,ERCV,KO,,HNE,strong_motion,38.696,43.212,4.9,39.0198,43.3381,37.62,37.94,4.7,mb,0.01175,0.5787,,344.0,D,True,True,True,False,
usp000jf19,CLDR,KO,,BHE,broadband,38.696,43.212,4.9,39.144,43.9172,78.76,78.91,4.7,mb,0.00148,0.0762,16.82,296.0,D,False,True,False,True,
usp000jf19,AGRB,KO,,BHE,broadband,38.696,43.212,4.9,39.5755,42.992,99.62,99.74,4.7,mb,0.00084,0.0294,10.3,474.0,C,False,True,False,True,
usp000jftc,SIRT,KO,,BHE,broadband,35.042,44.095,32.1,37.501,42.4392,311.11,312.76,4.6,mb,0.00018,0.0184,8.65,629.0,C,False,True,False,True,
usp000jgts,AGRB,KO,,BHE,broadband,39.171,42.33,5.0,39.5755,42.992,72.53,72.7,5.0,mwr,0.00289,0.1531,21.2,474.0,C,False,True,False,True,
usp000jgts,GURO,KO,,HHE,broadband,39.171,42.33,5.0,38.5509,42.0322,73.62,73.79,5.0,mwr,0.00521,0.3682,17.23,559.0,C,False,True,False,True,
usp000jgts,VRTB,KO,,BHN,broadband,39.171,42.33,5.0,39.1603,41.4558,75.38,75.55,5.0,mwr,0.00157,0.284,23.25,555.0,C,False,True,False,False,has_gaps
usp000jgts,ERCV,KO,,HNE,strong_motion,39.171,42.33,5.0,39.0198,43.3381,88.61,88.75,5.0,mwr,0.00218,0.2236,,344.0,D,True,True,True,False,
usp000jj2d,SIMA,KO,,HHE,broadband,39.137,29.153,6.0,39.0833,28.9825,15.88,16.98,4.5,mb,0.01411,0.3354,16.3,578.0,C,False,True,False,True,
usp000jj2d,TVSB,KO,,BHE,broadband,39.137,29.153,6.0,39.4497,29.4615,43.75,44.16,4.5,mb,0.0031,0.1191,9.69,579.0,C,False,True,False,True,
usp000jj72,ERCV,KO,,HNE,strong_motion,38.836,43.581,5.0,39.0198,43.3381,29.31,29.73,4.5,mb,0.00698,0.4028,,344.0,D,True,True,True,False,
usp000jj72,CLDR,KO,,BHE,broadband,38.836,43.581,5.0,39.144,43.9172,44.91,45.19,4.5,mb,0.00099,0.0444,20.15,296.0,D,False,True,False,True,
usp000jj72,AGRB,KO,,BHE,broadband,38.836,43.581,5.0,39.5755,42.992,96.63,96.76,4.5,mb,0.00026,0.0155,7.51,474.0,C,False,True,False,True,
usp000jjjz,GADA,KO,,BHE,broadband,40.256,25.074,10.0,40.1908,25.8987,70.39,71.1,4.5,mb,0.00011,0.0074,5.69,451.0,C,False,True,False,True,
usp000jjjz,ENEZ,KO,,BHN,broadband,40.256,25.074,10.0,40.7362,26.153,105.71,106.18,4.5,mb,0.00035,0.0153,8.45,462.0,C,False,True,False,False,has_gaps
usp000jjn3,SIMA,KO,,HHE,broadband,39.124,29.079,8.0,39.0833,28.9825,9.48,12.4,4.6,mb,0.04574,0.3697,76.38,578.0,C,False,True,False,True,
usp000jjn3,TVSB,KO,,BHE,broadband,39.124,29.079,8.0,39.4497,29.4615,48.94,49.59,4.6,mb,0.00462,0.1611,27.47,579.0,C,False,True,False,True,
usp000jjq0,SVAN,KO,,BHE,broadband,38.493,40.743,5.0,38.1511,41.1984,54.99,55.22,4.7,mb,0.00099,0.0604,13.28,571.0,C,False,True,False,True,
usp000jjq0,VRTB,KO,,BHE,broadband,38.493,40.743,5.0,39.1603,41.4558,96.53,96.66,4.7,mb,0.00031,0.0543,11.05,555.0,C,False,True,False,True,
usp000jjv2,CAND,KO,,HNE,strong_motion,38.657,26.655,12.2,38.9542,26.8031,35.45,37.49,4.9,mb,0.00398,0.1801,,568.0,C,True,True,True,False,
usp000jjyr,SIMA,KO,,HHE,broadband,39.175,29.092,3.1,39.0833,28.9825,13.9,14.24,5.2,mwb,0.06721,0.9764,71.19,578.0,C,False,True,False,True,
usp000jjyr,TVSB,KO,,BHE,broadband,39.175,29.092,3.1,39.4497,29.4615,44.09,44.2,5.2,mwb,0.01011,0.2392,35.65,579.0,C,False,True,False,True,
usp000jmg2,CRLT,KO,,BHE,broadband,40.848,27.921,14.9,41.129,27.736,34.89,37.94,4.9,mb,0.00612,0.276,34.33,435.0,C,False,True,False,True,
usp000jmg2,TKR,KO,,HNE,strong_motion,40.848,27.921,14.9,40.9893,27.5351,36.03,38.99,4.9,mb,0.02937,1.2476,3.23,449.0,C,True,True,True,True,
usp000jmkj,FETY,KO,,BHE,broadband,36.42,28.88,35.0,36.6353,29.0835,30.06,46.14,6.0,mww,0.0224,0.5083,50.4,382.0,C,False,True,False,True,
usp000jmkj,DALY,KO,,BHE,broadband,36.42,28.88,35.0,36.8162,28.6532,48.48,59.79,6.0,mww,0.01469,0.3095,46.63,458.0,C,False,True,False,True,
usp000jmkk,FETY,KO,,BHE,broadband,36.41,28.91,39.0,36.6353,29.0835,29.46,48.88,4.8,mb,0.00774,0.253,15.44,382.0,C,False,True,False,True,
usp000jmkk,DALY,KO,,BHE,broadband,36.41,28.91,39.0,36.8162,28.6532,50.65,63.93,4.8,mb,0.00367,0.2384,7.44,458.0,C,False,True,False,True,
usp000jmkw,FETY,KO,,BHE,broadband,36.46,28.93,39.0,36.6353,29.0835,23.83,45.7,4.5,ml,0.00479,0.1324,32.13,382.0,C,False,True,False,True,
usp000jmkw,DALY,KO,,BHE,broadband,36.46,28.93,39.0,36.8162,28.6532,46.68,60.83,4.5,ml,0.00133,0.0543,11.24,458.0,C,False,True,False,True,
usp000jmkw,MRSB,KO,,HNE,strong_motion,36.46,28.93,39.0,36.7161,28.1969,71.38,81.34,4.5,ml,0.00174,0.1531,,732.0,C,True,True,True,False,
usp000jmr8,SIRT,KO,,BHE,broadband,37.294,42.325,5.4,37.501,42.4392,25.13,25.7,5.3,mb,0.0222,0.8158,44.57,629.0,C,False,True,False,True,
usp000jmr8,SVAN,KO,,BHE,broadband,37.294,42.325,5.4,38.1511,41.1984,137.48,137.59,5.3,mb,0.00105,0.0765,21.9,571.0,C,False,True,False,True,
usp000jmr8,GURO,KO,,HHE,broadband,37.294,42.325,5.4,38.5509,42.0322,142.1,142.2,5.3,mb,0.00232,0.1276,11.88,559.0,C,False,True,False,True,
usp000jmyc,SMAA,KO,,HNE,strong_motion,39.142,29.156,9.3,39.1005,28.9805,15.83,18.36,4.6,mb,0.04203,1.8718,53.5,275.0,D,True,True,True,True,
usp000jmyc,SIMA,KO,,HHE,broadband,39.142,29.156,9.3,39.0833,28.9825,16.33,18.79,4.6,mb,0.02006,0.3365,69.63,578.0,C,False,True,False,True,
usp000jmyc,GEDZ,KO,,HHE,broadband,39.142,29.156,9.3,39.0445,29.4105,24.49,26.2,4.6,mb,0.01154,0.3379,32.18,468.0,C,True,True,False,True,
usp000jn6q,ERCV,KO,,HNE,strong_motion,38.709,43.645,5.0,39.0198,43.3381,43.59,43.88,4.9,mb,0.01083,0.694,,344.0,D,True,True,True,False,
usp000jn6q,CLDR,KO,,BHE,broadband,38.709,43.645,5.0,39.144,43.9172,53.8,54.03,4.9,mb,0.00284,0.153,27.18,296.0,D,False,True,False,True,
usp000jn6q,AGRB,KO,,BHE,broadband,38.709,43.645,5.0,39.5755,42.992,111.6,111.71,4.9,mb,0.00052,0.0588,18.69,474.0,C,False,True,False,True,
usp000jn7f,FETY,KO,,BHE,broadband,36.439,28.941,26.4,36.6353,29.0835,25.27,36.54,5.0,mw,0.00944,0.2742,41.97,382.0,C,False,True,False,True,
usp000jn7f,DALY,KO,,BHE,broadband,36.439,28.941,26.4,36.8162,28.6532,49.18,55.82,5.0,mw,0.00526,0.2865,29.69,458.0,C,False,True,False,True,
usp000jn7f,MRSB,KO,,HNE,strong_motion,36.439,28.941,26.4,36.7161,28.1969,73.24,77.85,5.0,mw,0.0138,0.7775,,732.0,C,True,True,True,False,
usp000jnt4,DEMR,KO,,HNE,strong_motion,35.604,28.919,55.8,36.2365,29.9056,113.31,126.3,5.6,mww,0.00398,0.5153,,861.0,B,True,True,True,False,
usp000jnt4,FETY,KO,,BHE,broadband,35.604,28.919,55.8,36.6353,29.0835,115.62,128.38,5.6,mww,0.00473,0.1858,37.26,382.0,C,False,True,False,True,
usp000jnt4,DALY,KO,,BHE,broadband,35.604,28.919,55.8,36.8162,28.6532,136.88,147.82,5.6,mww,0.0015,0.0791,28.96,458.0,C,False,True,False,True,
usp000jpab,KMRS,KO,,BHE,broadband,37.546,36.384,7.6,37.5087,36.9,45.69,46.32,5.0,mb,0.00098,0.0823,20.81,314.0,D,False,True,False,True,
usp000jpab,GAZ,KO,,BHE,broadband,37.546,36.384,7.6,37.1721,37.2096,83.98,84.32,5.0,mb,0.00127,0.0821,,347.0,D,False,True,False,False,clipping_şüphesi
usp000jpe0,ERCV,KO,,HNE,strong_motion,38.685,43.432,5.0,39.0198,43.3381,38.11,38.44,4.5,mb,0.00784,0.4243,,344.0,D,True,True,True,False,
usp000jpe0,CLDR,KO,,BHE,broadband,38.685,43.432,5.0,39.144,43.9172,66.08,66.27,4.5,mb,0.00112,0.0508,16.5,296.0,D,False,True,False,True,
usp000jpe0,AGRB,KO,,BHE,broadband,38.685,43.432,5.0,39.5755,42.992,106.04,106.16,4.5,mb,0.00023,0.0146,6.36,474.0,C,False,True,False,True,
usp000jpxn,SIRT,KO,,BHE,broadband,37.421,42.965,17.5,37.501,42.4392,47.25,50.39,5.0,mb,0.01819,0.3194,31.54,629.0,C,False,True,False,True,
usp000jpxn,CUKT,KO,,BHE,broadband,37.421,42.965,17.5,37.2473,43.6077,60.02,62.52,5.0,mb,0.00737,0.3415,34.18,900.0,B,True,True,False,True,
usp000jpxn,GURO,KO,,HHE,broadband,37.421,42.965,17.5,38.5509,42.0322,149.89,150.91,5.0,mb,0.00162,0.0832,10.38,559.0,C,False,True,False,True,
usp000js8e,SIRT,KO,,BHE,broadband,36.961,43.655,9.1,37.501,42.4392,123.25,123.59,4.5,mb,0.00031,0.022,19.95,629.0,C,False,True,False,True,
usp000js8e,GURO,KO,,HHE,broadband,36.961,43.655,9.1,38.5509,42.0322,227.16,227.34,4.5,mb,7e-05,0.0034,,559.0,C,False,True,False,False,
usp000jsk2,GAZ,KO,,BHE,broadband,37.309,37.097,7.0,37.1721,37.2096,18.2,19.5,4.9,mb,0.00905,0.4663,34.99,347.0,D,False,True,False,True,
usp000jsk2,KMRS,KO,,BHE,broadband,37.309,37.097,7.0,37.5087,36.9,28.21,29.07,4.9,mb,0.00315,0.2446,32.12,314.0,D,False,True,False,True,
usp000jt7k,MRSB,KO,,HNE,strong_motion,35.37,27.86,17.0,36.7161,28.1969,152.71,153.65,4.6,mb,0.00016,0.0621,,732.0,C,True,True,True,False,
usp000jt7k,DATC,KO,,HNE,strong_motion,35.37,27.86,17.0,36.7584,27.6602,155.42,156.35,4.6,mb,0.00017,0.0224,,436.0,C,True,True,True,False,
usp000jt7k,DALY,KO,,BHE,broadband,35.37,27.86,17.0,36.8162,28.6532,175.89,176.71,4.6,mb,3e-05,0.0054,-1.61,458.0,C,False,True,False,True,
usp000ju1f,GAZ,KO,,BHE,broadband,37.002,37.108,9.2,37.1721,37.2096,20.95,22.88,4.5,mb,0.00675,0.3768,28.96,347.0,D,False,True,False,True,
usp000ju1f,KMRS,KO,,BHE,broadband,37.002,37.108,9.2,37.5087,36.9,59.27,59.98,4.5,mb,0.00184,0.0976,23.28,314.0,D,False,True,False,True,
usp000ju1f,TAHT,KO,,BHE,broadband,37.002,37.108,9.2,36.3755,36.1855,107.79,108.18,4.5,mb,0.00129,0.0665,13.58,458.0,C,False,True,False,True,
usp000ju1s,GAZ,KO,,BHE,broadband,37.297,37.135,14.0,37.1721,37.2096,15.38,20.8,4.6,mb,0.00423,0.2623,29.1,347.0,D,False,True,False,True,
usp000ju1s,KMRS,KO,,BHE,broadband,37.297,37.135,14.0,37.5087,36.9,31.39,34.37,4.6,mb,0.00055,0.0455,19.2,314.0,D,False,True,False,True,
usp000ju1s,KOZT,KO,,BHE,broadband,37.297,37.135,14.0,37.4795,35.8264,117.38,118.21,4.6,mb,0.00015,0.0117,12.92,567.0,C,False,True,False,True,
usp000jvjf,GAZ,KO,,BHE,broadband,37.27,37.11,13.0,37.1721,37.2096,14.01,19.11,4.5,mb,0.00681,0.23,27.58,347.0,D,False,True,False,True,
usp000jvjf,KMRS,KO,,BHE,broadband,37.27,37.11,13.0,37.5087,36.9,32.38,34.89,4.5,mb,0.00163,0.1276,27.07,314.0,D,False,True,False,True,
usp000jvjf,KOZT,KO,,BHE,broadband,37.27,37.11,13.0,37.4795,35.8264,115.79,116.52,4.5,mb,0.00042,0.0268,12.77,567.0,C,False,True,False,True,
usp000jvjy,DEMR,KO,,HNE,strong_motion,35.866,29.738,9.5,36.2365,29.9056,43.87,44.89,4.6,mb,0.0022,0.1209,,861.0,B,True,True,True,False,
usp000jvjy,FETY,KO,,BHE,broadband,35.866,29.738,9.5,36.6353,29.0835,103.74,104.17,4.6,mb,0.00056,0.0246,9.15,382.0,C,False,True,False,True,
usp000jvw1,ERZN,KO,,BHE,broadband,39.488,39.852,5.0,39.5867,39.722,15.64,16.42,4.5,mb,0.00356,0.1363,30.27,573.0,C,False,True,False,True,
usp000jvw1,YEDI,KO,,BHE,broadband,39.488,39.852,5.0,39.4377,40.5443,59.69,59.9,4.5,mb,0.00063,0.0477,4.94,833.0,B,False,True,False,True,
usp000jvw1,PTK,KO,,BHE,broadband,39.488,39.852,5.0,38.8923,39.3923,77.18,77.34,4.5,mb,0.00022,0.0118,3.51,456.0,C,False,True,False,True,
usp000jw1b,MRSB,KO,,HNE,strong_motion,36.595,27.917,10.7,36.7161,28.1969,28.37,30.32,4.5,mb,0.00452,0.1744,,732.0,C,True,True,True,False,
usp000jw1b,DATC,KO,,HNE,strong_motion,36.595,27.917,10.7,36.7584,27.6602,29.23,31.13,4.5,mb,0.01272,0.6065,,436.0,C,True,True,True,False,
usp000jxa7,CLDR,KO,,BHE,broadband,38.458,44.868,12.4,39.144,43.9172,112.28,112.96,5.2,mb,0.00082,0.0586,20.62,296.0,D,False,True,False,True,
usp000jxa7,ERCV,KO,,HNN,strong_motion,38.458,44.868,12.4,39.0198,43.3381,146.66,147.18,5.2,mb,0.00079,0.1237,,344.0,D,True,True,False,False,has_gaps
usp000jxa7,AKDM,KO,,HHE,broadband,38.458,44.868,12.4,38.3285,42.98,165.17,165.63,5.2,mb,0.00033,0.0486,11.42,353.0,D,False,True,False,True,
usp000jxaj,BCA,KO,,BHZ,broadband,42.42,41.075,15.2,41.445,41.6223,117.49,118.47,5.7,mww,0.01622,0.2982,27.55,642.0,C,False,True,False,False,has_gaps
usp000jxaj,HOPA,KO,,HNE,strong_motion,42.42,41.075,15.2,41.3867,41.4458,118.92,119.89,5.7,mww,0.01208,0.3645,,588.0,C,True,True,True,False,
usp000jxaj,CHOM,KO,,BHE,broadband,42.42,41.075,15.2,41.097,40.7612,149.4,150.17,5.7,mww,0.00562,0.2069,22.45,797.0,B,False,True,False,True,
usp000jxaj,CHAY,KO,,HNE,strong_motion,42.42,41.075,15.2,41.0862,40.7253,151.12,151.88,5.7,mww,0.0056,0.1936,35.31,501.0,C,True,True,True,True,
usp000jxdg,BCA,KO,,BHE,broadband,42.436,40.974,10.0,41.445,41.6223,122.55,122.96,5.2,mwb,0.01518,0.2844,22.27,642.0,C,False,True,False,True,
usp000jxdg,HOPA,KO,,HNE,strong_motion,42.436,40.974,10.0,41.3867,41.4458,123.03,123.44,5.2,mwb,0.00801,0.2482,,588.0,C,True,True,True,False,
usp000jxdg,CHOM,KO,,BHE,broadband,42.436,40.974,10.0,41.097,40.7612,149.93,150.26,5.2,mwb,0.00689,0.2443,17.35,797.0,B,False,True,False,True,
usp000jxdg,CHAY,KO,,HNE,strong_motion,42.436,40.974,10.0,41.0862,40.7253,151.5,151.83,5.2,mwb,0.00501,0.1869,16.31,501.0,C,True,True,True,True,
usp000jy2b,GPNR,KO,,HNE,strong_motion,39.656,25.54,12.8,39.456,26.1331,55.5,56.96,5.7,mww,0.02027,1.1572,,665.0,C,True,True,True,False,
usp000jy2b,GADA,KO,,BHE,broadband,39.656,25.54,12.8,40.1908,25.8987,66.87,68.08,5.7,mww,0.01258,0.3149,48.29,451.0,C,False,True,False,True,
usp000jy2b,GOKC,KO,,HNE,strong_motion,39.656,25.54,12.8,40.1998,25.9183,68.53,69.72,5.7,mww,0.0306,1.9157,29.86,630.0,C,True,True,True,True,
usp000jy2b,EZN,KO,,BHE,broadband,39.656,25.54,12.8,39.8255,26.3246,69.68,70.85,5.7,mww,0.0208,0.4614,36.63,448.0,C,False,True,False,True,
usp000jybv,GPNR,KO,,HNE,strong_motion,39.631,25.554,10.0,39.456,26.1331,53.33,54.26,4.5,mwr,0.00271,0.101,,665.0,C,True,True,True,False,
usp000jybv,GADA,KO,,BHE,broadband,39.631,25.554,10.0,40.1908,25.8987,68.84,69.56,4.5,mwr,0.00103,0.0625,21.62,451.0,C,False,True,False,True,
usp000jybv,EZN,KO,,BHE,broadband,39.631,25.554,10.0,39.8255,26.3246,69.36,70.08,4.5,mwr,0.00155,0.0802,12.03,448.0,C,False,True,False,True,
usp000jybv,GOKC,KO,,HNE,strong_motion,39.631,25.554,10.0,40.1998,25.9183,70.47,71.18,4.5,mwr,0.00273,0.1017,,630.0,C,True,True,True,False,
