network,station,location,channel,instrument_type,latitude,longitude,sample_rate_hz,start_date,end_date
KO,MAZI,,BHE,broadband,37.4593,40.4465,50.0,2009-06-29T00:00:00.000000Z,2022-11-28T10:00:00.000000Z
KO,MAZI,,BHN,broadband,37.4593,40.4465,50.0,2009-06-29T00:00:00.000000Z,2022-11-28T10:00:00.000000Z
KO,MAZI,,BHZ,broadband,37.4593,40.4465,50.0,2009-06-29T00:00:00.000000Z,2022-11-28T10:00:00.000000Z
KO,MAZI,,HHE,broadband,37.4593,40.4465,100.0,2022-11-28T10:00:00.000000Z,
KO,MAZI,,HHN,broadband,37.4593,40.4465,100.0,2022-11-28T10:00:00.000000Z,
KO,MAZI,,HHZ,broadband,37.4593,40.4465,100.0,2022-11-28T10:00:00.000000Z,
KO,TOKT,,HHE,broadband,40.3173,36.5443,100.0,2012-01-10T00:00:00.000000Z,
KO,TOKT,,HHN,broadband,40.3173,36.5443,100.0,2012-01-10T00:00:00.000000Z,
KO,TOKT,,HHZ,broadband,40.3173,36.5443,100.0,2012-01-10T00:00:00.000000Z,
KO,GULF,,HNE,strong_motion,40.914,35.879,100.0,2013-12-05T00:00:00.000000Z,2015-06-29T00:00:00.000000Z
KO,GULF,,HNN,strong_motion,40.914,35.879,100.0,2013-12-05T00:00:00.000000Z,2015-06-29T00:00:00.000000Z
KO,GULF,,HNZ,strong_motion,40.914,35.879,100.0,2013-12-05T00:00:00.000000Z,2015-06-29T00:00:00.000000Z
KO,GULF,,HNE,strong_motion,40.914,35.879,100.0,2024-06-27T08:00:00.000000Z,2025-04-09T13:35:00.000000Z
KO,GULF,,HNN,strong_motion,40.914,35.879,100.0,2024-06-27T08:00:00.000000Z,2025-04-09T13:35:00.000000Z
KO,GULF,,HNZ,strong_motion,40.914,35.879,100.0,2024-06-27T08:00:00.000000Z,2025-04-09T13:35:00.000000Z
KO,GULF,,HNE,strong_motion,40.914,35.879,100.0,2025-04-09T13:35:00.000000Z,
KO,GULF,,HNN,strong_motion,40.914,35.879,100.0,2025-04-09T13:35:00.000000Z,
KO,GULF,,HNZ,strong_motion,40.914,35.879,100.0,2025-04-09T13:35:00.000000Z,
KO,BASM,,EHE,broadband,37.9194,30.035,100.0,2013-11-21T00:00:00.000000Z,
KO,BASM,,EHN,broadband,37.9194,30.035,100.0,2013-11-21T00:00:00.000000Z,
KO,BASM,,EHZ,broadband,37.9194,30.035,100.0,2013-11-21T00:00:00.000000Z,
KO,BASM,,HNE,strong_motion,37.9194,30.035,100.0,2013-11-21T00:00:00.000000Z,
KO,BASM,,HNN,strong_motion,37.9194,30.035,100.0,2013-11-21T00:00:00.000000Z,
KO,BASM,,HNZ,strong_motion,37.9194,30.035,100.0,2013-11-21T00:00:00.000000Z,
KO,KVT,,BHE,broadband,41.0807,36.0463,50.0,2004-06-30T00:00:00.000000Z,2005-08-02T10:00:00.000000Z
KO,KVT,,BHN,broadband,41.0807,36.0463,50.0,2004-06-30T00:00:00.000000Z,2005-08-02T10:00:00.000000Z
KO,KVT,,BHZ,broadband,41.0807,36.0463,50.0,2004-06-30T00:00:00.000000Z,2005-08-02T10:00:00.000000Z
KO,KVT,,BHE,broadband,41.0807,36.0463,20.0,2005-08-02T10:00:00.000000Z,2006-06-28T13:00:00.000000Z
KO,KVT,,BHN,broadband,41.0807,36.0463,20.0,2005-08-02T10:00:00.000000Z,2006-06-28T13:00:00.000000Z
KO,KVT,,BHZ,broadband,41.0807,36.0463,20.0,2005-08-02T10:00:00.000000Z,2006-06-28T13:00:00.000000Z
KO,KVT,,BHE,broadband,41.0807,36.0463,50.0,2006-06-28T13:00:00.000000Z,2006-08-15T00:00:00.000000Z
KO,KVT,,BHN,broadband,41.0807,36.0463,50.0,2006-06-28T13:00:00.000000Z,2006-08-15T00:00:00.000000Z
KO,KVT,,BHZ,broadband,41.0807,36.0463,50.0,2006-06-28T13:00:00.000000Z,2006-08-15T00:00:00.000000Z
KO,KVT,,BHE,broadband,41.0807,36.0463,50.0,2006-08-15T00:00:00.000000Z,2021-06-18T20:33:00.000000Z
KO,KVT,,BHN,broadband,41.0807,36.0463,50.0,2006-08-15T00:00:00.000000Z,2021-06-18T20:33:00.000000Z
KO,KVT,,BHZ,broadband,41.0807,36.0463,50.0,2006-08-15T00:00:00.000000Z,2021-06-18T20:33:00.000000Z
KO,KVT,,HHE,broadband,41.0807,36.0463,100.0,2021-06-18T20:33:00.000000Z,2022-06-30T20:00:00.000000Z
KO,KVT,,HHN,broadband,41.0807,36.0463,100.0,2021-06-18T20:33:00.000000Z,2022-06-30T20:00:00.000000Z
KO,KVT,,HHZ,broadband,41.0807,36.0463,100.0,2021-06-18T20:33:00.000000Z,2022-06-30T20:00:00.000000Z
KO,KVT,,BHE,broadband,41.0807,36.0463,50.0,2022-06-30T20:00:00.000000Z,2022-11-29T10:00:00.000000Z
KO,KVT,,BHN,broadband,41.0807,36.0463,50.0,2022-06-30T20:00:00.000000Z,2022-11-29T10:00:00.000000Z
KO,KVT,,BHZ,broadband,41.0807,36.0463,50.0,2022-06-30T20:00:00.000000Z,2022-11-29T10:00:00.000000Z
KO,KVT,,HHE,broadband,41.0807,36.0463,100.0,2022-11-29T10:00:00.000000Z,
KO,KVT,,HHN,broadband,41.0807,36.0463,100.0,2022-11-29T10:00:00.000000Z,
KO,KVT,,HHZ,broadband,41.0807,36.0463,100.0,2022-11-29T10:00:00.000000Z,
KO,SINP,,HNE,strong_motion,41.9824,35.0956,100.0,2012-03-01T00:00:00.000000Z,
KO,SINP,,HNN,strong_motion,41.9824,35.0956,100.0,2012-03-01T00:00:00.000000Z,
KO,SINP,,HNZ,strong_motion,41.9824,35.0956,100.0,2012-03-01T00:00:00.000000Z,
KO,PRSB,,HNE,strong_motion,41.1044,37.7753,100.0,2012-03-22T00:00:00.000000Z,2018-04-12T00:00:00.000000Z
KO,PRSB,,HNN,strong_motion,41.1044,37.7753,100.0,2012-03-22T00:00:00.000000Z,2018-04-12T00:00:00.000000Z
KO,PRSB,,HNZ,strong_motion,41.1044,37.7753,100.0,2012-03-22T00:00:00.000000Z,2018-04-12T00:00:00.000000Z
KO,ELL,,BHE,broadband,36.7483,29.9085,50.0,2006-09-22T00:00:00.000000Z,2022-11-28T08:50:00.000000Z
KO,ELL,,BHN,broadband,36.7483,29.9085,50.0,2006-09-22T00:00:00.000000Z,2022-11-28T08:50:00.000000Z
KO,ELL,,BHZ,broadband,36.7483,29.9085,50.0,2006-09-22T00:00:00.000000Z,2022-11-28T08:50:00.000000Z
KO,ELL,,HHE,broadband,36.7483,29.9085,100.0,2022-11-28T08:50:00.000000Z,
KO,ELL,,HHN,broadband,36.7483,29.9085,100.0,2022-11-28T08:50:00.000000Z,
KO,ELL,,HHZ,broadband,36.7483,29.9085,100.0,2022-11-28T08:50:00.000000Z,
KO,KRTD,,HNE,strong_motion,36.5934,35.4157,100.0,2011-07-28T00:00:00.000000Z,2016-09-27T00:00:00.000000Z
KO,KRTD,,HNN,strong_motion,36.5934,35.4157,100.0,2011-07-28T00:00:00.000000Z,2016-09-27T00:00:00.000000Z
KO,KRTD,,HNZ,strong_motion,36.5934,35.4157,100.0,2011-07-28T00:00:00.000000Z,2016-09-27T00:00:00.000000Z
KO,BALB,,BHE,broadband,39.6507,27.8642,50.0,2002-07-11T00:00:00.000000Z,2003-04-26T10:00:00.000000Z
KO,BALB,,BHN,broadband,39.6507,27.8642,50.0,2002-07-11T00:00:00.000000Z,2003-04-26T10:00:00.000000Z
KO,BALB,,BHZ,broadband,39.6507,27.8642,50.0,2002-07-11T00:00:00.000000Z,2003-04-26T10:00:00.000000Z
KO,BALB,,HHE,broadband,39.6507,27.8642,100.0,2003-04-26T10:00:00.000000Z,2003-10-16T20:00:00.000000Z
KO,BALB,,HHN,broadband,39.6507,27.8642,100.0,2003-04-26T10:00:00.000000Z,2003-10-16T20:00:00.000000Z
KO,BALB,,HHZ,broadband,39.6507,27.8642,100.0,2003-04-26T10:00:00.000000Z,2003-10-16T20:00:00.000000Z
KO,BALB,,BHE,broadband,39.6507,27.8642,50.0,2003-10-16T20:00:00.000000Z,2007-02-15T12:00:00.000000Z
KO,BALB,,BHN,broadband,39.6507,27.8642,50.0,2003-10-16T20:00:00.000000Z,2007-02-15T12:00:00.000000Z
KO,BALB,,BHZ,broadband,39.6507,27.8642,50.0,2003-10-16T20:00:00.000000Z,2007-02-15T12:00:00.000000Z
KO,BALB,,BHE,broadband,39.6507,27.8642,50.0,2007-02-15T12:00:00.000000Z,2013-11-08T14:00:00.000000Z
KO,BALB,,BHN,broadband,39.6507,27.8642,50.0,2007-02-15T12:00:00.000000Z,2013-11-08T14:00:00.000000Z
KO,BALB,,BHZ,broadband,39.6507,27.8642,50.0,2007-02-15T12:00:00.000000Z,2013-11-08T14:00:00.000000Z
KO,BALB,,HHE,broadband,39.6507,27.8642,100.0,2013-11-08T14:00:00.000000Z,2023-04-11T07:50:00.000000Z
KO,BALB,,HHN,broadband,39.6507,27.8642,100.0,2013-11-08T14:00:00.000000Z,2023-04-11T07:50:00.000000Z
KO,BALB,,HHZ,broadband,39.6507,27.8642,100.0,2013-11-08T14:00:00.000000Z,2023-04-11T07:50:00.000000Z
KO,BALB,,HNE,strong_motion,39.6507,27.8642,100.0,2023-04-11T07:50:00.000000Z,
KO,BALB,,HNN,strong_motion,39.6507,27.8642,100.0,2023-04-11T07:50:00.000000Z,
KO,BALB,,HNZ,strong_motion,39.6507,27.8642,100.0,2023-04-11T07:50:00.000000Z,
KO,BALB,,EHE,broadband,39.6507,27.8642,100.0,2023-04-11T07:50:00.000000Z,
KO,BALB,,EHN,broadband,39.6507,27.8642,100.0,2023-04-11T07:50:00.000000Z,
KO,BALB,,EHZ,broadband,39.6507,27.8642,100.0,2023-04-11T07:50:00.000000Z,
KO,KOZT,,BHE,broadband,37.4795,35.8264,20.0,2005-08-25T00:00:00.000000Z,2005-12-26T14:00:00.000000Z
KO,KOZT,,BHN,broadband,37.4795,35.8264,20.0,2005-08-25T00:00:00.000000Z,2005-12-26T14:00:00.000000Z
KO,KOZT,,BHZ,broadband,37.4795,35.8264,20.0,2005-08-25T00:00:00.000000Z,2005-12-26T14:00:00.000000Z
KO,KOZT,,BHE,broadband,37.4795,35.8264,50.0,2005-12-26T14:00:00.000000Z,2007-11-22T00:00:00.000000Z
KO,KOZT,,BHN,broadband,37.4795,35.8264,50.0,2005-12-26T14:00:00.000000Z,2007-11-22T00:00:00.000000Z
KO,KOZT,,BHZ,broadband,37.4795,35.8264,50.0,2005-12-26T14:00:00.000000Z,2007-11-22T00:00:00.000000Z
KO,KOZT,,BHE,broadband,37.4795,35.8264,50.0,2007-11-22T00:00:00.000000Z,2022-11-29T10:00:00.000000Z
KO,KOZT,,BHN,broadband,37.4795,35.8264,50.0,2007-11-22T00:00:00.000000Z,2022-11-29T10:00:00.000000Z
KO,KOZT,,BHZ,broadband,37.4795,35.8264,50.0,2007-11-22T00:00:00.000000Z,2022-11-29T10:00:00.000000Z
KO,KOZT,,HHE,broadband,37.4795,35.8264,100.0,2022-11-29T10:00:00.000000Z,
KO,KOZT,,HHN,broadband,37.4795,35.8264,100.0,2022-11-29T10:00:00.000000Z,
KO,KOZT,,HHZ,broadband,37.4795,35.8264,100.0,2022-11-29T10:00:00.000000Z,
KO,BODT,,BHE,broadband,37.0622,27.3103,20.0,2005-02-14T00:00:00.000000Z,2006-01-03T07:00:00.000000Z
KO,BODT,,BHN,broadband,37.0622,27.3103,20.0,2005-02-14T00:00:00.000000Z,2006-01-03T07:00:00.000000Z
KO,BODT,,BHZ,broadband,37.0622,27.3103,20.0,2005-02-14T00:00:00.000000Z,2006-01-03T07:00:00.000000Z
KO,BODT,,BHE,broadband,37.0622,27.3103,50.0,2006-01-03T07:00:00.000000Z,2017-07-27T00:00:00.000000Z
KO,BODT,,BHN,broadband,37.0622,27.3103,50.0,2006-01-03T07:00:00.000000Z,2017-07-27T00:00:00.000000Z
KO,BODT,,BHZ,broadband,37.0622,27.3103,50.0,2006-01-03T07:00:00.000000Z,2017-07-27T00:00:00.000000Z
KO,BODT,,HHE,broadband,37.0622,27.3103,100.0,2017-07-27T00:00:00.000000Z,2017-07-30T11:00:00.000000Z
KO,BODT,,HHN,broadband,37.0622,27.3103,100.0,2017-07-27T00:00:00.000000Z,2017-07-30T11:00:00.000000Z
KO,BODT,,HHZ,broadband,37.0622,27.3103,100.0,2017-07-27T00:00:00.000000Z,2017-07-30T11:00:00.000000Z
KO,BODT,,BHE,broadband,37.0622,27.3103,50.0,2017-07-30T11:00:00.000000Z,2017-12-31T00:00:00.000000Z
KO,BODT,,BHN,broadband,37.0622,27.3103,50.0,2017-07-30T11:00:00.000000Z,2017-12-31T00:00:00.000000Z
KO,BODT,,BHZ,broadband,37.0622,27.3103,50.0,2017-07-30T11:00:00.000000Z,2017-12-31T00:00:00.000000Z
KO,BODT,,BHE,broadband,37.0622,27.3103,50.0,2017-12-31T00:00:00.000000Z,2022-11-30T09:00:00.000000Z
KO,BODT,,BHN,broadband,37.0622,27.3103,50.0,2017-12-31T00:00:00.000000Z,2022-11-30T09:00:00.000000Z
KO,BODT,,BHZ,broadband,37.0622,27.3103,50.0,2017-12-31T00:00:00.000000Z,2022-11-30T09:00:00.000000Z
KO,BODT,,HHE,broadband,37.0622,27.3103,100.0,2022-11-30T09:00:00.000000Z,
KO,BODT,,HHN,broadband,37.0622,27.3103,100.0,2022-11-30T09:00:00.000000Z,
KO,BODT,,HHZ,broadband,37.0622,27.3103,100.0,2022-11-30T09:00:00.000000Z,
KO,KCTX,,BHE,broadband,40.2626,28.3353,50.0,2008-07-11T00:00:00.000000Z,2013-11-08T15:00:00.000000Z
KO,KCTX,,BHN,broadband,40.2626,28.3353,50.0,2008-07-11T00:00:00.000000Z,2013-11-08T15:00:00.000000Z
KO,KCTX,,BHZ,broadband,40.2626,28.3353,50.0,2008-07-11T00:00:00.000000Z,2013-11-08T15:00:00.000000Z
KO,KCTX,,HHE,broadband,40.2626,28.3353,100.0,2013-11-08T15:00:00.000000Z,
KO,KCTX,,HHN,broadband,40.2626,28.3353,100.0,2013-11-08T15:00:00.000000Z,
KO,KCTX,,HHZ,broadband,40.2626,28.3353,100.0,2013-11-08T15:00:00.000000Z,
KO,KCTX,,HNE,strong_motion,40.2626,28.3353,100.0,2015-11-10T00:00:00.000000Z,2019-09-23T12:35:00.000000Z
KO,KCTX,,HNN,strong_motion,40.2626,28.3353,100.0,2015-11-10T00:00:00.000000Z,2019-09-23T12:35:00.000000Z
KO,KCTX,,HNZ,strong_motion,40.2626,28.3353,100.0,2015-11-10T00:00:00.000000Z,2019-09-23T12:35:00.000000Z
KO,KCTX,,HNE,strong_motion,40.2626,28.3353,100.0,2019-09-23T12:35:00.000000Z,
KO,KCTX,,HNN,strong_motion,40.2626,28.3353,100.0,2019-09-23T12:35:00.000000Z,
KO,KCTX,,HNZ,strong_motion,40.2626,28.3353,100.0,2019-09-23T12:35:00.000000Z,
KO,URFA,,BHE,broadband,37.4409,38.8213,20.0,2004-12-02T00:00:00.000000Z,2009-07-01T12:00:00.000000Z
KO,URFA,,BHN,broadband,37.4409,38.8213,20.0,2004-12-02T00:00:00.000000Z,2009-07-01T12:00:00.000000Z
KO,URFA,,BHZ,broadband,37.4409,38.8213,20.0,2004-12-02T00:00:00.000000Z,2009-07-01T12:00:00.000000Z
KO,URFA,,BHE,broadband,37.4409,38.8213,50.0,2009-07-01T12:00:00.000000Z,2022-11-29T10:00:00.000000Z
KO,URFA,,BHN,broadband,37.4409,38.8213,50.0,2009-07-01T12:00:00.000000Z,2022-11-29T10:00:00.000000Z
KO,URFA,,BHZ,broadband,37.4409,38.8213,50.0,2009-07-01T12:00:00.000000Z,2022-11-29T10:00:00.000000Z
KO,URFA,,HHE,broadband,37.4409,38.8213,100.0,2022-11-29T10:00:00.000000Z,
KO,URFA,,HHN,broadband,37.4409,38.8213,100.0,2022-11-29T10:00:00.000000Z,
KO,URFA,,HHZ,broadband,37.4409,38.8213,100.0,2022-11-29T10:00:00.000000Z,
KO,BCA,,BHE,broadband,41.445,41.6223,50.0,2006-05-24T16:00:00.000000Z,2022-11-28T08:00:00.000000Z
KO,BCA,,BHN,broadband,41.445,41.6223,50.0,2006-05-24T16:00:00.000000Z,2022-11-28T08:00:00.000000Z
KO,BCA,,BHZ,broadband,41.445,41.6223,50.0,2006-05-24T16:00:00.000000Z,2022-11-28T08:00:00.000000Z
KO,BCA,,HHE,broadband,41.445,41.6223,100.0,2022-11-28T08:00:00.000000Z,
KO,BCA,,HHN,broadband,41.445,41.6223,100.0,2022-11-28T08:00:00.000000Z,
KO,BCA,,HHZ,broadband,41.445,41.6223,100.0,2022-11-28T08:00:00.000000Z,
KO,DYBB,,BHE,broadband,37.9532,40.1393,50.0,2009-12-10T00:00:00.000000Z,2022-11-28T08:40:00.000000Z
KO,DYBB,,BHN,broadband,37.9532,40.1393,50.0,2009-12-10T00:00:00.000000Z,2022-11-28T08:40:00.000000Z
KO,DYBB,,BHZ,broadband,37.9532,40.1393,50.0,2009-12-10T00:00:00.000000Z,2022-11-28T08:40:00.000000Z
KO,DYBB,,HHE,broadband,37.9532,40.1393,100.0,2022-11-28T08:40:00.000000Z,
KO,DYBB,,HHN,broadband,37.9532,40.1393,100.0,2022-11-28T08:40:00.000000Z,
KO,DYBB,,HHZ,broadband,37.9532,40.1393,100.0,2022-11-28T08:40:00.000000Z,
KO,LMOS,,HHE,broadband,36.6021,32.6962,100.0,2022-10-04T00:00:00.000000Z,
KO,LMOS,,HHN,broadband,36.6021,32.6962,100.0,2022-10-04T00:00:00.000000Z,
KO,LMOS,,HHZ,broadband,36.6021,32.6962,100.0,2022-10-04T00:00:00.000000Z,
KO,DOGC,,HNE,strong_motion,41.3949,26.9852,100.0,2022-07-01T00:00:00.000000Z,
KO,DOGC,,HNN,strong_motion,41.3949,26.9852,100.0,2022-07-01T00:00:00.000000Z,
KO,DOGC,,HNZ,strong_motion,41.3949,26.9852,100.0,2022-07-01T00:00:00.000000Z,
KO,YESY,,BHE,broadband,37.7825,33.7431,50.0,2009-06-19T00:00:00.000000Z,2010-07-18T05:00:00.000000Z
KO,YESY,,BHN,broadband,37.7825,33.7431,50.0,2009-06-19T00:00:00.000000Z,2010-07-18T05:00:00.000000Z
KO,YESY,,BHZ,broadband,37.7825,33.7431,50.0,2009-06-19T00:00:00.000000Z,2010-07-18T05:00:00.000000Z
KO,YESY,,HHE,broadband,37.7825,33.7431,100.0,2010-07-18T05:00:00.000000Z,
KO,YESY,,HHN,broadband,37.7825,33.7431,100.0,2010-07-18T05:00:00.000000Z,
KO,YESY,,HHZ,broadband,37.7825,33.7431,100.0,2010-07-18T05:00:00.000000Z,
KO,KAVV,,HNE,strong_motion,41.0638,29.06,100.0,2009-10-27T00:00:00.000000Z,2012-09-24T11:00:00.000000Z
KO,KAVV,,HNN,strong_motion,41.0638,29.06,100.0,2009-10-27T00:00:00.000000Z,2012-09-24T11:00:00.000000Z
KO,KAVV,,HNZ,strong_motion,41.0638,29.06,100.0,2009-10-27T00:00:00.000000Z,2012-09-24T11:00:00.000000Z
KO,KAVV,,BHE,broadband,41.0638,29.06,50.0,2010-02-06T00:00:00.000000Z,2010-07-05T09:00:00.000000Z
KO,KAVV,,BHN,broadband,41.0638,29.06,50.0,2010-02-06T00:00:00.000000Z,2010-07-05T09:00:00.000000Z
KO,KAVV,,BHZ,broadband,41.0638,29.06,50.0,2010-02-06T00:00:00.000000Z,2010-07-05T09:00:00.000000Z
KO,KAVV,,HHE,broadband,41.0638,29.06,100.0,2010-07-05T09:00:00.000000Z,
KO,KAVV,,HHN,broadband,41.0638,29.06,100.0,2010-07-05T09:00:00.000000Z,
KO,KAVV,,HHZ,broadband,41.0638,29.06,100.0,2010-07-05T09:00:00.000000Z,
KO,KAVV,,HNE,strong_motion,41.0638,29.06,100.0,2012-09-24T11:00:00.000000Z,2017-07-31T11:00:00.000000Z
KO,KAVV,,HNN,strong_motion,41.0638,29.06,100.0,2012-09-24T11:00:00.000000Z,2017-07-31T11:00:00.000000Z
KO,KAVV,,HNZ,strong_motion,41.0638,29.06,100.0,2012-09-24T11:00:00.000000Z,2017-07-31T11:00:00.000000Z
KO,KAVV,,HNE,strong_motion,41.0638,29.06,100.0,2017-07-31T11:00:00.000000Z,
KO,KAVV,,HNN,strong_motion,41.0638,29.06,100.0,2017-07-31T11:00:00.000000Z,
KO,KAVV,,HNZ,strong_motion,41.0638,29.06,100.0,2017-07-31T11:00:00.000000Z,
KO,SAUV,,HHE,broadband,40.7401,30.3271,100.0,2012-02-07T00:00:00.000000Z,2016-06-14T09:43:00.000000Z
KO,SAUV,,HHN,broadband,40.7401,30.3271,100.0,2012-02-07T00:00:00.000000Z,2016-06-14T09:43:00.000000Z
KO,SAUV,,HHZ,broadband,40.7401,30.3271,100.0,2012-02-07T00:00:00.000000Z,2016-06-14T09:43:00.000000Z
KO,SAUV,,HNE,strong_motion,40.7401,30.3271,100.0,2012-02-07T00:00:00.000000Z,
KO,SAUV,,HNN,strong_motion,40.7401,30.3271,100.0,2012-02-07T00:00:00.000000Z,
KO,SAUV,,HNZ,strong_motion,40.7401,30.3271,100.0,2012-02-07T00:00:00.000000Z,
KO,SAUV,,BHE,broadband,40.7401,30.3271,50.0,2016-06-14T09:43:00.000000Z,2016-06-29T08:55:00.000000Z
KO,SAUV,,BHN,broadband,40.7401,30.3271,50.0,2016-06-14T09:43:00.000000Z,2016-06-29T08:55:00.000000Z
KO,SAUV,,BHZ,broadband,40.7401,30.3271,50.0,2016-06-14T09:43:00.000000Z,2016-06-29T08:55:00.000000Z
KO,SAUV,,HHE,broadband,40.7401,30.3271,100.0,2016-06-29T08:55:00.000000Z,
KO,SAUV,,HHN,broadband,40.7401,30.3271,100.0,2016-06-29T08:55:00.000000Z,
KO,SAUV,,HHZ,broadband,40.7401,30.3271,100.0,2016-06-29T08:55:00.000000Z,
KO,TKR,,BHE,broadband,40.9893,27.5351,50.0,2007-05-17T00:00:00.000000Z,2011-08-19T11:00:00.000000Z
KO,TKR,,BHN,broadband,40.9893,27.5351,50.0,2007-05-17T00:00:00.000000Z,2011-08-19T11:00:00.000000Z
KO,TKR,,BHZ,broadband,40.9893,27.5351,50.0,2007-05-17T00:00:00.000000Z,2011-08-19T11:00:00.000000Z
KO,TKR,,HNE,strong_motion,40.9893,27.5351,100.0,2011-08-19T11:00:00.000000Z,2018-04-10T11:24:00.000000Z
KO,TKR,,HNN,strong_motion,40.9893,27.5351,100.0,2011-08-19T11:00:00.000000Z,2018-04-10T11:24:00.000000Z
KO,TKR,,HNZ,strong_motion,40.9893,27.5351,100.0,2011-08-19T11:00:00.000000Z,2018-04-10T11:24:00.000000Z
KO,TKR,,HNE,strong_motion,40.9893,27.5351,100.0,2018-04-10T11:24:00.000000Z,2025-02-13T14:00:00.000000Z
KO,TKR,,HNN,strong_motion,40.9893,27.5351,100.0,2018-04-10T11:24:00.000000Z,2025-02-13T14:00:00.000000Z
KO,TKR,,HNZ,strong_motion,40.9893,27.5351,100.0,2018-04-10T11:24:00.000000Z,2025-02-13T14:00:00.000000Z
KO,TKR,,HHE,broadband,40.9893,27.5351,100.0,2025-02-13T14:00:00.000000Z,
KO,TKR,,HHN,broadband,40.9893,27.5351,100.0,2025-02-13T14:00:00.000000Z,
KO,TKR,,HHZ,broadband,40.9893,27.5351,100.0,2025-02-13T14:00:00.000000Z,
KO,KUPE,,HNE,strong_motion,40.8766,36.0489,100.0,2013-12-06T00:00:00.000000Z,2016-01-25T00:00:00.000000Z
KO,KUPE,,HNN,strong_motion,40.8766,36.0489,100.0,2013-12-06T00:00:00.000000Z,2016-01-25T00:00:00.000000Z
KO,KUPE,,HNZ,strong_motion,40.8766,36.0489,100.0,2013-12-06T00:00:00.000000Z,2016-01-25T00:00:00.000000Z
KO,KOUK,,HNE,strong_motion,40.6572,29.1918,100.0,2021-06-20T00:00:00.000000Z,2025-05-28T12:30:00.000000Z
KO,KOUK,,HNN,strong_motion,40.6572,29.1918,100.0,2021-06-20T00:00:00.000000Z,2025-05-28T12:30:00.000000Z
KO,KOUK,,HNZ,strong_motion,40.6572,29.1918,100.0,2021-06-20T00:00:00.000000Z,2025-05-28T12:30:00.000000Z
KO,KOUK,,HNE,strong_motion,40.6572,29.1918,100.0,2025-05-28T12:30:00.000000Z,
KO,KOUK,,HNN,strong_motion,40.6572,29.1918,100.0,2025-05-28T12:30:00.000000Z,
KO,KOUK,,HNZ,strong_motion,40.6572,29.1918,100.0,2025-05-28T12:30:00.000000Z,
KO,DENT,,HNE,strong_motion,37.7539,29.0331,100.0,2011-10-07T00:00:00.000000Z,2014-05-08T00:00:00.000000Z
KO,DENT,,HNN,strong_motion,37.7539,29.0331,100.0,2011-10-07T00:00:00.000000Z,2014-05-08T00:00:00.000000Z
KO,DENT,,HNZ,strong_motion,37.7539,29.0331,100.0,2011-10-07T00:00:00.000000Z,2014-05-08T00:00:00.000000Z
KO,SVSK,,BHE,broadband,39.9157,36.9925,50.0,2003-08-27T00:00:00.000000Z,2005-08-04T11:00:00.000000Z
KO,SVSK,,BHN,broadband,39.9157,36.9925,50.0,2003-08-27T00:00:00.000000Z,2005-08-04T11:00:00.000000Z
KO,SVSK,,BHZ,broadband,39.9157,36.9925,50.0,2003-08-27T00:00:00.000000Z,2005-08-04T11:00:00.000000Z
KO,SVSK,,BHE,broadband,39.9157,36.9925,20.0,2005-08-04T11:00:00.000000Z,2009-06-05T10:00:00.000000Z
KO,SVSK,,BHN,broadband,39.9157,36.9925,20.0,2005-08-04T11:00:00.000000Z,2009-06-05T10:00:00.000000Z
KO,SVSK,,BHZ,broadband,39.9157,36.9925,20.0,2005-08-04T11:00:00.000000Z,2009-06-05T10:00:00.000000Z
KO,SVSK,,BHE,broadband,39.9157,36.9925,50.0,2009-06-05T10:00:00.000000Z,2022-11-30T09:00:00.000000Z
KO,SVSK,,BHN,broadband,39.9157,36.9925,50.0,2009-06-05T10:00:00.000000Z,2022-11-30T09:00:00.000000Z
KO,SVSK,,BHZ,broadband,39.9157,36.9925,50.0,2009-06-05T10:00:00.000000Z,2022-11-30T09:00:00.000000Z
KO,SVSK,,HHE,broadband,39.9157,36.9925,100.0,2022-11-30T09:00:00.000000Z,
KO,SVSK,,HHN,broadband,39.9157,36.9925,100.0,2022-11-30T09:00:00.000000Z,
KO,SVSK,,HHZ,broadband,39.9157,36.9925,100.0,2022-11-30T09:00:00.000000Z,
KO,ILIC,,BHE,broadband,39.4518,38.5675,50.0,2008-12-25T00:00:00.000000Z,2023-06-12T00:00:00.000000Z
KO,ILIC,,BHN,broadband,39.4518,38.5675,50.0,2008-12-25T00:00:00.000000Z,2023-06-12T00:00:00.000000Z
KO,ILIC,,BHZ,broadband,39.4518,38.5675,50.0,2008-12-25T00:00:00.000000Z,2023-06-12T00:00:00.000000Z
KO,GURO,,HHE,broadband,38.5509,42.0322,100.0,2011-10-25T00:00:00.000000Z,
KO,GURO,,HHN,broadband,38.5509,42.0322,100.0,2011-10-25T00:00:00.000000Z,
KO,GURO,,HHZ,broadband,38.5509,42.0322,100.0,2011-10-25T00:00:00.000000Z,
KO,KMRS,,BHE,broadband,37.5087,36.9,50.0,2006-08-30T00:00:00.000000Z,2022-11-15T06:30:00.000000Z
KO,KMRS,,BHN,broadband,37.5087,36.9,50.0,2006-08-30T00:00:00.000000Z,2022-11-15T06:30:00.000000Z
KO,KMRS,,BHZ,broadband,37.5087,36.9,50.0,2006-08-30T00:00:00.000000Z,2022-11-15T06:30:00.000000Z
KO,KMRS,,HHE,broadband,37.5087,36.9,100.0,2022-11-15T06:30:00.000000Z,
KO,KMRS,,HHN,broadband,37.5087,36.9,100.0,2022-11-15T06:30:00.000000Z,
KO,KMRS,,HHZ,broadband,37.5087,36.9,100.0,2022-11-15T06:30:00.000000Z,
KO,RSDY,,BHE,broadband,40.3971,37.3273,50.0,2007-06-13T00:00:00.000000Z,2022-11-28T10:50:00.000000Z
KO,RSDY,,BHN,broadband,40.3971,37.3273,50.0,2007-06-13T00:00:00.000000Z,2022-11-28T10:50:00.000000Z
KO,RSDY,,BHZ,broadband,40.3971,37.3273,50.0,2007-06-13T00:00:00.000000Z,2022-11-28T10:50:00.000000Z
KO,RSDY,,HHE,broadband,40.3971,37.3273,100.0,2022-11-28T10:50:00.000000Z,
KO,RSDY,,HHN,broadband,40.3971,37.3273,100.0,2022-11-28T10:50:00.000000Z,
KO,RSDY,,HHZ,broadband,40.3971,37.3273,100.0,2022-11-28T10:50:00.000000Z,
KO,KRBG,,BHE,broadband,40.3932,27.2977,50.0,2008-06-27T00:00:00.000000Z,2013-11-08T17:00:00.000000Z
KO,KRBG,,BHN,broadband,40.3932,27.2977,50.0,2008-06-27T00:00:00.000000Z,2013-11-08T17:00:00.000000Z
KO,KRBG,,BHZ,broadband,40.3932,27.2977,50.0,2008-06-27T00:00:00.000000Z,2013-11-08T17:00:00.000000Z
KO,KRBG,,HHE,broadband,40.3932,27.2977,100.0,2013-11-08T17:00:00.000000Z,
KO,KRBG,,HHN,broadband,40.3932,27.2977,100.0,2013-11-08T17:00:00.000000Z,
KO,KRBG,,HHZ,broadband,40.3932,27.2977,100.0,2013-11-08T17:00:00.000000Z,
KO,KRBG,,HNE,strong_motion,40.3932,27.2977,100.0,2015-11-10T00:00:00.000000Z,
KO,KRBG,,HNN,strong_motion,40.3932,27.2977,100.0,2015-11-10T00:00:00.000000Z,
KO,KRBG,,HNZ,strong_motion,40.3932,27.2977,100.0,2015-11-10T00:00:00.000000Z,
KO,DST,,HNE,strong_motion,39.6041,28.6267,100.0,2011-10-10T00:00:00.000000Z,
KO,DST,,HNN,strong_motion,39.6041,28.6267,100.0,2011-10-10T00:00:00.000000Z,
KO,DST,,HNZ,strong_motion,39.6041,28.6267,100.0,2011-10-10T00:00:00.000000Z,
KO,DAT,,BHE,broadband,36.7308,27.5767,20.0,2005-10-08T00:00:00.000000Z,2005-12-30T09:00:00.000000Z
KO,DAT,,BHN,broadband,36.7308,27.5767,20.0,2005-10-08T00:00:00.000000Z,2005-12-30T09:00:00.000000Z
KO,DAT,,BHZ,broadband,36.7308,27.5767,20.0,2005-10-08T00:00:00.000000Z,2005-12-30T09:00:00.000000Z
KO,DAT,,BHE,broadband,36.7308,27.5767,50.0,2005-12-30T09:00:00.000000Z,2010-12-29T00:00:00.000000Z
KO,DAT,,BHN,broadband,36.7308,27.5767,50.0,2005-12-30T09:00:00.000000Z,2010-12-29T00:00:00.000000Z
KO,DAT,,BHZ,broadband,36.7308,27.5767,50.0,2005-12-30T09:00:00.000000Z,2010-12-29T00:00:00.000000Z
KO,DAT,,BHE,broadband,36.7308,27.5767,50.0,2010-12-29T00:00:00.000000Z,2022-11-08T08:00:00.000000Z
KO,DAT,,BHN,broadband,36.7308,27.5767,50.0,2010-12-29T00:00:00.000000Z,2022-11-08T08:00:00.000000Z
KO,DAT,,BHZ,broadband,36.7308,27.5767,50.0,2010-12-29T00:00:00.000000Z,2022-11-08T08:00:00.000000Z
KO,DAT,,HHE,broadband,36.7308,27.5767,100.0,2022-11-08T08:00:00.000000Z,
KO,DAT,,HHN,broadband,36.7308,27.5767,100.0,2022-11-08T08:00:00.000000Z,
KO,DAT,,HHZ,broadband,36.7308,27.5767,100.0,2022-11-08T08:00:00.000000Z,
KO,YARM,,HNE,strong_motion,40.9231,35.8266,100.0,2013-12-06T00:00:00.000000Z,2021-05-30T00:00:00.000000Z
KO,YARM,,HNN,strong_motion,40.9231,35.8266,100.0,2013-12-06T00:00:00.000000Z,2021-05-30T00:00:00.000000Z
KO,YARM,,HNZ,strong_motion,40.9231,35.8266,100.0,2013-12-06T00:00:00.000000Z,2021-05-30T00:00:00.000000Z
KO,GELI,,BHE,broadband,40.398,26.4742,50.0,2008-07-04T00:00:00.000000Z,2013-11-08T13:00:00.000000Z
KO,GELI,,BHN,broadband,40.398,26.4742,50.0,2008-07-04T00:00:00.000000Z,2013-11-08T13:00:00.000000Z
KO,GELI,,BHZ,broadband,40.398,26.4742,50.0,2008-07-04T00:00:00.000000Z,2013-11-08T13:00:00.000000Z
KO,GELI,,HHE,broadband,40.398,26.4742,100.0,2013-11-08T13:00:00.000000Z,
KO,GELI,,HHN,broadband,40.398,26.4742,100.0,2013-11-08T13:00:00.000000Z,
KO,GELI,,HHZ,broadband,40.398,26.4742,100.0,2013-11-08T13:00:00.000000Z,
KO,AKDM,,HHE,broadband,38.3285,42.98,100.0,2012-11-29T00:00:00.000000Z,
KO,AKDM,,HHN,broadband,38.3285,42.98,100.0,2012-11-29T00:00:00.000000Z,
KO,AKDM,,HHZ,broadband,38.3285,42.98,100.0,2012-11-29T00:00:00.000000Z,
KO,SVRC,,BHE,broadband,38.3775,39.306,50.0,2007-04-27T00:00:00.000000Z,2022-11-29T10:00:00.000000Z
KO,SVRC,,BHN,broadband,38.3775,39.306,50.0,2007-04-27T00:00:00.000000Z,2022-11-29T10:00:00.000000Z
KO,SVRC,,BHZ,broadband,38.3775,39.306,50.0,2007-04-27T00:00:00.000000Z,2022-11-29T10:00:00.000000Z
KO,SVRC,,HHE,broadband,38.3775,39.306,100.0,2022-11-29T10:00:00.000000Z,
KO,SVRC,,HHN,broadband,38.3775,39.306,100.0,2022-11-29T10:00:00.000000Z,
KO,SVRC,,HHZ,broadband,38.3775,39.306,100.0,2022-11-29T10:00:00.000000Z,
KO,GOKC,,HNE,strong_motion,40.1998,25.9183,100.0,2011-03-27T00:00:00.000000Z,
KO,GOKC,,HNN,strong_motion,40.1998,25.9183,100.0,2011-03-27T00:00:00.000000Z,
KO,GOKC,,HNZ,strong_motion,40.1998,25.9183,100.0,2011-03-27T00:00:00.000000Z,
KO,OSMT,,HNE,strong_motion,40.6009,29.7,100.0,2012-04-10T00:00:00.000000Z,2017-05-15T05:41:00.000000Z
KO,OSMT,,HNN,strong_motion,40.6009,29.7,100.0,2012-04-10T00:00:00.000000Z,2017-05-15T05:41:00.000000Z
KO,OSMT,,HNZ,strong_motion,40.6009,29.7,100.0,2012-04-10T00:00:00.000000Z,2017-05-15T05:41:00.000000Z
KO,OSMT,,BNE,strong_motion,40.6009,29.7,25.0,2017-05-15T05:41:00.000000Z,2017-05-30T05:25:00.000000Z
KO,OSMT,,BNN,strong_motion,40.6009,29.7,25.0,2017-05-15T05:41:00.000000Z,2017-05-30T05:25:00.000000Z
KO,OSMT,,BNZ,strong_motion,40.6009,29.7,25.0,2017-05-15T05:41:00.000000Z,2017-05-30T05:25:00.000000Z
KO,OSMT,,HNE,strong_motion,40.6009,29.7,100.0,2017-05-30T05:25:00.000000Z,
KO,OSMT,,HNN,strong_motion,40.6009,29.7,100.0,2017-05-30T05:25:00.000000Z,
KO,OSMT,,HNZ,strong_motion,40.6009,29.7,100.0,2017-05-30T05:25:00.000000Z,
KO,DARE,,BHE,broadband,38.5712,37.4832,50.0,2007-07-31T00:00:00.000000Z,2009-03-13T14:00:00.000000Z
KO,DARE,,BHN,broadband,38.5712,37.4832,50.0,2007-07-31T00:00:00.000000Z,2009-03-13T14:00:00.000000Z
KO,DARE,,BHZ,broadband,38.5712,37.4832,50.0,2007-07-31T00:00:00.000000Z,2009-03-13T14:00:00.000000Z
KO,DARE,,BHE,broadband,38.5712,37.4832,50.0,2009-03-13T14:00:00.000000Z,2022-11-28T08:30:00.000000Z
KO,DARE,,BHN,broadband,38.5712,37.4832,50.0,2009-03-13T14:00:00.000000Z,2022-11-28T08:30:00.000000Z
KO,DARE,,BHZ,broadband,38.5712,37.4832,50.0,2009-03-13T14:00:00.000000Z,2022-11-28T08:30:00.000000Z
KO,DARE,,HHE,broadband,38.5712,37.4832,100.0,2022-11-28T08:30:00.000000Z,
KO,DARE,,HHN,broadband,38.5712,37.4832,100.0,2022-11-28T08:30:00.000000Z,
KO,DARE,,HHZ,broadband,38.5712,37.4832,100.0,2022-11-28T08:30:00.000000Z,
KO,CLDR,,BHE,broadband,39.144,43.9172,20.0,2004-12-16T00:00:00.000000Z,2006-02-01T00:00:00.000000Z
KO,CLDR,,BHN,broadband,39.144,43.9172,20.0,2004-12-16T00:00:00.000000Z,2006-02-01T00:00:00.000000Z
KO,CLDR,,BHZ,broadband,39.144,43.9172,20.0,2004-12-16T00:00:00.000000Z,2006-02-01T00:00:00.000000Z
KO,CLDR,,BHE,broadband,39.144,43.9172,50.0,2006-02-01T00:00:00.000000Z,2022-04-22T08:00:00.000000Z
KO,CLDR,,BHN,broadband,39.144,43.9172,50.0,2006-02-01T00:00:00.000000Z,2022-04-22T08:00:00.000000Z
KO,CLDR,,BHZ,broadband,39.144,43.9172,50.0,2006-02-01T00:00:00.000000Z,2022-04-22T08:00:00.000000Z
KO,CLDR,,HHE,broadband,39.144,43.9172,100.0,2022-04-22T08:00:00.000000Z,2022-06-22T13:00:00.000000Z
KO,CLDR,,HHN,broadband,39.144,43.9172,100.0,2022-04-22T08:00:00.000000Z,2022-06-22T13:00:00.000000Z
KO,CLDR,,HHZ,broadband,39.144,43.9172,100.0,2022-04-22T08:00:00.000000Z,2022-06-22T13:00:00.000000Z
KO,CLDR,,BHE,broadband,39.144,43.9172,50.0,2022-06-22T13:00:00.000000Z,2022-11-30T09:00:00.000000Z
KO,CLDR,,BHN,broadband,39.144,43.9172,50.0,2022-06-22T13:00:00.000000Z,2022-11-30T09:00:00.000000Z
KO,CLDR,,BHZ,broadband,39.144,43.9172,50.0,2022-06-22T13:00:00.000000Z,2022-11-30T09:00:00.000000Z
KO,CLDR,,HHE,broadband,39.144,43.9172,100.0,2022-11-30T09:00:00.000000Z,
KO,CLDR,,HHN,broadband,39.144,43.9172,100.0,2022-11-30T09:00:00.000000Z,
KO,CLDR,,HHZ,broadband,39.144,43.9172,100.0,2022-11-30T09:00:00.000000Z,
KO,SIMA,,HHE,broadband,39.0833,28.9825,100.0,2011-07-26T00:00:00.000000Z,2020-06-19T22:00:00.000000Z
KO,SIMA,,HHN,broadband,39.0833,28.9825,100.0,2011-07-26T00:00:00.000000Z,2020-06-19T22:00:00.000000Z
KO,SIMA,,HHZ,broadband,39.0833,28.9825,100.0,2011-07-26T00:00:00.000000Z,2020-06-19T22:00:00.000000Z
KO,SIMA,,BHE,broadband,39.0833,28.9825,50.0,2020-06-19T22:00:00.000000Z,2022-11-15T08:00:00.000000Z
KO,SIMA,,BHN,broadband,39.0833,28.9825,50.0,2020-06-19T22:00:00.000000Z,2022-11-15T08:00:00.000000Z
KO,SIMA,,BHZ,broadband,39.0833,28.9825,50.0,2020-06-19T22:00:00.000000Z,2022-11-15T08:00:00.000000Z
KO,SIMA,,HHE,broadband,39.0833,28.9825,100.0,2022-11-15T08:00:00.000000Z,
KO,SIMA,,HHN,broadband,39.0833,28.9825,100.0,2022-11-15T08:00:00.000000Z,
KO,SIMA,,HHZ,broadband,39.0833,28.9825,100.0,2022-11-15T08:00:00.000000Z,
KO,KIZT,,HHE,broadband,38.8808,31.883,100.0,2011-11-24T00:00:00.000000Z,2020-06-19T22:00:00.000000Z
KO,KIZT,,HHN,broadband,38.8808,31.883,100.0,2011-11-24T00:00:00.000000Z,2020-06-19T22:00:00.000000Z
KO,KIZT,,HHZ,broadband,38.8808,31.883,100.0,2011-11-24T00:00:00.000000Z,2020-06-19T22:00:00.000000Z
KO,KIZT,,BHE,broadband,38.8808,31.883,50.0,2020-06-19T22:00:00.000000Z,2022-11-08T08:15:00.000000Z
KO,KIZT,,BHN,broadband,38.8808,31.883,50.0,2020-06-19T22:00:00.000000Z,2022-11-08T08:15:00.000000Z
KO,KIZT,,BHZ,broadband,38.8808,31.883,50.0,2020-06-19T22:00:00.000000Z,2022-11-08T08:15:00.000000Z
KO,KIZT,,HHE,broadband,38.8808,31.883,100.0,2022-11-08T08:15:00.000000Z,
KO,KIZT,,HHN,broadband,38.8808,31.883,100.0,2022-11-08T08:15:00.000000Z,
KO,KIZT,,HHZ,broadband,38.8808,31.883,100.0,2022-11-08T08:15:00.000000Z,
KO,SAFT,,HNE,strong_motion,41.2398,32.6871,100.0,2011-12-16T00:00:00.000000Z,
KO,SAFT,,HNN,strong_motion,41.2398,32.6871,100.0,2011-12-16T00:00:00.000000Z,
KO,SAFT,,HNZ,strong_motion,41.2398,32.6871,100.0,2011-12-16T00:00:00.000000Z,
KO,MDUB,,BHE,broadband,40.4712,31.1976,50.0,2008-05-22T00:00:00.000000Z,2022-11-28T10:30:00.000000Z
KO,MDUB,,BHN,broadband,40.4712,31.1976,50.0,2008-05-22T00:00:00.000000Z,2022-11-28T10:30:00.000000Z
KO,MDUB,,BHZ,broadband,40.4712,31.1976,50.0,2008-05-22T00:00:00.000000Z,2022-11-28T10:30:00.000000Z
KO,MDUB,,HHE,broadband,40.4712,31.1976,100.0,2022-11-28T10:30:00.000000Z,
KO,MDUB,,HHN,broadband,40.4712,31.1976,100.0,2022-11-28T10:30:00.000000Z,
KO,MDUB,,HHZ,broadband,40.4712,31.1976,100.0,2022-11-28T10:30:00.000000Z,
KO,SVRH,,HHE,broadband,39.447,31.523,100.0,2007-12-27T00:00:00.000000Z,2008-01-07T12:00:00.000000Z
KO,SVRH,,HHN,broadband,39.447,31.523,100.0,2007-12-27T00:00:00.000000Z,2008-01-07T12:00:00.000000Z
KO,SVRH,,HHZ,broadband,39.447,31.523,100.0,2007-12-27T00:00:00.000000Z,2008-01-07T12:00:00.000000Z
KO,SVRH,,BHE,broadband,39.447,31.523,50.0,2008-01-07T12:00:00.000000Z,2022-11-28T11:20:00.000000Z
KO,SVRH,,BHN,broadband,39.447,31.523,50.0,2008-01-07T12:00:00.000000Z,2022-11-28T11:20:00.000000Z
KO,SVRH,,BHZ,broadband,39.447,31.523,50.0,2008-01-07T12:00:00.000000Z,2022-11-28T11:20:00.000000Z
KO,SVRH,,HHE,broadband,39.447,31.523,100.0,2022-11-28T11:20:00.000000Z,
KO,SVRH,,HHN,broadband,39.447,31.523,100.0,2022-11-28T11:20:00.000000Z,
KO,SVRH,,HHZ,broadband,39.447,31.523,100.0,2022-11-28T11:20:00.000000Z,
KO,SNOP,,BHE,broadband,42.0195,35.2069,50.0,2010-08-13T00:00:00.000000Z,2014-05-28T12:00:00.000000Z
KO,SNOP,,BHN,broadband,42.0195,35.2069,50.0,2010-08-13T00:00:00.000000Z,2014-05-28T12:00:00.000000Z
KO,SNOP,,BHZ,broadband,42.0195,35.2069,50.0,2010-08-13T00:00:00.000000Z,2014-05-28T12:00:00.000000Z
KO,SNOP,,HHE,broadband,42.0195,35.2069,100.0,2014-05-28T12:00:00.000000Z,2014-06-23T11:00:00.000000Z
KO,SNOP,,HHN,broadband,42.0195,35.2069,100.0,2014-05-28T12:00:00.000000Z,2014-06-23T11:00:00.000000Z
KO,SNOP,,HHZ,broadband,42.0195,35.2069,100.0,2014-05-28T12:00:00.000000Z,2014-06-23T11:00:00.000000Z
KO,SNOP,,BHE,broadband,42.0195,35.2069,50.0,2014-06-23T11:00:00.000000Z,2022-11-28T11:15:00.000000Z
KO,SNOP,,BHN,broadband,42.0195,35.2069,50.0,2014-06-23T11:00:00.000000Z,2022-11-28T11:15:00.000000Z
KO,SNOP,,BHZ,broadband,42.0195,35.2069,50.0,2014-06-23T11:00:00.000000Z,2022-11-28T11:15:00.000000Z
KO,SNOP,,HHE,broadband,42.0195,35.2069,100.0,2022-11-28T11:15:00.000000Z,
KO,SNOP,,HHN,broadband,42.0195,35.2069,100.0,2022-11-28T11:15:00.000000Z,
KO,SNOP,,HHZ,broadband,42.0195,35.2069,100.0,2022-11-28T11:15:00.000000Z,
KO,KEMT,,HNE,strong_motion,36.6037,30.5558,100.0,2011-08-09T00:00:00.000000Z,
KO,KEMT,,HNN,strong_motion,36.6037,30.5558,100.0,2011-08-09T00:00:00.000000Z,
KO,KEMT,,HNZ,strong_motion,36.6037,30.5558,100.0,2011-08-09T00:00:00.000000Z,
KO,SHUT,,BHE,broadband,38.553,30.551,50.0,2006-11-02T00:00:00.000000Z,2017-10-24T05:30:00.000000Z
KO,SHUT,,BHN,broadband,38.553,30.551,50.0,2006-11-02T00:00:00.000000Z,2017-10-24T05:30:00.000000Z
KO,SHUT,,BHZ,broadband,38.553,30.551,50.0,2006-11-02T00:00:00.000000Z,2017-10-24T05:30:00.000000Z
KO,SHUT,,HHE,broadband,38.553,30.551,100.0,2017-10-24T05:30:00.000000Z,2017-11-09T13:00:00.000000Z
KO,SHUT,,HHN,broadband,38.553,30.551,100.0,2017-10-24T05:30:00.000000Z,2017-11-09T13:00:00.000000Z
KO,SHUT,,HHZ,broadband,38.553,30.551,100.0,2017-10-24T05:30:00.000000Z,2017-11-09T13:00:00.000000Z
KO,SHUT,,BHE,broadband,38.553,30.551,50.0,2017-11-09T13:00:00.000000Z,2022-04-12T09:00:00.000000Z
KO,SHUT,,BHN,broadband,38.553,30.551,50.0,2017-11-09T13:00:00.000000Z,2022-04-12T09:00:00.000000Z
KO,SHUT,,BHZ,broadband,38.553,30.551,50.0,2017-11-09T13:00:00.000000Z,2022-04-12T09:00:00.000000Z
KO,SHUT,,HHE,broadband,38.553,30.551,100.0,2022-04-12T09:00:00.000000Z,2022-06-22T13:00:00.000000Z
KO,SHUT,,HHN,broadband,38.553,30.551,100.0,2022-04-12T09:00:00.000000Z,2022-06-22T13:00:00.000000Z
KO,SHUT,,HHZ,broadband,38.553,30.551,100.0,2022-04-12T09:00:00.000000Z,2022-06-22T13:00:00.000000Z
KO,SHUT,,BHE,broadband,38.553,30.551,50.0,2022-06-22T13:00:00.000000Z,2022-11-30T09:00:00.000000Z
KO,SHUT,,BHN,broadband,38.553,30.551,50.0,2022-06-22T13:00:00.000000Z,2022-11-30T09:00:00.000000Z
KO,SHUT,,BHZ,broadband,38.553,30.551,50.0,2022-06-22T13:00:00.000000Z,2022-11-30T09:00:00.000000Z
KO,SHUT,,HHE,broadband,38.553,30.551,100.0,2022-11-30T09:00:00.000000Z,
KO,SHUT,,HHN,broadband,38.553,30.551,100.0,2022-11-30T09:00:00.000000Z,
KO,SHUT,,HHZ,broadband,38.553,30.551,100.0,2022-11-30T09:00:00.000000Z,
KO,DEMR,,HNE,strong_motion,36.2365,29.9056,100.0,2011-08-12T00:00:00.000000Z,
KO,DEMR,,HNN,strong_motion,36.2365,29.9056,100.0,2011-08-12T00:00:00.000000Z,
KO,DEMR,,HNZ,strong_motion,36.2365,29.9056,100.0,2011-08-12T00:00:00.000000Z,
KO,BCK,,BHE,broadband,37.4602,30.5885,50.0,2007-03-29T11:00:00.000000Z,2022-11-30T10:30:00.000000Z
KO,BCK,,BHN,broadband,37.4602,30.5885,50.0,2007-03-29T11:00:00.000000Z,2022-11-30T10:30:00.000000Z
KO,BCK,,BHZ,broadband,37.4602,30.5885,50.0,2007-03-29T11:00:00.000000Z,2022-11-30T10:30:00.000000Z
KO,BCK,,HHE,broadband,37.4602,30.5885,100.0,2022-11-30T10:30:00.000000Z,2023-12-15T07:20:00.000000Z
KO,BCK,,HHN,broadband,37.4602,30.5885,100.0,2022-11-30T10:30:00.000000Z,2023-12-15T07:20:00.000000Z
KO,BCK,,HHZ,broadband,37.4602,30.5885,100.0,2022-11-30T10:30:00.000000Z,2023-12-15T07:20:00.000000Z
KO,BCK,,HNE,strong_motion,37.4602,30.5885,100.0,2023-12-15T07:20:00.000000Z,
KO,BCK,,HNN,strong_motion,37.4602,30.5885,100.0,2023-12-15T07:20:00.000000Z,
KO,BCK,,HNZ,strong_motion,37.4602,30.5885,100.0,2023-12-15T07:20:00.000000Z,
KO,DALY,,BHE,broadband,36.8162,28.6532,50.0,2009-05-01T00:00:00.000000Z,2022-12-30T07:23:00.000000Z
KO,DALY,,BHN,broadband,36.8162,28.6532,50.0,2009-05-01T00:00:00.000000Z,2022-12-30T07:23:00.000000Z
KO,DALY,,BHZ,broadband,36.8162,28.6532,50.0,2009-05-01T00:00:00.000000Z,2022-12-30T07:23:00.000000Z
KO,DALY,,HHE,broadband,36.8162,28.6532,100.0,2022-12-30T07:23:00.000000Z,
KO,DALY,,HHN,broadband,36.8162,28.6532,100.0,2022-12-30T07:23:00.000000Z,
KO,DALY,,HHZ,broadband,36.8162,28.6532,100.0,2022-12-30T07:23:00.000000Z,
KO,SERE,,BHE,broadband,38.9463,33.564,50.0,2009-06-17T00:00:00.000000Z,2010-07-18T05:00:00.000000Z
KO,SERE,,BHN,broadband,38.9463,33.564,50.0,2009-06-17T00:00:00.000000Z,2010-07-18T05:00:00.000000Z
KO,SERE,,BHZ,broadband,38.9463,33.564,50.0,2009-06-17T00:00:00.000000Z,2010-07-18T05:00:00.000000Z
KO,SERE,,HHE,broadband,38.9463,33.564,100.0,2010-07-18T05:00:00.000000Z,
KO,SERE,,HHN,broadband,38.9463,33.564,100.0,2010-07-18T05:00:00.000000Z,
KO,SERE,,HHZ,broadband,38.9463,33.564,100.0,2010-07-18T05:00:00.000000Z,
KO,YOZ,,HHE,broadband,39.6376,35.3152,100.0,2011-12-13T00:00:00.000000Z,
KO,YOZ,,HHN,broadband,39.6376,35.3152,100.0,2011-12-13T00:00:00.000000Z,
KO,YOZ,,HHZ,broadband,39.6376,35.3152,100.0,2011-12-13T00:00:00.000000Z,
KO,SARI,,BHE,broadband,38.4072,36.4181,50.0,2007-08-03T00:00:00.000000Z,2010-08-17T14:00:00.000000Z
KO,SARI,,BHN,broadband,38.4072,36.4181,50.0,2007-08-03T00:00:00.000000Z,2010-08-17T14:00:00.000000Z
KO,SARI,,BHZ,broadband,38.4072,36.4181,50.0,2007-08-03T00:00:00.000000Z,2010-08-17T14:00:00.000000Z
KO,SARI,,BHE,broadband,38.4072,36.4181,50.0,2010-08-17T14:00:00.000000Z,2022-11-28T11:00:00.000000Z
KO,SARI,,BHN,broadband,38.4072,36.4181,50.0,2010-08-17T14:00:00.000000Z,2022-11-28T11:00:00.000000Z
KO,SARI,,BHZ,broadband,38.4072,36.4181,50.0,2010-08-17T14:00:00.000000Z,2022-11-28T11:00:00.000000Z
KO,SARI,,HHE,broadband,38.4072,36.4181,100.0,2022-11-28T11:00:00.000000Z,
KO,SARI,,HHN,broadband,38.4072,36.4181,100.0,2022-11-28T11:00:00.000000Z,
KO,SARI,,HHZ,broadband,38.4072,36.4181,100.0,2022-11-28T11:00:00.000000Z,
KO,KDZE,,BHE,broadband,41.3132,31.443,50.0,2006-06-29T00:00:00.000000Z,2022-11-30T09:00:00.000000Z
KO,KDZE,,BHN,broadband,41.3132,31.443,50.0,2006-06-29T00:00:00.000000Z,2022-11-30T09:00:00.000000Z
KO,KDZE,,BHZ,broadband,41.3132,31.443,50.0,2006-06-29T00:00:00.000000Z,2022-11-30T09:00:00.000000Z
KO,KDZE,,HHE,broadband,41.3132,31.443,100.0,2022-11-30T09:00:00.000000Z,
KO,KDZE,,HHN,broadband,41.3132,31.443,100.0,2022-11-30T09:00:00.000000Z,
KO,KDZE,,HHZ,broadband,41.3132,31.443,100.0,2022-11-30T09:00:00.000000Z,
KO,BZK,,BHE,broadband,41.96,34.0035,50.0,2006-08-03T00:00:00.000000Z,2018-06-11T12:00:00.000000Z
KO,BZK,,BHN,broadband,41.96,34.0035,50.0,2006-08-03T00:00:00.000000Z,2018-06-11T12:00:00.000000Z
KO,BZK,,BHZ,broadband,41.96,34.0035,50.0,2006-08-03T00:00:00.000000Z,2018-06-11T12:00:00.000000Z
KO,BZK,,BHE,broadband,41.96,34.0035,50.0,2018-06-11T12:00:00.000000Z,2022-11-28T08:00:00.000000Z
KO,BZK,,BHN,broadband,41.96,34.0035,50.0,2018-06-11T12:00:00.000000Z,2022-11-28T08:00:00.000000Z
KO,BZK,,BHZ,broadband,41.96,34.0035,50.0,2018-06-11T12:00:00.000000Z,2022-11-28T08:00:00.000000Z
KO,BZK,,HHE,broadband,41.96,34.0035,100.0,2022-11-28T08:00:00.000000Z,
KO,BZK,,HHN,broadband,41.96,34.0035,100.0,2022-11-28T08:00:00.000000Z,
KO,BZK,,HHZ,broadband,41.96,34.0035,100.0,2022-11-28T08:00:00.000000Z,
KO,RKY,,BHE,broadband,40.6874,27.1776,50.0,2006-04-14T00:00:00.000000Z,2013-05-20T13:00:00.000000Z
KO,RKY,,BHN,broadband,40.6874,27.1776,50.0,2006-04-14T00:00:00.000000Z,2013-05-20T13:00:00.000000Z
KO,RKY,,BHZ,broadband,40.6874,27.1776,50.0,2006-04-14T00:00:00.000000Z,2013-05-20T13:00:00.000000Z
KO,RKY,,HHE,broadband,40.6874,27.1776,100.0,2013-05-20T13:00:00.000000Z,
KO,RKY,,HHN,broadband,40.6874,27.1776,100.0,2013-05-20T13:00:00.000000Z,
KO,RKY,,HHZ,broadband,40.6874,27.1776,100.0,2013-05-20T13:00:00.000000Z,
KO,BOZY,,HNE,strong_motion,36.1069,32.9763,100.0,2011-07-29T00:00:00.000000Z,2017-12-18T16:00:00.000000Z
KO,BOZY,,HNN,strong_motion,36.1069,32.9763,100.0,2011-07-29T00:00:00.000000Z,2017-12-18T16:00:00.000000Z
KO,BOZY,,HNZ,strong_motion,36.1069,32.9763,100.0,2011-07-29T00:00:00.000000Z,2017-12-18T16:00:00.000000Z
KO,BOZY,,HNE,strong_motion,36.1069,32.9763,100.0,2017-12-18T16:00:00.000000Z,
KO,BOZY,,HNN,strong_motion,36.1069,32.9763,100.0,2017-12-18T16:00:00.000000Z,
KO,BOZY,,HNZ,strong_motion,36.1069,32.9763,100.0,2017-12-18T16:00:00.000000Z,
KO,CRLU,,HNE,strong_motion,41.1428,27.8215,100.0,2022-12-15T00:00:00.000000Z,
KO,CRLU,,HNN,strong_motion,41.1428,27.8215,100.0,2022-12-15T00:00:00.000000Z,
KO,CRLU,,HNZ,strong_motion,41.1428,27.8215,100.0,2022-12-15T00:00:00.000000Z,
KO,ARPRA,,HNE,strong_motion,39.0929,38.3356,100.0,2013-09-06T00:00:00.000000Z,2018-09-12T11:00:00.000000Z
KO,ARPRA,,HNN,strong_motion,39.0929,38.3356,100.0,2013-09-06T00:00:00.000000Z,2018-09-12T11:00:00.000000Z
KO,ARPRA,,HNZ,strong_motion,39.0929,38.3356,100.0,2013-09-06T00:00:00.000000Z,2018-09-12T11:00:00.000000Z
KO,ARPRA,,HNE,strong_motion,39.0929,38.3356,100.0,2018-09-12T11:00:00.000000Z,
KO,ARPRA,,HNN,strong_motion,39.0929,38.3356,100.0,2018-09-12T11:00:00.000000Z,
KO,ARPRA,,HNZ,strong_motion,39.0929,38.3356,100.0,2018-09-12T11:00:00.000000Z,
KO,CANT,,BHE,broadband,40.6062,33.6193,50.0,2006-12-12T16:00:00.000000Z,2018-07-05T05:00:00.000000Z
KO,CANT,,BHN,broadband,40.6062,33.6193,50.0,2006-12-12T16:00:00.000000Z,2018-07-05T05:00:00.000000Z
KO,CANT,,BHZ,broadband,40.6062,33.6193,50.0,2006-12-12T16:00:00.000000Z,2018-07-05T05:00:00.000000Z
KO,CANT,,BHE,broadband,40.6062,33.6193,50.0,2018-07-05T05:00:00.000000Z,2022-11-29T10:00:00.000000Z
KO,CANT,,BHN,broadband,40.6062,33.6193,50.0,2018-07-05T05:00:00.000000Z,2022-11-29T10:00:00.000000Z
KO,CANT,,BHZ,broadband,40.6062,33.6193,50.0,2018-07-05T05:00:00.000000Z,2022-11-29T10:00:00.000000Z
KO,CANT,,HHE,broadband,40.6062,33.6193,100.0,2022-11-29T10:00:00.000000Z,
KO,CANT,,HHN,broadband,40.6062,33.6193,100.0,2022-11-29T10:00:00.000000Z,
KO,CANT,,HHZ,broadband,40.6062,33.6193,100.0,2022-11-29T10:00:00.000000Z,
KO,MLSB,,HHE,broadband,37.2953,27.7767,100.0,2003-09-16T00:00:00.000000Z,2003-10-16T20:00:00.000000Z
KO,MLSB,,HHN,broadband,37.2953,27.7767,100.0,2003-09-16T00:00:00.000000Z,2003-10-16T20:00:00.000000Z
KO,MLSB,,HHZ,broadband,37.2953,27.7767,100.0,2003-09-16T00:00:00.000000Z,2003-10-16T20:00:00.000000Z
KO,MLSB,,BHE,broadband,37.2953,27.7767,50.0,2003-10-16T20:00:00.000000Z,2018-12-14T00:00:00.000000Z
KO,MLSB,,BHN,broadband,37.2953,27.7767,50.0,2003-10-16T20:00:00.000000Z,2018-12-14T00:00:00.000000Z
KO,MLSB,,BHZ,broadband,37.2953,27.7767,50.0,2003-10-16T20:00:00.000000Z,2018-12-14T00:00:00.000000Z
KO,MLSB,,BHE,broadband,37.2953,27.7767,50.0,2018-12-14T00:00:00.000000Z,2022-11-28T10:50:00.000000Z
KO,MLSB,,BHN,broadband,37.2953,27.7767,50.0,2018-12-14T00:00:00.000000Z,2022-11-28T10:50:00.000000Z
KO,MLSB,,BHZ,broadband,37.2953,27.7767,50.0,2018-12-14T00:00:00.000000Z,2022-11-28T10:50:00.000000Z
KO,MLSB,,HHE,broadband,37.2953,27.7767,100.0,2022-11-28T10:50:00.000000Z,
KO,MLSB,,HHN,broadband,37.2953,27.7767,100.0,2022-11-28T10:50:00.000000Z,
KO,MLSB,,HHZ,broadband,37.2953,27.7767,100.0,2022-11-28T10:50:00.000000Z,
KO,SVAN,,BHE,broadband,38.1511,41.1984,50.0,2009-12-12T00:00:00.000000Z,2022-11-23T10:00:00.000000Z
KO,SVAN,,BHN,broadband,38.1511,41.1984,50.0,2009-12-12T00:00:00.000000Z,2022-11-23T10:00:00.000000Z
KO,SVAN,,BHZ,broadband,38.1511,41.1984,50.0,2009-12-12T00:00:00.000000Z,2022-11-23T10:00:00.000000Z
KO,SVAN,,HHE,broadband,38.1511,41.1984,100.0,2022-11-23T10:00:00.000000Z,
KO,SVAN,,HHN,broadband,38.1511,41.1984,100.0,2022-11-23T10:00:00.000000Z,
KO,SVAN,,HHZ,broadband,38.1511,41.1984,100.0,2022-11-23T10:00:00.000000Z,
KO,PTK,,BHE,broadband,38.8923,39.3923,20.0,2004-08-31T00:00:00.000000Z,2006-08-10T14:00:00.000000Z
KO,PTK,,BHN,broadband,38.8923,39.3923,20.0,2004-08-31T00:00:00.000000Z,2006-08-10T14:00:00.000000Z
KO,PTK,,BHZ,broadband,38.8923,39.3923,20.0,2004-08-31T00:00:00.000000Z,2006-08-10T14:00:00.000000Z
KO,PTK,,BHE,broadband,38.8923,39.3923,50.0,2006-08-10T14:00:00.000000Z,2019-04-15T00:00:00.000000Z
KO,PTK,,BHN,broadband,38.8923,39.3923,50.0,2006-08-10T14:00:00.000000Z,2019-04-15T00:00:00.000000Z
KO,PTK,,BHZ,broadband,38.8923,39.3923,50.0,2006-08-10T14:00:00.000000Z,2019-04-15T00:00:00.000000Z
KO,TASB,,HHE,broadband,39.9838,44.2384,100.0,2011-10-25T00:00:00.000000Z,
KO,TASB,,HHN,broadband,39.9838,44.2384,100.0,2011-10-25T00:00:00.000000Z,
KO,TASB,,HHZ,broadband,39.9838,44.2384,100.0,2011-10-25T00:00:00.000000Z,
KO,MRSB,,HNE,strong_motion,36.7161,28.1969,100.0,2011-04-25T00:00:00.000000Z,2019-02-24T00:00:00.000000Z
KO,MRSB,,HNN,strong_motion,36.7161,28.1969,100.0,2011-04-25T00:00:00.000000Z,2019-02-24T00:00:00.000000Z
KO,MRSB,,HNZ,strong_motion,36.7161,28.1969,100.0,2011-04-25T00:00:00.000000Z,2019-02-24T00:00:00.000000Z
KO,SULT,,BHE,broadband,38.1988,33.5157,50.0,2008-01-04T00:00:00.000000Z,2021-06-01T11:16:00.000000Z
KO,SULT,,BHN,broadband,38.1988,33.5157,50.0,2008-01-04T00:00:00.000000Z,2021-06-01T11:16:00.000000Z
KO,SULT,,BHZ,broadband,38.1988,33.5157,50.0,2008-01-04T00:00:00.000000Z,2021-06-01T11:16:00.000000Z
KO,SULT,,HHE,broadband,38.1988,33.5157,100.0,2021-06-01T11:16:00.000000Z,
KO,SULT,,HHN,broadband,38.1988,33.5157,100.0,2021-06-01T11:16:00.000000Z,
KO,SULT,,HHZ,broadband,38.1988,33.5157,100.0,2021-06-01T11:16:00.000000Z,
KO,MERS,,BHE,broadband,36.8678,34.522,20.0,2005-08-23T00:00:00.000000Z,2006-01-03T07:00:00.000000Z
KO,MERS,,BHN,broadband,36.8678,34.522,20.0,2005-08-23T00:00:00.000000Z,2006-01-03T07:00:00.000000Z
KO,MERS,,BHZ,broadband,36.8678,34.522,20.0,2005-08-23T00:00:00.000000Z,2006-01-03T07:00:00.000000Z
KO,MERS,,BHE,broadband,36.8678,34.522,50.0,2006-01-03T07:00:00.000000Z,2006-11-02T09:00:00.000000Z
KO,MERS,,BHN,broadband,36.8678,34.522,50.0,2006-01-03T07:00:00.000000Z,2006-11-02T09:00:00.000000Z
KO,MERS,,BHZ,broadband,36.8678,34.522,50.0,2006-01-03T07:00:00.000000Z,2006-11-02T09:00:00.000000Z
KO,MERS,,BHE,broadband,36.8678,34.522,50.0,2006-11-02T09:00:00.000000Z,2007-07-06T05:00:00.000000Z
KO,MERS,,BHN,broadband,36.8678,34.522,50.0,2006-11-02T09:00:00.000000Z,2007-07-06T05:00:00.000000Z
KO,MERS,,BHZ,broadband,36.8678,34.522,50.0,2006-11-02T09:00:00.000000Z,2007-07-06T05:00:00.000000Z
KO,MERS,,BHE,broadband,36.8678,34.522,50.0,2007-07-06T05:00:00.000000Z,2011-03-04T04:00:00.000000Z
KO,MERS,,BHN,broadband,36.8678,34.522,50.0,2007-07-06T05:00:00.000000Z,2011-03-04T04:00:00.000000Z
KO,MERS,,BHZ,broadband,36.8678,34.522,50.0,2007-07-06T05:00:00.000000Z,2011-03-04T04:00:00.000000Z
KO,MERS,,BHE,broadband,36.8678,34.522,50.0,2011-03-04T04:00:00.000000Z,2018-09-06T08:00:00.000000Z
KO,MERS,,BHN,broadband,36.8678,34.522,50.0,2011-03-04T04:00:00.000000Z,2018-09-06T08:00:00.000000Z
KO,MERS,,BHZ,broadband,36.8678,34.522,50.0,2011-03-04T04:00:00.000000Z,2018-09-06T08:00:00.000000Z
KO,MERS,,BHE,broadband,36.8678,34.522,50.0,2018-09-06T08:00:00.000000Z,2019-03-14T08:00:00.000000Z
KO,MERS,,BHN,broadband,36.8678,34.522,50.0,2018-09-06T08:00:00.000000Z,2019-03-14T08:00:00.000000Z
KO,MERS,,BHZ,broadband,36.8678,34.522,50.0,2018-09-06T08:00:00.000000Z,2019-03-14T08:00:00.000000Z
KO,MERS,,HHE,broadband,36.8678,34.522,100.0,2019-03-14T08:00:00.000000Z,2019-03-22T11:00:00.000000Z
KO,MERS,,HHN,broadband,36.8678,34.522,100.0,2019-03-14T08:00:00.000000Z,2019-03-22T11:00:00.000000Z
KO,MERS,,HHZ,broadband,36.8678,34.522,100.0,2019-03-14T08:00:00.000000Z,2019-03-22T11:00:00.000000Z
KO,MERS,,BHE,broadband,36.8678,34.522,50.0,2019-03-22T11:00:00.000000Z,2021-06-03T09:19:00.000000Z
KO,MERS,,BHN,broadband,36.8678,34.522,50.0,2019-03-22T11:00:00.000000Z,2021-06-03T09:19:00.000000Z
KO,MERS,,BHZ,broadband,36.8678,34.522,50.0,2019-03-22T11:00:00.000000Z,2021-06-03T09:19:00.000000Z
KO,MERS,,HHE,broadband,36.8678,34.522,100.0,2021-06-03T09:19:00.000000Z,2022-06-22T13:00:00.000000Z
KO,MERS,,HHN,broadband,36.8678,34.522,100.0,2021-06-03T09:19:00.000000Z,2022-06-22T13:00:00.000000Z
KO,MERS,,HHZ,broadband,36.8678,34.522,100.0,2021-06-03T09:19:00.000000Z,2022-06-22T13:00:00.000000Z
KO,MERS,,BHE,broadband,36.8678,34.522,50.0,2022-06-22T13:00:00.000000Z,2022-11-30T09:00:00.000000Z
KO,MERS,,BHN,broadband,36.8678,34.522,50.0,2022-06-22T13:00:00.000000Z,2022-11-30T09:00:00.000000Z
KO,MERS,,BHZ,broadband,36.8678,34.522,50.0,2022-06-22T13:00:00.000000Z,2022-11-30T09:00:00.000000Z
KO,MERS,,HHE,broadband,36.8678,34.522,100.0,2022-11-30T09:00:00.000000Z,
KO,MERS,,HHN,broadband,36.8678,34.522,100.0,2022-11-30T09:00:00.000000Z,
KO,MERS,,HHZ,broadband,36.8678,34.522,100.0,2022-11-30T09:00:00.000000Z,
KO,GMLD,,HNE,strong_motion,38.0766,26.9157,100.0,2011-07-05T00:00:00.000000Z,
KO,GMLD,,HNN,strong_motion,38.0766,26.9157,100.0,2011-07-05T00:00:00.000000Z,
KO,GMLD,,HNZ,strong_motion,38.0766,26.9157,100.0,2011-07-05T00:00:00.000000Z,
KO,MDNY,,BHE,broadband,40.3709,28.8846,50.0,2008-07-09T00:00:00.000000Z,2013-05-20T12:00:00.000000Z
KO,MDNY,,BHN,broadband,40.3709,28.8846,50.0,2008-07-09T00:00:00.000000Z,2013-05-20T12:00:00.000000Z
KO,MDNY,,BHZ,broadband,40.3709,28.8846,50.0,2008-07-09T00:00:00.000000Z,2013-05-20T12:00:00.000000Z
KO,MDNY,,HHE,broadband,40.3709,28.8846,100.0,2013-05-20T12:00:00.000000Z,
KO,MDNY,,HHN,broadband,40.3709,28.8846,100.0,2013-05-20T12:00:00.000000Z,
KO,MDNY,,HHZ,broadband,40.3709,28.8846,100.0,2013-05-20T12:00:00.000000Z,
KO,MDNY,,HNE,strong_motion,40.3709,28.8846,100.0,2015-11-10T00:00:00.000000Z,
KO,MDNY,,HNN,strong_motion,40.3709,28.8846,100.0,2015-11-10T00:00:00.000000Z,
KO,MDNY,,HNZ,strong_motion,40.3709,28.8846,100.0,2015-11-10T00:00:00.000000Z,
KO,KLYT,,BHE,broadband,41.253,29.042,50.0,2006-05-18T00:00:00.000000Z,2009-05-18T12:00:00.000000Z
KO,KLYT,,BHN,broadband,41.253,29.042,50.0,2006-05-18T00:00:00.000000Z,2009-05-18T12:00:00.000000Z
KO,KLYT,,BHZ,broadband,41.253,29.042,50.0,2006-05-18T00:00:00.000000Z,2009-05-18T12:00:00.000000Z
KO,KLYT,,HHE,broadband,41.253,29.042,100.0,2009-05-18T12:00:00.000000Z,2009-06-30T09:00:00.000000Z
KO,KLYT,,HHN,broadband,41.253,29.042,100.0,2009-05-18T12:00:00.000000Z,2009-06-30T09:00:00.000000Z
KO,KLYT,,HHZ,broadband,41.253,29.042,100.0,2009-05-18T12:00:00.000000Z,2009-06-30T09:00:00.000000Z
KO,KLYT,,BHE,broadband,41.253,29.042,50.0,2009-06-30T09:00:00.000000Z,2013-11-08T16:00:00.000000Z
KO,KLYT,,BHN,broadband,41.253,29.042,50.0,2009-06-30T09:00:00.000000Z,2013-11-08T16:00:00.000000Z
KO,KLYT,,BHZ,broadband,41.253,29.042,50.0,2009-06-30T09:00:00.000000Z,2013-11-08T16:00:00.000000Z
KO,KLYT,,HHE,broadband,41.253,29.042,100.0,2013-11-08T16:00:00.000000Z,2018-12-24T12:14:00.000000Z
KO,KLYT,,HHN,broadband,41.253,29.042,100.0,2013-11-08T16:00:00.000000Z,2018-12-24T12:14:00.000000Z
KO,KLYT,,HHZ,broadband,41.253,29.042,100.0,2013-11-08T16:00:00.000000Z,2018-12-24T12:14:00.000000Z
KO,KLYT,,HHE,broadband,41.253,29.042,100.0,2018-12-24T12:14:00.000000Z,
KO,KLYT,,HHN,broadband,41.253,29.042,100.0,2018-12-24T12:14:00.000000Z,
KO,KLYT,,HHZ,broadband,41.253,29.042,100.0,2018-12-24T12:14:00.000000Z,
KO,RUZG,,HHE,broadband,40.7242,31.7936,100.0,2019-12-19T00:00:00.000000Z,
KO,RUZG,,HHN,broadband,40.7242,31.7936,100.0,2019-12-19T00:00:00.000000Z,
KO,RUZG,,HHZ,broadband,40.7242,31.7936,100.0,2019-12-19T00:00:00.000000Z,
KO,KHMN,,HNE,strong_motion,37.3916,37.1574,100.0,2012-11-29T00:00:00.000000Z,
KO,KHMN,,HNN,strong_motion,37.3916,37.1574,100.0,2012-11-29T00:00:00.000000Z,
KO,KHMN,,HNZ,strong_motion,37.3916,37.1574,100.0,2012-11-29T00:00:00.000000Z,
KO,KYHL,,HNE,strong_motion,40.3244,37.8955,100.0,2020-12-12T00:00:00.000000Z,
KO,KYHL,,HNN,strong_motion,40.3244,37.8955,100.0,2020-12-12T00:00:00.000000Z,
KO,KYHL,,HNZ,strong_motion,40.3244,37.8955,100.0,2020-12-12T00:00:00.000000Z,
KO,YER,,BHE,broadband,37.1336,28.284,50.0,2006-07-06T00:00:00.000000Z,2012-02-15T00:00:00.000000Z
KO,YER,,BHN,broadband,37.1336,28.284,50.0,2006-07-06T00:00:00.000000Z,2012-02-15T00:00:00.000000Z
KO,YER,,BHZ,broadband,37.1336,28.284,50.0,2006-07-06T00:00:00.000000Z,2012-02-15T00:00:00.000000Z
KO,YER,,BHE,broadband,37.1336,28.284,50.0,2012-02-15T00:00:00.000000Z,2019-09-27T11:15:00.000000Z
KO,YER,,BHN,broadband,37.1336,28.284,50.0,2012-02-15T00:00:00.000000Z,2019-09-27T11:15:00.000000Z
KO,YER,,BHZ,broadband,37.1336,28.284,50.0,2012-02-15T00:00:00.000000Z,2019-09-27T11:15:00.000000Z
KO,YER,,HHE,broadband,37.1336,28.284,100.0,2019-09-27T11:15:00.000000Z,2019-10-14T11:00:00.000000Z
KO,YER,,HHN,broadband,37.1336,28.284,100.0,2019-09-27T11:15:00.000000Z,2019-10-14T11:00:00.000000Z
KO,YER,,HHZ,broadband,37.1336,28.284,100.0,2019-09-27T11:15:00.000000Z,2019-10-14T11:00:00.000000Z
KO,YER,,BHE,broadband,37.1336,28.284,50.0,2019-10-14T11:00:00.000000Z,2019-11-20T09:00:00.000000Z
KO,YER,,BHN,broadband,37.1336,28.284,50.0,2019-10-14T11:00:00.000000Z,2019-11-20T09:00:00.000000Z
KO,YER,,BHZ,broadband,37.1336,28.284,50.0,2019-10-14T11:00:00.000000Z,2019-11-20T09:00:00.000000Z
KO,YER,,HHE,broadband,37.1336,28.284,100.0,2019-11-20T09:00:00.000000Z,2019-12-31T23:00:00.000000Z
KO,YER,,HHN,broadband,37.1336,28.284,100.0,2019-11-20T09:00:00.000000Z,2019-12-31T23:00:00.000000Z
KO,YER,,HHZ,broadband,37.1336,28.284,100.0,2019-11-20T09:00:00.000000Z,2019-12-31T23:00:00.000000Z
KO,YER,,BHE,broadband,37.1336,28.284,50.0,2019-12-31T23:00:00.000000Z,2022-12-01T06:00:00.000000Z
KO,YER,,BHN,broadband,37.1336,28.284,50.0,2019-12-31T23:00:00.000000Z,2022-12-01T06:00:00.000000Z
KO,YER,,BHZ,broadband,37.1336,28.284,50.0,2019-12-31T23:00:00.000000Z,2022-12-01T06:00:00.000000Z
KO,YER,,HHE,broadband,37.1336,28.284,100.0,2022-12-01T06:00:00.000000Z,
KO,YER,,HHN,broadband,37.1336,28.284,100.0,2022-12-01T06:00:00.000000Z,
KO,YER,,HHZ,broadband,37.1336,28.284,100.0,2022-12-01T06:00:00.000000Z,
KO,HRTX,,BHE,broadband,40.8009,29.6729,50.0,2008-06-25T00:00:00.000000Z,2013-11-08T14:00:00.000000Z
KO,HRTX,,BHN,broadband,40.8009,29.6729,50.0,2008-06-25T00:00:00.000000Z,2013-11-08T14:00:00.000000Z
KO,HRTX,,BHZ,broadband,40.8009,29.6729,50.0,2008-06-25T00:00:00.000000Z,2013-11-08T14:00:00.000000Z
KO,HRTX,,HHE,broadband,40.8009,29.6729,100.0,2013-11-08T14:00:00.000000Z,
KO,HRTX,,HHN,broadband,40.8009,29.6729,100.0,2013-11-08T14:00:00.000000Z,
KO,HRTX,,HHZ,broadband,40.8009,29.6729,100.0,2013-11-08T14:00:00.000000Z,
KO,CAND,,HNE,strong_motion,38.9542,26.8031,100.0,2011-07-11T00:00:00.000000Z,2019-08-13T00:00:00.000000Z
KO,CAND,,HNN,strong_motion,38.9542,26.8031,100.0,2011-07-11T00:00:00.000000Z,2019-08-13T00:00:00.000000Z
KO,CAND,,HNZ,strong_motion,38.9542,26.8031,100.0,2011-07-11T00:00:00.000000Z,2019-08-13T00:00:00.000000Z
KO,CUKT,,BHE,broadband,37.2473,43.6077,20.0,2005-09-29T00:00:00.000000Z,2010-09-24T18:00:00.000000Z
KO,CUKT,,BHN,broadband,37.2473,43.6077,20.0,2005-09-29T00:00:00.000000Z,2010-09-24T18:00:00.000000Z
KO,CUKT,,BHZ,broadband,37.2473,43.6077,20.0,2005-09-29T00:00:00.000000Z,2010-09-24T18:00:00.000000Z
KO,CUKT,,BHE,broadband,37.2473,43.6077,50.0,2010-09-24T18:00:00.000000Z,2022-11-30T09:00:00.000000Z
KO,CUKT,,BHN,broadband,37.2473,43.6077,50.0,2010-09-24T18:00:00.000000Z,2022-11-30T09:00:00.000000Z
KO,CUKT,,BHZ,broadband,37.2473,43.6077,50.0,2010-09-24T18:00:00.000000Z,2022-11-30T09:00:00.000000Z
KO,CUKT,,HHE,broadband,37.2473,43.6077,100.0,2022-11-30T09:00:00.000000Z,
KO,CUKT,,HHN,broadband,37.2473,43.6077,100.0,2022-11-30T09:00:00.000000Z,
KO,CUKT,,HHZ,broadband,37.2473,43.6077,100.0,2022-11-30T09:00:00.000000Z,
KO,CUKT,,HNE,strong_motion,37.2473,43.6077,100.0,2024-07-31T07:30:00.000000Z,
KO,CUKT,,HNN,strong_motion,37.2473,43.6077,100.0,2024-07-31T07:30:00.000000Z,
KO,CUKT,,HNZ,strong_motion,37.2473,43.6077,100.0,2024-07-31T07:30:00.000000Z,
KO,CTKS,,BHE,broadband,41.2373,28.5072,50.0,2007-09-28T00:00:00.000000Z,2013-11-08T16:00:00.000000Z
KO,CTKS,,BHN,broadband,41.2373,28.5072,50.0,2007-09-28T00:00:00.000000Z,2013-11-08T16:00:00.000000Z
KO,CTKS,,BHZ,broadband,41.2373,28.5072,50.0,2007-09-28T00:00:00.000000Z,2013-11-08T16:00:00.000000Z
KO,CTKS,,HHE,broadband,41.2373,28.5072,100.0,2013-11-08T16:00:00.000000Z,
KO,CTKS,,HHN,broadband,41.2373,28.5072,100.0,2013-11-08T16:00:00.000000Z,
KO,CTKS,,HHZ,broadband,41.2373,28.5072,100.0,2013-11-08T16:00:00.000000Z,
KO,ADVT,,BHE,broadband,40.4332,29.7383,50.0,2006-05-19T00:00:00.000000Z,2013-11-08T14:00:00.000000Z
KO,ADVT,,BHN,broadband,40.4332,29.7383,50.0,2006-05-19T00:00:00.000000Z,2013-11-08T14:00:00.000000Z
KO,ADVT,,BHZ,broadband,40.4332,29.7383,50.0,2006-05-19T00:00:00.000000Z,2013-11-08T14:00:00.000000Z
KO,ADVT,,HHE,broadband,40.4332,29.7383,100.0,2013-11-08T14:00:00.000000Z,
KO,ADVT,,HHN,broadband,40.4332,29.7383,100.0,2013-11-08T14:00:00.000000Z,
KO,ADVT,,HHZ,broadband,40.4332,29.7383,100.0,2013-11-08T14:00:00.000000Z,
KO,DIKM,,BHE,broadband,41.6497,35.2578,50.0,2006-06-27T00:00:00.000000Z,2021-06-19T07:00:00.000000Z
KO,DIKM,,BHN,broadband,41.6497,35.2578,50.0,2006-06-27T00:00:00.000000Z,2021-06-19T07:00:00.000000Z
KO,DIKM,,BHZ,broadband,41.6497,35.2578,50.0,2006-06-27T00:00:00.000000Z,2021-06-19T07:00:00.000000Z
KO,DIKM,,HHE,broadband,41.6497,35.2578,100.0,2021-06-19T07:00:00.000000Z,2021-10-18T22:00:00.000000Z
KO,DIKM,,HHN,broadband,41.6497,35.2578,100.0,2021-06-19T07:00:00.000000Z,2021-10-18T22:00:00.000000Z
KO,DIKM,,HHZ,broadband,41.6497,35.2578,100.0,2021-06-19T07:00:00.000000Z,2021-10-18T22:00:00.000000Z
KO,DIKM,,BHE,broadband,41.6497,35.2578,50.0,2021-10-18T22:00:00.000000Z,2022-11-28T08:40:00.000000Z
KO,DIKM,,BHN,broadband,41.6497,35.2578,50.0,2021-10-18T22:00:00.000000Z,2022-11-28T08:40:00.000000Z
KO,DIKM,,BHZ,broadband,41.6497,35.2578,50.0,2021-10-18T22:00:00.000000Z,2022-11-28T08:40:00.000000Z
KO,DIKM,,HHE,broadband,41.6497,35.2578,100.0,2022-11-28T08:40:00.000000Z,
KO,DIKM,,HHN,broadband,41.6497,35.2578,100.0,2022-11-28T08:40:00.000000Z,
KO,DIKM,,HHZ,broadband,41.6497,35.2578,100.0,2022-11-28T08:40:00.000000Z,
KO,TUZL,,HNE,strong_motion,40.8128,29.2657,100.0,2010-10-11T00:00:00.000000Z,2012-10-22T11:00:00.000000Z
KO,TUZL,,HNN,strong_motion,40.8128,29.2657,100.0,2010-10-11T00:00:00.000000Z,2012-10-22T11:00:00.000000Z
KO,TUZL,,HNZ,strong_motion,40.8128,29.2657,100.0,2010-10-11T00:00:00.000000Z,2012-10-22T11:00:00.000000Z
KO,TUZL,,HNE,strong_motion,40.8128,29.2657,100.0,2012-10-22T11:00:00.000000Z,
KO,TUZL,,HNN,strong_motion,40.8128,29.2657,100.0,2012-10-22T11:00:00.000000Z,
KO,TUZL,,HNZ,strong_motion,40.8128,29.2657,100.0,2012-10-22T11:00:00.000000Z,
KO,SDAG,,HHE,broadband,38.4396,30.9175,100.0,2019-07-10T00:00:00.000000Z,
KO,SDAG,,HHN,broadband,38.4396,30.9175,100.0,2019-07-10T00:00:00.000000Z,
KO,SDAG,,HHZ,broadband,38.4396,30.9175,100.0,2019-07-10T00:00:00.000000Z,
KO,YEDI,,BHE,broadband,39.4377,40.5443,50.0,2011-05-03T00:00:00.000000Z,2022-11-29T10:00:00.000000Z
KO,YEDI,,BHN,broadband,39.4377,40.5443,50.0,2011-05-03T00:00:00.000000Z,2022-11-29T10:00:00.000000Z
KO,YEDI,,BHZ,broadband,39.4377,40.5443,50.0,2011-05-03T00:00:00.000000Z,2022-11-29T10:00:00.000000Z
KO,YEDI,,HHE,broadband,39.4377,40.5443,100.0,2022-11-29T10:00:00.000000Z,
KO,YEDI,,HHN,broadband,39.4377,40.5443,100.0,2022-11-29T10:00:00.000000Z,
KO,YEDI,,HHZ,broadband,39.4377,40.5443,100.0,2022-11-29T10:00:00.000000Z,
KO,CHBY,,BHE,broadband,38.5823,32.8902,50.0,2009-06-17T00:00:00.000000Z,2010-07-18T05:00:00.000000Z
KO,CHBY,,BHN,broadband,38.5823,32.8902,50.0,2009-06-17T00:00:00.000000Z,2010-07-18T05:00:00.000000Z
KO,CHBY,,BHZ,broadband,38.5823,32.8902,50.0,2009-06-17T00:00:00.000000Z,2010-07-18T05:00:00.000000Z
KO,CHBY,,HHE,broadband,38.5823,32.8902,100.0,2010-07-18T05:00:00.000000Z,
KO,CHBY,,HHN,broadband,38.5823,32.8902,100.0,2010-07-18T05:00:00.000000Z,
KO,CHBY,,HHZ,broadband,38.5823,32.8902,100.0,2010-07-18T05:00:00.000000Z,
KO,EDC,,BHE,broadband,40.3465,27.8618,50.0,2008-07-12T00:00:00.000000Z,2008-11-27T00:00:00.000000Z
KO,EDC,,BHN,broadband,40.3465,27.8618,50.0,2008-07-12T00:00:00.000000Z,2008-11-27T00:00:00.000000Z
KO,EDC,,BHZ,broadband,40.3465,27.8618,50.0,2008-07-12T00:00:00.000000Z,2008-11-27T00:00:00.000000Z
KO,EDC,,BHE,broadband,40.3465,27.8618,50.0,2008-11-27T00:00:00.000000Z,2013-11-08T17:00:00.000000Z
KO,EDC,,BHN,broadband,40.3465,27.8618,50.0,2008-11-27T00:00:00.000000Z,2013-11-08T17:00:00.000000Z
KO,EDC,,BHZ,broadband,40.3465,27.8618,50.0,2008-11-27T00:00:00.000000Z,2013-11-08T17:00:00.000000Z
KO,EDC,,HHE,broadband,40.3465,27.8618,100.0,2013-11-08T17:00:00.000000Z,
KO,EDC,,HHN,broadband,40.3465,27.8618,100.0,2013-11-08T17:00:00.000000Z,
KO,EDC,,HHZ,broadband,40.3465,27.8618,100.0,2013-11-08T17:00:00.000000Z,
KO,EDC,,HNE,strong_motion,40.3465,27.8618,100.0,2016-04-28T00:00:00.000000Z,
KO,EDC,,HNN,strong_motion,40.3465,27.8618,100.0,2016-04-28T00:00:00.000000Z,
KO,EDC,,HNZ,strong_motion,40.3465,27.8618,100.0,2016-04-28T00:00:00.000000Z,
KO,UKOP,,EHE,broadband,41.1288,26.6323,100.0,2013-09-12T00:00:00.000000Z,
KO,UKOP,,EHN,broadband,41.1288,26.6323,100.0,2013-09-12T00:00:00.000000Z,
KO,UKOP,,EHZ,broadband,41.1288,26.6323,100.0,2013-09-12T00:00:00.000000Z,
KO,UKOP,,HNE,strong_motion,41.1288,26.6323,100.0,2013-09-12T00:00:00.000000Z,
KO,UKOP,,HNN,strong_motion,41.1288,26.6323,100.0,2013-09-12T00:00:00.000000Z,
KO,UKOP,,HNZ,strong_motion,41.1288,26.6323,100.0,2013-09-12T00:00:00.000000Z,
KO,ANTB,,BHE,broadband,36.8998,30.6538,50.0,2004-03-03T00:00:00.000000Z,2009-10-15T07:00:00.000000Z
KO,ANTB,,BHN,broadband,36.8998,30.6538,50.0,2004-03-03T00:00:00.000000Z,2009-10-15T07:00:00.000000Z
KO,ANTB,,BHZ,broadband,36.8998,30.6538,50.0,2004-03-03T00:00:00.000000Z,2009-10-15T07:00:00.000000Z
KO,ANTB,,BHE,broadband,36.8998,30.6538,50.0,2009-10-15T07:00:00.000000Z,2022-11-18T11:20:00.000000Z
KO,ANTB,,BHN,broadband,36.8998,30.6538,50.0,2009-10-15T07:00:00.000000Z,2022-11-18T11:20:00.000000Z
KO,ANTB,,BHZ,broadband,36.8998,30.6538,50.0,2009-10-15T07:00:00.000000Z,2022-11-18T11:20:00.000000Z
KO,ANTB,,HHE,broadband,36.8998,30.6538,100.0,2022-11-18T11:20:00.000000Z,
KO,ANTB,,HHN,broadband,36.8998,30.6538,100.0,2022-11-18T11:20:00.000000Z,
KO,ANTB,,HHZ,broadband,36.8998,30.6538,100.0,2022-11-18T11:20:00.000000Z,
KO,APMY,,HHE,broadband,37.4717,29.3018,100.0,2016-05-31T00:00:00.000000Z,
KO,APMY,,HHN,broadband,37.4717,29.3018,100.0,2016-05-31T00:00:00.000000Z,
KO,APMY,,HHZ,broadband,37.4717,29.3018,100.0,2016-05-31T00:00:00.000000Z,
KO,GPNR,,HNE,strong_motion,39.456,26.1331,100.0,2011-03-25T00:00:00.000000Z,
KO,GPNR,,HNN,strong_motion,39.456,26.1331,100.0,2011-03-25T00:00:00.000000Z,
KO,GPNR,,HNZ,strong_motion,39.456,26.1331,100.0,2011-03-25T00:00:00.000000Z,
KO,BODA,,HNE,strong_motion,37.0348,27.4304,100.0,2019-10-17T00:00:00.000000Z,
KO,BODA,,HNN,strong_motion,37.0348,27.4304,100.0,2019-10-17T00:00:00.000000Z,
KO,BODA,,HNZ,strong_motion,37.0348,27.4304,100.0,2019-10-17T00:00:00.000000Z,
KO,KAMT,,HHE,broadband,39.3689,33.7087,100.0,2011-11-22T00:00:00.000000Z,
KO,KAMT,,HHN,broadband,39.3689,33.7087,100.0,2011-11-22T00:00:00.000000Z,
KO,KAMT,,HHZ,broadband,39.3689,33.7087,100.0,2011-11-22T00:00:00.000000Z,
KO,BUYA,,HNE,strong_motion,40.8694,29.1278,100.0,2012-08-07T00:00:00.000000Z,2012-11-01T12:00:00.000000Z
KO,BUYA,,HNN,strong_motion,40.8694,29.1278,100.0,2012-08-07T00:00:00.000000Z,2012-11-01T12:00:00.000000Z
KO,BUYA,,HNZ,strong_motion,40.8694,29.1278,100.0,2012-08-07T00:00:00.000000Z,2012-11-01T12:00:00.000000Z
KO,BUYA,,HNE,strong_motion,40.8694,29.1278,100.0,2012-11-01T12:00:00.000000Z,
KO,BUYA,,HNN,strong_motion,40.8694,29.1278,100.0,2012-11-01T12:00:00.000000Z,
KO,BUYA,,HNZ,strong_motion,40.8694,29.1278,100.0,2012-11-01T12:00:00.000000Z,
KO,AKIN,,HNE,strong_motion,35.0157,33.4662,100.0,2008-11-18T00:00:00.000000Z,
KO,AKIN,,HNN,strong_motion,35.0157,33.4662,100.0,2008-11-18T00:00:00.000000Z,
KO,AKIN,,HNZ,strong_motion,35.0157,33.4662,100.0,2008-11-18T00:00:00.000000Z,
KO,YKBL,,HNE,strong_motion,40.9908,28.6678,100.0,2010-08-13T00:00:00.000000Z,2012-10-19T10:00:00.000000Z
KO,YKBL,,HNN,strong_motion,40.9908,28.6678,100.0,2010-08-13T00:00:00.000000Z,2012-10-19T10:00:00.000000Z
KO,YKBL,,HNZ,strong_motion,40.9908,28.6678,100.0,2010-08-13T00:00:00.000000Z,2012-10-19T10:00:00.000000Z
KO,YKBL,,HNE,strong_motion,40.9908,28.6678,100.0,2012-10-19T10:00:00.000000Z,
KO,YKBL,,HNN,strong_motion,40.9908,28.6678,100.0,2012-10-19T10:00:00.000000Z,
KO,YKBL,,HNZ,strong_motion,40.9908,28.6678,100.0,2012-10-19T10:00:00.000000Z,
KO,TAHT,,BHE,broadband,36.3755,36.1855,50.0,2009-10-19T00:00:00.000000Z,2022-11-29T10:00:00.000000Z
KO,TAHT,,BHN,broadband,36.3755,36.1855,50.0,2009-10-19T00:00:00.000000Z,2022-11-29T10:00:00.000000Z
KO,TAHT,,BHZ,broadband,36.3755,36.1855,50.0,2009-10-19T00:00:00.000000Z,2022-11-29T10:00:00.000000Z
KO,TAHT,,HHE,broadband,36.3755,36.1855,100.0,2022-11-29T10:00:00.000000Z,
KO,TAHT,,HHN,broadband,36.3755,36.1855,100.0,2022-11-29T10:00:00.000000Z,
KO,TAHT,,HHZ,broadband,36.3755,36.1855,100.0,2022-11-29T10:00:00.000000Z,
KO,LOD,,BHE,broadband,39.8884,32.7634,50.0,2007-02-02T00:00:00.000000Z,2018-09-07T07:53:00.000000Z
KO,LOD,,BHN,broadband,39.8884,32.7634,50.0,2007-02-02T00:00:00.000000Z,2018-09-07T07:53:00.000000Z
KO,LOD,,BHZ,broadband,39.8884,32.7634,50.0,2007-02-02T00:00:00.000000Z,2018-09-07T07:53:00.000000Z
KO,LOD,,HHE,broadband,39.8884,32.7634,100.0,2018-09-07T07:53:00.000000Z,2018-09-17T11:00:00.000000Z
KO,LOD,,HHN,broadband,39.8884,32.7634,100.0,2018-09-07T07:53:00.000000Z,2018-09-17T11:00:00.000000Z
KO,LOD,,HHZ,broadband,39.8884,32.7634,100.0,2018-09-07T07:53:00.000000Z,2018-09-17T11:00:00.000000Z
KO,LOD,,BHE,broadband,39.8884,32.7634,50.0,2018-09-17T11:00:00.000000Z,2022-11-29T10:00:00.000000Z
KO,LOD,,BHN,broadband,39.8884,32.7634,50.0,2018-09-17T11:00:00.000000Z,2022-11-29T10:00:00.000000Z
KO,LOD,,BHZ,broadband,39.8884,32.7634,50.0,2018-09-17T11:00:00.000000Z,2022-11-29T10:00:00.000000Z
KO,LOD,,HHE,broadband,39.8884,32.7634,100.0,2022-11-29T10:00:00.000000Z,
KO,LOD,,HHN,broadband,39.8884,32.7634,100.0,2022-11-29T10:00:00.000000Z,
KO,LOD,,HHZ,broadband,39.8884,32.7634,100.0,2022-11-29T10:00:00.000000Z,
KO,GPA,,HNE,strong_motion,40.2911,30.3171,100.0,2011-10-05T00:00:00.000000Z,
KO,GPA,,HNN,strong_motion,40.2911,30.3171,100.0,2011-10-05T00:00:00.000000Z,
KO,GPA,,HNZ,strong_motion,40.2911,30.3171,100.0,2011-10-05T00:00:00.000000Z,
KO,GUMT,,HNE,strong_motion,40.4665,39.478,100.0,2012-01-12T00:00:00.000000Z,
KO,GUMT,,HNN,strong_motion,40.4665,39.478,100.0,2012-01-12T00:00:00.000000Z,
KO,GUMT,,HNZ,strong_motion,40.4665,39.478,100.0,2012-01-12T00:00:00.000000Z,
KO,SHAP,,HNE,strong_motion,39.0231,29.222,100.0,2012-05-10T00:00:00.000000Z,
KO,SHAP,,HNN,strong_motion,39.0231,29.222,100.0,2012-05-10T00:00:00.000000Z,
KO,SHAP,,HNZ,strong_motion,39.0231,29.222,100.0,2012-05-10T00:00:00.000000Z,
KO,VRTB,,BHE,broadband,39.1603,41.4558,50.0,2008-11-20T00:00:00.000000Z,2009-06-25T07:00:00.000000Z
KO,VRTB,,BHN,broadband,39.1603,41.4558,50.0,2008-11-20T00:00:00.000000Z,2009-06-25T07:00:00.000000Z
KO,VRTB,,BHZ,broadband,39.1603,41.4558,50.0,2008-11-20T00:00:00.000000Z,2009-06-25T07:00:00.000000Z
KO,VRTB,,HHE,broadband,39.1603,41.4558,200.0,2009-06-25T07:00:00.000000Z,2009-07-05T12:00:00.000000Z
KO,VRTB,,HHN,broadband,39.1603,41.4558,200.0,2009-06-25T07:00:00.000000Z,2009-07-05T12:00:00.000000Z
KO,VRTB,,HHZ,broadband,39.1603,41.4558,200.0,2009-06-25T07:00:00.000000Z,2009-07-05T12:00:00.000000Z
KO,VRTB,,BHE,broadband,39.1603,41.4558,50.0,2009-07-05T12:00:00.000000Z,2022-11-29T10:00:00.000000Z
KO,VRTB,,BHN,broadband,39.1603,41.4558,50.0,2009-07-05T12:00:00.000000Z,2022-11-29T10:00:00.000000Z
KO,VRTB,,BHZ,broadband,39.1603,41.4558,50.0,2009-07-05T12:00:00.000000Z,2022-11-29T10:00:00.000000Z
KO,VRTB,,HHE,broadband,39.1603,41.4558,100.0,2022-11-29T10:00:00.000000Z,2024-10-21T11:48:00.000000Z
KO,VRTB,,HHN,broadband,39.1603,41.4558,100.0,2022-11-29T10:00:00.000000Z,2024-10-21T11:48:00.000000Z
KO,VRTB,,HHZ,broadband,39.1603,41.4558,100.0,2022-11-29T10:00:00.000000Z,2024-10-21T11:48:00.000000Z
KO,VRTB,,HHE,broadband,39.1603,41.4558,100.0,2024-10-21T11:48:00.000000Z,
KO,VRTB,,HHN,broadband,39.1603,41.4558,100.0,2024-10-21T11:48:00.000000Z,
KO,VRTB,,HHZ,broadband,39.1603,41.4558,100.0,2024-10-21T11:48:00.000000Z,
KO,ERCV,,HNE,strong_motion,39.0198,43.3381,100.0,2011-10-28T00:00:00.000000Z,2023-08-16T00:00:00.000000Z
KO,ERCV,,HNN,strong_motion,39.0198,43.3381,100.0,2011-10-28T00:00:00.000000Z,2023-08-16T00:00:00.000000Z
KO,ERCV,,HNZ,strong_motion,39.0198,43.3381,100.0,2011-10-28T00:00:00.000000Z,2023-08-16T00:00:00.000000Z
KO,GEDZ,,HNE,strong_motion,39.0445,29.4105,100.0,2011-06-01T00:00:00.000000Z,2011-06-09T00:00:00.000000Z
KO,GEDZ,,HNN,strong_motion,39.0445,29.4105,100.0,2011-06-01T00:00:00.000000Z,2011-06-09T00:00:00.000000Z
KO,GEDZ,,HNZ,strong_motion,39.0445,29.4105,100.0,2011-06-01T00:00:00.000000Z,2011-06-09T00:00:00.000000Z
KO,GEDZ,,HHE,broadband,39.0445,29.4105,100.0,2011-06-09T00:00:00.000000Z,
KO,GEDZ,,HHN,broadband,39.0445,29.4105,100.0,2011-06-09T00:00:00.000000Z,
KO,GEDZ,,HHZ,broadband,39.0445,29.4105,100.0,2011-06-09T00:00:00.000000Z,
KO,AGRB,,BHE,broadband,39.5755,42.992,50.0,2006-11-21T00:00:00.000000Z,2013-11-26T07:00:00.000000Z
KO,AGRB,,BHN,broadband,39.5755,42.992,50.0,2006-11-21T00:00:00.000000Z,2013-11-26T07:00:00.000000Z
KO,AGRB,,BHZ,broadband,39.5755,42.992,50.0,2006-11-21T00:00:00.000000Z,2013-11-26T07:00:00.000000Z
KO,AGRB,,HHE,broadband,39.5755,42.992,100.0,2013-11-26T07:00:00.000000Z,
KO,AGRB,,HHN,broadband,39.5755,42.992,100.0,2013-11-26T07:00:00.000000Z,
KO,AGRB,,HHZ,broadband,39.5755,42.992,100.0,2013-11-26T07:00:00.000000Z,
KO,BGKT,,BHE,broadband,41.181,28.773,50.0,2007-05-29T00:00:00.000000Z,2013-11-08T16:00:00.000000Z
KO,BGKT,,BHN,broadband,41.181,28.773,50.0,2007-05-29T00:00:00.000000Z,2013-11-08T16:00:00.000000Z
KO,BGKT,,BHZ,broadband,41.181,28.773,50.0,2007-05-29T00:00:00.000000Z,2013-11-08T16:00:00.000000Z
KO,BGKT,,HHE,broadband,41.181,28.773,100.0,2013-11-08T16:00:00.000000Z,
KO,BGKT,,HHN,broadband,41.181,28.773,100.0,2013-11-08T16:00:00.000000Z,
KO,BGKT,,HHZ,broadband,41.181,28.773,100.0,2013-11-08T16:00:00.000000Z,
KO,BAYT,,BHE,broadband,40.3937,40.141,50.0,2008-09-12T00:00:00.000000Z,2022-11-28T08:00:00.000000Z
KO,BAYT,,BHN,broadband,40.3937,40.141,50.0,2008-09-12T00:00:00.000000Z,2022-11-28T08:00:00.000000Z
KO,BAYT,,BHZ,broadband,40.3937,40.141,50.0,2008-09-12T00:00:00.000000Z,2022-11-28T08:00:00.000000Z
KO,BAYT,,HHE,broadband,40.3937,40.141,100.0,2022-11-28T08:00:00.000000Z,
KO,BAYT,,HHN,broadband,40.3937,40.141,100.0,2022-11-28T08:00:00.000000Z,
KO,BAYT,,HHZ,broadband,40.3937,40.141,100.0,2022-11-28T08:00:00.000000Z,
KO,CMRD,,EHE,broadband,37.6623,34.9902,100.0,2013-11-19T00:00:00.000000Z,
KO,CMRD,,EHN,broadband,37.6623,34.9902,100.0,2013-11-19T00:00:00.000000Z,
KO,CMRD,,EHZ,broadband,37.6623,34.9902,100.0,2013-11-19T00:00:00.000000Z,
KO,CMRD,,HNE,strong_motion,37.6623,34.9902,100.0,2013-11-19T00:00:00.000000Z,
KO,CMRD,,HNN,strong_motion,37.6623,34.9902,100.0,2013-11-19T00:00:00.000000Z,
KO,CMRD,,HNZ,strong_motion,37.6623,34.9902,100.0,2013-11-19T00:00:00.000000Z,
KO,SOMA,,EHE,broadband,39.1564,27.5341,100.0,2018-05-03T00:00:00.000000Z,
KO,SOMA,,EHN,broadband,39.1564,27.5341,100.0,2018-05-03T00:00:00.000000Z,
KO,SOMA,,EHZ,broadband,39.1564,27.5341,100.0,2018-05-03T00:00:00.000000Z,
KO,SOMA,,HNE,strong_motion,39.1564,27.5341,100.0,2018-05-03T00:00:00.000000Z,
KO,SOMA,,HNN,strong_motion,39.1564,27.5341,100.0,2018-05-03T00:00:00.000000Z,
KO,SOMA,,HNZ,strong_motion,39.1564,27.5341,100.0,2018-05-03T00:00:00.000000Z,
KO,GADA,,BHE,broadband,40.1908,25.8987,50.0,2006-07-06T00:00:00.000000Z,2010-04-22T00:00:00.000000Z
KO,GADA,,BHN,broadband,40.1908,25.8987,50.0,2006-07-06T00:00:00.000000Z,2010-04-22T00:00:00.000000Z
KO,GADA,,BHZ,broadband,40.1908,25.8987,50.0,2006-07-06T00:00:00.000000Z,2010-04-22T00:00:00.000000Z
KO,GADA,,BHE,broadband,40.1908,25.8987,50.0,2010-04-22T00:00:00.000000Z,2014-01-26T14:00:00.000000Z
KO,GADA,,BHN,broadband,40.1908,25.8987,50.0,2010-04-22T00:00:00.000000Z,2014-01-26T14:00:00.000000Z
KO,GADA,,BHZ,broadband,40.1908,25.8987,50.0,2010-04-22T00:00:00.000000Z,2014-01-26T14:00:00.000000Z
KO,GADA,,HHE,broadband,40.1908,25.8987,100.0,2014-01-26T14:00:00.000000Z,2016-04-19T12:00:00.000000Z
KO,GADA,,HHN,broadband,40.1908,25.8987,100.0,2014-01-26T14:00:00.000000Z,2016-04-19T12:00:00.000000Z
KO,GADA,,HHZ,broadband,40.1908,25.8987,100.0,2014-01-26T14:00:00.000000Z,2016-04-19T12:00:00.000000Z
KO,GADA,,BHE,broadband,40.1908,25.8987,50.0,2016-04-19T12:00:00.000000Z,2023-01-11T09:52:00.000000Z
KO,GADA,,BHN,broadband,40.1908,25.8987,50.0,2016-04-19T12:00:00.000000Z,2023-01-11T09:52:00.000000Z
KO,GADA,,BHZ,broadband,40.1908,25.8987,50.0,2016-04-19T12:00:00.000000Z,2023-01-11T09:52:00.000000Z
KO,GADA,,HHE,broadband,40.1908,25.8987,100.0,2023-01-11T09:52:00.000000Z,
KO,GADA,,HHN,broadband,40.1908,25.8987,100.0,2023-01-11T09:52:00.000000Z,
KO,GADA,,HHZ,broadband,40.1908,25.8987,100.0,2023-01-11T09:52:00.000000Z,
KO,IKL,,BHE,broadband,36.2366,33.6845,50.0,2006-07-24T13:00:00.000000Z,2011-02-19T00:00:00.000000Z
KO,IKL,,BHN,broadband,36.2366,33.6845,50.0,2006-07-24T13:00:00.000000Z,2011-02-19T00:00:00.000000Z
KO,IKL,,BHZ,broadband,36.2366,33.6845,50.0,2006-07-24T13:00:00.000000Z,2011-02-19T00:00:00.000000Z
KO,IKL,,BHE,broadband,36.2366,33.6845,50.0,2011-02-19T00:00:00.000000Z,2022-11-29T10:00:00.000000Z
KO,IKL,,BHN,broadband,36.2366,33.6845,50.0,2011-02-19T00:00:00.000000Z,2022-11-29T10:00:00.000000Z
KO,IKL,,BHZ,broadband,36.2366,33.6845,50.0,2011-02-19T00:00:00.000000Z,2022-11-29T10:00:00.000000Z
KO,IKL,,HHE,broadband,36.2366,33.6845,100.0,2022-11-29T10:00:00.000000Z,
KO,IKL,,HHN,broadband,36.2366,33.6845,100.0,2022-11-29T10:00:00.000000Z,
KO,IKL,,HHZ,broadband,36.2366,33.6845,100.0,2022-11-29T10:00:00.000000Z,
KO,ERBG,,HNE,strong_motion,40.712,36.6768,100.0,2020-12-12T00:00:00.000000Z,
KO,ERBG,,HNN,strong_motion,40.712,36.6768,100.0,2020-12-12T00:00:00.000000Z,
KO,ERBG,,HNZ,strong_motion,40.712,36.6768,100.0,2020-12-12T00:00:00.000000Z,
KO,CESE,,HNE,strong_motion,38.3306,26.2997,100.0,2011-07-23T00:00:00.000000Z,
KO,CESE,,HNN,strong_motion,38.3306,26.2997,100.0,2011-07-23T00:00:00.000000Z,
KO,CESE,,HNZ,strong_motion,38.3306,26.2997,100.0,2011-07-23T00:00:00.000000Z,
KO,KRBN,,HNE,strong_motion,38.5936,26.5537,100.0,2011-07-12T00:00:00.000000Z,2017-06-17T00:00:00.000000Z
KO,KRBN,,HNN,strong_motion,38.5936,26.5537,100.0,2011-07-12T00:00:00.000000Z,2017-06-17T00:00:00.000000Z
KO,KRBN,,HNZ,strong_motion,38.5936,26.5537,100.0,2011-07-12T00:00:00.000000Z,2017-06-17T00:00:00.000000Z
KO,KRBN,,HNE,strong_motion,38.5936,26.5537,100.0,2017-06-17T00:00:00.000000Z,2017-11-23T00:00:00.000000Z
KO,KRBN,,HNN,strong_motion,38.5936,26.5537,100.0,2017-06-17T00:00:00.000000Z,2017-11-23T00:00:00.000000Z
KO,KRBN,,HNZ,strong_motion,38.5936,26.5537,100.0,2017-06-17T00:00:00.000000Z,2017-11-23T00:00:00.000000Z
KO,KRBN,,HNE,strong_motion,38.5936,26.5537,100.0,2018-07-05T00:00:00.000000Z,2019-11-04T00:00:00.000000Z
KO,KRBN,,HNN,strong_motion,38.5936,26.5537,100.0,2018-07-05T00:00:00.000000Z,2019-11-04T00:00:00.000000Z
KO,KRBN,,HNZ,strong_motion,38.5936,26.5537,100.0,2018-07-05T00:00:00.000000Z,2019-11-04T00:00:00.000000Z
KO,KRBN,,HNE,strong_motion,38.5936,26.5537,100.0,2020-01-21T00:00:00.000000Z,
KO,KRBN,,HNN,strong_motion,38.5936,26.5537,100.0,2020-01-21T00:00:00.000000Z,
KO,KRBN,,HNZ,strong_motion,38.5936,26.5537,100.0,2020-01-21T00:00:00.000000Z,
KO,GULT,,BHE,broadband,40.432,30.5152,50.0,2007-09-15T00:00:00.000000Z,2013-11-08T16:00:00.000000Z
KO,GULT,,BHN,broadband,40.432,30.5152,50.0,2007-09-15T00:00:00.000000Z,2013-11-08T16:00:00.000000Z
KO,GULT,,BHZ,broadband,40.432,30.5152,50.0,2007-09-15T00:00:00.000000Z,2013-11-08T16:00:00.000000Z
KO,GULT,,HHE,broadband,40.432,30.5152,100.0,2013-11-08T16:00:00.000000Z,
KO,GULT,,HHN,broadband,40.432,30.5152,100.0,2013-11-08T16:00:00.000000Z,
KO,GULT,,HHZ,broadband,40.432,30.5152,100.0,2013-11-08T16:00:00.000000Z,
KO,DKL,,BHE,broadband,39.0713,26.9053,50.0,2010-07-22T00:00:00.000000Z,2023-01-03T11:47:00.000000Z
KO,DKL,,BHN,broadband,39.0713,26.9053,50.0,2010-07-22T00:00:00.000000Z,2023-01-03T11:47:00.000000Z
KO,DKL,,BHZ,broadband,39.0713,26.9053,50.0,2010-07-22T00:00:00.000000Z,2023-01-03T11:47:00.000000Z
KO,DKL,,HHE,broadband,39.0713,26.9053,100.0,2023-01-03T11:47:00.000000Z,
KO,DKL,,HHN,broadband,39.0713,26.9053,100.0,2023-01-03T11:47:00.000000Z,
KO,DKL,,HHZ,broadband,39.0713,26.9053,100.0,2023-01-03T11:47:00.000000Z,
KO,DIDI,,HNE,strong_motion,37.3767,27.2398,100.0,2011-04-19T00:00:00.000000Z,
KO,DIDI,,HNN,strong_motion,37.3767,27.2398,100.0,2011-04-19T00:00:00.000000Z,
KO,DIDI,,HNZ,strong_motion,37.3767,27.2398,100.0,2011-04-19T00:00:00.000000Z,
KO,YAYX,,BHE,broadband,38.9387,33.8115,50.0,2009-06-18T00:00:00.000000Z,2010-07-18T05:00:00.000000Z
KO,YAYX,,BHN,broadband,38.9387,33.8115,50.0,2009-06-18T00:00:00.000000Z,2010-07-18T05:00:00.000000Z
KO,YAYX,,BHZ,broadband,38.9387,33.8115,50.0,2009-06-18T00:00:00.000000Z,2010-07-18T05:00:00.000000Z
KO,YAYX,,HHE,broadband,38.9387,33.8115,100.0,2010-07-18T05:00:00.000000Z,
KO,YAYX,,HHN,broadband,38.9387,33.8115,100.0,2010-07-18T05:00:00.000000Z,
KO,YAYX,,HHZ,broadband,38.9387,33.8115,100.0,2010-07-18T05:00:00.000000Z,
KO,KOPR,,HHE,broadband,39.9917,41.8535,100.0,2012-11-28T00:00:00.000000Z,
KO,KOPR,,HHN,broadband,39.9917,41.8535,100.0,2012-11-28T00:00:00.000000Z,
KO,KOPR,,HHZ,broadband,39.9917,41.8535,100.0,2012-11-28T00:00:00.000000Z,
KO,AVCI,,HNE,strong_motion,40.9958,28.7225,100.0,2014-01-29T00:00:00.000000Z,
KO,AVCI,,HNN,strong_motion,40.9958,28.7225,100.0,2014-01-29T00:00:00.000000Z,
KO,AVCI,,HNZ,strong_motion,40.9958,28.7225,100.0,2014-01-29T00:00:00.000000Z,
KO,BBRN,,HNE,strong_motion,36.6796,28.0587,100.0,2013-01-17T00:00:00.000000Z,2013-07-16T00:00:00.000000Z
KO,BBRN,,HNN,strong_motion,36.6796,28.0587,100.0,2013-01-17T00:00:00.000000Z,2013-07-16T00:00:00.000000Z
KO,BBRN,,HNZ,strong_motion,36.6796,28.0587,100.0,2013-01-17T00:00:00.000000Z,2013-07-16T00:00:00.000000Z
KO,SILT,,BHE,broadband,41.153,29.643,50.0,2007-07-31T00:00:00.000000Z,2013-11-15T06:00:00.000000Z
KO,SILT,,BHN,broadband,41.153,29.643,50.0,2007-07-31T00:00:00.000000Z,2013-11-15T06:00:00.000000Z
KO,SILT,,BHZ,broadband,41.153,29.643,50.0,2007-07-31T00:00:00.000000Z,2013-11-15T06:00:00.000000Z
KO,SILT,,HHE,broadband,41.153,29.643,100.0,2013-11-15T06:00:00.000000Z,
KO,SILT,,HHN,broadband,41.153,29.643,100.0,2013-11-15T06:00:00.000000Z,
KO,SILT,,HHZ,broadband,41.153,29.643,100.0,2013-11-15T06:00:00.000000Z,
KO,BOTS,,HNE,strong_motion,40.9902,27.981,100.0,2010-08-13T00:00:00.000000Z,2012-10-18T11:00:00.000000Z
KO,BOTS,,HNN,strong_motion,40.9902,27.981,100.0,2010-08-13T00:00:00.000000Z,2012-10-18T11:00:00.000000Z
KO,BOTS,,HNZ,strong_motion,40.9902,27.981,100.0,2010-08-13T00:00:00.000000Z,2012-10-18T11:00:00.000000Z
KO,BOTS,,HNE,strong_motion,40.9902,27.981,100.0,2012-10-18T11:00:00.000000Z,2013-05-08T07:00:00.000000Z
KO,BOTS,,HNN,strong_motion,40.9902,27.981,100.0,2012-10-18T11:00:00.000000Z,2013-05-08T07:00:00.000000Z
KO,BOTS,,HNZ,strong_motion,40.9902,27.981,100.0,2012-10-18T11:00:00.000000Z,2013-05-08T07:00:00.000000Z
KO,BOTS,,HNE,strong_motion,40.9902,27.981,100.0,2013-05-08T07:00:00.000000Z,
KO,BOTS,,HNN,strong_motion,40.9902,27.981,100.0,2013-05-08T07:00:00.000000Z,
KO,BOTS,,HNZ,strong_motion,40.9902,27.981,100.0,2013-05-08T07:00:00.000000Z,
KO,BOTS,,HHE,broadband,40.9902,27.981,100.0,2025-03-14T00:00:00.000000Z,
KO,BOTS,,HHN,broadband,40.9902,27.981,100.0,2025-03-14T00:00:00.000000Z,
KO,BOTS,,HHZ,broadband,40.9902,27.981,100.0,2025-03-14T00:00:00.000000Z,
KO,FETI,,HNE,strong_motion,36.6903,29.096,100.0,2011-04-21T00:00:00.000000Z,2017-10-20T07:00:00.000000Z
KO,FETI,,HNN,strong_motion,36.6903,29.096,100.0,2011-04-21T00:00:00.000000Z,2017-10-20T07:00:00.000000Z
KO,FETI,,HNZ,strong_motion,36.6903,29.096,100.0,2011-04-21T00:00:00.000000Z,2017-10-20T07:00:00.000000Z
KO,FETI,,HNE,strong_motion,36.6903,29.096,100.0,2017-12-15T16:00:00.000000Z,2018-07-23T15:00:00.000000Z
KO,FETI,,HNN,strong_motion,36.6903,29.096,100.0,2017-12-15T16:00:00.000000Z,2018-07-23T15:00:00.000000Z
KO,FETI,,HNZ,strong_motion,36.6903,29.096,100.0,2017-12-15T16:00:00.000000Z,2018-07-23T15:00:00.000000Z
KO,FETI,,HNE,strong_motion,36.6903,29.096,100.0,2018-07-23T15:00:00.000000Z,
KO,FETI,,HNN,strong_motion,36.6903,29.096,100.0,2018-07-23T15:00:00.000000Z,
KO,FETI,,HNZ,strong_motion,36.6903,29.096,100.0,2018-07-23T15:00:00.000000Z,
KO,CANM,,EHE,broadband,40.0113,27.0529,100.0,2017-02-22T00:00:00.000000Z,
KO,CANM,,EHN,broadband,40.0113,27.0529,100.0,2017-02-22T00:00:00.000000Z,
KO,CANM,,EHZ,broadband,40.0113,27.0529,100.0,2017-02-22T00:00:00.000000Z,
KO,CANM,,HNE,strong_motion,40.0113,27.0529,100.0,2017-02-22T00:00:00.000000Z,
KO,CANM,,HNN,strong_motion,40.0113,27.0529,100.0,2017-02-22T00:00:00.000000Z,
KO,CANM,,HNZ,strong_motion,40.0113,27.0529,100.0,2017-02-22T00:00:00.000000Z,
KO,CHOM,,BHE,broadband,41.097,40.7612,50.0,2012-03-19T00:00:00.000000Z,2022-11-28T08:00:00.000000Z
KO,CHOM,,BHN,broadband,41.097,40.7612,50.0,2012-03-19T00:00:00.000000Z,2022-11-28T08:00:00.000000Z
KO,CHOM,,BHZ,broadband,41.097,40.7612,50.0,2012-03-19T00:00:00.000000Z,2022-11-28T08:00:00.000000Z
KO,CHOM,,HHE,broadband,41.097,40.7612,100.0,2022-11-28T08:00:00.000000Z,
KO,CHOM,,HHN,broadband,41.097,40.7612,100.0,2022-11-28T08:00:00.000000Z,
KO,CHOM,,HHZ,broadband,41.097,40.7612,100.0,2022-11-28T08:00:00.000000Z,
KO,KARS,,BHE,broadband,40.6152,43.0937,50.0,2006-10-13T00:00:00.000000Z,2013-11-07T12:00:00.000000Z
KO,KARS,,BHN,broadband,40.6152,43.0937,50.0,2006-10-13T00:00:00.000000Z,2013-11-07T12:00:00.000000Z
KO,KARS,,BHZ,broadband,40.6152,43.0937,50.0,2006-10-13T00:00:00.000000Z,2013-11-07T12:00:00.000000Z
KO,KARS,,HHE,broadband,40.6152,43.0937,100.0,2013-11-07T12:00:00.000000Z,
KO,KARS,,HHN,broadband,40.6152,43.0937,100.0,2013-11-07T12:00:00.000000Z,
KO,KARS,,HHZ,broadband,40.6152,43.0937,100.0,2013-11-07T12:00:00.000000Z,
KO,UVEZ,,HHE,broadband,40.904,30.9032,100.0,2019-12-18T00:00:00.000000Z,
KO,UVEZ,,HHN,broadband,40.904,30.9032,100.0,2019-12-18T00:00:00.000000Z,
KO,UVEZ,,HHZ,broadband,40.904,30.9032,100.0,2019-12-18T00:00:00.000000Z,
KO,KUMB,,HNE,strong_motion,40.8626,27.4592,100.0,2021-06-20T00:00:00.000000Z,2025-05-22T16:30:00.000000Z
KO,KUMB,,HNN,strong_motion,40.8626,27.4592,100.0,2021-06-20T00:00:00.000000Z,2025-05-22T16:30:00.000000Z
KO,KUMB,,HNZ,strong_motion,40.8626,27.4592,100.0,2021-06-20T00:00:00.000000Z,2025-05-22T16:30:00.000000Z
KO,KUMB,,HNE,strong_motion,40.8626,27.4592,100.0,2025-05-22T16:30:00.000000Z,
KO,KUMB,,HNN,strong_motion,40.8626,27.4592,100.0,2025-05-22T16:30:00.000000Z,
KO,KUMB,,HNZ,strong_motion,40.8626,27.4592,100.0,2025-05-22T16:30:00.000000Z,
KO,LADK,,BHE,broadband,38.1999,32.3648,50.0,2007-06-19T00:00:00.000000Z,2022-11-29T10:00:00.000000Z
KO,LADK,,BHN,broadband,38.1999,32.3648,50.0,2007-06-19T00:00:00.000000Z,2022-11-29T10:00:00.000000Z
KO,LADK,,BHZ,broadband,38.1999,32.3648,50.0,2007-06-19T00:00:00.000000Z,2022-11-29T10:00:00.000000Z
KO,LADK,,HHE,broadband,38.1999,32.3648,100.0,2022-11-29T10:00:00.000000Z,
KO,LADK,,HHN,broadband,38.1999,32.3648,100.0,2022-11-29T10:00:00.000000Z,
KO,LADK,,HHZ,broadband,38.1999,32.3648,100.0,2022-11-29T10:00:00.000000Z,
KO,SINB,,HNE,strong_motion,40.9998,28.5392,100.0,2010-08-13T00:00:00.000000Z,2012-10-19T08:00:00.000000Z
KO,SINB,,HNN,strong_motion,40.9998,28.5392,100.0,2010-08-13T00:00:00.000000Z,2012-10-19T08:00:00.000000Z
KO,SINB,,HNZ,strong_motion,40.9998,28.5392,100.0,2010-08-13T00:00:00.000000Z,2012-10-19T08:00:00.000000Z
KO,SINB,,HNE,strong_motion,40.9998,28.5392,100.0,2012-10-19T08:00:00.000000Z,
KO,SINB,,HNN,strong_motion,40.9998,28.5392,100.0,2012-10-19T08:00:00.000000Z,
KO,SINB,,HNZ,strong_motion,40.9998,28.5392,100.0,2012-10-19T08:00:00.000000Z,
KO,GONE,,BHE,broadband,40.0466,27.686,50.0,2008-06-27T00:00:00.000000Z,2010-09-01T00:00:00.000000Z
KO,GONE,,BHN,broadband,40.0466,27.686,50.0,2008-06-27T00:00:00.000000Z,2010-09-01T00:00:00.000000Z
KO,GONE,,BHZ,broadband,40.0466,27.686,50.0,2008-06-27T00:00:00.000000Z,2010-09-01T00:00:00.000000Z
KO,GONE,,BHE,broadband,40.0466,27.686,50.0,2010-09-01T00:00:00.000000Z,2010-10-11T16:00:00.000000Z
KO,GONE,,BHN,broadband,40.0466,27.686,50.0,2010-09-01T00:00:00.000000Z,2010-10-11T16:00:00.000000Z
KO,GONE,,BHZ,broadband,40.0466,27.686,50.0,2010-09-01T00:00:00.000000Z,2010-10-11T16:00:00.000000Z
KO,GONE,,HHE,broadband,40.0466,27.686,100.0,2010-10-11T16:00:00.000000Z,2010-10-23T08:00:00.000000Z
KO,GONE,,HHN,broadband,40.0466,27.686,100.0,2010-10-11T16:00:00.000000Z,2010-10-23T08:00:00.000000Z
KO,GONE,,HHZ,broadband,40.0466,27.686,100.0,2010-10-11T16:00:00.000000Z,2010-10-23T08:00:00.000000Z
KO,GONE,,HNE,strong_motion,40.0466,27.686,100.0,2010-10-23T08:00:00.000000Z,
KO,GONE,,HNN,strong_motion,40.0466,27.686,100.0,2010-10-23T08:00:00.000000Z,
KO,GONE,,HNZ,strong_motion,40.0466,27.686,100.0,2010-10-23T08:00:00.000000Z,
KO,LAFA,,HNE,strong_motion,40.7598,29.3554,100.0,2010-10-04T00:00:00.000000Z,2012-10-22T08:00:00.000000Z
KO,LAFA,,HNN,strong_motion,40.7598,29.3554,100.0,2010-10-04T00:00:00.000000Z,2012-10-22T08:00:00.000000Z
KO,LAFA,,HNZ,strong_motion,40.7598,29.3554,100.0,2010-10-04T00:00:00.000000Z,2012-10-22T08:00:00.000000Z
KO,LAFA,,HNE,strong_motion,40.7598,29.3554,100.0,2012-10-22T08:00:00.000000Z,
KO,LAFA,,HNN,strong_motion,40.7598,29.3554,100.0,2012-10-22T08:00:00.000000Z,
KO,LAFA,,HNZ,strong_motion,40.7598,29.3554,100.0,2012-10-22T08:00:00.000000Z,
KO,ASYA,,HNE,strong_motion,40.8956,27.465,100.0,2021-04-22T00:00:00.000000Z,
KO,ASYA,,HNN,strong_motion,40.8956,27.465,100.0,2021-04-22T00:00:00.000000Z,
KO,ASYA,,HNZ,strong_motion,40.8956,27.465,100.0,2021-04-22T00:00:00.000000Z,
KO,MRMT,,BHE,broadband,40.609,27.5832,50.0,2008-10-09T00:00:00.000000Z,2012-08-29T06:00:00.000000Z
KO,MRMT,,BHN,broadband,40.609,27.5832,50.0,2008-10-09T00:00:00.000000Z,2012-08-29T06:00:00.000000Z
KO,MRMT,,BHZ,broadband,40.609,27.5832,50.0,2008-10-09T00:00:00.000000Z,2012-08-29T06:00:00.000000Z
KO,MRMT,,BHE,broadband,40.609,27.5832,50.0,2012-08-29T06:00:00.000000Z,2013-07-04T08:00:00.000000Z
KO,MRMT,,BHN,broadband,40.609,27.5832,50.0,2012-08-29T06:00:00.000000Z,2013-07-04T08:00:00.000000Z
KO,MRMT,,BHZ,broadband,40.609,27.5832,50.0,2012-08-29T06:00:00.000000Z,2013-07-04T08:00:00.000000Z
KO,MRMT,,HHE,broadband,40.609,27.5832,100.0,2013-07-04T08:00:00.000000Z,
KO,MRMT,,HHN,broadband,40.609,27.5832,100.0,2013-07-04T08:00:00.000000Z,
KO,MRMT,,HHZ,broadband,40.609,27.5832,100.0,2013-07-04T08:00:00.000000Z,
KO,MLAZ,,HHE,broadband,39.141,42.5496,100.0,2012-11-26T00:00:00.000000Z,
KO,MLAZ,,HHN,broadband,39.141,42.5496,100.0,2012-11-26T00:00:00.000000Z,
KO,MLAZ,,HHZ,broadband,39.141,42.5496,100.0,2012-11-26T00:00:00.000000Z,
KO,KAYA,,HNE,strong_motion,40.9468,35.7491,100.0,2013-12-05T00:00:00.000000Z,2015-11-15T00:00:00.000000Z
KO,KAYA,,HNN,strong_motion,40.9468,35.7491,100.0,2013-12-05T00:00:00.000000Z,2015-11-15T00:00:00.000000Z
KO,KAYA,,HNZ,strong_motion,40.9468,35.7491,100.0,2013-12-05T00:00:00.000000Z,2015-11-15T00:00:00.000000Z
KO,SEYD,,EHE,broadband,37.4056,31.8379,100.0,2014-02-04T00:00:00.000000Z,
KO,SEYD,,EHN,broadband,37.4056,31.8379,100.0,2014-02-04T00:00:00.000000Z,
KO,SEYD,,EHZ,broadband,37.4056,31.8379,100.0,2014-02-04T00:00:00.000000Z,
KO,SEYD,,HNE,strong_motion,37.4056,31.8379,100.0,2014-02-04T00:00:00.000000Z,
KO,SEYD,,HNN,strong_motion,37.4056,31.8379,100.0,2014-02-04T00:00:00.000000Z,
KO,SEYD,,HNZ,strong_motion,37.4056,31.8379,100.0,2014-02-04T00:00:00.000000Z,
KO,KOZK,,EHE,broadband,39.2101,34.868,100.0,2015-02-11T00:00:00.000000Z,
KO,KOZK,,EHN,broadband,39.2101,34.868,100.0,2015-02-11T00:00:00.000000Z,
KO,KOZK,,EHZ,broadband,39.2101,34.868,100.0,2015-02-11T00:00:00.000000Z,
KO,KOZK,,HNE,strong_motion,39.2101,34.868,100.0,2015-02-11T00:00:00.000000Z,
KO,KOZK,,HNN,strong_motion,39.2101,34.868,100.0,2015-02-11T00:00:00.000000Z,
KO,KOZK,,HNZ,strong_motion,39.2101,34.868,100.0,2015-02-11T00:00:00.000000Z,
KO,IZI,,HNE,strong_motion,40.3483,29.4612,100.0,2011-10-11T15:00:00.000000Z,2013-03-15T14:00:00.000000Z
KO,IZI,,HNN,strong_motion,40.3483,29.4612,100.0,2011-10-11T15:00:00.000000Z,2013-03-15T14:00:00.000000Z
KO,IZI,,HNZ,strong_motion,40.3483,29.4612,100.0,2011-10-11T15:00:00.000000Z,2013-03-15T14:00:00.000000Z
KO,IZI,,BNE,strong_motion,40.3483,29.4612,50.0,2013-03-15T14:00:00.000000Z,2013-04-01T08:00:00.000000Z
KO,IZI,,BNN,strong_motion,40.3483,29.4612,50.0,2013-03-15T14:00:00.000000Z,2013-04-01T08:00:00.000000Z
KO,IZI,,BNZ,strong_motion,40.3483,29.4612,50.0,2013-03-15T14:00:00.000000Z,2013-04-01T08:00:00.000000Z
KO,IZI,,HNE,strong_motion,40.3483,29.4612,100.0,2013-04-01T08:00:00.000000Z,2014-03-26T09:00:00.000000Z
KO,IZI,,HNN,strong_motion,40.3483,29.4612,100.0,2013-04-01T08:00:00.000000Z,2014-03-26T09:00:00.000000Z
KO,IZI,,HNZ,strong_motion,40.3483,29.4612,100.0,2013-04-01T08:00:00.000000Z,2014-03-26T09:00:00.000000Z
KO,IZI,,HNE,strong_motion,40.3483,29.4612,100.0,2014-03-26T09:00:00.000000Z,2020-06-10T14:45:00.000000Z
KO,IZI,,HNN,strong_motion,40.3483,29.4612,100.0,2014-03-26T09:00:00.000000Z,2020-06-10T14:45:00.000000Z
KO,IZI,,HNZ,strong_motion,40.3483,29.4612,100.0,2014-03-26T09:00:00.000000Z,2020-06-10T14:45:00.000000Z
KO,IZI,,HNE,strong_motion,40.3483,29.4612,100.0,2020-06-10T14:45:00.000000Z,
KO,IZI,,HNN,strong_motion,40.3483,29.4612,100.0,2020-06-10T14:45:00.000000Z,
KO,IZI,,HNZ,strong_motion,40.3483,29.4612,100.0,2020-06-10T14:45:00.000000Z,
KO,TEKI,,HNE,strong_motion,40.9862,27.5374,100.0,2022-12-16T00:00:00.000000Z,
KO,TEKI,,HNN,strong_motion,40.9862,27.5374,100.0,2022-12-16T00:00:00.000000Z,
KO,TEKI,,HNZ,strong_motion,40.9862,27.5374,100.0,2022-12-16T00:00:00.000000Z,
KO,TOS,,HNE,strong_motion,41.0362,34.0226,100.0,2011-12-14T00:00:00.000000Z,
KO,TOS,,HNN,strong_motion,41.0362,34.0226,100.0,2011-12-14T00:00:00.000000Z,
KO,TOS,,HNZ,strong_motion,41.0362,34.0226,100.0,2011-12-14T00:00:00.000000Z,
KO,YKAV,,HNE,strong_motion,37.1246,27.2801,100.0,2011-04-18T00:00:00.000000Z,2017-12-14T10:00:00.000000Z
KO,YKAV,,HNN,strong_motion,37.1246,27.2801,100.0,2011-04-18T00:00:00.000000Z,2017-12-14T10:00:00.000000Z
KO,YKAV,,HNZ,strong_motion,37.1246,27.2801,100.0,2011-04-18T00:00:00.000000Z,2017-12-14T10:00:00.000000Z
KO,YKAV,,HNE,strong_motion,37.1246,27.2801,100.0,2017-12-14T10:00:00.000000Z,
KO,YKAV,,HNN,strong_motion,37.1246,27.2801,100.0,2017-12-14T10:00:00.000000Z,
KO,YKAV,,HNZ,strong_motion,37.1246,27.2801,100.0,2017-12-14T10:00:00.000000Z,
KO,BLCB,,BHE,broadband,38.3853,27.042,25.0,2004-10-05T00:00:00.000000Z,2010-08-13T07:00:00.000000Z
KO,BLCB,,BHN,broadband,38.3853,27.042,25.0,2004-10-05T00:00:00.000000Z,2010-08-13T07:00:00.000000Z
KO,BLCB,,BHZ,broadband,38.3853,27.042,25.0,2004-10-05T00:00:00.000000Z,2010-08-13T07:00:00.000000Z
KO,BLCB,,BHE,broadband,38.3853,27.042,50.0,2010-08-13T07:00:00.000000Z,2022-11-15T11:40:00.000000Z
KO,BLCB,,BHN,broadband,38.3853,27.042,50.0,2010-08-13T07:00:00.000000Z,2022-11-15T11:40:00.000000Z
KO,BLCB,,BHZ,broadband,38.3853,27.042,50.0,2010-08-13T07:00:00.000000Z,2022-11-15T11:40:00.000000Z
KO,BLCB,,HHE,broadband,38.3853,27.042,100.0,2022-11-15T11:40:00.000000Z,
KO,BLCB,,HHN,broadband,38.3853,27.042,100.0,2022-11-15T11:40:00.000000Z,
KO,BLCB,,HHZ,broadband,38.3853,27.042,100.0,2022-11-15T11:40:00.000000Z,
KO,KTUT,,BHE,broadband,40.987,39.7667,50.0,2006-08-17T00:00:00.000000Z,2019-09-19T12:00:00.000000Z
KO,KTUT,,BHN,broadband,40.987,39.7667,50.0,2006-08-17T00:00:00.000000Z,2019-09-19T12:00:00.000000Z
KO,KTUT,,BHZ,broadband,40.987,39.7667,50.0,2006-08-17T00:00:00.000000Z,2019-09-19T12:00:00.000000Z
KO,KTUT,,HHE,broadband,40.987,39.7667,100.0,2019-09-19T12:00:00.000000Z,2019-10-14T12:00:00.000000Z
KO,KTUT,,HHN,broadband,40.987,39.7667,100.0,2019-09-19T12:00:00.000000Z,2019-10-14T12:00:00.000000Z
KO,KTUT,,HHZ,broadband,40.987,39.7667,100.0,2019-09-19T12:00:00.000000Z,2019-10-14T12:00:00.000000Z
KO,KTUT,,BHE,broadband,40.987,39.7667,50.0,2019-10-14T12:00:00.000000Z,2022-02-03T09:14:00.000000Z
KO,KTUT,,BHN,broadband,40.987,39.7667,50.0,2019-10-14T12:00:00.000000Z,2022-02-03T09:14:00.000000Z
KO,KTUT,,BHZ,broadband,40.987,39.7667,50.0,2019-10-14T12:00:00.000000Z,2022-02-03T09:14:00.000000Z
KO,KTUT,,HHE,broadband,40.987,39.7667,100.0,2022-02-03T09:14:00.000000Z,
KO,KTUT,,HHN,broadband,40.987,39.7667,100.0,2022-02-03T09:14:00.000000Z,
KO,KTUT,,HHZ,broadband,40.987,39.7667,100.0,2022-02-03T09:14:00.000000Z,
KO,TVSB,,BHE,broadband,39.4497,29.4615,50.0,2009-02-12T00:00:00.000000Z,2012-09-07T17:00:00.000000Z
KO,TVSB,,BHN,broadband,39.4497,29.4615,50.0,2009-02-12T00:00:00.000000Z,2012-09-07T17:00:00.000000Z
KO,TVSB,,BHZ,broadband,39.4497,29.4615,50.0,2009-02-12T00:00:00.000000Z,2012-09-07T17:00:00.000000Z
KO,TVSB,,BHE,broadband,39.4497,29.4615,50.0,2012-09-07T17:00:00.000000Z,2013-11-15T06:00:00.000000Z
KO,TVSB,,BHN,broadband,39.4497,29.4615,50.0,2012-09-07T17:00:00.000000Z,2013-11-15T06:00:00.000000Z
KO,TVSB,,BHZ,broadband,39.4497,29.4615,50.0,2012-09-07T17:00:00.000000Z,2013-11-15T06:00:00.000000Z
KO,TVSB,,HHE,broadband,39.4497,29.4615,100.0,2013-11-15T06:00:00.000000Z,
KO,TVSB,,HHN,broadband,39.4497,29.4615,100.0,2013-11-15T06:00:00.000000Z,
KO,TVSB,,HHZ,broadband,39.4497,29.4615,100.0,2013-11-15T06:00:00.000000Z,
KO,SLVT,,BHE,broadband,41.2288,28.2098,50.0,2007-08-01T00:00:00.000000Z,2013-11-08T14:00:00.000000Z
KO,SLVT,,BHN,broadband,41.2288,28.2098,50.0,2007-08-01T00:00:00.000000Z,2013-11-08T14:00:00.000000Z
KO,SLVT,,BHZ,broadband,41.2288,28.2098,50.0,2007-08-01T00:00:00.000000Z,2013-11-08T14:00:00.000000Z
KO,SLVT,,HHE,broadband,41.2288,28.2098,100.0,2013-11-08T14:00:00.000000Z,
KO,SLVT,,HHN,broadband,41.2288,28.2098,100.0,2013-11-08T14:00:00.000000Z,
KO,SLVT,,HHZ,broadband,41.2288,28.2098,100.0,2013-11-08T14:00:00.000000Z,
KO,SLVT,,HNE,strong_motion,41.2288,28.2098,100.0,2016-04-28T00:00:00.000000Z,
KO,SLVT,,HNN,strong_motion,41.2288,28.2098,100.0,2016-04-28T00:00:00.000000Z,
KO,SLVT,,HNZ,strong_motion,41.2288,28.2098,100.0,2016-04-28T00:00:00.000000Z,
KO,ERZN,,BHE,broadband,39.5867,39.722,50.0,2008-10-15T00:00:00.000000Z,2022-11-29T10:00:00.000000Z
KO,ERZN,,BHN,broadband,39.5867,39.722,50.0,2008-10-15T00:00:00.000000Z,2022-11-29T10:00:00.000000Z
KO,ERZN,,BHZ,broadband,39.5867,39.722,50.0,2008-10-15T00:00:00.000000Z,2022-11-29T10:00:00.000000Z
KO,ERZN,,HHE,broadband,39.5867,39.722,100.0,2022-11-29T10:00:00.000000Z,
KO,ERZN,,HHN,broadband,39.5867,39.722,100.0,2022-11-29T10:00:00.000000Z,
KO,ERZN,,HHZ,broadband,39.5867,39.722,100.0,2022-11-29T10:00:00.000000Z,
KO,KARA,,BHE,broadband,37.2607,35.0547,20.0,2005-08-26T00:00:00.000000Z,2006-01-03T07:00:00.000000Z
KO,KARA,,BHN,broadband,37.2607,35.0547,20.0,2005-08-26T00:00:00.000000Z,2006-01-03T07:00:00.000000Z
KO,KARA,,BHZ,broadband,37.2607,35.0547,20.0,2005-08-26T00:00:00.000000Z,2006-01-03T07:00:00.000000Z
KO,KARA,,BHE,broadband,37.2607,35.0547,50.0,2006-01-03T07:00:00.000000Z,2023-05-16T09:00:00.000000Z
KO,KARA,,BHN,broadband,37.2607,35.0547,50.0,2006-01-03T07:00:00.000000Z,2023-05-16T09:00:00.000000Z
KO,KARA,,BHZ,broadband,37.2607,35.0547,50.0,2006-01-03T07:00:00.000000Z,2023-05-16T09:00:00.000000Z
KO,KARA,,HHE,broadband,37.2607,35.0547,100.0,2023-05-16T09:00:00.000000Z,2026-03-02T08:00:00.000000Z
KO,KARA,,HHN,broadband,37.2607,35.0547,100.0,2023-05-16T09:00:00.000000Z,2026-03-02T08:00:00.000000Z
KO,KARA,,HHZ,broadband,37.2607,35.0547,100.0,2023-05-16T09:00:00.000000Z,2026-03-02T08:00:00.000000Z
KO,KARA,,HHE,broadband,37.2607,35.0547,100.0,2026-03-02T08:00:00.000000Z,
KO,KARA,,HHN,broadband,37.2607,35.0547,100.0,2026-03-02T08:00:00.000000Z,
KO,KARA,,HHZ,broadband,37.2607,35.0547,100.0,2026-03-02T08:00:00.000000Z,
KO,ESKY,,HNE,strong_motion,40.5918,28.9071,100.0,2021-06-20T00:00:00.000000Z,
KO,ESKY,,HNN,strong_motion,40.5918,28.9071,100.0,2021-06-20T00:00:00.000000Z,
KO,ESKY,,HNZ,strong_motion,40.5918,28.9071,100.0,2021-06-20T00:00:00.000000Z,
KO,LAP,,BHE,broadband,40.3703,26.7593,50.0,2007-12-27T00:00:00.000000Z,2013-11-08T14:00:00.000000Z
KO,LAP,,BHN,broadband,40.3703,26.7593,50.0,2007-12-27T00:00:00.000000Z,2013-11-08T14:00:00.000000Z
KO,LAP,,BHZ,broadband,40.3703,26.7593,50.0,2007-12-27T00:00:00.000000Z,2013-11-08T14:00:00.000000Z
KO,LAP,,HHE,broadband,40.3703,26.7593,100.0,2013-11-08T14:00:00.000000Z,
KO,LAP,,HHN,broadband,40.3703,26.7593,100.0,2013-11-08T14:00:00.000000Z,
KO,LAP,,HHZ,broadband,40.3703,26.7593,100.0,2013-11-08T14:00:00.000000Z,
KO,ESPY,,BHE,broadband,40.9167,38.7273,50.0,2007-03-02T00:00:00.000000Z,2019-07-29T00:00:00.000000Z
KO,ESPY,,BHN,broadband,40.9167,38.7273,50.0,2007-03-02T00:00:00.000000Z,2019-07-29T00:00:00.000000Z
KO,ESPY,,BHZ,broadband,40.9167,38.7273,50.0,2007-03-02T00:00:00.000000Z,2019-07-29T00:00:00.000000Z
KO,CTYL,,BHE,broadband,41.476,28.2897,50.0,2007-09-29T00:00:00.000000Z,2013-12-08T09:00:00.000000Z
KO,CTYL,,BHN,broadband,41.476,28.2897,50.0,2007-09-29T00:00:00.000000Z,2013-12-08T09:00:00.000000Z
KO,CTYL,,BHZ,broadband,41.476,28.2897,50.0,2007-09-29T00:00:00.000000Z,2013-12-08T09:00:00.000000Z
KO,CTYL,,HHE,broadband,41.476,28.2897,100.0,2013-12-08T09:00:00.000000Z,
KO,CTYL,,HHN,broadband,41.476,28.2897,100.0,2013-12-08T09:00:00.000000Z,
KO,CTYL,,HHZ,broadband,41.476,28.2897,100.0,2013-12-08T09:00:00.000000Z,
KO,CTYL,,HNE,strong_motion,41.476,28.2897,100.0,2018-10-12T00:00:00.000000Z,
KO,CTYL,,HNN,strong_motion,41.476,28.2897,100.0,2018-10-12T00:00:00.000000Z,
KO,CTYL,,HNZ,strong_motion,41.476,28.2897,100.0,2018-10-12T00:00:00.000000Z,
KO,HOPA,,HNE,strong_motion,41.3867,41.4458,100.0,2012-03-22T00:00:00.000000Z,
KO,HOPA,,HNN,strong_motion,41.3867,41.4458,100.0,2012-03-22T00:00:00.000000Z,
KO,HOPA,,HNZ,strong_motion,41.3867,41.4458,100.0,2012-03-22T00:00:00.000000Z,
KO,EZN,,BHE,broadband,39.8255,26.3246,50.0,2006-10-11T00:00:00.000000Z,2007-11-09T20:00:00.000000Z
KO,EZN,,BHN,broadband,39.8255,26.3246,50.0,2006-10-11T00:00:00.000000Z,2007-11-09T20:00:00.000000Z
KO,EZN,,BHZ,broadband,39.8255,26.3246,50.0,2006-10-11T00:00:00.000000Z,2007-11-09T20:00:00.000000Z
KO,EZN,,BHE,broadband,39.8255,26.3246,50.0,2007-11-09T20:00:00.000000Z,2013-11-08T14:00:00.000000Z
KO,EZN,,BHN,broadband,39.8255,26.3246,50.0,2007-11-09T20:00:00.000000Z,2013-11-08T14:00:00.000000Z
KO,EZN,,BHZ,broadband,39.8255,26.3246,50.0,2007-11-09T20:00:00.000000Z,2013-11-08T14:00:00.000000Z
KO,EZN,,HHE,broadband,39.8255,26.3246,100.0,2013-11-08T14:00:00.000000Z,
KO,EZN,,HHN,broadband,39.8255,26.3246,100.0,2013-11-08T14:00:00.000000Z,
KO,EZN,,HHZ,broadband,39.8255,26.3246,100.0,2013-11-08T14:00:00.000000Z,
KO,AKS,,HNE,strong_motion,38.8785,27.8129,100.0,2011-10-08T00:00:00.000000Z,
KO,AKS,,HNN,strong_motion,38.8785,27.8129,100.0,2011-10-08T00:00:00.000000Z,
KO,AKS,,HNZ,strong_motion,38.8785,27.8129,100.0,2011-10-08T00:00:00.000000Z,
KO,HKOY,,HNE,strong_motion,40.892,35.9884,100.0,2013-12-06T00:00:00.000000Z,2016-01-01T00:00:00.000000Z
KO,HKOY,,HNN,strong_motion,40.892,35.9884,100.0,2013-12-06T00:00:00.000000Z,2016-01-01T00:00:00.000000Z
KO,HKOY,,HNZ,strong_motion,40.892,35.9884,100.0,2013-12-06T00:00:00.000000Z,2016-01-01T00:00:00.000000Z
KO,KRTL,,HNE,strong_motion,40.9089,29.1987,100.0,2022-03-15T00:00:00.000000Z,
KO,KRTL,,HNN,strong_motion,40.9089,29.1987,100.0,2022-03-15T00:00:00.000000Z,
KO,KRTL,,HNZ,strong_motion,40.9089,29.1987,100.0,2022-03-15T00:00:00.000000Z,
KO,LFK,,BHE,broadband,35.2832,33.5335,50.0,2007-03-18T00:00:00.000000Z,2012-09-26T14:00:00.000000Z
KO,LFK,,BHN,broadband,35.2832,33.5335,50.0,2007-03-18T00:00:00.000000Z,2012-09-26T14:00:00.000000Z
KO,LFK,,BHZ,broadband,35.2832,33.5335,50.0,2007-03-18T00:00:00.000000Z,2012-09-26T14:00:00.000000Z
KO,LFK,,HHE,broadband,35.2832,33.5335,100.0,2012-09-26T14:00:00.000000Z,2024-12-16T14:00:00.000000Z
KO,LFK,,HHN,broadband,35.2832,33.5335,100.0,2012-09-26T14:00:00.000000Z,2024-12-16T14:00:00.000000Z
KO,LFK,,HHZ,broadband,35.2832,33.5335,100.0,2012-09-26T14:00:00.000000Z,2024-12-16T14:00:00.000000Z
KO,LFK,,HHE,broadband,35.2832,33.5335,100.0,2024-12-16T14:00:00.000000Z,
KO,LFK,,HHN,broadband,35.2832,33.5335,100.0,2024-12-16T14:00:00.000000Z,
KO,LFK,,HHZ,broadband,35.2832,33.5335,100.0,2024-12-16T14:00:00.000000Z,
KO,CORM,,BHE,broadband,40.1785,34.6302,20.0,2004-12-15T00:00:00.000000Z,2005-12-30T09:00:00.000000Z
KO,CORM,,BHN,broadband,40.1785,34.6302,20.0,2004-12-15T00:00:00.000000Z,2005-12-30T09:00:00.000000Z
KO,CORM,,BHZ,broadband,40.1785,34.6302,20.0,2004-12-15T00:00:00.000000Z,2005-12-30T09:00:00.000000Z
KO,CORM,,BHE,broadband,40.1785,34.6302,50.0,2005-12-30T09:00:00.000000Z,2022-11-28T08:00:00.000000Z
KO,CORM,,BHN,broadband,40.1785,34.6302,50.0,2005-12-30T09:00:00.000000Z,2022-11-28T08:00:00.000000Z
KO,CORM,,BHZ,broadband,40.1785,34.6302,50.0,2005-12-30T09:00:00.000000Z,2022-11-28T08:00:00.000000Z
KO,CORM,,HHE,broadband,40.1785,34.6302,100.0,2022-11-28T08:00:00.000000Z,2024-10-24T09:00:00.000000Z
KO,CORM,,HHN,broadband,40.1785,34.6302,100.0,2022-11-28T08:00:00.000000Z,2024-10-24T09:00:00.000000Z
KO,CORM,,HHZ,broadband,40.1785,34.6302,100.0,2022-11-28T08:00:00.000000Z,2024-10-24T09:00:00.000000Z
KO,CORM,,HHE,broadband,40.1785,34.6302,100.0,2024-10-24T09:00:00.000000Z,
KO,CORM,,HHN,broadband,40.1785,34.6302,100.0,2024-10-24T09:00:00.000000Z,
KO,CORM,,HHZ,broadband,40.1785,34.6302,100.0,2024-10-24T09:00:00.000000Z,
KO,SLFK,,HNE,strong_motion,36.3925,33.9464,100.0,2011-07-29T00:00:00.000000Z,
KO,SLFK,,HNN,strong_motion,36.3925,33.9464,100.0,2011-07-29T00:00:00.000000Z,
KO,SLFK,,HNZ,strong_motion,36.3925,33.9464,100.0,2011-07-29T00:00:00.000000Z,
KO,BLVD,,HHE,broadband,38.7946,31.095,100.0,2019-07-10T00:00:00.000000Z,
KO,BLVD,,HHN,broadband,38.7946,31.095,100.0,2019-07-10T00:00:00.000000Z,
KO,BLVD,,HHZ,broadband,38.7946,31.095,100.0,2019-07-10T00:00:00.000000Z,
KO,SPNC,,BHE,broadband,40.686,30.3083,50.0,2008-06-27T00:00:00.000000Z,2013-11-08T16:00:00.000000Z
KO,SPNC,,BHN,broadband,40.686,30.3083,50.0,2008-06-27T00:00:00.000000Z,2013-11-08T16:00:00.000000Z
KO,SPNC,,BHZ,broadband,40.686,30.3083,50.0,2008-06-27T00:00:00.000000Z,2013-11-08T16:00:00.000000Z
KO,SPNC,,HHE,broadband,40.686,30.3083,100.0,2013-11-08T16:00:00.000000Z,2015-03-25T00:00:00.000000Z
KO,SPNC,,HHN,broadband,40.686,30.3083,100.0,2013-11-08T16:00:00.000000Z,2015-03-25T00:00:00.000000Z
KO,SPNC,,HHZ,broadband,40.686,30.3083,100.0,2013-11-08T16:00:00.000000Z,2015-03-25T00:00:00.000000Z
KO,KULA,,BHE,broadband,38.5145,28.6607,50.0,2007-02-20T00:00:00.000000Z,2022-11-28T10:00:00.000000Z
KO,KULA,,BHN,broadband,38.5145,28.6607,50.0,2007-02-20T00:00:00.000000Z,2022-11-28T10:00:00.000000Z
KO,KULA,,BHZ,broadband,38.5145,28.6607,50.0,2007-02-20T00:00:00.000000Z,2022-11-28T10:00:00.000000Z
KO,KULA,,HHE,broadband,38.5145,28.6607,100.0,2022-11-28T10:00:00.000000Z,
KO,KULA,,HHN,broadband,38.5145,28.6607,100.0,2022-11-28T10:00:00.000000Z,
KO,KULA,,HHZ,broadband,38.5145,28.6607,100.0,2022-11-28T10:00:00.000000Z,
KO,CEYT,,BHE,broadband,37.0105,35.7478,20.0,2005-08-24T16:00:00.000000Z,2006-01-03T07:00:00.000000Z
KO,CEYT,,BHN,broadband,37.0105,35.7478,20.0,2005-08-24T16:00:00.000000Z,2006-01-03T07:00:00.000000Z
KO,CEYT,,BHZ,broadband,37.0105,35.7478,20.0,2005-08-24T16:00:00.000000Z,2006-01-03T07:00:00.000000Z
KO,CEYT,,BHE,broadband,37.0105,35.7478,50.0,2006-01-03T07:00:00.000000Z,2018-11-14T13:00:00.000000Z
KO,CEYT,,BHN,broadband,37.0105,35.7478,50.0,2006-01-03T07:00:00.000000Z,2018-11-14T13:00:00.000000Z
KO,CEYT,,BHZ,broadband,37.0105,35.7478,50.0,2006-01-03T07:00:00.000000Z,2018-11-14T13:00:00.000000Z
KO,CEYT,,BHE,broadband,37.0105,35.7478,50.0,2018-11-14T13:00:00.000000Z,2022-11-28T08:00:00.000000Z
KO,CEYT,,BHN,broadband,37.0105,35.7478,50.0,2018-11-14T13:00:00.000000Z,2022-11-28T08:00:00.000000Z
KO,CEYT,,BHZ,broadband,37.0105,35.7478,50.0,2018-11-14T13:00:00.000000Z,2022-11-28T08:00:00.000000Z
KO,CEYT,,HHE,broadband,37.0105,35.7478,100.0,2022-11-28T08:00:00.000000Z,
KO,CEYT,,HHN,broadband,37.0105,35.7478,100.0,2022-11-28T08:00:00.000000Z,
KO,CEYT,,HHZ,broadband,37.0105,35.7478,100.0,2022-11-28T08:00:00.000000Z,
KO,KIYI,,HNE,strong_motion,41.4844,28.2998,100.0,2011-01-12T00:00:00.000000Z,2018-10-07T00:00:00.000000Z
KO,KIYI,,HNN,strong_motion,41.4844,28.2998,100.0,2011-01-12T00:00:00.000000Z,2018-10-07T00:00:00.000000Z
KO,KIYI,,HNZ,strong_motion,41.4844,28.2998,100.0,2011-01-12T00:00:00.000000Z,2018-10-07T00:00:00.000000Z
KO,GRDE,,HNE,strong_motion,40.7995,32.2116,100.0,2012-11-12T00:00:00.000000Z,2017-09-27T00:00:00.000000Z
KO,GRDE,,HNN,strong_motion,40.7995,32.2116,100.0,2012-11-12T00:00:00.000000Z,2017-09-27T00:00:00.000000Z
KO,GRDE,,HNZ,strong_motion,40.7995,32.2116,100.0,2012-11-12T00:00:00.000000Z,2017-09-27T00:00:00.000000Z
KO,EDRB,,BHE,broadband,41.8469,26.7437,50.0,2002-03-27T00:00:00.000000Z,2003-04-11T00:00:00.000000Z
KO,EDRB,,BHN,broadband,41.8469,26.7437,50.0,2002-03-27T00:00:00.000000Z,2003-04-11T00:00:00.000000Z
KO,EDRB,,BHZ,broadband,41.8469,26.7437,50.0,2002-03-27T00:00:00.000000Z,2003-04-11T00:00:00.000000Z
KO,EDRB,,HHE,broadband,41.8469,26.7437,100.0,2003-04-11T00:00:00.000000Z,2003-10-16T20:00:00.000000Z
KO,EDRB,,HHN,broadband,41.8469,26.7437,100.0,2003-04-11T00:00:00.000000Z,2003-10-16T20:00:00.000000Z
KO,EDRB,,HHZ,broadband,41.8469,26.7437,100.0,2003-04-11T00:00:00.000000Z,2003-10-16T20:00:00.000000Z
KO,EDRB,,BHE,broadband,41.8469,26.7437,50.0,2003-10-16T20:00:00.000000Z,2007-04-18T12:00:00.000000Z
KO,EDRB,,BHN,broadband,41.8469,26.7437,50.0,2003-10-16T20:00:00.000000Z,2007-04-18T12:00:00.000000Z
KO,EDRB,,BHZ,broadband,41.8469,26.7437,50.0,2003-10-16T20:00:00.000000Z,2007-04-18T12:00:00.000000Z
KO,EDRB,,BHE,broadband,41.8469,26.7437,50.0,2007-04-18T12:00:00.000000Z,2013-11-08T16:00:00.000000Z
KO,EDRB,,BHN,broadband,41.8469,26.7437,50.0,2007-04-18T12:00:00.000000Z,2013-11-08T16:00:00.000000Z
KO,EDRB,,BHZ,broadband,41.8469,26.7437,50.0,2007-04-18T12:00:00.000000Z,2013-11-08T16:00:00.000000Z
KO,EDRB,,HHE,broadband,41.8469,26.7437,100.0,2013-11-08T16:00:00.000000Z,2015-10-05T12:00:00.000000Z
KO,EDRB,,HHN,broadband,41.8469,26.7437,100.0,2013-11-08T16:00:00.000000Z,2015-10-05T12:00:00.000000Z
KO,EDRB,,HHZ,broadband,41.8469,26.7437,100.0,2013-11-08T16:00:00.000000Z,2015-10-05T12:00:00.000000Z
KO,EDRB,,BHE,broadband,41.8469,26.7437,50.0,2015-10-05T12:00:00.000000Z,2015-10-14T08:00:00.000000Z
KO,EDRB,,BHN,broadband,41.8469,26.7437,50.0,2015-10-05T12:00:00.000000Z,2015-10-14T08:00:00.000000Z
KO,EDRB,,BHZ,broadband,41.8469,26.7437,50.0,2015-10-05T12:00:00.000000Z,2015-10-14T08:00:00.000000Z
KO,EDRB,,HHE,broadband,41.8469,26.7437,100.0,2015-10-14T08:00:00.000000Z,
KO,EDRB,,HHN,broadband,41.8469,26.7437,100.0,2015-10-14T08:00:00.000000Z,
KO,EDRB,,HHZ,broadband,41.8469,26.7437,100.0,2015-10-14T08:00:00.000000Z,
KO,YUNK,,HNE,strong_motion,38.806,31.7626,100.0,2012-11-12T00:00:00.000000Z,2017-11-03T00:00:00.000000Z
KO,YUNK,,HNN,strong_motion,38.806,31.7626,100.0,2012-11-12T00:00:00.000000Z,2017-11-03T00:00:00.000000Z
KO,YUNK,,HNZ,strong_motion,38.806,31.7626,100.0,2012-11-12T00:00:00.000000Z,2017-11-03T00:00:00.000000Z
KO,VANB,,HHE,broadband,38.509,43.4056,100.0,2003-05-13T00:00:00.000000Z,2003-10-16T20:00:00.000000Z
KO,VANB,,HHN,broadband,38.509,43.4056,100.0,2003-05-13T00:00:00.000000Z,2003-10-16T20:00:00.000000Z
KO,VANB,,HHZ,broadband,38.509,43.4056,100.0,2003-05-13T00:00:00.000000Z,2003-10-16T20:00:00.000000Z
KO,VANB,,BHE,broadband,38.509,43.4056,50.0,2003-10-16T20:00:00.000000Z,2013-09-26T12:00:00.000000Z
KO,VANB,,BHN,broadband,38.509,43.4056,50.0,2003-10-16T20:00:00.000000Z,2013-09-26T12:00:00.000000Z
KO,VANB,,BHZ,broadband,38.509,43.4056,50.0,2003-10-16T20:00:00.000000Z,2013-09-26T12:00:00.000000Z
KO,VANB,,HHE,broadband,38.509,43.4056,100.0,2013-09-26T12:00:00.000000Z,
KO,VANB,,HHN,broadband,38.509,43.4056,100.0,2013-09-26T12:00:00.000000Z,
KO,VANB,,HHZ,broadband,38.509,43.4056,100.0,2013-09-26T12:00:00.000000Z,
KO,BNN,,BHE,broadband,38.8521,35.8472,50.0,2007-01-23T12:00:00.000000Z,2022-11-29T10:00:00.000000Z
KO,BNN,,BHN,broadband,38.8521,35.8472,50.0,2007-01-23T12:00:00.000000Z,2022-11-29T10:00:00.000000Z
KO,BNN,,BHZ,broadband,38.8521,35.8472,50.0,2007-01-23T12:00:00.000000Z,2022-11-29T10:00:00.000000Z
KO,BNN,,HHE,broadband,38.8521,35.8472,100.0,2022-11-29T10:00:00.000000Z,
KO,BNN,,HHN,broadband,38.8521,35.8472,100.0,2022-11-29T10:00:00.000000Z,
KO,BNN,,HHZ,broadband,38.8521,35.8472,100.0,2022-11-29T10:00:00.000000Z,
KO,GAZK,,HHE,broadband,40.7479,27.3275,100.0,2019-12-23T00:00:00.000000Z,2025-09-17T10:19:00.000000Z
KO,GAZK,,HHN,broadband,40.7479,27.3275,100.0,2019-12-23T00:00:00.000000Z,2025-09-17T10:19:00.000000Z
KO,GAZK,,HHZ,broadband,40.7479,27.3275,100.0,2019-12-23T00:00:00.000000Z,2025-09-17T10:19:00.000000Z
KO,GAZK,,HHE,broadband,40.7479,27.3275,100.0,2025-09-17T10:19:00.000000Z,
KO,GAZK,,HHN,broadband,40.7479,27.3275,100.0,2025-09-17T10:19:00.000000Z,
KO,GAZK,,HHZ,broadband,40.7479,27.3275,100.0,2025-09-17T10:19:00.000000Z,
KO,BRGA,,HNE,strong_motion,40.8846,29.065,100.0,2012-04-04T00:00:00.000000Z,2012-10-31T11:00:00.000000Z
KO,BRGA,,HNN,strong_motion,40.8846,29.065,100.0,2012-04-04T00:00:00.000000Z,2012-10-31T11:00:00.000000Z
KO,BRGA,,HNZ,strong_motion,40.8846,29.065,100.0,2012-04-04T00:00:00.000000Z,2012-10-31T11:00:00.000000Z
KO,BRGA,,HNE,strong_motion,40.8846,29.065,100.0,2012-10-31T11:00:00.000000Z,
KO,BRGA,,HNN,strong_motion,40.8846,29.065,100.0,2012-10-31T11:00:00.000000Z,
KO,BRGA,,HNZ,strong_motion,40.8846,29.065,100.0,2012-10-31T11:00:00.000000Z,
KO,KMON,,HNE,strong_motion,41.3738,33.7839,100.0,2013-09-25T00:00:00.000000Z,
KO,KMON,,HNN,strong_motion,41.3738,33.7839,100.0,2013-09-25T00:00:00.000000Z,
KO,KMON,,HNZ,strong_motion,41.3738,33.7839,100.0,2013-09-25T00:00:00.000000Z,
KO,KRTS,,BHE,broadband,36.573,35.375,20.0,2005-08-25T00:00:00.000000Z,2006-01-03T07:00:00.000000Z
KO,KRTS,,BHN,broadband,36.573,35.375,20.0,2005-08-25T00:00:00.000000Z,2006-01-03T07:00:00.000000Z
KO,KRTS,,BHZ,broadband,36.573,35.375,20.0,2005-08-25T00:00:00.000000Z,2006-01-03T07:00:00.000000Z
KO,KRTS,,BHE,broadband,36.573,35.375,50.0,2006-01-03T07:00:00.000000Z,2015-10-02T00:00:00.000000Z
KO,KRTS,,BHN,broadband,36.573,35.375,50.0,2006-01-03T07:00:00.000000Z,2015-10-02T00:00:00.000000Z
KO,KRTS,,BHZ,broadband,36.573,35.375,50.0,2006-01-03T07:00:00.000000Z,2015-10-02T00:00:00.000000Z
KO,KRTS,,HHE,broadband,36.573,35.375,100.0,2015-10-02T00:00:00.000000Z,2015-10-08T12:00:00.000000Z
KO,KRTS,,HHN,broadband,36.573,35.375,100.0,2015-10-02T00:00:00.000000Z,2015-10-08T12:00:00.000000Z
KO,KRTS,,HHZ,broadband,36.573,35.375,100.0,2015-10-02T00:00:00.000000Z,2015-10-08T12:00:00.000000Z
KO,KRTS,,BHE,broadband,36.573,35.375,50.0,2015-10-08T12:00:00.000000Z,2016-09-04T00:00:00.000000Z
KO,KRTS,,BHN,broadband,36.573,35.375,50.0,2015-10-08T12:00:00.000000Z,2016-09-04T00:00:00.000000Z
KO,KRTS,,BHZ,broadband,36.573,35.375,50.0,2015-10-08T12:00:00.000000Z,2016-09-04T00:00:00.000000Z
KO,KRTS,,HNE,strong_motion,36.573,35.375,100.0,2016-11-29T00:00:00.000000Z,
KO,KRTS,,HNN,strong_motion,36.573,35.375,100.0,2016-11-29T00:00:00.000000Z,
KO,KRTS,,HNZ,strong_motion,36.573,35.375,100.0,2016-11-29T00:00:00.000000Z,
KO,HVHR,,BNE,strong_motion,40.9699,28.8445,50.0,2010-12-01T00:00:00.000000Z,2011-01-05T13:00:00.000000Z
KO,HVHR,,BNN,strong_motion,40.9699,28.8445,50.0,2010-12-01T00:00:00.000000Z,2011-01-05T13:00:00.000000Z
KO,HVHR,,BNZ,strong_motion,40.9699,28.8445,50.0,2010-12-01T00:00:00.000000Z,2011-01-05T13:00:00.000000Z
KO,HVHR,,HNE,strong_motion,40.9699,28.8445,100.0,2011-01-05T13:00:00.000000Z,2012-10-19T13:00:00.000000Z
KO,HVHR,,HNN,strong_motion,40.9699,28.8445,100.0,2011-01-05T13:00:00.000000Z,2012-10-19T13:00:00.000000Z
KO,HVHR,,HNZ,strong_motion,40.9699,28.8445,100.0,2011-01-05T13:00:00.000000Z,2012-10-19T13:00:00.000000Z
KO,HVHR,,HNE,strong_motion,40.9699,28.8445,100.0,2012-10-19T13:00:00.000000Z,
KO,HVHR,,HNN,strong_motion,40.9699,28.8445,100.0,2012-10-19T13:00:00.000000Z,
KO,HVHR,,HNZ,strong_motion,40.9699,28.8445,100.0,2012-10-19T13:00:00.000000Z,
KO,CRLT,,BHE,broadband,41.129,27.736,50.0,2007-05-15T00:00:00.000000Z,2013-05-20T13:00:00.000000Z
KO,CRLT,,BHN,broadband,41.129,27.736,50.0,2007-05-15T00:00:00.000000Z,2013-05-20T13:00:00.000000Z
KO,CRLT,,BHZ,broadband,41.129,27.736,50.0,2007-05-15T00:00:00.000000Z,2013-05-20T13:00:00.000000Z
KO,CRLT,,HHE,broadband,41.129,27.736,100.0,2013-05-20T13:00:00.000000Z,2013-06-03T07:00:00.000000Z
KO,CRLT,,HHN,broadband,41.129,27.736,100.0,2013-05-20T13:00:00.000000Z,2013-06-03T07:00:00.000000Z
KO,CRLT,,HHZ,broadband,41.129,27.736,100.0,2013-05-20T13:00:00.000000Z,2013-06-03T07:00:00.000000Z
KO,CRLT,,BHE,broadband,41.129,27.736,50.0,2013-06-03T07:00:00.000000Z,2013-11-08T16:00:00.000000Z
KO,CRLT,,BHN,broadband,41.129,27.736,50.0,2013-06-03T07:00:00.000000Z,2013-11-08T16:00:00.000000Z
KO,CRLT,,BHZ,broadband,41.129,27.736,50.0,2013-06-03T07:00:00.000000Z,2013-11-08T16:00:00.000000Z
KO,CRLT,,HHE,broadband,41.129,27.736,100.0,2013-11-08T16:00:00.000000Z,2024-08-15T00:00:00.000000Z
KO,CRLT,,HHN,broadband,41.129,27.736,100.0,2013-11-08T16:00:00.000000Z,2024-08-15T00:00:00.000000Z
KO,CRLT,,HHZ,broadband,41.129,27.736,100.0,2013-11-08T16:00:00.000000Z,2024-08-15T00:00:00.000000Z
KO,MAEG,,HNE,strong_motion,40.9653,27.9448,100.0,2021-06-20T00:00:00.000000Z,2025-05-22T13:30:00.000000Z
KO,MAEG,,HNN,strong_motion,40.9653,27.9448,100.0,2021-06-20T00:00:00.000000Z,2025-05-22T13:30:00.000000Z
KO,MAEG,,HNZ,strong_motion,40.9653,27.9448,100.0,2021-06-20T00:00:00.000000Z,2025-05-22T13:30:00.000000Z
KO,MAEG,,HNE,strong_motion,40.9653,27.9448,100.0,2025-05-22T13:30:00.000000Z,
KO,MAEG,,HNN,strong_motion,40.9653,27.9448,100.0,2025-05-22T13:30:00.000000Z,
KO,MAEG,,HNZ,strong_motion,40.9653,27.9448,100.0,2025-05-22T13:30:00.000000Z,
KO,CAME,,EHE,broadband,36.9435,29.3023,100.0,2014-10-15T00:00:00.000000Z,
KO,CAME,,EHN,broadband,36.9435,29.3023,100.0,2014-10-15T00:00:00.000000Z,
KO,CAME,,EHZ,broadband,36.9435,29.3023,100.0,2014-10-15T00:00:00.000000Z,
KO,CAME,,HNE,strong_motion,36.9435,29.3023,100.0,2014-10-15T00:00:00.000000Z,
KO,CAME,,HNN,strong_motion,36.9435,29.3023,100.0,2014-10-15T00:00:00.000000Z,
KO,CAME,,HNZ,strong_motion,36.9435,29.3023,100.0,2014-10-15T00:00:00.000000Z,
KO,RFHY,,HNE,strong_motion,39.927,38.833,100.0,2020-12-12T00:00:00.000000Z,
KO,RFHY,,HNN,strong_motion,39.927,38.833,100.0,2020-12-12T00:00:00.000000Z,
KO,RFHY,,HNZ,strong_motion,39.927,38.833,100.0,2020-12-12T00:00:00.000000Z,
KO,BNGB,,BHE,broadband,38.9913,40.6792,50.0,2008-11-21T00:00:00.000000Z,2022-11-29T10:00:00.000000Z
KO,BNGB,,BHN,broadband,38.9913,40.6792,50.0,2008-11-21T00:00:00.000000Z,2022-11-29T10:00:00.000000Z
KO,BNGB,,BHZ,broadband,38.9913,40.6792,50.0,2008-11-21T00:00:00.000000Z,2022-11-29T10:00:00.000000Z
KO,BNGB,,HHE,broadband,38.9913,40.6792,100.0,2022-11-29T10:00:00.000000Z,
KO,BNGB,,HHN,broadband,38.9913,40.6792,100.0,2022-11-29T10:00:00.000000Z,
KO,BNGB,,HHZ,broadband,38.9913,40.6792,100.0,2022-11-29T10:00:00.000000Z,
KO,TZLA,,HNE,strong_motion,40.8123,29.2968,100.0,2021-04-28T00:00:00.000000Z,
KO,TZLA,,HNN,strong_motion,40.8123,29.2968,100.0,2021-04-28T00:00:00.000000Z,
KO,TZLA,,HNZ,strong_motion,40.8123,29.2968,100.0,2021-04-28T00:00:00.000000Z,
KO,ODEM,,EHE,broadband,38.2762,28.0747,100.0,2018-05-04T00:00:00.000000Z,
KO,ODEM,,EHN,broadband,38.2762,28.0747,100.0,2018-05-04T00:00:00.000000Z,
KO,ODEM,,EHZ,broadband,38.2762,28.0747,100.0,2018-05-04T00:00:00.000000Z,
KO,ODEM,,HNE,strong_motion,38.2762,28.0747,100.0,2018-05-04T00:00:00.000000Z,
KO,ODEM,,HNN,strong_motion,38.2762,28.0747,100.0,2018-05-04T00:00:00.000000Z,
KO,ODEM,,HNZ,strong_motion,38.2762,28.0747,100.0,2018-05-04T00:00:00.000000Z,
KO,MASR,,HNE,strong_motion,41.7596,32.4658,100.0,2011-03-16T00:00:00.000000Z,2016-05-17T00:00:00.000000Z
KO,MASR,,HNN,strong_motion,41.7596,32.4658,100.0,2011-03-16T00:00:00.000000Z,2016-05-17T00:00:00.000000Z
KO,MASR,,HNZ,strong_motion,41.7596,32.4658,100.0,2011-03-16T00:00:00.000000Z,2016-05-17T00:00:00.000000Z
KO,HDMB,,BHE,broadband,36.9638,32.4857,50.0,2003-11-06T00:00:00.000000Z,2005-04-09T20:00:00.000000Z
KO,HDMB,,BHN,broadband,36.9638,32.4857,50.0,2003-11-06T00:00:00.000000Z,2005-04-09T20:00:00.000000Z
KO,HDMB,,BHZ,broadband,36.9638,32.4857,50.0,2003-11-06T00:00:00.000000Z,2005-04-09T20:00:00.000000Z
KO,HDMB,,BHE,broadband,36.9638,32.4857,20.0,2005-04-09T20:00:00.000000Z,2006-01-05T13:00:00.000000Z
KO,HDMB,,BHN,broadband,36.9638,32.4857,20.0,2005-04-09T20:00:00.000000Z,2006-01-05T13:00:00.000000Z
KO,HDMB,,BHZ,broadband,36.9638,32.4857,20.0,2005-04-09T20:00:00.000000Z,2006-01-05T13:00:00.000000Z
KO,HDMB,,BHE,broadband,36.9638,32.4857,50.0,2006-01-05T13:00:00.000000Z,2006-07-26T00:00:00.000000Z
KO,HDMB,,BHN,broadband,36.9638,32.4857,50.0,2006-01-05T13:00:00.000000Z,2006-07-26T00:00:00.000000Z
KO,HDMB,,BHZ,broadband,36.9638,32.4857,50.0,2006-01-05T13:00:00.000000Z,2006-07-26T00:00:00.000000Z
KO,HDMB,,BHE,broadband,36.9638,32.4857,50.0,2006-07-26T00:00:00.000000Z,2007-05-09T10:00:00.000000Z
KO,HDMB,,BHN,broadband,36.9638,32.4857,50.0,2006-07-26T00:00:00.000000Z,2007-05-09T10:00:00.000000Z
KO,HDMB,,BHZ,broadband,36.9638,32.4857,50.0,2006-07-26T00:00:00.000000Z,2007-05-09T10:00:00.000000Z
KO,HDMB,,BHE,broadband,36.9638,32.4857,50.0,2007-05-09T10:00:00.000000Z,2011-06-01T00:00:00.000000Z
KO,HDMB,,BHN,broadband,36.9638,32.4857,50.0,2007-05-09T10:00:00.000000Z,2011-06-01T00:00:00.000000Z
KO,HDMB,,BHZ,broadband,36.9638,32.4857,50.0,2007-05-09T10:00:00.000000Z,2011-06-01T00:00:00.000000Z
KO,HDMB,,BHE,broadband,36.9638,32.4857,50.0,2011-06-01T00:00:00.000000Z,2011-09-23T00:00:00.000000Z
KO,HDMB,,BHN,broadband,36.9638,32.4857,50.0,2011-06-01T00:00:00.000000Z,2011-09-23T00:00:00.000000Z
KO,HDMB,,BHZ,broadband,36.9638,32.4857,50.0,2011-06-01T00:00:00.000000Z,2011-09-23T00:00:00.000000Z
KO,HDMB,,BHE,broadband,36.9638,32.4857,50.0,2012-09-26T15:00:00.000000Z,2015-10-08T09:00:00.000000Z
KO,HDMB,,BHN,broadband,36.9638,32.4857,50.0,2012-09-26T15:00:00.000000Z,2015-10-08T09:00:00.000000Z
KO,HDMB,,BHZ,broadband,36.9638,32.4857,50.0,2012-09-26T15:00:00.000000Z,2015-10-08T09:00:00.000000Z
KO,HDMB,,HHE,broadband,36.9638,32.4857,100.0,2015-10-08T09:00:00.000000Z,
KO,HDMB,,HHN,broadband,36.9638,32.4857,100.0,2015-10-08T09:00:00.000000Z,
KO,HDMB,,HHZ,broadband,36.9638,32.4857,100.0,2015-10-08T09:00:00.000000Z,
KO,KONT,,BHE,broadband,37.957,32.3563,50.0,2006-07-20T12:00:00.000000Z,2022-11-29T10:00:00.000000Z
KO,KONT,,BHN,broadband,37.957,32.3563,50.0,2006-07-20T12:00:00.000000Z,2022-11-29T10:00:00.000000Z
KO,KONT,,BHZ,broadband,37.957,32.3563,50.0,2006-07-20T12:00:00.000000Z,2022-11-29T10:00:00.000000Z
KO,KONT,,HHE,broadband,37.957,32.3563,100.0,2022-11-29T10:00:00.000000Z,
KO,KONT,,HHN,broadband,37.957,32.3563,100.0,2022-11-29T10:00:00.000000Z,
KO,KONT,,HHZ,broadband,37.957,32.3563,100.0,2022-11-29T10:00:00.000000Z,
KO,ENZZ,,HNE,strong_motion,40.607,26.1406,100.0,2011-03-28T00:00:00.000000Z,
KO,ENZZ,,HNN,strong_motion,40.607,26.1406,100.0,2011-03-28T00:00:00.000000Z,
KO,ENZZ,,HNZ,strong_motion,40.607,26.1406,100.0,2011-03-28T00:00:00.000000Z,
KO,ALAN,,HNE,strong_motion,36.557,32.0327,100.0,2011-08-10T00:00:00.000000Z,
KO,ALAN,,HNN,strong_motion,36.557,32.0327,100.0,2011-08-10T00:00:00.000000Z,
KO,ALAN,,HNZ,strong_motion,36.557,32.0327,100.0,2011-08-10T00:00:00.000000Z,
KO,SIRT,,BHE,broadband,37.501,42.4392,20.0,2005-06-22T00:00:00.000000Z,2006-09-21T00:00:00.000000Z
KO,SIRT,,BHN,broadband,37.501,42.4392,20.0,2005-06-22T00:00:00.000000Z,2006-09-21T00:00:00.000000Z
KO,SIRT,,BHZ,broadband,37.501,42.4392,20.0,2005-06-22T00:00:00.000000Z,2006-09-21T00:00:00.000000Z
KO,SIRT,,BHE,broadband,37.501,42.4392,50.0,2006-09-21T00:00:00.000000Z,2023-06-08T06:40:00.000000Z
KO,SIRT,,BHN,broadband,37.501,42.4392,50.0,2006-09-21T00:00:00.000000Z,2023-06-08T06:40:00.000000Z
KO,SIRT,,BHZ,broadband,37.501,42.4392,50.0,2006-09-21T00:00:00.000000Z,2023-06-08T06:40:00.000000Z
KO,SIRT,,HHE,broadband,37.501,42.4392,100.0,2023-06-08T06:40:00.000000Z,
KO,SIRT,,HHN,broadband,37.501,42.4392,100.0,2023-06-08T06:40:00.000000Z,
KO,SIRT,,HHZ,broadband,37.501,42.4392,100.0,2023-06-08T06:40:00.000000Z,
KO,CHAY,,HNE,strong_motion,41.0862,40.7253,100.0,2012-02-29T00:00:00.000000Z,2018-06-19T10:00:00.000000Z
KO,CHAY,,HNN,strong_motion,41.0862,40.7253,100.0,2012-02-29T00:00:00.000000Z,2018-06-19T10:00:00.000000Z
KO,CHAY,,HNZ,strong_motion,41.0862,40.7253,100.0,2012-02-29T00:00:00.000000Z,2018-06-19T10:00:00.000000Z
KO,CHAY,,HNE,strong_motion,41.0862,40.7253,100.0,2018-06-19T10:00:00.000000Z,
KO,CHAY,,HNN,strong_motion,41.0862,40.7253,100.0,2018-06-19T10:00:00.000000Z,
KO,CHAY,,HNZ,strong_motion,41.0862,40.7253,100.0,2018-06-19T10:00:00.000000Z,
KO,YENI,,HNE,strong_motion,39.9364,27.24216,100.0,2018-04-19T00:00:00.000000Z,
KO,YENI,,HNN,strong_motion,39.9364,27.24216,100.0,2018-04-19T00:00:00.000000Z,
KO,YENI,,HNZ,strong_motion,39.9364,27.24216,100.0,2018-04-19T00:00:00.000000Z,
KO,ARMT,,BHE,broadband,40.5683,28.866,50.0,2007-12-17T00:00:00.000000Z,2013-10-10T12:00:00.000000Z
KO,ARMT,,BHN,broadband,40.5683,28.866,50.0,2007-12-17T00:00:00.000000Z,2013-10-10T12:00:00.000000Z
KO,ARMT,,BHZ,broadband,40.5683,28.866,50.0,2007-12-17T00:00:00.000000Z,2013-10-10T12:00:00.000000Z
KO,ARMT,,HHE,broadband,40.5683,28.866,100.0,2013-10-10T12:00:00.000000Z,
KO,ARMT,,HHN,broadband,40.5683,28.866,100.0,2013-10-10T12:00:00.000000Z,
KO,ARMT,,HHZ,broadband,40.5683,28.866,100.0,2013-10-10T12:00:00.000000Z,
KO,ARMT,,HNE,strong_motion,40.5683,28.866,100.0,2015-10-25T00:00:00.000000Z,
KO,ARMT,,HNN,strong_motion,40.5683,28.866,100.0,2015-10-25T00:00:00.000000Z,
KO,ARMT,,HNZ,strong_motion,40.5683,28.866,100.0,2015-10-25T00:00:00.000000Z,
KO,PHSR,,BHE,broadband,41.6308,27.5238,50.0,2009-07-09T00:00:00.000000Z,2012-12-22T14:00:00.000000Z
KO,PHSR,,BHN,broadband,41.6308,27.5238,50.0,2009-07-09T00:00:00.000000Z,2012-12-22T14:00:00.000000Z
KO,PHSR,,BHZ,broadband,41.6308,27.5238,50.0,2009-07-09T00:00:00.000000Z,2012-12-22T14:00:00.000000Z
KO,PHSR,,BHE,broadband,41.6308,27.5238,50.0,2012-12-22T14:00:00.000000Z,2013-11-15T09:00:00.000000Z
KO,PHSR,,BHN,broadband,41.6308,27.5238,50.0,2012-12-22T14:00:00.000000Z,2013-11-15T09:00:00.000000Z
KO,PHSR,,BHZ,broadband,41.6308,27.5238,50.0,2012-12-22T14:00:00.000000Z,2013-11-15T09:00:00.000000Z
KO,PHSR,,HHE,broadband,41.6308,27.5238,100.0,2013-11-15T09:00:00.000000Z,2018-10-17T00:00:00.000000Z
KO,PHSR,,HHN,broadband,41.6308,27.5238,100.0,2013-11-15T09:00:00.000000Z,2018-10-17T00:00:00.000000Z
KO,PHSR,,HHZ,broadband,41.6308,27.5238,100.0,2013-11-15T09:00:00.000000Z,2018-10-17T00:00:00.000000Z
KO,PHSR,,HHE,broadband,41.6308,27.5238,100.0,2018-10-17T00:00:00.000000Z,
KO,PHSR,,HHN,broadband,41.6308,27.5238,100.0,2018-10-17T00:00:00.000000Z,
KO,PHSR,,HHZ,broadband,41.6308,27.5238,100.0,2018-10-17T00:00:00.000000Z,
KO,ERIK,,BHE,broadband,40.6708,26.5132,50.0,2008-07-02T00:00:00.000000Z,2013-11-08T15:00:00.000000Z
KO,ERIK,,BHN,broadband,40.6708,26.5132,50.0,2008-07-02T00:00:00.000000Z,2013-11-08T15:00:00.000000Z
KO,ERIK,,BHZ,broadband,40.6708,26.5132,50.0,2008-07-02T00:00:00.000000Z,2013-11-08T15:00:00.000000Z
KO,ERIK,,HHE,broadband,40.6708,26.5132,100.0,2013-11-08T15:00:00.000000Z,
KO,ERIK,,HHN,broadband,40.6708,26.5132,100.0,2013-11-08T15:00:00.000000Z,
KO,ERIK,,HHZ,broadband,40.6708,26.5132,100.0,2013-11-08T15:00:00.000000Z,
KO,KHL,,HNE,strong_motion,38.3231,29.5286,100.0,2011-10-06T00:00:00.000000Z,
KO,KHL,,HNN,strong_motion,38.3231,29.5286,100.0,2011-10-06T00:00:00.000000Z,
KO,KHL,,HNZ,strong_motion,38.3231,29.5286,100.0,2011-10-06T00:00:00.000000Z,
KO,TUNC,,HNE,strong_motion,39.6942,37.5388,100.0,2020-09-27T00:00:00.000000Z,
KO,TUNC,,HNN,strong_motion,39.6942,37.5388,100.0,2020-09-27T00:00:00.000000Z,
KO,TUNC,,HNZ,strong_motion,39.6942,37.5388,100.0,2020-09-27T00:00:00.000000Z,
KO,YLVH,,HNE,strong_motion,40.6953,29.3703,100.0,2010-10-25T00:00:00.000000Z,2012-10-30T13:00:00.000000Z
KO,YLVH,,HNN,strong_motion,40.6953,29.3703,100.0,2010-10-25T00:00:00.000000Z,2012-10-30T13:00:00.000000Z
KO,YLVH,,HNZ,strong_motion,40.6953,29.3703,100.0,2010-10-25T00:00:00.000000Z,2012-10-30T13:00:00.000000Z
KO,YLVH,,HNE,strong_motion,40.6953,29.3703,100.0,2012-10-30T13:00:00.000000Z,
KO,YLVH,,HNN,strong_motion,40.6953,29.3703,100.0,2012-10-30T13:00:00.000000Z,
KO,YLVH,,HNZ,strong_motion,40.6953,29.3703,100.0,2012-10-30T13:00:00.000000Z,
KO,GORD,,EHE,broadband,38.9088,28.1769,100.0,2018-05-03T00:00:00.000000Z,
KO,GORD,,EHN,broadband,38.9088,28.1769,100.0,2018-05-03T00:00:00.000000Z,
KO,GORD,,EHZ,broadband,38.9088,28.1769,100.0,2018-05-03T00:00:00.000000Z,
KO,GORD,,HNE,strong_motion,38.9088,28.1769,100.0,2018-05-03T00:00:00.000000Z,
KO,GORD,,HNN,strong_motion,38.9088,28.1769,100.0,2018-05-03T00:00:00.000000Z,
KO,GORD,,HNZ,strong_motion,38.9088,28.1769,100.0,2018-05-03T00:00:00.000000Z,
KO,KURC,,HHE,broadband,41.8456,32.743,100.0,2011-12-15T00:00:00.000000Z,2025-09-09T00:00:00.000000Z
KO,KURC,,HHN,broadband,41.8456,32.743,100.0,2011-12-15T00:00:00.000000Z,2025-09-09T00:00:00.000000Z
KO,KURC,,HHZ,broadband,41.8456,32.743,100.0,2011-12-15T00:00:00.000000Z,2025-09-09T00:00:00.000000Z
KO,KURC,,HHE,broadband,41.8456,32.743,100.0,2025-09-09T00:00:00.000000Z,2026-02-05T11:00:00.000000Z
KO,KURC,,HHN,broadband,41.8456,32.743,100.0,2025-09-09T00:00:00.000000Z,2026-02-05T11:00:00.000000Z
KO,KURC,,HHZ,broadband,41.8456,32.743,100.0,2025-09-09T00:00:00.000000Z,2026-02-05T11:00:00.000000Z
KO,KURC,,HHE,broadband,41.8456,32.743,100.0,2026-02-05T11:00:00.000000Z,
KO,KURC,,HHN,broadband,41.8456,32.743,100.0,2026-02-05T11:00:00.000000Z,
KO,KURC,,HHZ,broadband,41.8456,32.743,100.0,2026-02-05T11:00:00.000000Z,
KO,YUVA,,EHE,broadband,40.391,31.6872,100.0,2013-09-09T00:00:00.000000Z,
KO,YUVA,,EHN,broadband,40.391,31.6872,100.0,2013-09-09T00:00:00.000000Z,
KO,YUVA,,EHZ,broadband,40.391,31.6872,100.0,2013-09-09T00:00:00.000000Z,
KO,YUVA,,HNE,strong_motion,40.391,31.6872,100.0,2013-09-09T00:00:00.000000Z,
KO,YUVA,,HNN,strong_motion,40.391,31.6872,100.0,2013-09-09T00:00:00.000000Z,
KO,YUVA,,HNZ,strong_motion,40.391,31.6872,100.0,2013-09-09T00:00:00.000000Z,
KO,YAYO,,HHE,broadband,39.6113,27.0726,100.0,2019-03-23T00:00:00.000000Z,
KO,YAYO,,HHN,broadband,39.6113,27.0726,100.0,2019-03-23T00:00:00.000000Z,
KO,YAYO,,HHZ,broadband,39.6113,27.0726,100.0,2019-03-23T00:00:00.000000Z,
KO,SENK,,BHE,broadband,40.5614,42.3505,50.0,2011-05-04T00:00:00.000000Z,2022-11-28T11:10:00.000000Z
KO,SENK,,BHN,broadband,40.5614,42.3505,50.0,2011-05-04T00:00:00.000000Z,2022-11-28T11:10:00.000000Z
KO,SENK,,BHZ,broadband,40.5614,42.3505,50.0,2011-05-04T00:00:00.000000Z,2022-11-28T11:10:00.000000Z
KO,SENK,,HHE,broadband,40.5614,42.3505,100.0,2022-11-28T11:10:00.000000Z,
KO,SENK,,HHN,broadband,40.5614,42.3505,100.0,2022-11-28T11:10:00.000000Z,
KO,SENK,,HHZ,broadband,40.5614,42.3505,100.0,2022-11-28T11:10:00.000000Z,
KO,NIG,,HNE,strong_motion,38.108,34.6142,100.0,2011-11-23T00:00:00.000000Z,2025-08-12T12:00:00.000000Z
KO,NIG,,HNN,strong_motion,38.108,34.6142,100.0,2011-11-23T00:00:00.000000Z,2025-08-12T12:00:00.000000Z
KO,NIG,,HNZ,strong_motion,38.108,34.6142,100.0,2011-11-23T00:00:00.000000Z,2025-08-12T12:00:00.000000Z
KO,NIG,,HNE,strong_motion,38.108,34.6142,100.0,2025-08-12T12:00:00.000000Z,2026-04-22T17:30:00.000000Z
KO,NIG,,HNN,strong_motion,38.108,34.6142,100.0,2025-08-12T12:00:00.000000Z,2026-04-22T17:30:00.000000Z
KO,NIG,,HNZ,strong_motion,38.108,34.6142,100.0,2025-08-12T12:00:00.000000Z,2026-04-22T17:30:00.000000Z
KO,NIG,,HNE,strong_motion,38.108,34.6142,100.0,2026-04-22T17:30:00.000000Z,
KO,NIG,,HNN,strong_motion,38.108,34.6142,100.0,2026-04-22T17:30:00.000000Z,
KO,NIG,,HNZ,strong_motion,38.108,34.6142,100.0,2026-04-22T17:30:00.000000Z,
KO,BUYK,,HNE,strong_motion,41.0168,28.5828,100.0,2021-05-28T00:00:00.000000Z,
KO,BUYK,,HNN,strong_motion,41.0168,28.5828,100.0,2021-05-28T00:00:00.000000Z,
KO,BUYK,,HNZ,strong_motion,41.0168,28.5828,100.0,2021-05-28T00:00:00.000000Z,
KO,FETY,,BHE,broadband,36.6353,29.0835,20.0,2004-12-03T00:00:00.000000Z,2006-11-05T13:00:00.000000Z
KO,FETY,,BHN,broadband,36.6353,29.0835,20.0,2004-12-03T00:00:00.000000Z,2006-11-05T13:00:00.000000Z
KO,FETY,,BHZ,broadband,36.6353,29.0835,20.0,2004-12-03T00:00:00.000000Z,2006-11-05T13:00:00.000000Z
KO,FETY,,BHE,broadband,36.6353,29.0835,50.0,2006-11-05T13:00:00.000000Z,2016-04-23T13:00:00.000000Z
KO,FETY,,BHN,broadband,36.6353,29.0835,50.0,2006-11-05T13:00:00.000000Z,2016-04-23T13:00:00.000000Z
KO,FETY,,BHZ,broadband,36.6353,29.0835,50.0,2006-11-05T13:00:00.000000Z,2016-04-23T13:00:00.000000Z
KO,FETY,,HHE,broadband,36.6353,29.0835,100.0,2016-04-23T13:00:00.000000Z,
KO,FETY,,HHN,broadband,36.6353,29.0835,100.0,2016-04-23T13:00:00.000000Z,
KO,FETY,,HHZ,broadband,36.6353,29.0835,100.0,2016-04-23T13:00:00.000000Z,
KO,GEML,,HHE,broadband,40.4646,29.2116,100.0,2020-06-11T00:00:00.000000Z,
KO,GEML,,HHN,broadband,40.4646,29.2116,100.0,2020-06-11T00:00:00.000000Z,
KO,GEML,,HHZ,broadband,40.4646,29.2116,100.0,2020-06-11T00:00:00.000000Z,
KO,AYDB,,BHE,broadband,37.9467,27.8908,50.0,2009-10-03T00:00:00.000000Z,2016-04-22T11:00:00.000000Z
KO,AYDB,,BHN,broadband,37.9467,27.8908,50.0,2009-10-03T00:00:00.000000Z,2016-04-22T11:00:00.000000Z
KO,AYDB,,BHZ,broadband,37.9467,27.8908,50.0,2009-10-03T00:00:00.000000Z,2016-04-22T11:00:00.000000Z
KO,AYDB,,HHE,broadband,37.9467,27.8908,100.0,2016-04-22T11:00:00.000000Z,
KO,AYDB,,HHN,broadband,37.9467,27.8908,100.0,2016-04-22T11:00:00.000000Z,
KO,AYDB,,HHZ,broadband,37.9467,27.8908,100.0,2016-04-22T11:00:00.000000Z,
KO,SUSR,,EHE,broadband,39.9627,28.0835,100.0,2018-05-03T00:00:00.000000Z,
KO,SUSR,,EHN,broadband,39.9627,28.0835,100.0,2018-05-03T00:00:00.000000Z,
KO,SUSR,,EHZ,broadband,39.9627,28.0835,100.0,2018-05-03T00:00:00.000000Z,
KO,SUSR,,HNE,strong_motion,39.9627,28.0835,100.0,2018-05-03T00:00:00.000000Z,
KO,SUSR,,HNN,strong_motion,39.9627,28.0835,100.0,2018-05-03T00:00:00.000000Z,
KO,SUSR,,HNZ,strong_motion,39.9627,28.0835,100.0,2018-05-03T00:00:00.000000Z,
KO,FOCM,,HNE,strong_motion,38.7131,26.7309,100.0,2011-07-08T00:00:00.000000Z,
KO,FOCM,,HNN,strong_motion,38.7131,26.7309,100.0,2011-07-08T00:00:00.000000Z,
KO,FOCM,,HNZ,strong_motion,38.7131,26.7309,100.0,2011-07-08T00:00:00.000000Z,
KO,GOMA,,HNE,strong_motion,38.7077,27.9175,100.0,2012-09-04T00:00:00.000000Z,
KO,GOMA,,HNN,strong_motion,38.7077,27.9175,100.0,2012-09-04T00:00:00.000000Z,
KO,GOMA,,HNZ,strong_motion,38.7077,27.9175,100.0,2012-09-04T00:00:00.000000Z,
KO,HYBA,,HNE,strong_motion,40.8748,29.0861,100.0,2012-08-13T00:00:00.000000Z,2012-10-31T12:00:00.000000Z
KO,HYBA,,HNN,strong_motion,40.8748,29.0861,100.0,2012-08-13T00:00:00.000000Z,2012-10-31T12:00:00.000000Z
KO,HYBA,,HNZ,strong_motion,40.8748,29.0861,100.0,2012-08-13T00:00:00.000000Z,2012-10-31T12:00:00.000000Z
KO,HYBA,,HNE,strong_motion,40.8748,29.0861,100.0,2012-10-31T12:00:00.000000Z,
KO,HYBA,,HNN,strong_motion,40.8748,29.0861,100.0,2012-10-31T12:00:00.000000Z,
KO,HYBA,,HNZ,strong_motion,40.8748,29.0861,100.0,2012-10-31T12:00:00.000000Z,
KO,EREN,,BHE,broadband,35.5292,34.1742,50.0,2007-03-22T00:00:00.000000Z,2013-10-10T12:00:00.000000Z
KO,EREN,,BHN,broadband,35.5292,34.1742,50.0,2007-03-22T00:00:00.000000Z,2013-10-10T12:00:00.000000Z
KO,EREN,,BHZ,broadband,35.5292,34.1742,50.0,2007-03-22T00:00:00.000000Z,2013-10-10T12:00:00.000000Z
KO,EREN,,HHE,broadband,35.5292,34.1742,100.0,2013-10-10T12:00:00.000000Z,2024-12-16T11:30:00.000000Z
KO,EREN,,HHN,broadband,35.5292,34.1742,100.0,2013-10-10T12:00:00.000000Z,2024-12-16T11:30:00.000000Z
KO,EREN,,HHZ,broadband,35.5292,34.1742,100.0,2013-10-10T12:00:00.000000Z,2024-12-16T11:30:00.000000Z
KO,EREN,,HHE,broadband,35.5292,34.1742,100.0,2024-12-16T11:30:00.000000Z,
KO,EREN,,HHN,broadband,35.5292,34.1742,100.0,2024-12-16T11:30:00.000000Z,
KO,EREN,,HHZ,broadband,35.5292,34.1742,100.0,2024-12-16T11:30:00.000000Z,
KO,POLA,,HHE,broadband,39.7005,32.1677,100.0,2019-07-02T00:00:00.000000Z,
KO,POLA,,HHN,broadband,39.7005,32.1677,100.0,2019-07-02T00:00:00.000000Z,
KO,POLA,,HHZ,broadband,39.7005,32.1677,100.0,2019-07-02T00:00:00.000000Z,
KO,KUSD,,HNE,strong_motion,37.8606,27.2868,100.0,2011-04-20T00:00:00.000000Z,2012-05-16T00:00:00.000000Z
KO,KUSD,,HNN,strong_motion,37.8606,27.2868,100.0,2011-04-20T00:00:00.000000Z,2012-05-16T00:00:00.000000Z
KO,KUSD,,HNZ,strong_motion,37.8606,27.2868,100.0,2011-04-20T00:00:00.000000Z,2012-05-16T00:00:00.000000Z
KO,KUSD,,HNE,strong_motion,37.8606,27.2868,100.0,2017-11-23T00:00:00.000000Z,
KO,KUSD,,HNN,strong_motion,37.8606,27.2868,100.0,2017-11-23T00:00:00.000000Z,
KO,KUSD,,HNZ,strong_motion,37.8606,27.2868,100.0,2017-11-23T00:00:00.000000Z,
KO,YLV,,BHE,broadband,40.5658,29.3708,50.0,2011-09-26T00:00:00.000000Z,2012-01-06T10:00:00.000000Z
KO,YLV,,BHN,broadband,40.5658,29.3708,50.0,2011-09-26T00:00:00.000000Z,2012-01-06T10:00:00.000000Z
KO,YLV,,BHZ,broadband,40.5658,29.3708,50.0,2011-09-26T00:00:00.000000Z,2012-01-06T10:00:00.000000Z
KO,YLV,,HHE,broadband,40.5658,29.3708,100.0,2012-01-06T10:00:00.000000Z,2012-04-05T16:00:00.000000Z
KO,YLV,,HHN,broadband,40.5658,29.3708,100.0,2012-01-06T10:00:00.000000Z,2012-04-05T16:00:00.000000Z
KO,YLV,,HHZ,broadband,40.5658,29.3708,100.0,2012-01-06T10:00:00.000000Z,2012-04-05T16:00:00.000000Z
KO,YLV,,BHE,broadband,40.5658,29.3708,50.0,2012-04-05T16:00:00.000000Z,2013-11-08T16:00:00.000000Z
KO,YLV,,BHN,broadband,40.5658,29.3708,50.0,2012-04-05T16:00:00.000000Z,2013-11-08T16:00:00.000000Z
KO,YLV,,BHZ,broadband,40.5658,29.3708,50.0,2012-04-05T16:00:00.000000Z,2013-11-08T16:00:00.000000Z
KO,YLV,,HHE,broadband,40.5658,29.3708,100.0,2013-11-08T16:00:00.000000Z,
KO,YLV,,HHN,broadband,40.5658,29.3708,100.0,2013-11-08T16:00:00.000000Z,
KO,YLV,,HHZ,broadband,40.5658,29.3708,100.0,2013-11-08T16:00:00.000000Z,
KO,NAZL,,EHE,broadband,37.9641,28.2922,100.0,2018-05-04T00:00:00.000000Z,
KO,NAZL,,EHN,broadband,37.9641,28.2922,100.0,2018-05-04T00:00:00.000000Z,
KO,NAZL,,EHZ,broadband,37.9641,28.2922,100.0,2018-05-04T00:00:00.000000Z,
KO,NAZL,,HNE,strong_motion,37.9641,28.2922,100.0,2018-05-04T00:00:00.000000Z,
KO,NAZL,,HNN,strong_motion,37.9641,28.2922,100.0,2018-05-04T00:00:00.000000Z,
KO,NAZL,,HNZ,strong_motion,37.9641,28.2922,100.0,2018-05-04T00:00:00.000000Z,
KO,ALT,,BHE,broadband,39.0541,30.1104,50.0,2007-03-31T10:00:00.000000Z,2010-06-30T00:00:00.000000Z
KO,ALT,,BHN,broadband,39.0541,30.1104,50.0,2007-03-31T10:00:00.000000Z,2010-06-30T00:00:00.000000Z
KO,ALT,,BHZ,broadband,39.0541,30.1104,50.0,2007-03-31T10:00:00.000000Z,2010-06-30T00:00:00.000000Z
KO,ALT,,HNE,strong_motion,39.0541,30.1104,100.0,2020-02-25T00:00:00.000000Z,
KO,ALT,,HNN,strong_motion,39.0541,30.1104,100.0,2020-02-25T00:00:00.000000Z,
KO,ALT,,HNZ,strong_motion,39.0541,30.1104,100.0,2020-02-25T00:00:00.000000Z,
KO,EZNE,,HNE,strong_motion,39.756,26.3655,100.0,2018-04-11T00:00:00.000000Z,
KO,EZNE,,HNN,strong_motion,39.756,26.3655,100.0,2018-04-11T00:00:00.000000Z,
KO,EZNE,,HNZ,strong_motion,39.756,26.3655,100.0,2018-04-11T00:00:00.000000Z,
KO,LEF,,BHE,broadband,35.1118,32.8433,50.0,2007-03-21T00:00:00.000000Z,2016-04-26T09:00:00.000000Z
KO,LEF,,BHN,broadband,35.1118,32.8433,50.0,2007-03-21T00:00:00.000000Z,2016-04-26T09:00:00.000000Z
KO,LEF,,BHZ,broadband,35.1118,32.8433,50.0,2007-03-21T00:00:00.000000Z,2016-04-26T09:00:00.000000Z
KO,LEF,,HHE,broadband,35.1118,32.8433,100.0,2016-04-26T09:00:00.000000Z,2023-07-12T13:00:00.000000Z
KO,LEF,,HHN,broadband,35.1118,32.8433,100.0,2016-04-26T09:00:00.000000Z,2023-07-12T13:00:00.000000Z
KO,LEF,,HHZ,broadband,35.1118,32.8433,100.0,2016-04-26T09:00:00.000000Z,2023-07-12T13:00:00.000000Z
KO,LEF,,HHE,broadband,35.1118,32.8433,100.0,2023-07-12T13:00:00.000000Z,
KO,LEF,,HHN,broadband,35.1118,32.8433,100.0,2023-07-12T13:00:00.000000Z,
KO,LEF,,HHZ,broadband,35.1118,32.8433,100.0,2023-07-12T13:00:00.000000Z,
KO,MNVG,,HNE,strong_motion,36.7935,31.4161,100.0,2011-08-10T00:00:00.000000Z,2014-09-23T00:00:00.000000Z
KO,MNVG,,HNN,strong_motion,36.7935,31.4161,100.0,2011-08-10T00:00:00.000000Z,2014-09-23T00:00:00.000000Z
KO,MNVG,,HNZ,strong_motion,36.7935,31.4161,100.0,2011-08-10T00:00:00.000000Z,2014-09-23T00:00:00.000000Z
KO,MNVG,,HNE,strong_motion,36.7935,31.4161,100.0,2017-12-18T00:00:00.000000Z,
KO,MNVG,,HNN,strong_motion,36.7935,31.4161,100.0,2017-12-18T00:00:00.000000Z,
KO,MNVG,,HNZ,strong_motion,36.7935,31.4161,100.0,2017-12-18T00:00:00.000000Z,
KO,KRMN,,EHE,broadband,37.174,33.2636,100.0,2014-02-07T00:00:00.000000Z,
KO,KRMN,,EHN,broadband,37.174,33.2636,100.0,2014-02-07T00:00:00.000000Z,
KO,KRMN,,EHZ,broadband,37.174,33.2636,100.0,2014-02-07T00:00:00.000000Z,
KO,KRMN,,HNE,strong_motion,37.174,33.2636,100.0,2014-02-07T00:00:00.000000Z,
KO,KRMN,,HNN,strong_motion,37.174,33.2636,100.0,2014-02-07T00:00:00.000000Z,
KO,KRMN,,HNZ,strong_motion,37.174,33.2636,100.0,2014-02-07T00:00:00.000000Z,
KO,BMYO,,HNE,strong_motion,39.8098,26.6009,100.0,2022-11-22T11:00:00.000000Z,
KO,BMYO,,HNN,strong_motion,39.8098,26.6009,100.0,2022-11-22T11:00:00.000000Z,
KO,BMYO,,HNZ,strong_motion,39.8098,26.6009,100.0,2022-11-22T11:00:00.000000Z,
KO,CAVI,,BHE,broadband,40.2018,29.8377,50.0,2007-09-27T00:00:00.000000Z,2012-06-01T00:00:00.000000Z
KO,CAVI,,BHN,broadband,40.2018,29.8377,50.0,2007-09-27T00:00:00.000000Z,2012-06-01T00:00:00.000000Z
KO,CAVI,,BHZ,broadband,40.2018,29.8377,50.0,2007-09-27T00:00:00.000000Z,2012-06-01T00:00:00.000000Z
KO,CAVI,,BHE,broadband,40.2018,29.8377,50.0,2012-06-01T00:00:00.000000Z,2013-11-11T09:00:00.000000Z
KO,CAVI,,BHN,broadband,40.2018,29.8377,50.0,2012-06-01T00:00:00.000000Z,2013-11-11T09:00:00.000000Z
KO,CAVI,,BHZ,broadband,40.2018,29.8377,50.0,2012-06-01T00:00:00.000000Z,2013-11-11T09:00:00.000000Z
KO,CAVI,,HHE,broadband,40.2018,29.8377,100.0,2013-11-11T09:00:00.000000Z,
KO,CAVI,,HHN,broadband,40.2018,29.8377,100.0,2013-11-11T09:00:00.000000Z,
KO,CAVI,,HHZ,broadband,40.2018,29.8377,100.0,2013-11-11T09:00:00.000000Z,
KO,KARO,,HHE,broadband,39.3089,41.0493,100.0,2012-11-28T00:00:00.000000Z,
KO,KARO,,HHN,broadband,39.3089,41.0493,100.0,2012-11-28T00:00:00.000000Z,
KO,KARO,,HHZ,broadband,39.3089,41.0493,100.0,2012-11-28T00:00:00.000000Z,
KO,SMAA,,HNE,strong_motion,39.1005,28.9805,100.0,2012-05-09T00:00:00.000000Z,
KO,SMAA,,HNN,strong_motion,39.1005,28.9805,100.0,2012-05-09T00:00:00.000000Z,
KO,SMAA,,HNZ,strong_motion,39.1005,28.9805,100.0,2012-05-09T00:00:00.000000Z,
KO,KIZO,,HNE,strong_motion,40.9005,35.9334,100.0,2013-12-04T00:00:00.000000Z,2021-05-30T00:00:00.000000Z
KO,KIZO,,HNN,strong_motion,40.9005,35.9334,100.0,2013-12-04T00:00:00.000000Z,2021-05-30T00:00:00.000000Z
KO,KIZO,,HNZ,strong_motion,40.9005,35.9334,100.0,2013-12-04T00:00:00.000000Z,2021-05-30T00:00:00.000000Z
KO,ESKT,,HNE,strong_motion,39.5212,30.8492,100.0,2011-11-25T00:00:00.000000Z,2017-10-23T13:00:00.000000Z
KO,ESKT,,HNN,strong_motion,39.5212,30.8492,100.0,2011-11-25T00:00:00.000000Z,2017-10-23T13:00:00.000000Z
KO,ESKT,,HNZ,strong_motion,39.5212,30.8492,100.0,2011-11-25T00:00:00.000000Z,2017-10-23T13:00:00.000000Z
KO,ESKT,,HNE,strong_motion,39.5212,30.8492,100.0,2017-10-23T13:00:00.000000Z,2022-01-17T09:00:00.000000Z
KO,ESKT,,HNN,strong_motion,39.5212,30.8492,100.0,2017-10-23T13:00:00.000000Z,2022-01-17T09:00:00.000000Z
KO,ESKT,,HNZ,strong_motion,39.5212,30.8492,100.0,2017-10-23T13:00:00.000000Z,2022-01-17T09:00:00.000000Z
KO,ESKT,,HNE,strong_motion,39.5212,30.8492,100.0,2022-05-19T21:00:00.000000Z,2026-07-02T08:00:00.000000Z
KO,ESKT,,HNN,strong_motion,39.5212,30.8492,100.0,2022-05-19T21:00:00.000000Z,2026-07-02T08:00:00.000000Z
KO,ESKT,,HNZ,strong_motion,39.5212,30.8492,100.0,2022-05-19T21:00:00.000000Z,2026-07-02T08:00:00.000000Z
KO,ESKT,,HNE,strong_motion,39.5212,30.8492,500.0,2022-01-17T09:00:00.000000Z,2022-05-09T10:00:00.000000Z
KO,ESKT,,HNN,strong_motion,39.5212,30.8492,500.0,2022-01-17T09:00:00.000000Z,2022-05-09T10:00:00.000000Z
KO,ESKT,,HNZ,strong_motion,39.5212,30.8492,500.0,2022-01-17T09:00:00.000000Z,2022-05-09T10:00:00.000000Z
KO,ESKT,,HNE,strong_motion,39.5212,30.8492,100.0,2026-07-02T08:00:00.000000Z,
KO,ESKT,,HNN,strong_motion,39.5212,30.8492,100.0,2026-07-02T08:00:00.000000Z,
KO,ESKT,,HNZ,strong_motion,39.5212,30.8492,100.0,2026-07-02T08:00:00.000000Z,
KO,CUND,,HNE,strong_motion,39.336,26.6663,100.0,2011-04-22T00:00:00.000000Z,2012-04-14T00:00:00.000000Z
KO,CUND,,HNN,strong_motion,39.336,26.6663,100.0,2011-04-22T00:00:00.000000Z,2012-04-14T00:00:00.000000Z
KO,CUND,,HNZ,strong_motion,39.336,26.6663,100.0,2011-04-22T00:00:00.000000Z,2012-04-14T00:00:00.000000Z
KO,KULU,,BHE,broadband,39.0343,33.0023,50.0,2009-06-16T00:00:00.000000Z,2010-07-18T05:00:00.000000Z
KO,KULU,,BHN,broadband,39.0343,33.0023,50.0,2009-06-16T00:00:00.000000Z,2010-07-18T05:00:00.000000Z
KO,KULU,,BHZ,broadband,39.0343,33.0023,50.0,2009-06-16T00:00:00.000000Z,2010-07-18T05:00:00.000000Z
KO,KULU,,HHE,broadband,39.0343,33.0023,100.0,2010-07-18T05:00:00.000000Z,
KO,KULU,,HHN,broadband,39.0343,33.0023,100.0,2010-07-18T05:00:00.000000Z,
KO,KULU,,HHZ,broadband,39.0343,33.0023,100.0,2010-07-18T05:00:00.000000Z,
KO,LAPK,,HNE,strong_motion,40.3151,26.6425,100.0,2020-09-10T00:00:00.000000Z,
KO,LAPK,,HNN,strong_motion,40.3151,26.6425,100.0,2020-09-10T00:00:00.000000Z,
KO,LAPK,,HNZ,strong_motion,40.3151,26.6425,100.0,2020-09-10T00:00:00.000000Z,
KO,BIGA,,HNE,strong_motion,40.28134,27.15048,100.0,2019-11-21T00:00:00.000000Z,
KO,BIGA,,HNN,strong_motion,40.28134,27.15048,100.0,2019-11-21T00:00:00.000000Z,
KO,BIGA,,HNZ,strong_motion,40.28134,27.15048,100.0,2019-11-21T00:00:00.000000Z,
KO,ORLT,,HNE,strong_motion,40.0452,28.8914,100.0,2011-10-11T00:00:00.000000Z,
KO,ORLT,,HNN,strong_motion,40.0452,28.8914,100.0,2011-10-11T00:00:00.000000Z,
KO,ORLT,,HNZ,strong_motion,40.0452,28.8914,100.0,2011-10-11T00:00:00.000000Z,
KO,MALT,,HHE,broadband,38.3134,38.4273,100.0,2011-11-26T00:00:00.000000Z,2016-06-02T00:00:00.000000Z
KO,MALT,,HHN,broadband,38.3134,38.4273,100.0,2011-11-26T00:00:00.000000Z,2016-06-02T00:00:00.000000Z
KO,MALT,,HHZ,broadband,38.3134,38.4273,100.0,2011-11-26T00:00:00.000000Z,2016-06-02T00:00:00.000000Z
KO,AFSR,,BHE,broadband,39.4468,33.0707,50.0,2008-09-05T00:00:00.000000Z,2016-11-28T14:00:00.000000Z
KO,AFSR,,BHN,broadband,39.4468,33.0707,50.0,2008-09-05T00:00:00.000000Z,2016-11-28T14:00:00.000000Z
KO,AFSR,,BHZ,broadband,39.4468,33.0707,50.0,2008-09-05T00:00:00.000000Z,2016-11-28T14:00:00.000000Z
KO,AFSR,,HHE,broadband,39.4468,33.0707,100.0,2016-11-28T14:00:00.000000Z,
KO,AFSR,,HHN,broadband,39.4468,33.0707,100.0,2016-11-28T14:00:00.000000Z,
KO,AFSR,,HHZ,broadband,39.4468,33.0707,100.0,2016-11-28T14:00:00.000000Z,
KO,GAZ,,BHE,broadband,37.1721,37.2096,50.0,2007-03-07T14:00:00.000000Z,2010-08-18T00:00:00.000000Z
KO,GAZ,,BHN,broadband,37.1721,37.2096,50.0,2007-03-07T14:00:00.000000Z,2010-08-18T00:00:00.000000Z
KO,GAZ,,BHZ,broadband,37.1721,37.2096,50.0,2007-03-07T14:00:00.000000Z,2010-08-18T00:00:00.000000Z
KO,GAZ,,BHE,broadband,37.1721,37.2096,50.0,2010-08-18T00:00:00.000000Z,2022-02-03T08:54:00.000000Z
KO,GAZ,,BHN,broadband,37.1721,37.2096,50.0,2010-08-18T00:00:00.000000Z,2022-02-03T08:54:00.000000Z
KO,GAZ,,BHZ,broadband,37.1721,37.2096,50.0,2010-08-18T00:00:00.000000Z,2022-02-03T08:54:00.000000Z
KO,GAZ,,HHE,broadband,37.1721,37.2096,100.0,2022-02-03T08:54:00.000000Z,
KO,GAZ,,HHN,broadband,37.1721,37.2096,100.0,2022-02-03T08:54:00.000000Z,
KO,GAZ,,HHZ,broadband,37.1721,37.2096,100.0,2022-02-03T08:54:00.000000Z,
KO,YALI,,HHE,broadband,40.7676,32.9822,100.0,2019-12-20T00:00:00.000000Z,
KO,YALI,,HHN,broadband,40.7676,32.9822,100.0,2019-12-20T00:00:00.000000Z,
KO,YALI,,HHZ,broadband,40.7676,32.9822,100.0,2019-12-20T00:00:00.000000Z,
KO,ISK,,BHE,broadband,41.0615,29.0592,20.0,1997-12-16T00:00:00.000000Z,2001-04-19T15:00:00.000000Z
KO,ISK,,BHN,broadband,41.0615,29.0592,20.0,1997-12-16T00:00:00.000000Z,2001-04-19T15:00:00.000000Z
KO,ISK,,BHZ,broadband,41.0615,29.0592,20.0,1997-12-16T00:00:00.000000Z,2001-04-19T15:00:00.000000Z
KO,ISK,,BHE,broadband,41.0615,29.0592,50.0,2001-04-19T15:00:00.000000Z,2003-05-02T20:00:00.000000Z
KO,ISK,,BHN,broadband,41.0615,29.0592,50.0,2001-04-19T15:00:00.000000Z,2003-05-02T20:00:00.000000Z
KO,ISK,,BHZ,broadband,41.0615,29.0592,50.0,2001-04-19T15:00:00.000000Z,2003-05-02T20:00:00.000000Z
KO,ISK,,HHE,broadband,41.0615,29.0592,100.0,2003-05-02T20:00:00.000000Z,2003-12-31T08:00:00.000000Z
KO,ISK,,HHN,broadband,41.0615,29.0592,100.0,2003-05-02T20:00:00.000000Z,2003-12-31T08:00:00.000000Z
KO,ISK,,HHZ,broadband,41.0615,29.0592,100.0,2003-05-02T20:00:00.000000Z,2003-12-31T08:00:00.000000Z
KO,ISK,,BHE,broadband,41.0615,29.0592,50.0,2003-12-31T08:00:00.000000Z,2007-01-25T11:00:00.000000Z
KO,ISK,,BHN,broadband,41.0615,29.0592,50.0,2003-12-31T08:00:00.000000Z,2007-01-25T11:00:00.000000Z
KO,ISK,,BHZ,broadband,41.0615,29.0592,50.0,2003-12-31T08:00:00.000000Z,2007-01-25T11:00:00.000000Z
KO,ISK,,BHE,broadband,41.0615,29.0592,50.0,2007-01-25T11:00:00.000000Z,2011-10-28T07:00:00.000000Z
KO,ISK,,BHN,broadband,41.0615,29.0592,50.0,2007-01-25T11:00:00.000000Z,2011-10-28T07:00:00.000000Z
KO,ISK,,BHZ,broadband,41.0615,29.0592,50.0,2007-01-25T11:00:00.000000Z,2011-10-28T07:00:00.000000Z
KO,ISK,,HHE,broadband,41.0615,29.0592,100.0,2011-10-28T07:00:00.000000Z,
KO,ISK,,HHN,broadband,41.0615,29.0592,100.0,2011-10-28T07:00:00.000000Z,
KO,ISK,,HHZ,broadband,41.0615,29.0592,100.0,2011-10-28T07:00:00.000000Z,
KO,GULA,,BHE,broadband,38.3444,34.236,50.0,2009-06-19T00:00:00.000000Z,2010-07-18T05:00:00.000000Z
KO,GULA,,BHN,broadband,38.3444,34.236,50.0,2009-06-19T00:00:00.000000Z,2010-07-18T05:00:00.000000Z
KO,GULA,,BHZ,broadband,38.3444,34.236,50.0,2009-06-19T00:00:00.000000Z,2010-07-18T05:00:00.000000Z
KO,GULA,,HHE,broadband,38.3444,34.236,100.0,2010-07-18T05:00:00.000000Z,
KO,GULA,,HHN,broadband,38.3444,34.236,100.0,2010-07-18T05:00:00.000000Z,
KO,GULA,,HHZ,broadband,38.3444,34.236,100.0,2010-07-18T05:00:00.000000Z,
KO,GEMT,,BHE,broadband,40.435,29.189,50.0,2006-07-07T00:00:00.000000Z,2013-11-08T17:00:00.000000Z
KO,GEMT,,BHN,broadband,40.435,29.189,50.0,2006-07-07T00:00:00.000000Z,2013-11-08T17:00:00.000000Z
KO,GEMT,,BHZ,broadband,40.435,29.189,50.0,2006-07-07T00:00:00.000000Z,2013-11-08T17:00:00.000000Z
KO,GEMT,,HHE,broadband,40.435,29.189,100.0,2013-11-08T17:00:00.000000Z,2018-11-04T00:00:00.000000Z
KO,GEMT,,HHN,broadband,40.435,29.189,100.0,2013-11-08T17:00:00.000000Z,2018-11-04T00:00:00.000000Z
KO,GEMT,,HHZ,broadband,40.435,29.189,100.0,2013-11-08T17:00:00.000000Z,2018-11-04T00:00:00.000000Z
KO,DATC,,HNE,strong_motion,36.7584,27.6602,100.0,2011-04-22T00:00:00.000000Z,
KO,DATC,,HNN,strong_motion,36.7584,27.6602,100.0,2011-04-22T00:00:00.000000Z,
KO,DATC,,HNZ,strong_motion,36.7584,27.6602,100.0,2011-04-22T00:00:00.000000Z,
KO,ENEZ,,BHE,broadband,40.7362,26.153,50.0,2006-06-21T00:00:00.000000Z,2014-01-10T08:00:00.000000Z
KO,ENEZ,,BHN,broadband,40.7362,26.153,50.0,2006-06-21T00:00:00.000000Z,2014-01-10T08:00:00.000000Z
KO,ENEZ,,BHZ,broadband,40.7362,26.153,50.0,2006-06-21T00:00:00.000000Z,2014-01-10T08:00:00.000000Z
KO,ENEZ,,HHE,broadband,40.7362,26.153,100.0,2014-01-10T08:00:00.000000Z,
KO,ENEZ,,HHN,broadband,40.7362,26.153,100.0,2014-01-10T08:00:00.000000Z,
KO,ENEZ,,HHZ,broadband,40.7362,26.153,100.0,2014-01-10T08:00:00.000000Z,
KO,AKDN,,HNE,strong_motion,35.2977,32.9677,100.0,2008-11-19T00:00:00.000000Z,2009-10-10T02:00:00.000000Z
KO,AKDN,,HNN,strong_motion,35.2977,32.9677,100.0,2008-11-19T00:00:00.000000Z,2009-10-10T02:00:00.000000Z
KO,AKDN,,HNZ,strong_motion,35.2977,32.9677,100.0,2008-11-19T00:00:00.000000Z,2009-10-10T02:00:00.000000Z
KO,AKDN,,BNE,strong_motion,35.2977,32.9677,50.0,2009-10-10T02:00:00.000000Z,2012-01-13T09:00:00.000000Z
KO,AKDN,,BNN,strong_motion,35.2977,32.9677,50.0,2009-10-10T02:00:00.000000Z,2012-01-13T09:00:00.000000Z
KO,AKDN,,BNZ,strong_motion,35.2977,32.9677,50.0,2009-10-10T02:00:00.000000Z,2012-01-13T09:00:00.000000Z
KO,AKDN,,HNE,strong_motion,35.2977,32.9677,100.0,2012-01-13T09:00:00.000000Z,
KO,AKDN,,HNN,strong_motion,35.2977,32.9677,100.0,2012-01-13T09:00:00.000000Z,
KO,AKDN,,HNZ,strong_motion,35.2977,32.9677,100.0,2012-01-13T09:00:00.000000Z,
KO,SINE,,HHE,broadband,39.1636,39.3871,100.0,2023-06-15T08:05:00.000000Z,
KO,SINE,,HHN,broadband,39.1636,39.3871,100.0,2023-06-15T08:05:00.000000Z,
KO,SINE,,HHZ,broadband,39.1636,39.3871,100.0,2023-06-15T08:05:00.000000Z,
KO,SILV,,HNE,strong_motion,41.0723,28.239,100.0,2023-05-25T13:20:00.000000Z,
KO,SILV,,HNN,strong_motion,41.0723,28.239,100.0,2023-05-25T13:20:00.000000Z,
KO,SILV,,HNZ,strong_motion,41.0723,28.239,100.0,2023-05-25T13:20:00.000000Z,
KO,MAGT,,HHE,broadband,35.1696,33.8714,100.0,2023-07-11T08:20:00.000000Z,
KO,MAGT,,HHN,broadband,35.1696,33.8714,100.0,2023-07-11T08:20:00.000000Z,
KO,MAGT,,HHZ,broadband,35.1696,33.8714,100.0,2023-07-11T08:20:00.000000Z,
KO,CAYL,,HHE,broadband,40.3745,36.159,100.0,2023-07-13T11:00:00.000000Z,
KO,CAYL,,HHN,broadband,40.3745,36.159,100.0,2023-07-13T11:00:00.000000Z,
KO,CAYL,,HHZ,broadband,40.3745,36.159,100.0,2023-07-13T11:00:00.000000Z,
KO,HSY,,HHE,broadband,35.2916,33.0974,100.0,2023-07-12T13:20:00.000000Z,
KO,HSY,,HHN,broadband,35.2916,33.0974,100.0,2023-07-12T13:20:00.000000Z,
KO,HSY,,HHZ,broadband,35.2916,33.0974,100.0,2023-07-12T13:20:00.000000Z,
KO,BOLI,,HHE,broadband,40.7175,31.5148,100.0,2023-12-28T00:00:00.000000Z,
KO,BOLI,,HHN,broadband,40.7175,31.5148,100.0,2023-12-28T00:00:00.000000Z,
KO,BOLI,,HHZ,broadband,40.7175,31.5148,100.0,2023-12-28T00:00:00.000000Z,
KO,SUTC,,HHE,broadband,37.4765,30.9997,100.0,2023-12-15T10:00:00.000000Z,
KO,SUTC,,HHN,broadband,37.4765,30.9997,100.0,2023-12-15T10:00:00.000000Z,
KO,SUTC,,HHZ,broadband,37.4765,30.9997,100.0,2023-12-15T10:00:00.000000Z,
KO,OSMA,,HHE,broadband,40.9939,34.7605,100.0,2023-12-30T00:00:00.000000Z,
KO,OSMA,,HHN,broadband,40.9939,34.7605,100.0,2023-12-30T00:00:00.000000Z,
KO,OSMA,,HHZ,broadband,40.9939,34.7605,100.0,2023-12-30T00:00:00.000000Z,
KO,GERE,,HHE,broadband,40.8004,32.2154,100.0,2023-12-29T00:00:00.000000Z,
KO,GERE,,HHN,broadband,40.8004,32.2154,100.0,2023-12-29T00:00:00.000000Z,
KO,GERE,,HHZ,broadband,40.8004,32.2154,100.0,2023-12-29T00:00:00.000000Z,
KO,KMAH,,HHE,broadband,39.6082,39.0275,100.0,2024-02-28T11:20:00.000000Z,
KO,KMAH,,HHN,broadband,39.6082,39.0275,100.0,2024-02-28T11:20:00.000000Z,
KO,KMAH,,HHZ,broadband,39.6082,39.0275,100.0,2024-02-28T11:20:00.000000Z,
KO,KBAN,,HHE,broadband,38.797,38.7278,100.0,2024-09-03T11:00:00.000000Z,
KO,KBAN,,HHN,broadband,38.797,38.7278,100.0,2024-09-03T11:00:00.000000Z,
KO,KBAN,,HHZ,broadband,38.797,38.7278,100.0,2024-09-03T11:00:00.000000Z,
KO,ARGN,,HHE,broadband,38.7763,38.2639,100.0,2024-10-16T11:00:00.000000Z,
KO,ARGN,,HHN,broadband,38.7763,38.2639,100.0,2024-10-16T11:00:00.000000Z,
KO,ARGN,,HHZ,broadband,38.7763,38.2639,100.0,2024-10-16T11:00:00.000000Z,
KO,BAKL,,HHE,broadband,37.9793,29.6135,100.0,2020-12-24T00:00:00.000000Z,
KO,BAKL,,HHN,broadband,37.9793,29.6135,100.0,2020-12-24T00:00:00.000000Z,
KO,BAKL,,HHZ,broadband,37.9793,29.6135,100.0,2020-12-24T00:00:00.000000Z,
KO,LICE,,HHE,broadband,38.4532,40.6446,100.0,2022-11-25T00:00:00.000000Z,
KO,LICE,,HHN,broadband,38.4532,40.6446,100.0,2022-11-25T00:00:00.000000Z,
KO,LICE,,HHZ,broadband,38.4532,40.6446,100.0,2022-11-25T00:00:00.000000Z,
KO,NURH,,HHE,broadband,37.9693,37.4363,100.0,2024-10-15T11:00:00.000000Z,
KO,NURH,,HHN,broadband,37.9693,37.4363,100.0,2024-10-15T11:00:00.000000Z,
KO,NURH,,HHZ,broadband,37.9693,37.4363,100.0,2024-10-15T11:00:00.000000Z,
KO,SERH,,HHE,broadband,37.582,29.2588,100.0,2020-12-24T00:00:00.000000Z,
KO,SERH,,HHN,broadband,37.582,29.2588,100.0,2020-12-24T00:00:00.000000Z,
KO,SERH,,HHZ,broadband,37.582,29.2588,100.0,2020-12-24T00:00:00.000000Z,
KO,PERB,,HHE,broadband,41.1016,37.7635,100.0,2024-06-27T08:00:00.000000Z,
KO,PERB,,HHN,broadband,41.1016,37.7635,100.0,2024-06-27T08:00:00.000000Z,
KO,PERB,,HHZ,broadband,41.1016,37.7635,100.0,2024-06-27T08:00:00.000000Z,
KO,BABD,,HHE,broadband,37.802,28.8531,100.0,2020-12-24T00:00:00.000000Z,
KO,BABD,,HHN,broadband,37.802,28.8531,100.0,2020-12-24T00:00:00.000000Z,
KO,BABD,,HHZ,broadband,37.802,28.8531,100.0,2020-12-24T00:00:00.000000Z,
KO,GUZE,,HNE,strong_motion,40.9998,28.5074,100.0,2021-06-20T00:00:00.000000Z,2025-05-22T10:00:00.000000Z
KO,GUZE,,HNN,strong_motion,40.9998,28.5074,100.0,2021-06-20T00:00:00.000000Z,2025-05-22T10:00:00.000000Z
KO,GUZE,,HNZ,strong_motion,40.9998,28.5074,100.0,2021-06-20T00:00:00.000000Z,2025-05-22T10:00:00.000000Z
KO,GUZE,,HNE,strong_motion,40.9998,28.5074,100.0,2025-05-22T10:00:00.000000Z,
KO,GUZE,,HNN,strong_motion,40.9998,28.5074,100.0,2025-05-22T10:00:00.000000Z,
KO,GUZE,,HNZ,strong_motion,40.9998,28.5074,100.0,2025-05-22T10:00:00.000000Z,
KO,AYVL,,HHE,broadband,39.2907,26.69,100.0,2025-05-14T16:00:00.000000Z,
KO,AYVL,,HHN,broadband,39.2907,26.69,100.0,2025-05-14T16:00:00.000000Z,
KO,AYVL,,HHZ,broadband,39.2907,26.69,100.0,2025-05-14T16:00:00.000000Z,
KO,NMR6,,HHE,broadband,40.704,27.2653,100.0,2025-04-16T00:00:00.000000Z,
KO,NMR6,,HHN,broadband,40.704,27.2653,100.0,2025-04-16T00:00:00.000000Z,
KO,NMR6,,HHZ,broadband,40.704,27.2653,100.0,2025-04-16T00:00:00.000000Z,
KO,NMR3,,HHE,broadband,40.7432,27.2944,100.0,2025-04-16T00:00:00.000000Z,
KO,NMR3,,HHN,broadband,40.7432,27.2944,100.0,2025-04-16T00:00:00.000000Z,
KO,NMR3,,HHZ,broadband,40.7432,27.2944,100.0,2025-04-16T00:00:00.000000Z,
KO,NMR2,,HHE,broadband,40.7172,27.3123,100.0,2025-04-16T00:00:00.000000Z,
KO,NMR2,,HHN,broadband,40.7172,27.3123,100.0,2025-04-16T00:00:00.000000Z,
KO,NMR2,,HHZ,broadband,40.7172,27.3123,100.0,2025-04-16T00:00:00.000000Z,
KO,NMR7,,HHE,broadband,40.728,27.2353,100.0,2025-04-16T00:00:00.000000Z,
KO,NMR7,,HHN,broadband,40.728,27.2353,100.0,2025-04-16T00:00:00.000000Z,
KO,NMR7,,HHZ,broadband,40.728,27.2353,100.0,2025-04-16T00:00:00.000000Z,
KO,NMR5,,HHE,broadband,40.7954,27.366,100.0,2025-04-16T00:00:00.000000Z,
KO,NMR5,,HHN,broadband,40.7954,27.366,100.0,2025-04-16T00:00:00.000000Z,
KO,NMR5,,HHZ,broadband,40.7954,27.366,100.0,2025-04-16T00:00:00.000000Z,
KO,NMR4,,HHE,broadband,40.788,27.3006,100.0,2025-04-16T00:00:00.000000Z,2025-10-29T11:30:00.000000Z
KO,NMR4,,HHN,broadband,40.788,27.3006,100.0,2025-04-16T00:00:00.000000Z,2025-10-29T11:30:00.000000Z
KO,NMR4,,HHZ,broadband,40.788,27.3006,100.0,2025-04-16T00:00:00.000000Z,2025-10-29T11:30:00.000000Z
KO,NMR4,,HHE,broadband,40.788,27.3006,100.0,2025-10-29T11:30:00.000000Z,
KO,NMR4,,HHN,broadband,40.788,27.3006,100.0,2025-10-29T11:30:00.000000Z,
KO,NMR4,,HHZ,broadband,40.788,27.3006,100.0,2025-10-29T11:30:00.000000Z,
KO,NMR9,,HHE,broadband,40.6196,27.702,100.0,2025-05-27T09:00:00.000000Z,
KO,NMR9,,HHN,broadband,40.6196,27.702,100.0,2025-05-27T09:00:00.000000Z,
KO,NMR9,,HHZ,broadband,40.6196,27.702,100.0,2025-05-27T09:00:00.000000Z,
KO,NMR8,,HHE,broadband,40.612,27.5347,100.0,2025-05-27T12:00:00.000000Z,
KO,NMR8,,HHN,broadband,40.612,27.5347,100.0,2025-05-27T12:00:00.000000Z,
KO,NMR8,,HHZ,broadband,40.612,27.5347,100.0,2025-05-27T12:00:00.000000Z,
KO,DIVR,,HHE,broadband,39.3562,38.1237,100.0,2025-07-23T13:00:00.000000Z,
KO,DIVR,,HHN,broadband,39.3562,38.1237,100.0,2025-07-23T13:00:00.000000Z,
KO,DIVR,,HHZ,broadband,39.3562,38.1237,100.0,2025-07-23T13:00:00.000000Z,
KO,MLTY,,HHE,broadband,38.3223,38.4407,100.0,2025-07-22T12:00:00.000000Z,
KO,MLTY,,HHN,broadband,38.3223,38.4407,100.0,2025-07-22T12:00:00.000000Z,
KO,MLTY,,HHZ,broadband,38.3223,38.4407,100.0,2025-07-22T12:00:00.000000Z,
KO,AKDG,,HHE,broadband,38.3618,37.9703,100.0,2025-08-13T14:00:00.000000Z,
KO,AKDG,,HHN,broadband,38.3618,37.9703,100.0,2025-08-13T14:00:00.000000Z,
KO,AKDG,,HHZ,broadband,38.3618,37.9703,100.0,2025-08-13T14:00:00.000000Z,
KO,YHT1,,HNE,strong_motion,38.1219,32.6236,100.0,2026-04-26T20:00:00.000000Z,
KO,YHT1,,HNN,strong_motion,38.1219,32.6236,100.0,2026-04-26T20:00:00.000000Z,
KO,YHT1,,HNZ,strong_motion,38.1219,32.6236,100.0,2026-04-26T20:00:00.000000Z,
KO,YHT3,,HNE,strong_motion,37.2297,33.1503,100.0,2026-04-27T14:00:00.000000Z,
KO,YHT3,,HNN,strong_motion,37.2297,33.1503,100.0,2026-04-27T14:00:00.000000Z,
KO,YHT3,,HNZ,strong_motion,37.2297,33.1503,100.0,2026-04-27T14:00:00.000000Z,
KO,SLVA,,HNE,strong_motion,41.0731,28.1403,100.0,2025-12-09T00:00:00.000000Z,
KO,SLVA,,HNN,strong_motion,41.0731,28.1403,100.0,2025-12-09T00:00:00.000000Z,
KO,SLVA,,HNZ,strong_motion,41.0731,28.1403,100.0,2025-12-09T00:00:00.000000Z,
KO,YHT2,,HNE,strong_motion,37.6151,32.724,100.0,2026-04-27T09:00:00.000000Z,
KO,YHT2,,HNN,strong_motion,37.6151,32.724,100.0,2026-04-27T09:00:00.000000Z,
KO,YHT2,,HNZ,strong_motion,37.6151,32.724,100.0,2026-04-27T09:00:00.000000Z,
