file,event_id,station,network,location,channel_used,instrument_type_used,pga_g,pgv_cms,snr_db,p_pick_time,s_pick_time,p_pick_confidence,s_pick_confidence,sampling_rate_hz,duration_sec,num_gaps,gap_fraction,is_clipped,has_three_components,response_removed_ok,usable_for_engineering,usable_for_phase_picking,qc_flags
data/processed/waveforms/us10001rdw_BODT.mseed,us10001rdw,BODT,KO,,BHE,broadband,0.00044,0.0231,20.0,2015-03-27T23:35:19.220000Z,2015-03-27T23:35:38.160000Z,0.505,0.328,50.0,210.0,0,0.0,False,True,True,False,True,
data/processed/waveforms/us10001rdw_DATC.mseed,us10001rdw,DATC,KO,,HNE,strong_motion,0.00188,0.1108,,,,,,100.0,180.0,0,0.0,False,True,True,True,False,
data/processed/waveforms/us10001rdw_YKAV.mseed,us10001rdw,YKAV,KO,,HNE,strong_motion,0.00038,0.031,,,,,,100.0,210.0,0,0.0,False,True,True,True,False,
data/processed/waveforms/us10002l9m_AKDM.mseed,us10002l9m,AKDM,KO,,HHE,broadband,0.00076,0.0778,23.55,2015-06-23T22:35:29.000000Z,,0.497,,100.0,210.0,0,0.0,False,True,True,False,True,
data/processed/waveforms/us10002l9m_ERCV.mseed,us10002l9m,ERCV,KO,,HNE,strong_motion,0.00709,0.2752,,,,,,100.0,210.0,0,0.0,False,True,True,True,False,
data/processed/waveforms/us10002l9m_MLAZ.mseed,us10002l9m,MLAZ,KO,,HHE,broadband,0.00044,0.0549,,,,,,100.0,210.0,0,0.0,False,True,True,False,False,
data/processed/waveforms/us10002l9m_VANB.mseed,us10002l9m,VANB,KO,,HHE,broadband,0.00345,0.1914,33.98,2015-06-23T22:35:26.680000Z,,0.563,,100.0,210.0,0,0.0,False,True,True,False,True,
data/processed/waveforms/us10002lbs_BODT.mseed,us10002lbs,BODT,KO,,BHE,broadband,0.00014,0.017,20.1,2015-06-24T08:37:34.100000Z,2015-06-24T08:37:48.640000Z,0.547,0.53,50.0,209.98,0,0.0,False,True,True,False,True,
data/processed/waveforms/us10002lbs_DAT.mseed,us10002lbs,DAT,KO,,BHE,broadband,0.00064,0.02,3.95,2015-06-24T08:37:35.200000Z,2015-06-24T08:37:49.940000Z,0.224,0.208,50.0,209.98,0,0.0,False,True,True,False,True,
data/processed/waveforms/us10002w89_KRTS.mseed,us10002w89,KRTS,KO,,BHE,broadband,0.01481,0.2833,11.06,2015-07-29T22:01:04.660000Z,,0.434,,50.0,209.98,0,0.0,False,True,True,False,True,
data/processed/waveforms/us10002w89_MERS.mseed,us10002w89,MERS,KO,,BHE,broadband,0.00766,0.3113,32.64,2015-07-29T22:01:06.140000Z,,0.564,,50.0,209.98,0,0.0,False,True,True,False,True,
data/processed/waveforms/us1000339b_DEMR.mseed,us1000339b,DEMR,KO,,HNE,strong_motion,0.00015,0.0237,,,,,,100.0,210.0,0,0.0,False,True,True,True,False,
data/processed/waveforms/us1000339b_KEMT.mseed,us1000339b,KEMT,KO,,HNE,strong_motion,0.00103,0.0587,,,,,,100.0,180.0,0,0.0,False,True,True,True,False,
data/processed/waveforms/us10003ksq_DEMR.mseed,us10003ksq,DEMR,KO,,HNE,strong_motion,0.01447,0.9515,7.43,2015-10-06T21:27:39.690000Z,,0.332,,100.0,180.0,0,0.0,False,True,True,True,True,
data/processed/waveforms/us10003ksq_ELL.mseed,us10003ksq,ELL,KO,,BHE,broadband,0.00101,0.1619,21.35,2015-10-06T21:27:46.060000Z,,0.458,,50.0,180.0,0,0.0,False,True,True,False,True,
data/processed/waveforms/us10003ksq_FETY.mseed,us10003ksq,FETY,KO,,BHE,broadband,0.00323,0.2179,30.88,2015-10-06T21:27:49.420000Z,2015-10-06T21:28:02.040000Z,0.559,0.423,50.0,210.0,0,0.0,False,True,True,False,True,
data/processed/waveforms/us10003ksq_KEMT.mseed,us10003ksq,KEMT,KO,,HNE,strong_motion,0.01119,0.8348,,,,,,100.0,210.0,0,0.0,False,True,True,True,False,
data/processed/waveforms/us10003mgj_HKOY.mseed,us10003mgj,HKOY,KO,,HNE,strong_motion,0.00679,0.2849,,,,,,100.0,210.0,0,0.0,False,True,True,True,False,
data/processed/waveforms/us10003mgj_KUPE.mseed,us10003mgj,KUPE,KO,,HNE,strong_motion,0.00557,0.3414,,,,,,100.0,180.0,0,0.0,False,True,True,True,False,
data/processed/waveforms/us10003mgj_RSDY.mseed,us10003mgj,RSDY,KO,,BHE,broadband,0.00264,0.1917,34.45,2015-10-09T14:39:27.220000Z,,0.563,,50.0,210.0,0,0.0,False,True,True,False,True,
data/processed/waveforms/us10003mgj_TOKT.mseed,us10003mgj,TOKT,KO,,HHE,broadband,0.00357,0.2142,12.95,2015-10-09T14:39:24.420000Z,,0.468,,100.0,180.0,0,0.0,False,True,True,False,True,
data/processed/waveforms/us100041yx_ARPRA.mseed,us100041yx,ARPRA,KO,,HNE,strong_motion,0.00529,0.3135,,,,,,100.0,210.0,0,0.0,False,True,True,True,False,
data/processed/waveforms/us100041yx_DARE.mseed,us100041yx,DARE,KO,,BHE,broadband,0.00365,0.1375,28.14,2015-11-29T00:28:16.640000Z,,0.554,,50.0,209.98,0,0.0,False,True,True,False,True,
data/processed/waveforms/us100041yx_ILIC.mseed,us100041yx,ILIC,KO,,BHE,broadband,0.00554,0.0801,19.47,2015-11-29T00:28:24.760000Z,,0.469,,50.0,209.98,0,0.0,False,True,True,False,True,
data/processed/waveforms/us100041yx_MALT.mseed,us100041yx,MALT,KO,,HHE,broadband,0.00271,0.1463,16.05,2015-11-29T00:28:22.400000Z,,0.489,,100.0,210.0,0,0.0,False,True,True,False,True,
data/processed/waveforms/us100042v4_BNGB.mseed,us100042v4,BNGB,KO,,BHE,broadband,0.00494,0.2815,35.19,2015-12-02T23:27:16.260000Z,2015-12-02T23:29:27.100000Z,0.539,0.019,50.0,179.98,0,0.0,False,True,True,False,True,
data/processed/waveforms/us100042v4_ERZN.mseed,us100042v4,ERZN,KO,,BHE,broadband,0.01001,0.2935,31.35,2015-12-02T23:27:17.380000Z,,0.56,,50.0,209.98,0,0.0,False,True,True,False,True,
data/processed/waveforms/us100042v4_KARO.mseed,us100042v4,KARO,KO,,HHE,broadband,0.00551,0.4485,25.56,2015-12-02T23:27:20.110000Z,2015-12-02T23:27:24.280000Z,0.549,0.501,100.0,125.89,0,0.0,False,True,True,False,True,
data/processed/waveforms/us100042v4_YEDI.mseed,us100042v4,YEDI,KO,,BHE,broadband,0.0309,0.8674,35.59,2015-12-02T23:27:13.720000Z,,0.564,,50.0,179.98,0,0.0,False,True,True,False,True,
data/processed/waveforms/us100044xr_BNGB.mseed,us100044xr,BNGB,KO,,BHE,broadband,0.00086,0.0479,15.37,2015-12-07T23:27:26.900000Z,,0.369,,50.0,209.98,0,0.0,False,True,True,False,True,
data/processed/waveforms/us100044xr_ERZN.mseed,us100044xr,ERZN,KO,,BHE,broadband,0.00053,0.0232,7.33,2015-12-07T23:27:28.440000Z,,0.094,,50.0,209.98,0,0.0,False,True,True,False,True,
data/processed/waveforms/us100044xr_KARO.mseed,us100044xr,KARO,KO,,HHE,broadband,0.00093,0.0571,8.57,2015-12-07T23:27:30.370000Z,2015-12-07T23:27:41.820000Z,0.34,0.14,100.0,210.0,0,0.0,False,True,True,False,True,
data/processed/waveforms/us100044xr_YEDI.mseed,us100044xr,YEDI,KO,,BHE,broadband,0.00391,0.1958,14.38,2015-12-07T23:27:23.760000Z,,0.492,,50.0,209.98,0,0.0,False,True,True,False,True,
data/processed/waveforms/us100049m3_DAT.mseed,us100049m3,DAT,KO,,BHE,broadband,0.00199,0.1229,14.7,2015-12-26T11:01:14.400000Z,2015-12-26T11:01:30.900000Z,0.457,0.238,50.0,180.0,0,0.0,False,True,True,False,True,
data/processed/waveforms/us10004dbv_CORM.mseed,us10004dbv,CORM,KO,,BHE,broadband,0.00388,0.1582,38.17,2016-01-10T17:41:01.260000Z,,0.564,,50.0,210.0,0,0.0,False,True,True,False,True,
data/processed/waveforms/us10004dbv_KOZK.mseed,us10004dbv,KOZK,KO,,HNE,strong_motion,0.00627,0.258,22.13,2016-01-10T17:40:59.460000Z,,0.544,,100.0,180.0,0,0.0,False,True,True,True,True,
data/processed/waveforms/us10004fnv_BODT.mseed,us10004fnv,BODT,KO,,BHE,broadband,0.00015,0.0086,18.37,2016-01-19T19:05:03.900000Z,2016-01-19T19:05:18.900000Z,0.542,0.508,50.0,209.98,0,0.0,False,True,True,False,True,
data/processed/waveforms/us10004fnv_DAT.mseed,us10004fnv,DAT,KO,,BHE,broadband,0.00016,0.0086,,,,,,50.0,210.0,0,0.0,False,True,True,False,False,
data/processed/waveforms/us10004fnv_YKAV.mseed,us10004fnv,YKAV,KO,,HNE,strong_motion,6e-05,0.0112,,,,,,100.0,210.0,0,0.0,False,True,True,True,False,
data/processed/waveforms/us100062vt_BCA.mseed,us100062vt,BCA,KO,,BHE,broadband,0.0001,0.0022,,,,,,50.0,155.92,2,0.0005,False,True,True,False,False,has_gaps
data/processed/waveforms/us100062vt_KARS.mseed,us100062vt,KARS,KO,,HHE,broadband,0.00043,0.0304,12.75,2016-07-12T10:14:22.480000Z,,0.33,,100.0,210.0,0,0.0,False,True,True,False,True,
data/processed/waveforms/us100062vt_SENK.mseed,us100062vt,SENK,KO,,BHE,broadband,0.00019,0.0177,0.2,2016-07-12T10:14:57.880000Z,,0.051,,50.0,209.98,0,0.0,False,True,True,False,True,
data/processed/waveforms/us100062vt_TASB.mseed,us100062vt,TASB,KO,,HHE,broadband,0.00044,0.0649,2.97,2016-07-12T10:14:51.350000Z,,0.107,,100.0,210.0,0,0.0,False,True,True,False,True,
data/processed/waveforms/us10006ndm_BODT.mseed,us10006ndm,BODT,KO,,BHE,broadband,5e-05,0.005,16.94,2016-09-09T17:24:51.920000Z,2016-09-09T17:25:14.800000Z,0.543,0.44,50.0,210.0,0,0.0,False,True,True,False,True,
data/processed/waveforms/us10006nzz_AKS.mseed,us10006nzz,AKS,KO,,HNE,strong_motion,0.05355,1.266,4.41,2016-09-12T08:26:07.310000Z,2016-09-12T08:26:08.930000Z,0.135,0.145,100.0,210.0,0,0.0,False,True,True,True,True,
data/processed/waveforms/us10006nzz_DKL.mseed,us10006nzz,DKL,KO,,BHE,broadband,0.00085,0.069,10.65,2016-09-12T08:26:18.440000Z,2016-09-12T08:27:13.700000Z,0.375,0.009,50.0,209.98,0,0.0,False,True,True,False,True,
data/processed/waveforms/us10006nzz_GOMA.mseed,us10006nzz,GOMA,KO,,HNE,strong_motion,0.00492,0.2445,,,,,,100.0,210.0,0,0.0,False,True,True,True,False,
data/processed/waveforms/us10007vdu_DAT.mseed,us10007vdu,DAT,KO,,BHE,broadband,0.00103,0.0686,7.86,2017-01-25T18:51:40.660000Z,,0.331,,50.0,179.98,0,0.0,False,True,True,False,True,
data/processed/waveforms/us10007vud_DALY.mseed,us10007vud,DALY,KO,,BHE,broadband,0.00169,0.136,17.97,2017-01-27T20:51:43.780000Z,2017-01-27T20:51:57.060000Z,0.505,0.507,50.0,210.0,0,0.0,False,True,True,False,True,
data/processed/waveforms/us10007vud_FETY.mseed,us10007vud,FETY,KO,,HHE,broadband,0.00094,0.0684,21.38,2017-01-27T20:51:41.150000Z,2017-01-27T20:51:55.530000Z,0.545,0.186,100.0,210.0,0,0.0,False,True,True,False,True,
data/processed/waveforms/us100085uc_EZN.mseed,us100085uc,EZN,KO,,HHE,broadband,0.00512,0.1078,26.56,2017-02-28T23:27:42.190000Z,2017-02-28T23:30:53.500000Z,0.561,0.119,100.0,210.0,0,0.0,False,True,True,False,True,
data/processed/waveforms/us100085uc_GADA.mseed,us100085uc,GADA,KO,,BHE,broadband,0.00054,0.0201,9.18,2017-02-28T23:27:48.180000Z,,0.178,,50.0,209.98,0,0.0,False,True,True,False,True,
data/processed/waveforms/us100085uc_GPNR.mseed,us100085uc,GPNR,KO,,HNE,strong_motion,0.12208,6.2326,,,,,,100.0,152.22,0,0.0,False,True,True,True,False,
data/processed/waveforms/us100086gw_URFA.mseed,us100086gw,URFA,KO,,BHE,broadband,0.02698,1.8899,13.35,2017-03-02T11:07:34.600000Z,,0.383,,50.0,180.0,0,0.0,False,True,True,False,True,
data/processed/waveforms/us10008d42_BASM.mseed,us10008d42,BASM,KO,,HNE,strong_motion,0.00015,0.0161,0.78,2017-03-29T18:11:19.090000Z,,0.013,,100.0,210.0,0,0.0,False,True,True,True,True,
data/processed/waveforms/us10008d42_BCK.mseed,us10008d42,BCK,KO,,BHE,broadband,9e-05,0.0082,1.97,2017-03-29T18:11:19.100000Z,,0.068,,50.0,210.0,0,0.0,False,True,True,False,True,
data/processed/waveforms/us10008d42_SHUT.mseed,us10008d42,SHUT,KO,,BHE,broadband,0.00022,0.0176,9.96,2017-03-29T18:10:55.720000Z,2017-03-29T18:10:57.280000Z,0.172,0.394,50.0,210.0,0,0.0,False,True,True,False,True,
data/processed/waveforms/us10008hbd_CAME.mseed,us10008hbd,CAME,KO,,HNE,strong_motion,0.00081,0.115,4.14,2017-04-13T16:22:29.000000Z,,0.193,,100.0,210.0,0,0.0,False,True,True,True,True,
data/processed/waveforms/us10008hbd_DALY.mseed,us10008hbd,DALY,KO,,BHE,broadband,0.00115,0.1558,35.1,2017-04-13T16:22:21.780000Z,,0.554,,50.0,179.98,0,0.0,False,True,True,False,True,
data/processed/waveforms/us10008hbd_YER.mseed,us10008hbd,YER,KO,,BHE,broadband,0.00162,0.2037,15.56,2017-04-13T16:22:22.620000Z,,0.414,,50.0,180.0,0,0.0,False,True,True,False,True,
data/processed/waveforms/us10008ji3_GEDZ.mseed,us10008ji3,GEDZ,KO,,HHE,broadband,0.01874,0.4184,29.45,2017-04-21T13:09:28.720000Z,2017-04-21T13:12:35.020000Z,0.552,0.024,100.0,210.0,0,0.0,False,True,True,False,True,
data/processed/waveforms/us10008ji3_SMAA.mseed,us10008ji3,SMAA,KO,,HNE,strong_motion,0.0101,0.7902,5.31,2017-04-21T13:09:28.900000Z,,0.042,,100.0,210.0,0,0.0,False,True,True,True,True,
data/processed/waveforms/us10008jiy_AKS.mseed,us10008jiy,AKS,KO,,HNE,strong_motion,0.01145,0.6661,,,,,,100.0,210.0,0,0.0,False,True,True,True,False,
data/processed/waveforms/us10008jiy_BLCB.mseed,us10008jiy,BLCB,KO,,BHE,broadband,0.0032,0.1473,28.52,2017-04-21T14:12:31.540000Z,,0.553,,50.0,209.98,0,0.0,False,True,True,False,True,
data/processed/waveforms/us10008jiy_DKL.mseed,us10008jiy,DKL,KO,,BHE,broadband,0.00227,0.0995,12.69,2017-04-21T14:12:36.360000Z,2017-04-21T14:13:13.280000Z,0.322,0.031,50.0,181.58,0,0.0,False,True,True,False,True,
data/processed/waveforms/us10008jiy_GOMA.mseed,us10008jiy,GOMA,KO,,HNE,strong_motion,0.00941,0.5423,,,,,,100.0,210.0,0,0.0,False,True,True,True,False,
data/processed/waveforms/us10008mku_AKDM.mseed,us10008mku,AKDM,KO,,HHE,broadband,0.02394,0.3103,39.11,2017-05-01T16:30:43.680000Z,,0.565,,100.0,210.0,0,0.0,False,True,True,False,True,
data/processed/waveforms/us10008mku_GURO.mseed,us10008mku,GURO,KO,,HHE,broadband,0.00075,0.0318,4.74,2017-05-01T16:30:56.270000Z,2017-05-01T16:31:05.960000Z,0.091,0.239,100.0,210.0,0,0.0,False,True,True,False,True,
data/processed/waveforms/us10008mku_SIRT.mseed,us10008mku,SIRT,KO,,BHE,broadband,0.00065,0.0688,7.0,2017-05-01T16:31:00.180000Z,,0.078,,50.0,210.0,0,0.0,False,True,True,False,True,
data/processed/waveforms/us10008mku_VANB.mseed,us10008mku,VANB,KO,,HHE,broadband,0.00038,0.0434,25.69,2017-05-01T16:30:49.800000Z,,0.51,,100.0,210.0,0,0.0,False,True,True,False,True,
data/processed/waveforms/us10008riw_BAYT.mseed,us10008riw,BAYT,KO,,BHE,broadband,0.00183,0.3446,,,,,,50.0,59.98,7,1.4008,False,False,True,False,False,"has_gaps,eksik_bileşen"
data/processed/waveforms/us10008riw_KARO.mseed,us10008riw,KARO,KO,,HHE,broadband,0.00224,0.1386,9.25,2017-05-11T17:58:16.830000Z,,0.292,,100.0,210.0,0,0.0,False,True,True,False,True,
data/processed/waveforms/us10008riw_KOPR.mseed,us10008riw,KOPR,KO,,HHE,broadband,0.00035,0.0483,1.99,2017-05-11T17:58:26.770000Z,2017-05-11T17:58:30.630000Z,0.029,0.162,100.0,210.0,0,0.0,False,True,True,False,True,
data/processed/waveforms/us10008riw_YEDI.mseed,us10008riw,YEDI,KO,,BHE,broadband,0.00144,0.125,,,,,,50.0,180.0,0,0.0,True,True,True,False,False,clipping_şüphesi
data/processed/waveforms/us10008vt5_AKS.mseed,us10008vt5,AKS,KO,,HNE,strong_motion,0.02987,2.1812,,,,,,100.0,180.0,0,0.0,False,True,True,True,False,
data/processed/waveforms/us10008vt5_GOMA.mseed,us10008vt5,GOMA,KO,,HNE,strong_motion,0.04822,2.5534,,,,,,100.0,180.0,0,0.0,False,True,True,True,False,
data/processed/waveforms/us10008vt5_KULA.mseed,us10008vt5,KULA,KO,,BHE,broadband,0.00288,0.1384,22.53,2017-05-27T15:53:38.340000Z,2017-05-27T15:56:18.980000Z,0.484,0.024,50.0,161.26,0,0.0,False,True,True,False,True,
data/processed/waveforms/us10008vup_GOMA.mseed,us10008vup,GOMA,KO,,HNE,strong_motion,0.01826,1.0423,,,,,,100.0,210.0,0,0.0,False,True,True,True,False,
data/processed/waveforms/us10008vup_KULA.mseed,us10008vup,KULA,KO,,BHE,broadband,0.00042,0.0359,9.63,2017-05-28T02:50:42.120000Z,2017-05-28T02:53:10.800000Z,0.366,0.27,50.0,210.0,0,0.0,False,True,True,False,True,
data/processed/waveforms/us10008vur_GOMA.mseed,us10008vur,GOMA,KO,,HNE,strong_motion,0.01826,1.0423,,,,,,100.0,210.0,0,0.0,False,True,True,True,False,
data/processed/waveforms/us10008vur_KULA.mseed,us10008vur,KULA,KO,,BHE,broadband,0.00042,0.0359,10.48,2017-05-28T02:53:10.820000Z,,0.294,,50.0,210.0,0,0.0,False,True,True,False,True,
data/processed/waveforms/us10008vw5_AKS.mseed,us10008vw5,AKS,KO,,HNE,strong_motion,0.00868,0.6174,,,,,,100.0,210.0,0,0.0,False,True,True,True,False,
data/processed/waveforms/us10008vw5_GOMA.mseed,us10008vw5,GOMA,KO,,HNE,strong_motion,0.02292,1.0909,,,,,,100.0,210.0,0,0.0,False,True,True,True,False,
data/processed/waveforms/us10008vw5_KULA.mseed,us10008vw5,KULA,KO,,BHE,broadband,0.00062,0.0488,13.71,2017-05-28T11:05:14.620000Z,2017-05-28T11:05:23.920000Z,0.335,0.138,50.0,210.0,1,0.0476,False,True,True,False,False,has_gaps
data/processed/waveforms/us100096da_DAT.mseed,us100096da,DAT,KO,,BHE,broadband,3e-05,0.0025,,,,,,50.0,210.0,0,0.0,False,True,True,False,False,
data/processed/waveforms/us1000aw8c_BODT.mseed,us1000aw8c,BODT,KO,,BHE,broadband,0.01914,0.361,33.82,2017-10-24T09:36:27.900000Z,,0.561,,50.0,210.0,0,0.0,False,True,True,False,True,
data/processed/waveforms/us1000aw8c_DAT.mseed,us1000aw8c,DAT,KO,,BHE,broadband,0.00399,0.1336,15.32,2017-10-24T09:36:30.120000Z,,0.452,,50.0,210.0,0,0.0,False,True,True,False,True,
data/processed/waveforms/us1000bvut_CAND.mseed,us1000bvut,CAND,KO,,HNE,strong_motion,0.00587,0.2627,,,,,,100.0,210.0,0,0.0,False,True,True,True,False,
data/processed/waveforms/us1000bvut_FOCM.mseed,us1000bvut,FOCM,KO,,HNE,strong_motion,0.02003,0.7027,,,,,,100.0,210.0,0,0.0,False,True,True,True,False,
data/processed/waveforms/us1000dr1j_KHMN.mseed,us1000dr1j,KHMN,KO,,HNE,strong_motion,0.00227,0.1568,,,,,,100.0,210.0,0,0.0,False,True,True,True,False,
data/processed/waveforms/us1000dr1j_URFA.mseed,us1000dr1j,URFA,KO,,BHE,broadband,0.01732,2.0886,9.38,2018-04-24T00:34:36.180000Z,2018-04-24T00:34:39.920000Z,0.259,0.348,50.0,180.0,0,0.0,False,True,True,False,True,
data/processed/waveforms/us1000dw8h_DALY.mseed,us1000dw8h,DALY,KO,,BHE,broadband,0.00027,0.0118,10.2,2018-05-02T21:16:27.280000Z,,0.448,,50.0,210.0,0,0.0,False,True,True,False,True,
data/processed/waveforms/us1000dw8h_FETY.mseed,us1000dw8h,FETY,KO,,HHE,broadband,0.00058,0.0218,10.41,2018-05-02T21:16:26.260000Z,,0.433,,100.0,210.0,0,0.0,False,True,True,False,True,
data/processed/waveforms/us1000ezck_AKDM.mseed,us1000ezck,AKDM,KO,,HHE,broadband,0.00018,0.015,6.25,2018-06-23T03:50:25.210000Z,2018-06-23T03:50:41.110000Z,0.043,0.135,100.0,210.0,0,0.0,False,True,True,False,True,
data/processed/waveforms/us1000ezck_ERCV.mseed,us1000ezck,ERCV,KO,,HNE,strong_motion,0.00141,0.1021,,,,,,100.0,210.0,0,0.0,False,True,True,True,False,
data/processed/waveforms/us1000ezck_VANB.mseed,us1000ezck,VANB,KO,,HHE,broadband,0.00025,0.0424,12.78,2018-06-23T03:50:17.470000Z,,0.396,,100.0,210.0,0,0.0,False,True,True,False,True,
data/processed/waveforms/us1000gdb1_CEYT.mseed,us1000gdb1,CEYT,KO,,BHE,broadband,0.00049,0.0379,,,,,,50.0,210.0,0,0.0,False,True,True,False,False,
data/processed/waveforms/us1000gdb1_KHMN.mseed,us1000gdb1,KHMN,KO,,HNE,strong_motion,0.00537,0.1583,,,,,,100.0,210.0,0,0.0,False,True,True,True,False,
data/processed/waveforms/us1000gdb1_KMRS.mseed,us1000gdb1,KMRS,KO,,BHE,broadband,0.00225,0.1262,,,,,,50.0,156.24,0,0.0,False,True,True,False,False,
data/processed/waveforms/us1000gdb1_KOZT.mseed,us1000gdb1,KOZT,KO,,BHE,broadband,0.00077,0.0716,21.57,2018-08-19T15:22:23.340000Z,,0.542,,50.0,180.0,0,0.0,False,True,True,False,True,
data/processed/waveforms/us1000h4mx_BODT.mseed,us1000h4mx,BODT,KO,,BHE,broadband,3e-05,0.0016,,,,,,50.0,210.0,0,0.0,False,True,True,False,False,
data/processed/waveforms/us1000h4mx_DAT.mseed,us1000h4mx,DAT,KO,,BHE,broadband,0.00013,0.0052,,,,,,50.0,210.0,0,0.0,False,True,True,False,False,
data/processed/waveforms/us1000h5mr_DARE.mseed,us1000h5mr,DARE,KO,,BHE,broadband,0.00017,0.0222,6.23,2018-10-02T15:29:20.300000Z,,0.257,,50.0,210.0,0,0.0,False,True,True,False,True,
data/processed/waveforms/us1000h5mr_GAZ.mseed,us1000h5mr,GAZ,KO,,BHE,broadband,0.00078,0.0356,10.42,2018-10-02T15:29:14.980000Z,2018-10-02T15:29:16.500000Z,0.342,0.128,50.0,210.0,0,0.0,False,True,True,False,True,
data/processed/waveforms/us1000h5mr_KHMN.mseed,us1000h5mr,KHMN,KO,,HNE,strong_motion,0.00202,0.1028,,,,,,100.0,210.0,0,0.0,False,True,True,True,False,
data/processed/waveforms/us1000h5mr_KMRS.mseed,us1000h5mr,KMRS,KO,,BHE,broadband,0.00123,0.0699,16.13,2018-10-02T15:29:13.500000Z,,0.429,,50.0,210.0,0,0.0,False,True,True,False,True,
data/processed/waveforms/us1000h7gc_ALAN.mseed,us1000h7gc,ALAN,KO,,HNE,strong_motion,0.00132,0.0354,,,,,,100.0,210.0,0,0.0,False,True,True,True,False,
data/processed/waveforms/us1000h7gc_BOZY.mseed,us1000h7gc,BOZY,KO,,HNE,strong_motion,0.00101,0.0294,,,,,,100.0,210.0,0,0.0,False,True,True,True,False,
data/processed/waveforms/us1000h7gc_MNVG.mseed,us1000h7gc,MNVG,KO,,HNE,strong_motion,0.00038,0.0605,,,,,,100.0,210.0,0,0.0,False,True,True,True,False,
data/processed/waveforms/us1000hwa8_FETI.mseed,us1000hwa8,FETI,KO,,HNE,strong_motion,7e-05,0.0239,,,,,,100.0,210.0,0,0.0,True,True,True,False,False,clipping_şüphesi
data/processed/waveforms/us1000hwa8_FETY.mseed,us1000hwa8,FETY,KO,,HHE,broadband,6e-05,0.0068,1.27,2018-11-25T02:40:52.120000Z,,0.011,,100.0,210.0,0,0.0,False,True,True,False,True,
data/processed/waveforms/us1000hwa8_MRSB.mseed,us1000hwa8,MRSB,KO,,HNE,strong_motion,0.00019,0.0159,,,,,,100.0,210.0,0,0.0,False,True,True,True,False,
data/processed/waveforms/us1000hx8s_BODT.mseed,us1000hx8s,BODT,KO,,BHE,broadband,0.00027,0.012,,,,,,50.0,210.0,0,0.0,False,True,True,False,False,
data/processed/waveforms/us1000hx8s_DAT.mseed,us1000hx8s,DAT,KO,,BHE,broadband,7e-05,0.0075,,,,,,50.0,210.0,0,0.0,False,True,True,False,False,
data/processed/waveforms/us1000hx8s_DIDI.mseed,us1000hx8s,DIDI,KO,,HNE,strong_motion,0.00177,0.0237,,,,,,100.0,210.0,0,0.0,False,True,True,True,False,
data/processed/waveforms/us1000hx8s_YKAV.mseed,us1000hx8s,YKAV,KO,,HNE,strong_motion,0.00026,0.109,,,,,,100.0,149.99,4,0.1333,False,True,True,False,False,has_gaps
data/processed/waveforms/us1000jbx8_ALAN.mseed,us1000jbx8,ALAN,KO,,HNE,strong_motion,0.00103,0.1198,,,,,,100.0,210.0,0,0.0,False,True,True,True,False,
data/processed/waveforms/us1000jbx8_DEMR.mseed,us1000jbx8,DEMR,KO,,HNE,strong_motion,4e-05,0.0529,,,,,,100.0,210.0,0,0.0,False,True,True,True,False,
data/processed/waveforms/us1000jbx8_KEMT.mseed,us1000jbx8,KEMT,KO,,HNE,strong_motion,0.00323,1.2898,,,,,,100.0,210.0,0,0.0,False,True,True,True,False,
data/processed/waveforms/us1000jbx8_MNVG.mseed,us1000jbx8,MNVG,KO,,HNE,strong_motion,0.00027,0.0128,,,,,,100.0,210.0,0,0.0,False,True,True,True,False,
data/processed/waveforms/us1000jj23_APMY.mseed,us1000jj23,APMY,KO,,HHE,broadband,0.06377,0.7145,48.84,2019-03-20T06:34:30.640000Z,,0.565,,100.0,179.99,0,0.0,False,True,True,False,True,
data/processed/waveforms/us1000jj23_BASM.mseed,us1000jj23,BASM,KO,,HNE,strong_motion,0.00519,0.624,17.18,2019-03-20T06:34:40.830000Z,,0.343,,100.0,209.99,0,0.0,False,True,True,True,True,
data/processed/waveforms/us1000jj23_CAME.mseed,us1000jj23,CAME,KO,,HNE,strong_motion,0.00503,0.2596,15.63,2019-03-20T06:34:37.230000Z,,0.448,,100.0,180.0,0,0.0,False,True,True,True,True,
data/processed/waveforms/us1000jl8f_ARPRA.mseed,us1000jl8f,ARPRA,KO,,HNE,strong_motion,0.00768,0.2261,36.91,2019-03-25T11:29:31.410000Z,2019-03-25T11:31:29.470000Z,0.562,0.078,100.0,210.0,0,0.0,False,True,True,True,True,
data/processed/waveforms/us1000jl8f_DARE.mseed,us1000jl8f,DARE,KO,,BHE,broadband,0.00091,0.0445,11.92,2019-03-25T11:29:35.100000Z,,0.374,,50.0,210.0,0,0.0,False,True,True,False,True,
data/processed/waveforms/us200029kh_MRSB.mseed,us200029kh,MRSB,KO,,HNE,strong_motion,8e-05,0.0985,,,,,,100.0,210.0,0,0.0,False,True,True,True,False,
data/processed/waveforms/us20002ney_DATC.mseed,us20002ney,DATC,KO,,HNE,strong_motion,0.00044,0.063,,,,,,100.0,180.0,0,0.0,False,True,True,True,False,
data/processed/waveforms/us20002ney_MRSB.mseed,us20002ney,MRSB,KO,,HNE,strong_motion,0.00035,0.0413,,,,,,100.0,210.0,0,0.0,False,True,True,True,False,
data/processed/waveforms/us20002zr5_GADA.mseed,us20002zr5,GADA,KO,,HHE,broadband,0.00447,0.2203,27.71,2015-07-24T02:39:49.470000Z,,0.553,,100.0,182.74,0,0.0,False,True,True,False,True,
data/processed/waveforms/us20002zr5_GELI.mseed,us20002zr5,GELI,KO,,HHE,broadband,0.00614,0.2883,39.45,2015-07-24T02:39:47.830000Z,2015-07-24T02:42:17.920000Z,0.558,0.092,100.0,210.0,0,0.0,False,True,True,False,True,
data/processed/waveforms/us20002zt0_BODT.mseed,us20002zt0,BODT,KO,,BHE,broadband,0.00056,0.0504,36.95,2015-07-24T09:58:58.840000Z,2015-07-24T09:59:14.160000Z,0.565,0.518,50.0,180.0,0,0.0,False,True,True,False,True,
data/processed/waveforms/us20002zt0_DAT.mseed,us20002zt0,DAT,KO,,BHE,broadband,0.00104,0.0521,15.45,2015-07-24T09:58:59.320000Z,2015-07-24T09:59:15.140000Z,0.532,0.347,50.0,210.0,0,0.0,False,True,True,False,True,
data/processed/waveforms/us20002zt0_YKAV.mseed,us20002zt0,YKAV,KO,,HNE,strong_motion,0.00025,0.0332,,,,,,100.0,180.0,0,0.0,False,True,True,True,False,
data/processed/waveforms/us20003h1b_BNGB.mseed,us20003h1b,BNGB,KO,,BHE,broadband,0.00249,0.0887,22.45,2015-09-07T00:37:44.140000Z,,0.553,,50.0,210.0,0,0.0,False,True,True,False,True,
data/processed/waveforms/us20003h1b_ERZN.mseed,us20003h1b,ERZN,KO,,BHE,broadband,0.00116,0.042,10.43,2015-09-07T00:37:48.080000Z,,0.337,,50.0,210.0,0,0.0,False,True,True,False,True,
data/processed/waveforms/us20003h1b_KARO.mseed,us20003h1b,KARO,KO,,HHE,broadband,0.00086,0.0536,5.87,2015-09-07T00:37:51.190000Z,,0.225,,100.0,99.9,0,0.0,False,True,True,False,True,
data/processed/waveforms/us20003h1b_YEDI.mseed,us20003h1b,YEDI,KO,,BHE,broadband,0.00307,0.0772,14.25,2015-09-07T00:37:43.780000Z,,0.465,,50.0,210.0,0,0.0,False,True,True,False,True,
data/processed/waveforms/us20003hpu_CAND.mseed,us20003hpu,CAND,KO,,HNE,strong_motion,0.00929,0.4101,,,,,,100.0,210.0,0,0.0,False,True,True,True,False,
data/processed/waveforms/us20003hpu_FOCM.mseed,us20003hpu,FOCM,KO,,HNE,strong_motion,0.00405,0.132,,,,,,100.0,210.0,0,0.0,False,True,True,True,False,
data/processed/waveforms/us20003hpu_KRBN.mseed,us20003hpu,KRBN,KO,,HNE,strong_motion,0.00937,0.3619,16.56,2015-09-10T08:12:53.510000Z,,0.392,,100.0,210.0,0,0.0,False,True,True,True,True,
data/processed/waveforms/us20003j43_CAME.mseed,us20003j43,CAME,KO,,HNE,strong_motion,0.00117,0.0633,,,,,,100.0,210.0,0,0.0,False,True,True,True,False,
data/processed/waveforms/us20003j43_DALY.mseed,us20003j43,DALY,KO,,BHE,broadband,0.00199,0.1128,22.27,2015-09-13T02:57:34.860000Z,,0.524,,50.0,210.0,0,0.0,False,True,True,False,True,
data/processed/waveforms/us20003j43_FETY.mseed,us20003j43,FETY,KO,,BHE,broadband,0.00067,0.0415,16.6,2015-09-13T02:57:37.320000Z,,0.526,,50.0,210.0,0,0.0,False,True,True,False,True,
data/processed/waveforms/us20003k4g_DAT.mseed,us20003k4g,DAT,KO,,BHE,broadband,0.0005,0.0518,13.55,2015-09-16T19:52:57.940000Z,,0.385,,50.0,210.0,0,0.0,False,True,True,False,True,
data/processed/waveforms/us20003k4g_MRSB.mseed,us20003k4g,MRSB,KO,,HNE,strong_motion,0.00092,0.0805,,,,,,100.0,210.0,0,0.0,False,True,True,True,False,
data/processed/waveforms/us200040e1_AGRB.mseed,us200040e1,AGRB,KO,,HHE,broadband,0.00042,0.027,13.46,2015-10-29T09:46:55.270000Z,,0.351,,100.0,210.0,0,0.0,False,True,True,False,True,
data/processed/waveforms/us200040e1_CLDR.mseed,us200040e1,CLDR,KO,,BHE,broadband,0.02094,0.3466,49.98,2015-10-29T09:46:43.100000Z,,0.565,,50.0,209.98,0,0.0,False,True,True,False,True,
data/processed/waveforms/us200040e1_ERCV.mseed,us200040e1,ERCV,KO,,HNE,strong_motion,0.00832,0.5793,,,,,,100.0,210.0,0,0.0,False,True,True,True,False,
data/processed/waveforms/us200040e1_VANB.mseed,us200040e1,VANB,KO,,HHE,broadband,0.00068,0.0696,11.13,2015-10-29T09:46:53.800000Z,,0.222,,100.0,210.0,0,0.0,False,True,True,False,True,
data/processed/waveforms/us20005bpy_AKDN.mseed,us20005bpy,AKDN,KO,,HNE,strong_motion,0.00068,0.0403,,,,,,100.0,210.0,0,0.0,False,True,True,True,False,
data/processed/waveforms/us20005dx2_BODT.mseed,us20005dx2,BODT,KO,,BHE,broadband,4e-05,0.0022,6.38,2016-04-01T14:31:21.980000Z,2016-04-01T14:31:46.600000Z,0.22,0.06,50.0,210.0,0,0.0,False,True,True,False,True,
data/processed/waveforms/us20005dx2_DAT.mseed,us20005dx2,DAT,KO,,BHE,broadband,0.00013,0.0043,,,,,,50.0,210.0,0,0.0,False,True,True,False,False,
data/processed/waveforms/us20005dx2_YKAV.mseed,us20005dx2,YKAV,KO,,HNE,strong_motion,4e-05,0.0563,,,,,,100.0,210.0,0,0.0,False,True,True,True,False,
data/processed/waveforms/us20007ebw_KDZE.mseed,us20007ebw,KDZE,KO,,BHE,broadband,0.0026,0.0649,19.4,2016-10-15T08:18:53.140000Z,2016-10-15T08:19:06.400000Z,0.53,0.318,50.0,179.98,0,0.0,False,True,True,False,True,
data/processed/waveforms/us20007ebw_SAUV.mseed,us20007ebw,SAUV,KO,,HHE,broadband,0.00145,0.0481,13.35,2016-10-15T08:19:00.180000Z,2016-10-15T08:19:19.070000Z,0.404,0.163,100.0,210.0,0,0.0,False,True,True,False,True,
data/processed/waveforms/us20007ebw_SILT.mseed,us20007ebw,SILT,KO,,HHE,broadband,0.00059,0.0174,6.39,2016-10-15T08:18:58.730000Z,2016-10-15T08:19:33.980000Z,0.036,0.004,100.0,106.87,0,0.0,False,True,True,False,True,
data/processed/waveforms/us20007fbb_ELL.mseed,us20007fbb,ELL,KO,,BHE,broadband,0.00021,0.0141,3.42,2016-10-19T12:19:04.980000Z,,0.075,,50.0,210.0,0,0.0,False,True,True,False,True,
data/processed/waveforms/us200082q4_BODT.mseed,us200082q4,BODT,KO,,BHE,broadband,0.00077,0.1366,27.9,2016-12-20T06:04:02.800000Z,2016-12-20T06:04:16.800000Z,0.562,0.554,50.0,180.0,0,0.0,False,True,True,False,True,
data/processed/waveforms/us200082q4_DAT.mseed,us200082q4,DAT,KO,,BHE,broadband,0.0007,0.1044,15.76,2016-12-20T06:04:03.700000Z,2016-12-20T06:04:17.900000Z,0.527,0.51,50.0,180.0,0,0.0,False,True,True,False,True,
data/processed/waveforms/us20008hv1_EZN.mseed,us20008hv1,EZN,KO,,HHE,broadband,0.01043,0.3101,42.36,2017-02-06T03:51:47.170000Z,2017-02-06T03:53:34.360000Z,0.565,0.035,100.0,157.64,0,0.0,False,True,True,False,True,
data/processed/waveforms/us20008hv1_GADA.mseed,us20008hv1,GADA,KO,,BHE,broadband,0.0011,0.1056,22.33,2017-02-06T03:51:53.860000Z,,0.445,,50.0,210.0,0,0.0,False,True,True,False,True,
data/processed/waveforms/us20008hv1_GPNR.mseed,us20008hv1,GPNR,KO,,HNE,strong_motion,0.09904,7.0688,-0.37,2017-02-06T03:51:45.770000Z,,0.016,,100.0,180.0,0,0.0,False,True,True,True,True,
data/processed/waveforms/us20008hwm_EZN.mseed,us20008hwm,EZN,KO,,HHE,broadband,0.01061,0.5719,37.69,2017-02-06T10:58:08.830000Z,2017-02-06T10:59:50.570000Z,0.565,0.177,100.0,114.99,4,0.0871,False,True,True,False,False,has_gaps
data/processed/waveforms/us20008hwm_GADA.mseed,us20008hwm,GADA,KO,,BHE,broadband,0.00135,0.1032,20.22,2017-02-06T10:58:15.240000Z,,0.502,,50.0,182.28,0,0.0,False,True,True,False,True,
data/processed/waveforms/us20008hwm_GPNR.mseed,us20008hwm,GPNR,KO,,HNE,strong_motion,0.13489,6.7202,5.03,2017-02-06T10:58:06.850000Z,,0.256,,100.0,180.0,0,0.0,False,True,True,True,True,
data/processed/waveforms/us20008hwu_EZN.mseed,us20008hwu,EZN,KO,,HHE,broadband,0.0047,0.0938,23.18,2017-02-06T11:45:08.570000Z,,0.558,,100.0,174.97,0,0.0,False,True,True,False,True,
data/processed/waveforms/us20008hwu_GADA.mseed,us20008hwu,GADA,KO,,BHE,broadband,0.00042,0.0158,5.54,2017-02-06T11:45:17.820000Z,,0.031,,50.0,210.02,0,0.0,False,True,True,False,True,
data/processed/waveforms/us20008hwu_GPNR.mseed,us20008hwu,GPNR,KO,,HNE,strong_motion,0.0622,2.2077,,,,,,100.0,210.0,0,0.0,False,True,True,True,False,
data/processed/waveforms/us20008i2k_EZN.mseed,us20008i2k,EZN,KO,,HHE,broadband,0.01366,0.2589,35.19,2017-02-07T02:24:10.410000Z,,0.563,,100.0,89.84,0,0.0,False,True,True,False,True,
data/processed/waveforms/us20008i2k_GADA.mseed,us20008i2k,GADA,KO,,BHE,broadband,0.00105,0.072,17.19,2017-02-07T02:24:17.260000Z,,0.421,,50.0,209.98,0,0.0,False,True,True,False,True,
data/processed/waveforms/us20008i2k_GPNR.mseed,us20008i2k,GPNR,KO,,HNE,strong_motion,0.13576,6.3824,6.1,2017-02-07T02:24:07.440000Z,,0.126,,100.0,180.0,0,0.0,False,True,True,True,True,
data/processed/waveforms/us20008ibf_EZN.mseed,us20008ibf,EZN,KO,,HHE,broadband,0.0034,0.0733,27.98,2017-02-07T21:01:01.000000Z,,0.563,,100.0,210.0,0,0.0,False,True,True,False,True,
data/processed/waveforms/us20008ibf_GADA.mseed,us20008ibf,GADA,KO,,BHE,broadband,0.00014,0.0075,2.51,2017-02-07T21:01:17.820000Z,,0.059,,50.0,210.0,0,0.0,False,True,True,False,True,
data/processed/waveforms/us20008ibf_GPNR.mseed,us20008ibf,GPNR,KO,,HNE,strong_motion,0.03053,1.0457,,,,,,100.0,210.0,0,0.0,False,True,True,True,False,
data/processed/waveforms/us20008idh_EZN.mseed,us20008idh,EZN,KO,,HHE,broadband,0.00512,0.1323,25.37,2017-02-08T01:38:10.430000Z,,0.557,,100.0,210.0,0,0.0,False,True,True,False,True,
data/processed/waveforms/us20008idh_GADA.mseed,us20008idh,GADA,KO,,BHE,broadband,0.00024,0.0184,6.1,2017-02-08T01:38:20.340000Z,,0.348,,50.0,210.0,0,0.0,False,True,True,False,True,
data/processed/waveforms/us20008idh_GPNR.mseed,us20008idh,GPNR,KO,,HNE,strong_motion,0.02868,1.6334,,,,,,100.0,210.0,0,0.0,False,True,True,True,False,
data/processed/waveforms/us20008ivd_EZN.mseed,us20008ivd,EZN,KO,,HHE,broadband,0.0083,0.1952,31.62,2017-02-10T08:55:32.690000Z,,0.564,,100.0,210.0,0,0.0,False,True,True,False,True,
data/processed/waveforms/us20008ivd_GADA.mseed,us20008ivd,GADA,KO,,BHE,broadband,0.00027,0.0122,4.93,2017-02-10T08:55:42.740000Z,2017-02-10T08:55:43.880000Z,0.159,0.025,50.0,210.0,0,0.0,False,True,True,False,True,
data/processed/waveforms/us20008ivd_GPNR.mseed,us20008ivd,GPNR,KO,,HNE,strong_motion,0.0555,2.403,,,,,,100.0,210.0,0,0.0,False,True,True,True,False,
data/processed/waveforms/us20008iwv_AGRB.mseed,us20008iwv,AGRB,KO,,HHE,broadband,0.00098,0.0646,20.69,2017-02-10T12:27:40.460000Z,2017-02-10T12:30:01.000000Z,0.53,0.007,100.0,210.0,0,0.0,False,True,True,False,True,
data/processed/waveforms/us20008iwv_KOPR.mseed,us20008iwv,KOPR,KO,,HHE,broadband,0.00015,0.0179,-2.48,2017-02-10T12:28:49.690000Z,,0.021,,100.0,84.05,0,0.0,False,True,True,False,True,
data/processed/waveforms/us20008iwv_MLAZ.mseed,us20008iwv,MLAZ,KO,,HHE,broadband,0.00055,0.0425,5.75,2017-02-10T12:27:44.770000Z,2017-02-10T12:27:55.780000Z,0.099,0.101,100.0,210.0,0,0.0,False,True,True,False,True,
data/processed/waveforms/us20008iwv_SENK.mseed,us20008iwv,SENK,KO,,BHE,broadband,0.00014,0.0115,,,,,,50.0,107.94,0,0.0,False,True,True,False,False,
data/processed/waveforms/us20008jcc_EZN.mseed,us20008jcc,EZN,KO,,HHE,broadband,0.01588,0.3014,41.19,2017-02-12T13:48:23.050000Z,2017-02-12T13:51:02.260000Z,0.565,0.265,100.0,149.99,2,0.0467,False,True,True,False,False,has_gaps
data/processed/waveforms/us20008jcc_GADA.mseed,us20008jcc,GADA,KO,,BHE,broadband,0.00089,0.0853,19.32,2017-02-12T13:48:29.700000Z,2017-02-12T13:48:38.860000Z,0.383,0.233,50.0,210.0,0,0.0,False,True,True,False,True,
data/processed/waveforms/us20008jcc_GPNR.mseed,us20008jcc,GPNR,KO,,HNE,strong_motion,0.09115,5.4657,4.35,2017-02-12T13:48:19.890000Z,,0.144,,100.0,180.0,0,0.0,False,True,True,True,True,
data/processed/waveforms/us20008k41_EZN.mseed,us20008k41,EZN,KO,,HHE,broadband,0.00652,0.1343,27.7,2017-02-16T00:19:07.850000Z,,0.562,,100.0,189.24,0,0.0,False,True,True,False,True,
data/processed/waveforms/us20008k41_GADA.mseed,us20008k41,GADA,KO,,BHE,broadband,0.00062,0.0201,9.87,2017-02-16T00:19:14.240000Z,2017-02-16T00:20:14.720000Z,0.236,0.007,50.0,210.0,0,0.0,False,True,True,False,True,
data/processed/waveforms/us20008k41_GPNR.mseed,us20008k41,GPNR,KO,,HNE,strong_motion,0.08499,3.231,-0.84,2017-02-16T00:19:05.760000Z,,0.018,,100.0,210.0,0,0.0,False,True,True,True,True,
data/processed/waveforms/us20008kiw_DKL.mseed,us20008kiw,DKL,KO,,BHE,broadband,0.00037,0.0166,-0.04,2017-02-07T05:17:38.700000Z,,0.008,,50.0,209.98,0,0.0,False,True,True,False,True,
data/processed/waveforms/us20008kiw_EZN.mseed,us20008kiw,EZN,KO,,HHE,broadband,0.0059,0.1802,27.17,2017-02-07T05:17:15.410000Z,2017-02-07T05:18:44.800000Z,0.561,0.062,100.0,152.99,0,0.0,False,True,True,False,True,
data/processed/waveforms/us20008kiw_GPNR.mseed,us20008kiw,GPNR,KO,,HNE,strong_motion,0.03997,1.6132,,,,,,100.0,210.0,0,0.0,False,True,True,True,False,
data/processed/waveforms/us20008mfu_CEYT.mseed,us20008mfu,CEYT,KO,,BHE,broadband,0.00116,0.0688,,,,,,50.0,209.98,0,0.0,False,True,True,False,False,
data/processed/waveforms/us20008mfu_KOZT.mseed,us20008mfu,KOZT,KO,,BHE,broadband,0.00025,0.0201,6.45,2017-02-25T21:06:14.980000Z,,0.093,,50.0,210.0,0,0.0,False,True,True,False,True,
data/processed/waveforms/us20008tb9_BNGB.mseed,us20008tb9,BNGB,KO,,BHE,broadband,9e-05,0.0042,5.8,2017-03-20T14:40:12.400000Z,,0.191,,50.0,210.0,0,0.0,False,True,True,False,True,
data/processed/waveforms/us20008tb9_DYBB.mseed,us20008tb9,DYBB,KO,,BHE,broadband,0.00024,0.0102,5.9,2017-03-20T14:40:00.740000Z,2017-03-20T14:40:02.440000Z,0.096,0.062,50.0,210.0,0,0.0,False,True,True,False,True,
data/processed/waveforms/us20009nb8_DKL.mseed,us20009nb8,DKL,KO,,BHE,broadband,0.00422,0.5191,19.84,2017-06-17T19:50:14.220000Z,,0.493,,50.0,209.98,0,0.0,False,True,True,False,True,
data/processed/waveforms/us20009nb8_KRBN.mseed,us20009nb8,KRBN,KO,,HNE,strong_motion,0.02808,1.6745,,,,,,100.0,210.0,0,0.0,False,True,True,True,False,
data/processed/waveforms/us20009ynd_DAT.mseed,us20009ynd,DAT,KO,,BHE,broadband,0.05311,1.2261,49.49,2017-07-20T22:31:15.940000Z,2017-07-20T22:32:16.080000Z,0.564,0.002,50.0,210.0,0,0.0,False,True,True,False,True,
data/processed/waveforms/us20009ypp_DAT.mseed,us20009ypp,DAT,KO,,BHE,broadband,0.00662,0.1734,17.97,2017-07-20T23:23:58.000000Z,2017-07-20T23:25:17.580000Z,0.444,0.065,50.0,210.0,0,0.0,False,True,True,False,True,
data/processed/waveforms/us20009ys1_DAT.mseed,us20009ys1,DAT,KO,,BHE,broadband,0.00762,0.2947,23.33,2017-07-21T01:38:53.840000Z,2017-07-21T01:40:51.320000Z,0.472,0.006,50.0,209.98,0,0.0,False,True,True,False,True,
data/processed/waveforms/us20009ysa_DAT.mseed,us20009ysa,DAT,KO,,BHE,broadband,0.01141,0.4436,25.4,2017-07-21T02:12:39.920000Z,2017-07-21T02:15:48.240000Z,0.513,0.049,50.0,210.0,0,0.0,False,True,True,False,True,
data/processed/waveforms/us20009zaf_DAT.mseed,us20009zaf,DAT,KO,,BHE,broadband,0.00875,0.2888,17.94,2017-07-21T17:09:52.960000Z,,0.508,,50.0,209.98,0,0.0,False,True,True,False,True,
data/processed/waveforms/us20009zs4_DAT.mseed,us20009zs4,DAT,,,BHE,broadband,,,17.82,2017-07-22T17:09:27.820000Z,,0.494,,50.0,209.98,0,0.0,False,True,False,False,True,tepki_çıkarımı_başarısız
data/processed/waveforms/us20009zsc_DAT.mseed,us20009zsc,DAT,,,BHE,broadband,,,0.94,2017-07-22T17:26:08.900000Z,2017-07-22T17:26:24.100000Z,0.049,0.445,50.0,209.98,0,0.0,False,True,False,False,True,tepki_çıkarımı_başarısız
data/processed/waveforms/us2000a5ft_BODT.mseed,us2000a5ft,BODT,KO,,BHE,broadband,0.01162,0.4625,21.57,2017-08-07T05:18:53.900000Z,2017-08-07T05:20:41.280000Z,0.477,0.01,50.0,210.0,0,0.0,False,True,True,False,True,
data/processed/waveforms/us2000a5ft_DAT.mseed,us2000a5ft,DAT,KO,,BHE,broadband,0.00388,0.109,13.71,2017-08-07T05:18:54.280000Z,,0.254,,50.0,210.0,0,0.0,False,True,True,False,True,
data/processed/waveforms/us2000a5vf_BODT.mseed,us2000a5vf,BODT,KO,,BHE,broadband,0.02514,0.4301,32.24,2017-08-08T07:42:27.060000Z,,0.516,,50.0,179.98,0,0.0,False,True,True,False,True,
data/processed/waveforms/us2000a5vf_DAT.mseed,us2000a5vf,DAT,KO,,BHE,broadband,0.00622,0.3325,25.18,2017-08-08T07:42:27.000000Z,2017-08-08T07:45:36.120000Z,0.463,0.001,50.0,209.98,0,0.0,False,True,True,False,True,
data/processed/waveforms/us2000a7s6_BODT.mseed,us2000a7s6,BODT,KO,,BHE,broadband,0.01998,0.4329,21.65,2017-08-13T11:16:59.820000Z,,0.41,,50.0,210.0,0,0.0,False,True,True,False,True,
data/processed/waveforms/us2000a7s6_DAT.mseed,us2000a7s6,DAT,KO,,BHE,broadband,0.00317,0.1122,14.92,2017-08-13T11:17:02.060000Z,,0.274,,50.0,209.98,0,0.0,False,True,True,False,True,
data/processed/waveforms/us2000a7s6_MLSB.mseed,us2000a7s6,MLSB,KO,,BHE,broadband,0.00196,0.0745,24.96,2017-08-13T11:16:56.580000Z,,0.406,,50.0,209.98,0,0.0,False,True,True,False,True,
data/processed/waveforms/us2000a7wg_BODT.mseed,us2000a7wg,BODT,KO,,BHE,broadband,0.01579,0.2834,19.59,2017-08-14T02:43:56.040000Z,2017-08-14T02:46:57.140000Z,0.403,0.106,50.0,210.0,0,0.0,False,True,True,False,True,
data/processed/waveforms/us2000a7wg_MLSB.mseed,us2000a7wg,MLSB,KO,,BHE,broadband,0.00479,0.2675,39.01,2017-08-14T02:43:52.800000Z,,0.551,,50.0,210.0,0,0.0,False,True,True,False,True,
data/processed/waveforms/us2000aay1_AKDM.mseed,us2000aay1,AKDM,KO,,HHE,broadband,0.00016,0.0299,7.93,2017-08-23T13:43:40.260000Z,2017-08-23T13:43:45.700000Z,0.171,0.141,100.0,210.0,0,0.0,False,True,True,False,True,
data/processed/waveforms/us2000aay1_CUKT.mseed,us2000aay1,CUKT,KO,,BHE,broadband,0.00328,0.2852,30.42,2017-08-23T13:43:22.820000Z,2017-08-23T13:43:45.540000Z,0.563,0.291,50.0,180.0,0,0.0,False,True,True,False,True,
data/processed/waveforms/us2000aay1_SIRT.mseed,us2000aay1,SIRT,KO,,BHE,broadband,0.00115,0.1423,7.52,2017-08-23T13:43:35.500000Z,2017-08-23T13:43:37.940000Z,0.222,0.142,50.0,210.0,0,0.0,False,True,True,False,True,
data/processed/waveforms/us2000aay1_VANB.mseed,us2000aay1,VANB,KO,,HHE,broadband,0.00021,0.0298,22.03,2017-08-23T13:43:39.840000Z,2017-08-23T13:44:23.640000Z,0.524,0.094,100.0,210.0,0,0.0,False,True,True,False,True,
data/processed/waveforms/us2000advt_DAT.mseed,us2000advt,DAT,KO,,BHE,broadband,0.00512,0.1927,7.13,2017-09-01T16:48:51.500000Z,,0.371,,50.0,210.0,0,0.0,False,True,True,False,True,
data/processed/waveforms/us2000awn9_ANTB.mseed,us2000awn9,ANTB,KO,,BHE,broadband,0.00076,0.0404,,,,,,50.0,210.0,0,0.0,False,True,True,False,False,
data/processed/waveforms/us2000awn9_BCK.mseed,us2000awn9,BCK,KO,,BHE,broadband,0.00068,0.0276,17.65,2017-09-29T16:08:54.260000Z,2017-09-29T16:09:06.180000Z,0.516,0.016,50.0,210.0,0,0.0,False,True,True,False,True,
data/processed/waveforms/us2000bjnj_DALY.mseed,us2000bjnj,DALY,KO,,BHE,broadband,0.00196,0.0834,13.4,2017-11-07T02:40:45.620000Z,,0.426,,50.0,210.0,0,0.0,False,True,True,False,True,
data/processed/waveforms/us2000bjnj_FETY.mseed,us2000bjnj,FETY,KO,,HHE,broadband,0.00172,0.0895,22.28,2017-11-07T02:40:46.330000Z,2017-11-07T02:40:56.550000Z,0.558,0.479,100.0,210.0,0,0.0,False,True,True,False,True,
data/processed/waveforms/us2000bt6a_DALY.mseed,us2000bt6a,DALY,KO,,BHE,broadband,0.0009,0.146,29.65,2017-11-22T20:22:58.560000Z,,0.501,,50.0,180.0,0,0.0,False,True,True,False,True,
data/processed/waveforms/us2000bt6a_YER.mseed,us2000bt6a,YER,KO,,BHE,broadband,0.00659,0.5309,23.4,2017-11-22T20:22:59.080000Z,,0.442,,50.0,180.0,0,0.0,False,True,True,False,True,
data/processed/waveforms/us2000bu6g_DALY.mseed,us2000bu6g,DALY,KO,,BHE,broadband,0.00186,0.2349,33.01,2017-11-24T21:49:21.420000Z,,0.556,,50.0,179.98,0,0.0,False,True,True,False,True,
data/processed/waveforms/us2000bu6g_YER.mseed,us2000bu6g,YER,KO,,BHE,broadband,0.01356,1.1616,28.87,2017-11-24T21:49:21.680000Z,,0.518,,50.0,179.98,0,0.0,False,True,True,False,True,
data/processed/waveforms/us2000c1yf_DAT.mseed,us2000c1yf,DAT,KO,,BHE,broadband,0.00167,0.0635,8.0,2017-12-08T05:20:48.800000Z,,0.369,,50.0,209.98,0,0.0,False,True,True,False,True,
data/processed/waveforms/us2000d4wi_AKDM.mseed,us2000d4wi,AKDM,KO,,HHE,broadband,1e-05,0.0014,,,,,,100.0,210.0,0,0.0,False,True,True,False,False,
data/processed/waveforms/us2000d4wi_CUKT.mseed,us2000d4wi,CUKT,KO,,BHE,broadband,0.00026,0.0133,2.92,2018-02-19T19:21:16.760000Z,2018-02-19T19:21:37.580000Z,0.059,0.2,50.0,210.0,0,0.0,False,True,True,False,True,
data/processed/waveforms/us2000d4wi_VANB.mseed,us2000d4wi,VANB,KO,,HHE,broadband,1e-05,0.0009,,,,,,100.0,210.0,0,0.0,False,True,True,False,False,
data/processed/waveforms/us2000d7pi_FOCM.mseed,us2000d7pi,FOCM,KO,,HNE,strong_motion,0.00056,0.0391,,,,,,100.0,210.0,0,0.0,False,True,True,True,False,
data/processed/waveforms/us2000d7pi_GPNR.mseed,us2000d7pi,GPNR,KO,,HNE,strong_motion,0.00071,0.0367,,,,,,100.0,210.0,0,0.0,False,True,True,True,False,
data/processed/waveforms/us2000dw6w_MDUB.mseed,us2000dw6w,MDUB,KO,,BHE,broadband,0.00196,0.1226,24.0,2018-04-07T21:16:42.340000Z,,0.545,,50.0,209.98,0,0.0,False,True,True,False,True,
data/processed/waveforms/us2000dw6w_YUVA.mseed,us2000dw6w,YUVA,KO,,HNE,strong_motion,0.00168,0.088,9.2,2018-04-07T21:16:43.570000Z,2018-04-07T21:16:47.430000Z,0.157,0.465,100.0,210.0,0,0.0,False,True,True,True,True,
data/processed/waveforms/us2000dxk8_BODT.mseed,us2000dxk8,BODT,KO,,BHE,broadband,0.00126,0.0392,,,,,,50.0,210.0,0,0.0,False,True,True,False,False,
data/processed/waveforms/us2000dxk8_DAT.mseed,us2000dxk8,DAT,KO,,BHE,broadband,0.00026,0.0102,,,,,,50.0,210.0,0,0.0,False,True,True,False,False,
data/processed/waveforms/us2000dxk8_YKAV.mseed,us2000dxk8,YKAV,KO,,HNE,strong_motion,0.00063,0.0478,,,,,,100.0,210.0,0,0.0,False,True,True,True,False,
data/processed/waveforms/us2000dzu5_ALAN.mseed,us2000dzu5,ALAN,KO,,HNE,strong_motion,0.00758,0.2142,,,,,,100.0,210.0,0,0.0,False,True,True,True,False,
data/processed/waveforms/us2000dzu5_HDMB.mseed,us2000dzu5,HDMB,KO,,HHE,broadband,0.00436,0.2041,20.59,2018-04-13T17:14:10.070000Z,,0.552,,100.0,210.0,0,0.0,False,True,True,False,True,
data/processed/waveforms/us2000dzu5_MNVG.mseed,us2000dzu5,MNVG,KO,,HNE,strong_motion,0.00746,0.567,,,,,,100.0,210.0,0,0.0,False,True,True,True,False,
data/processed/waveforms/us2000dzu5_SEYD.mseed,us2000dzu5,SEYD,KO,,HNE,strong_motion,0.00919,0.2608,24.55,2018-04-13T17:14:08.480000Z,,0.463,,100.0,157.31,0,0.0,False,True,True,True,True,
data/processed/waveforms/us2000e0te_AKDM.mseed,us2000e0te,AKDM,KO,,HHE,broadband,2e-05,0.0019,,,,,,100.0,210.0,0,0.0,False,True,True,False,False,
data/processed/waveforms/us2000e0te_CUKT.mseed,us2000e0te,CUKT,KO,,BHE,broadband,0.00021,0.0188,6.28,2018-04-16T04:31:29.300000Z,,0.215,,50.0,210.0,0,0.0,False,True,True,False,True,
data/processed/waveforms/us2000e0te_VANB.mseed,us2000e0te,VANB,KO,,HHE,broadband,1e-05,0.001,,,,,,100.0,210.0,0,0.0,False,True,True,False,False,
data/processed/waveforms/us2000g3yw_BODT.mseed,us2000g3yw,BODT,KO,,BHE,broadband,3e-05,0.0036,,,,,,50.0,210.0,0,0.0,False,True,True,False,False,
data/processed/waveforms/us2000g3yw_DAT.mseed,us2000g3yw,DAT,KO,,BHZ,broadband,5e-05,0.0039,,,,,,50.0,210.0,1,0.0476,False,True,True,False,False,has_gaps
data/processed/waveforms/us2000g3yw_DATC.mseed,us2000g3yw,DATC,KO,,HNE,strong_motion,0.0031,0.0496,,,,,,100.0,210.0,0,0.0,False,True,True,True,False,
data/processed/waveforms/us2000g3yw_YKAV.mseed,us2000g3yw,YKAV,KO,,HNE,strong_motion,0.0001,0.0713,,,,,,100.0,210.0,0,0.0,False,True,True,True,False,
data/processed/waveforms/us2000gbkk_APMY.mseed,us2000gbkk,APMY,KO,,HHE,broadband,0.00102,0.0734,43.75,2018-07-23T02:40:33.110000Z,,0.564,,100.0,210.0,0,0.0,False,True,True,False,True,
data/processed/waveforms/us2000gbkk_BASM.mseed,us2000gbkk,BASM,KO,,HNE,strong_motion,0.00497,0.2241,17.22,2018-07-23T02:40:33.020000Z,,0.402,,100.0,210.0,0,0.0,False,True,True,True,True,
data/processed/waveforms/us2000gbkk_BCK.mseed,us2000gbkk,BCK,KO,,BHE,broadband,0.00191,0.0964,19.1,2018-07-23T02:40:36.340000Z,,0.466,,50.0,210.0,0,0.0,False,True,True,False,True,
data/processed/waveforms/us2000ge8i_DIDI.mseed,us2000ge8i,DIDI,KO,,HNE,strong_motion,0.00372,0.1978,,,,,,100.0,210.0,0,0.0,False,True,True,True,False,
data/processed/waveforms/us2000ge8i_GMLD.mseed,us2000ge8i,GMLD,KO,,HNE,strong_motion,0.0054,0.2336,,,,,,100.0,210.0,0,0.0,False,True,True,True,False,
data/processed/waveforms/us2000ge8i_KUSD.mseed,us2000ge8i,KUSD,KO,,HNE,strong_motion,0.00236,0.0954,,,,,,100.0,210.0,0,0.0,False,True,True,True,False,
data/processed/waveforms/us2000ge8i_YKAV.mseed,us2000ge8i,YKAV,KO,,HNE,strong_motion,0.00104,0.0939,,,,,,100.0,210.0,0,0.0,False,True,True,True,False,
data/processed/waveforms/us2000hc6y_ANTB.mseed,us2000hc6y,ANTB,KO,,BHE,broadband,0.00132,0.0717,,,,,,50.0,180.0,0,0.0,False,True,True,False,False,
data/processed/waveforms/us2000hc6y_BCK.mseed,us2000hc6y,BCK,KO,,BHE,broadband,0.00688,0.2659,30.31,2018-09-10T23:03:10.940000Z,,0.564,,50.0,180.0,0,0.0,False,True,True,False,True,
data/processed/waveforms/us2000hdam_ALAN.mseed,us2000hdam,ALAN,KO,,HNE,strong_motion,0.00483,0.1504,7.18,2018-09-12T06:22:03.630000Z,,0.178,,100.0,210.0,0,0.0,False,True,True,True,True,
data/processed/waveforms/us2000hdam_ANTB.mseed,us2000hdam,ANTB,KO,,BHE,broadband,0.00099,0.0727,,,,,,50.0,210.0,0,0.0,False,True,True,False,False,
data/processed/waveforms/us2000hdam_MNVG.mseed,us2000hdam,MNVG,KO,,HNE,strong_motion,0.00301,0.1505,,,,,,100.0,180.0,0,0.0,False,True,True,True,False,
data/processed/waveforms/us2000i5zt_DALY.mseed,us2000i5zt,DALY,KO,,BHE,broadband,1e-05,0.0008,,,,,,50.0,209.98,0,0.0,False,True,True,False,False,
data/processed/waveforms/us2000i5zt_FETY.mseed,us2000i5zt,FETY,KO,,HHE,broadband,2e-05,0.0023,,,,,,100.0,210.0,0,0.0,False,True,True,False,False,
data/processed/waveforms/us2000i5zt_MRSB.mseed,us2000i5zt,MRSB,KO,,HNE,strong_motion,7e-05,0.0242,,,,,,100.0,210.0,0,0.0,False,True,True,True,False,
data/processed/waveforms/us2000i79c_BCA.mseed,us2000i79c,BCA,KO,,BHE,broadband,0.00021,0.0234,10.43,2018-11-06T01:17:50.880000Z,2018-11-06T01:18:16.140000Z,0.272,0.431,50.0,180.0,0,0.0,False,True,True,False,True,
data/processed/waveforms/us2000i79c_HOPA.mseed,us2000i79c,HOPA,KO,,HNE,strong_motion,0.00044,0.0243,,,,,,100.0,210.0,0,0.0,False,True,True,True,False,
data/processed/waveforms/us2000i79c_KARS.mseed,us2000i79c,KARS,KO,,HHE,broadband,0.00017,0.0228,12.19,2018-11-06T01:17:53.880000Z,2018-11-06T01:17:55.570000Z,0.296,0.142,100.0,180.0,0,0.0,False,True,True,False,True,
data/processed/waveforms/us2000i79c_SENK.mseed,us2000i79c,SENK,KO,,BHE,broadband,7e-05,0.0078,,,,,,50.0,210.0,0,0.0,False,True,True,False,False,
data/processed/waveforms/us2000j6mu_FETY.mseed,us2000j6mu,FETY,KO,,HHE,broadband,0.00033,0.0313,13.92,2019-01-20T15:50:14.990000Z,2019-01-20T15:50:35.110000Z,0.331,0.102,100.0,210.0,0,0.0,False,True,True,False,True,
data/processed/waveforms/us2000j6mu_MRSB.mseed,us2000j6mu,MRSB,KO,,HNE,strong_motion,0.00116,0.0781,,,,,,100.0,210.0,0,0.0,False,True,True,True,False,
data/processed/waveforms/us2000j7fs_DAT.mseed,us2000j7fs,DAT,KO,,BHE,broadband,0.00084,0.1533,12.39,2019-01-22T20:13:28.480000Z,,0.192,,50.0,209.98,0,0.0,False,True,True,False,True,
data/processed/waveforms/us2000j7fs_DATC.mseed,us2000j7fs,DATC,KO,,HNE,strong_motion,0.00384,0.1146,,,,,,100.0,210.0,0,0.0,False,True,True,True,False,
data/processed/waveforms/us2000j7fs_MRSB.mseed,us2000j7fs,MRSB,KO,,HNE,strong_motion,0.00368,0.1047,,,,,,100.0,210.0,0,0.0,False,True,True,True,False,
data/processed/waveforms/us2000j898_DAT.mseed,us2000j898,DAT,KO,,BHE,broadband,0.00377,0.2985,3.77,2019-01-24T14:31:00.060000Z,2019-01-24T14:31:10.620000Z,0.265,0.532,50.0,210.0,0,0.0,False,True,True,False,True,
data/processed/waveforms/us2000j898_DATC.mseed,us2000j898,DATC,KO,,HNE,strong_motion,0.01025,0.9518,,,,,,100.0,210.0,0,0.0,False,True,True,True,False,
data/processed/waveforms/us2000j898_MRSB.mseed,us2000j898,MRSB,KO,,HNE,strong_motion,0.02724,2.0056,0.69,2019-01-24T14:31:21.410000Z,,0.017,,100.0,180.0,0,0.0,False,True,True,True,True,
data/processed/waveforms/us2000jbrb_DATC.mseed,us2000jbrb,DATC,KO,,HNE,strong_motion,0.00147,0.0956,,,,,,100.0,210.0,0,0.0,False,True,True,True,False,
data/processed/waveforms/us2000jbrb_MRSB.mseed,us2000jbrb,MRSB,KO,,HNE,strong_motion,0.00103,0.0736,,,,,,100.0,210.0,0,0.0,False,True,True,True,False,
data/processed/waveforms/us2000jcdz_CEYT.mseed,us2000jcdz,CEYT,KO,,BHE,broadband,0.00579,0.1673,30.82,2019-02-02T12:20:44.960000Z,,0.562,,50.0,210.0,0,0.0,False,True,True,False,True,
data/processed/waveforms/us2000jcdz_KARA.mseed,us2000jcdz,KARA,KO,,BHE,broadband,0.00038,0.015,,,,,,50.0,209.98,0,0.0,False,True,True,False,False,
data/processed/waveforms/us2000jcdz_KOZT.mseed,us2000jcdz,KOZT,KO,,BHE,broadband,0.00641,0.2818,37.97,2019-02-02T12:20:43.460000Z,,0.564,,50.0,209.98,0,0.0,False,True,True,False,True,
data/processed/waveforms/us2000jdne_ANTB.mseed,us2000jdne,ANTB,KO,,BHE,broadband,0.00048,0.0309,,,,,,50.0,210.0,0,0.0,False,True,True,False,False,
data/processed/waveforms/us2000jdne_DEMR.mseed,us2000jdne,DEMR,KO,,HNE,strong_motion,0.00108,0.0342,,,,,,100.0,210.0,0,0.0,False,True,True,True,False,
data/processed/waveforms/us2000jdne_ELL.mseed,us2000jdne,ELL,KO,,BHE,broadband,0.00272,0.1072,20.17,2019-02-05T15:11:56.800000Z,,0.491,,50.0,210.0,0,0.0,False,True,True,False,True,
data/processed/waveforms/us2000jdne_KEMT.mseed,us2000jdne,KEMT,KO,,HNE,strong_motion,0.00512,7.8602,,,,,,100.0,210.0,0,0.0,False,True,True,True,False,
data/processed/waveforms/us2000jgqe_CANT.mseed,us2000jgqe,CANT,KO,,BHE,broadband,0.00156,0.1234,,,,,,50.0,209.98,0,0.0,False,True,True,False,False,
data/processed/waveforms/us2000jgqe_LOD.mseed,us2000jgqe,LOD,KO,,BHE,broadband,0.00178,0.0593,11.06,2019-02-12T17:14:45.580000Z,,0.225,,50.0,209.98,0,0.0,False,True,True,False,True,
data/processed/waveforms/us2000jhgj_BODT.mseed,us2000jhgj,BODT,KO,,BHE,broadband,4e-05,0.0019,,,,,,50.0,210.0,0,0.0,False,True,True,False,False,
data/processed/waveforms/us2000jhgj_DATC.mseed,us2000jhgj,DATC,KO,,HNE,strong_motion,0.00037,0.0372,,,,,,100.0,210.0,0,0.0,False,True,True,True,False,
data/processed/waveforms/us2000jkr3_EZN.mseed,us2000jkr3,EZN,KO,,HHE,broadband,0.03253,0.326,40.32,2019-02-20T18:23:31.460000Z,,0.564,,100.0,180.0,0,0.0,False,True,True,False,True,
data/processed/waveforms/us2000jkr3_EZNE.mseed,us2000jkr3,EZNE,KO,,HNE,strong_motion,0.03152,1.3348,,,,,,100.0,180.0,0,0.0,False,True,True,True,False,
data/processed/waveforms/us2000jkr3_GPNR.mseed,us2000jkr3,GPNR,KO,,HNE,strong_motion,0.01339,0.5699,,,,,,100.0,210.0,0,0.0,False,True,True,True,False,
data/processed/waveforms/us2000k7yn_APMY.mseed,us2000k7yn,APMY,KO,,HHE,broadband,0.05774,0.4673,44.95,2019-03-31T11:30:18.190000Z,,0.565,,100.0,179.99,0,0.0,False,True,True,False,True,
data/processed/waveforms/us2000k7yn_BASM.mseed,us2000k7yn,BASM,KO,,HNE,strong_motion,0.00247,0.1621,7.27,2019-03-31T11:30:31.260000Z,,0.117,,100.0,209.99,0,0.0,False,True,True,True,True,
data/processed/waveforms/us2000k7yn_CAME.mseed,us2000k7yn,CAME,KO,,HNE,strong_motion,0.00161,0.067,6.32,2019-03-31T11:30:26.960000Z,,0.118,,100.0,209.99,0,0.0,False,True,True,True,True,
data/processed/waveforms/us2000kacn_PTK.mseed,us2000kacn,PTK,KO,,BHE,broadband,0.00193,0.149,24.96,2019-04-04T17:31:18.500000Z,,0.49,,50.0,210.0,0,0.0,False,True,True,False,True,
data/processed/waveforms/us60003sex_MLSB.mseed,us60003sex,MLSB,KO,,BHE,broadband,0.00258,0.0938,,,,,,50.0,210.0,0,0.0,False,True,True,False,False,
data/processed/waveforms/us60003sex_YER.mseed,us60003sex,YER,KO,,BHE,broadband,0.00291,0.0546,5.68,2019-05-26T12:07:20.220000Z,,0.266,,50.0,210.0,0,0.0,False,True,True,False,True,
data/processed/waveforms/us60003sy2_BODT.mseed,us60003sy2,BODT,KO,,BHE,broadband,0.00284,0.097,,,,,,50.0,210.0,0,0.0,False,True,True,False,False,
data/processed/waveforms/us60003sy2_DAT.mseed,us60003sy2,DAT,KO,,BHE,broadband,0.00216,0.0873,,,,,,50.0,209.98,0,0.0,True,True,True,False,False,clipping_şüphesi
data/processed/waveforms/us60003sy2_DATC.mseed,us60003sy2,DATC,KO,,HNE,strong_motion,0.00652,0.2824,,,,,,100.0,210.0,0,0.0,False,True,True,True,False,
data/processed/waveforms/us60003sy2_YKAV.mseed,us60003sy2,YKAV,KO,,HNE,strong_motion,0.00171,0.0743,,,,,,100.0,210.0,0,0.0,False,True,True,True,False,
data/processed/waveforms/us6000504d_DAT.mseed,us6000504d,DAT,KO,,BHE,broadband,0.00016,0.0188,,,,,,50.0,210.0,0,0.0,True,True,True,False,False,clipping_şüphesi
data/processed/waveforms/us6000504d_DATC.mseed,us6000504d,DATC,KO,,HNE,strong_motion,0.00327,0.059,,,,,,100.0,210.0,0,0.0,False,True,True,True,False,
data/processed/waveforms/us6000528z_BLCB.mseed,us6000528z,BLCB,KO,,BHE,broadband,0.00491,0.3724,37.15,2019-08-08T08:39:16.240000Z,,0.565,,50.0,210.0,0,0.0,False,True,True,False,True,
data/processed/waveforms/us6000528z_CESE.mseed,us6000528z,CESE,KO,,HNE,strong_motion,0.00139,0.0681,,,,,,100.0,210.0,2,0.0476,False,True,True,False,False,has_gaps
data/processed/waveforms/us6000528z_GMLD.mseed,us6000528z,GMLD,KO,,HNE,strong_motion,0.15926,9.2181,5.36,2019-08-08T08:39:11.220000Z,2019-08-08T08:39:12.290000Z,0.17,0.425,100.0,210.0,0,0.0,False,True,True,True,True,
data/processed/waveforms/us6000528z_KUSD.mseed,us6000528z,KUSD,KO,,HNE,strong_motion,0.00248,0.0943,,,,,,100.0,210.0,0,0.0,False,True,True,True,False,
data/processed/waveforms/us6000529r_APMY.mseed,us6000529r,APMY,KO,,HHE,broadband,0.00788,0.3882,25.76,2019-08-08T11:25:39.020000Z,2019-08-08T11:28:32.490000Z,0.544,0.136,100.0,210.0,0,0.0,False,True,True,False,True,
data/processed/waveforms/us6000529r_BASM.mseed,us6000529r,BASM,KO,,HNE,strong_motion,0.21095,8.3175,42.13,2019-08-08T11:25:36.610000Z,,0.562,,100.0,180.0,0,0.0,False,True,True,True,True,
data/processed/waveforms/us6000529r_KHL.mseed,us6000529r,KHL,KO,,HNE,strong_motion,0.01114,0.5385,,,,,,100.0,180.0,0,0.0,False,True,True,True,False,
data/processed/waveforms/us600053xb_DAT.mseed,us600053xb,DAT,KO,,BHE,broadband,0.00014,0.0095,,,,,,50.0,210.0,0,0.0,True,True,True,False,False,clipping_şüphesi
data/processed/waveforms/us600053xb_DATC.mseed,us600053xb,DATC,KO,,HNE,strong_motion,0.00159,0.0674,,,,,,100.0,210.0,0,0.0,False,True,True,True,False,
data/processed/waveforms/us600053xb_YKAV.mseed,us600053xb,YKAV,KO,,HNE,strong_motion,7e-05,0.0252,,,,,,100.0,210.0,0,0.0,False,True,True,True,False,
data/processed/waveforms/us60005mmr_SLVT.mseed,us60005mmr,SLVT,KO,,HHZ,broadband,0.00318,0.204,20.75,2019-09-24T08:00:29.870000Z,2019-09-24T08:03:33.630000Z,0.538,0.02,100.0,150.99,1,0.0331,False,True,True,False,False,has_gaps
data/processed/waveforms/us600062ps_DALY.mseed,us600062ps,DALY,KO,,BHE,broadband,0.00205,0.062,14.45,2019-10-24T21:06:54.320000Z,,0.324,,50.0,210.0,0,0.0,False,True,True,False,True,
data/processed/waveforms/us600062ps_FETI.mseed,us600062ps,FETI,KO,,HNE,strong_motion,0.0066,0.1004,,,,,,100.0,210.0,0,0.0,False,True,True,True,False,
data/processed/waveforms/us600062ps_FETY.mseed,us600062ps,FETY,KO,,HHE,broadband,0.00526,0.1497,13.55,2019-10-24T21:06:49.830000Z,,0.37,,100.0,210.0,0,0.0,False,True,True,False,True,
data/processed/waveforms/us600064e2_BODT.mseed,us600064e2,BODT,KO,,BHE,broadband,4e-05,0.0012,,,,,,50.0,210.0,0,0.0,False,True,True,False,False,
data/processed/waveforms/us600064e2_DAT.mseed,us600064e2,DAT,KO,,BHE,broadband,3e-05,0.0018,,,,,,50.0,210.0,0,0.0,True,True,True,False,False,clipping_şüphesi
data/processed/waveforms/us600064e2_YKAV.mseed,us600064e2,YKAV,KO,,HNE,strong_motion,5e-05,0.0064,,,,,,100.0,210.0,0,0.0,False,True,True,True,False,
data/processed/waveforms/us60006pvc_AKS.mseed,us60006pvc,AKS,KO,,HNE,strong_motion,0.00263,0.088,,,,,,100.0,210.0,0,0.0,False,True,True,True,False,
data/processed/waveforms/us60006pvc_BALB.mseed,us60006pvc,BALB,KO,,HHE,broadband,0.01835,0.295,41.94,2019-12-10T20:14:08.090000Z,,0.565,,100.0,210.0,0,0.0,False,True,True,False,True,
data/processed/waveforms/us60006pvc_SOMA.mseed,us60006pvc,SOMA,KO,,HNE,strong_motion,0.00322,0.2158,,,,,,100.0,210.0,0,0.0,False,True,True,True,False,
data/processed/waveforms/us60006pvc_SUSR.mseed,us60006pvc,SUSR,KO,,HNE,strong_motion,0.00329,0.1261,,,,,,100.0,210.0,0,0.0,False,True,True,True,False,
data/processed/waveforms/us60006pxs_BODT.mseed,us60006pxs,BODT,KO,,BHE,broadband,0.00023,0.0371,,,,,,50.0,172.86,2,0.0002,False,True,True,False,False,has_gaps
data/processed/waveforms/us60006pxs_DAT.mseed,us60006pxs,DAT,KO,,BHE,broadband,0.00055,0.0303,,,,,,50.0,180.0,0,0.0,True,True,True,False,False,clipping_şüphesi
data/processed/waveforms/us60006pxs_DATC.mseed,us60006pxs,DATC,KO,,HNE,strong_motion,0.00156,0.1169,,,,,,100.0,180.0,0,0.0,False,True,True,True,False,
data/processed/waveforms/us60007d2r_AKS.mseed,us60007d2r,AKS,KO,,HNE,strong_motion,0.04267,3.6536,8.35,2020-01-22T19:22:21.100000Z,,0.148,,100.0,180.0,0,0.0,False,True,True,True,True,
data/processed/waveforms/us60007d2r_GOMA.mseed,us60007d2r,GOMA,KO,,HNE,strong_motion,0.01556,1.4334,,,,,,100.0,210.0,0,0.0,False,True,True,True,False,
data/processed/waveforms/us60007d2r_GORD.mseed,us60007d2r,GORD,KO,,HNE,strong_motion,0.02356,1.6069,,,,,,100.0,210.0,0,0.0,False,True,True,True,False,
data/processed/waveforms/us60007d2r_SOMA.mseed,us60007d2r,SOMA,KO,,HNE,strong_motion,0.03403,1.3397,,,,,,100.0,180.0,0,0.0,False,True,True,True,False,
data/processed/waveforms/us60007ewc_ARPRA.mseed,us60007ewc,ARPRA,KO,,HNE,strong_motion,0.04846,6.5393,2.52,2020-01-24T17:55:18.450000Z,2020-01-24T17:55:29.430000Z,0.14,0.444,100.0,81.84,5,4.2155,False,True,True,False,False,has_gaps
data/processed/waveforms/us60007ewc_SVRC.mseed,us60007ewc,SVRC,KO,,BHE,broadband,0.02553,1.1048,55.58,2020-01-24T17:55:15.140000Z,,0.565,,50.0,180.0,0,0.0,False,True,True,False,True,
data/processed/waveforms/us60007f7j_DYBB.mseed,us60007f7j,DYBB,KO,,BHE,broadband,0.0005,0.032,8.08,2020-01-24T18:08:13.780000Z,,0.163,,50.0,182.9,8,0.4647,False,True,True,False,False,has_gaps
data/processed/waveforms/us60007f7j_SVRC.mseed,us60007f7j,SVRC,KO,,BHE,broadband,0.01809,0.3052,34.73,2020-01-24T18:08:07.960000Z,,0.56,,50.0,210.0,0,0.0,False,True,True,False,True,
data/processed/waveforms/us60007fkb_DYBB.mseed,us60007fkb,DYBB,KO,,BHE,broadband,0.00022,0.0281,13.12,2020-01-25T08:40:21.020000Z,2020-01-25T08:40:22.200000Z,0.476,0.043,50.0,76.24,12,1.4166,False,True,True,False,False,has_gaps
data/processed/waveforms/us60007fkb_SVRC.mseed,us60007fkb,SVRC,KO,,BHE,broadband,0.01147,0.2867,42.97,2020-01-25T08:40:06.740000Z,,0.564,,50.0,193.72,0,0.0,False,True,True,False,True,
data/processed/waveforms/us60007flw_SVRC.mseed,us60007flw,SVRC,KO,,BHE,broadband,0.00074,0.0642,13.32,2020-01-25T10:15:05.620000Z,,0.318,,50.0,210.0,0,0.0,False,True,True,False,True,
data/processed/waveforms/us60007flw_URFA.mseed,us60007flw,URFA,KO,,BHE,broadband,0.00035,0.0196,21.17,2020-01-25T10:15:10.200000Z,2020-01-25T10:15:12.020000Z,0.482,0.259,50.0,210.0,0,0.0,False,True,True,False,True,
data/processed/waveforms/us60007fs4_DYBB.mseed,us60007fs4,DYBB,KO,,BHE,broadband,0.00053,0.0977,27.89,2020-01-25T16:30:27.300000Z,2020-01-25T16:30:37.480000Z,0.551,0.479,50.0,69.98,10,1.6576,False,True,True,False,False,has_gaps
data/processed/waveforms/us60007fs4_SVRC.mseed,us60007fs4,SVRC,KO,,BHE,broadband,0.01809,0.3016,49.55,2020-01-25T16:30:11.740000Z,2020-01-25T16:31:51.080000Z,0.565,0.156,50.0,180.0,0,0.0,False,True,True,False,True,
data/processed/waveforms/us60007i49_AKS.mseed,us60007i49,AKS,KO,,HNE,strong_motion,0.03201,1.2579,15.02,2020-01-28T11:26:19.470000Z,2020-01-28T11:26:23.620000Z,0.317,0.227,100.0,180.0,0,0.0,False,True,True,True,True,
data/processed/waveforms/us60007i49_GOMA.mseed,us60007i49,GOMA,KO,,HNE,strong_motion,0.01158,0.548,,,,,,100.0,210.0,0,0.0,False,True,True,True,False,
data/processed/waveforms/us60007i49_GORD.mseed,us60007i49,GORD,KO,,HNE,strong_motion,0.0048,0.2286,,,,,,100.0,210.0,0,0.0,False,True,True,True,False,
data/processed/waveforms/us60007i49_SOMA.mseed,us60007i49,SOMA,KO,,HNE,strong_motion,0.07264,2.5141,,,,,,100.0,180.0,0,0.0,False,True,True,True,False,
data/processed/waveforms/us60007i7j_DAT.mseed,us60007i7j,DAT,KO,,BHE,broadband,0.00039,0.0659,10.36,2020-01-28T15:39:04.720000Z,2020-01-28T15:39:29.340000Z,0.367,0.128,50.0,210.0,0,0.0,False,True,True,False,True,
data/processed/waveforms/us60007i7j_DATC.mseed,us60007i7j,DATC,KO,,HNE,strong_motion,0.00111,0.151,,,,,,100.0,210.0,0,0.0,False,True,True,True,False,
data/processed/waveforms/us60007i7x_DAT.mseed,us60007i7x,DAT,KO,,BHE,broadband,5e-05,0.0037,,,,,,50.0,210.0,0,0.0,False,True,True,False,False,
data/processed/waveforms/us60007i7x_DATC.mseed,us60007i7x,DATC,KO,,HNE,strong_motion,0.00032,0.0272,,,,,,100.0,210.0,0,0.0,False,True,True,True,False,
data/processed/waveforms/us60007ii1_DAT.mseed,us60007ii1,DAT,KO,,BHE,broadband,4e-05,0.0043,,,,,,50.0,210.0,0,0.0,False,True,True,False,False,
data/processed/waveforms/us60007ii1_DATC.mseed,us60007ii1,DATC,KO,,HNE,strong_motion,0.00015,0.0221,,,,,,100.0,210.0,0,0.0,False,True,True,True,False,
data/processed/waveforms/us60007j2q_DAT.mseed,us60007j2q,DAT,KO,,BHE,broadband,9e-05,0.0106,2.31,2020-01-29T13:37:56.180000Z,,0.005,,50.0,210.0,0,0.0,False,True,True,False,True,
data/processed/waveforms/us60007j2q_DATC.mseed,us60007j2q,DATC,KO,,HNE,strong_motion,0.00026,0.0305,,,,,,100.0,210.0,0,0.0,False,True,True,True,False,
data/processed/waveforms/us60007jb3_AKDM.mseed,us60007jb3,AKDM,KO,,HHE,broadband,6e-05,0.0127,9.23,2020-01-29T18:08:07.720000Z,2020-01-29T18:08:09.890000Z,0.17,0.046,100.0,210.0,0,0.0,False,True,True,False,True,
data/processed/waveforms/us60007jb3_CUKT.mseed,us60007jb3,CUKT,KO,,BHE,broadband,0.00057,0.0744,10.56,2020-01-29T18:07:51.320000Z,,0.219,,50.0,210.0,0,0.0,False,True,True,False,True,
data/processed/waveforms/us60007jb3_VANB.mseed,us60007jb3,VANB,KO,,HHE,broadband,6e-05,0.0163,6.14,2020-01-29T18:07:42.740000Z,2020-01-29T18:07:44.610000Z,0.111,0.196,100.0,210.0,0,0.0,False,True,True,False,True,
data/processed/waveforms/us60007jpa_DAT.mseed,us60007jpa,DAT,KO,,BHE,broadband,0.00029,0.058,8.72,2020-01-30T01:28:36.880000Z,2020-01-30T01:29:02.420000Z,0.192,0.081,50.0,210.0,0,0.0,False,True,True,False,True,
data/processed/waveforms/us60007jpa_DATC.mseed,us60007jpa,DATC,KO,,HNE,strong_motion,0.00077,0.1018,,,,,,100.0,210.0,0,0.0,False,True,True,True,False,
data/processed/waveforms/us60007jzj_DAT.mseed,us60007jzj,DAT,KO,,BHE,broadband,0.00069,0.1325,16.38,2020-01-30T11:22:05.740000Z,2020-01-30T11:22:28.580000Z,0.436,0.361,50.0,180.0,0,0.0,False,True,True,False,True,
data/processed/waveforms/us60007jzj_DATC.mseed,us60007jzj,DATC,KO,,HNE,strong_motion,0.00194,0.2785,,,,,,100.0,210.0,0,0.0,False,True,True,True,False,
data/processed/waveforms/us60007l19_DAT.mseed,us60007l19,DAT,KO,,BHE,broadband,8e-05,0.0082,0.08,2020-01-31T04:35:32.100000Z,,0.001,,50.0,210.0,0,0.0,False,True,True,False,True,
data/processed/waveforms/us60007l19_DATC.mseed,us60007l19,DATC,KO,,HNE,strong_motion,0.00031,0.015,,,,,,100.0,210.0,0,0.0,False,True,True,True,False,
data/processed/waveforms/us60007lub_DYBB.mseed,us60007lub,DYBB,KO,,BHE,broadband,0.00096,0.0889,12.46,2020-01-31T23:33:06.980000Z,2020-01-31T23:33:18.520000Z,0.368,0.382,50.0,89.98,14,1.3336,False,True,True,False,False,has_gaps
data/processed/waveforms/us60007lub_SVRC.mseed,us60007lub,SVRC,KO,,BHE,broadband,0.02082,0.3169,47.76,2020-01-31T23:32:52.340000Z,2020-01-31T23:34:26.300000Z,0.565,0.381,50.0,210.0,0,0.0,False,True,True,False,True,
data/processed/waveforms/us60007phg_AKS.mseed,us60007phg,AKS,KO,,HNE,strong_motion,0.01679,0.5333,13.77,2020-02-04T16:47:12.500000Z,,0.441,,100.0,210.0,0,0.0,False,True,True,True,True,
data/processed/waveforms/us60007phg_GOMA.mseed,us60007phg,GOMA,KO,,HNE,strong_motion,0.00182,0.091,,,,,,100.0,210.0,0,0.0,False,True,True,True,False,
data/processed/waveforms/us60007phg_GORD.mseed,us60007phg,GORD,KO,,HNE,strong_motion,0.00185,0.1398,,,,,,100.0,210.0,0,0.0,False,True,True,True,False,
data/processed/waveforms/us60007phg_SOMA.mseed,us60007phg,SOMA,KO,,HNE,strong_motion,0.0068,0.2076,,,,,,100.0,210.0,0,0.0,False,True,True,True,False,
data/processed/waveforms/us60007pkf_AKS.mseed,us60007pkf,AKS,KO,,HNE,strong_motion,0.0147,0.6322,16.08,2020-02-04T17:55:26.950000Z,,0.458,,100.0,209.99,0,0.0,False,True,True,True,True,
data/processed/waveforms/us60007pkf_GOMA.mseed,us60007pkf,GOMA,KO,,HNE,strong_motion,0.00305,0.1663,,,,,,100.0,209.99,0,0.0,False,True,True,True,False,
data/processed/waveforms/us60007pkf_GORD.mseed,us60007pkf,GORD,KO,,HNE,strong_motion,0.00361,0.2389,,,,,,100.0,209.99,0,0.0,False,True,True,True,False,
data/processed/waveforms/us60007pkf_SOMA.mseed,us60007pkf,SOMA,KO,,HNE,strong_motion,0.01111,0.8926,,,,,,100.0,209.99,0,0.0,False,True,True,True,False,
data/processed/waveforms/us600084bs_ARPRA.mseed,us600084bs,ARPRA,KO,,HNE,strong_motion,0.00763,0.2611,0.15,2020-02-25T23:03:46.090000Z,2020-02-25T23:03:52.730000Z,0.563,0.563,100.0,210.0,0,0.0,False,True,True,True,True,
data/processed/waveforms/us600084bs_SVRC.mseed,us600084bs,SVRC,KO,,BHE,broadband,0.00721,0.2852,32.9,2020-02-25T23:03:44.380000Z,,0.56,,50.0,180.0,0,0.0,False,True,True,False,True,
data/processed/waveforms/us600084lh_DAT.mseed,us600084lh,DAT,KO,,BHE,broadband,8e-05,0.0075,,,,,,50.0,210.0,0,0.0,True,True,True,False,False,clipping_şüphesi
data/processed/waveforms/us600084lh_DATC.mseed,us600084lh,DATC,KO,,HNE,strong_motion,0.00122,0.0367,,,,,,100.0,210.0,0,0.0,False,True,True,True,False,
data/processed/waveforms/us60008522_SVRC.mseed,us60008522,SVRC,KO,,BHE,broadband,0.00049,0.0362,16.37,2020-02-27T02:08:55.340000Z,2020-02-27T02:09:08.760000Z,0.432,0.067,50.0,210.0,0,0.0,False,True,True,False,True,
data/processed/waveforms/us60008522_URFA.mseed,us60008522,URFA,KO,,BHE,broadband,0.00078,0.0331,20.44,2020-02-27T02:08:59.060000Z,,0.538,,50.0,210.0,0,0.0,False,True,True,False,True,
data/processed/waveforms/us6000857v_DAT.mseed,us6000857v,DAT,KO,,BHE,broadband,4e-05,0.0046,,,,,,50.0,210.0,0,0.0,True,True,True,False,False,clipping_şüphesi
data/processed/waveforms/us6000857v_DATC.mseed,us6000857v,DATC,KO,,HNE,strong_motion,0.00179,0.0293,,,,,,100.0,210.0,0,0.0,False,True,True,True,False,
data/processed/waveforms/us60008594_DAT.mseed,us60008594,DAT,KO,,BHE,broadband,7e-05,0.0076,,,,,,50.0,210.0,0,0.0,True,True,True,False,False,clipping_şüphesi
data/processed/waveforms/us60008594_DATC.mseed,us60008594,DATC,KO,,HNE,strong_motion,0.00179,0.032,,,,,,100.0,210.0,0,0.0,False,True,True,True,False,
data/processed/waveforms/us600086w9_DYBB.mseed,us600086w9,DYBB,KO,,BHE,broadband,0.00015,0.0164,13.31,2020-02-29T12:30:04.700000Z,2020-02-29T12:30:06.080000Z,0.411,0.234,50.0,210.0,0,0.0,False,True,True,False,True,
data/processed/waveforms/us60008g9t_DAT.mseed,us60008g9t,DAT,KO,,BHE,broadband,3e-05,0.0037,,,,,,50.0,210.0,0,0.0,True,True,True,False,False,clipping_şüphesi
data/processed/waveforms/us60008g9t_DATC.mseed,us60008g9t,DATC,KO,,HNE,strong_motion,0.00021,0.0131,,,,,,100.0,210.0,0,0.0,False,True,True,True,False,
data/processed/waveforms/us60009bfq_DAT.mseed,us60009bfq,DAT,KO,,BHE,broadband,0.00139,0.0433,,,,,,50.0,209.98,0,0.0,True,True,True,False,False,clipping_şüphesi
data/processed/waveforms/us60009bfq_DATC.mseed,us60009bfq,DATC,KO,,HNE,strong_motion,0.00366,0.167,,,,,,100.0,210.0,0,0.0,False,True,True,True,False,
data/processed/waveforms/us60009ety_AKDM.mseed,us60009ety,AKDM,KO,,HHE,broadband,3e-05,0.0072,1.27,2020-04-29T17:03:29.500000Z,2020-04-29T17:03:33.210000Z,0.022,0.006,100.0,210.0,0,0.0,False,True,True,False,True,
data/processed/waveforms/us60009ety_CUKT.mseed,us60009ety,CUKT,KO,,BHE,broadband,0.0003,0.0458,7.17,2020-04-29T17:02:12.520000Z,2020-04-29T17:02:14.080000Z,0.108,0.246,50.0,210.0,0,0.0,False,True,True,False,True,
data/processed/waveforms/us60009ety_VANB.mseed,us60009ety,VANB,KO,,HHE,broadband,3e-05,0.0057,3.66,2020-04-29T17:02:30.780000Z,2020-04-29T17:02:45.970000Z,0.066,0.049,100.0,210.0,0,0.0,False,True,True,False,True,
data/processed/waveforms/us6000a2s4_BODT.mseed,us6000a2s4,BODT,KO,,BHE,broadband,5e-05,0.0036,,,,,,50.0,210.0,0,0.0,False,True,True,False,False,
data/processed/waveforms/us6000a2s4_DAT.mseed,us6000a2s4,DAT,KO,,BHE,broadband,0.00022,0.0093,,,,,,50.0,210.0,0,0.0,True,True,True,False,False,clipping_şüphesi
data/processed/waveforms/us6000a2s4_DATC.mseed,us6000a2s4,DATC,KO,,HNE,strong_motion,0.00035,0.0662,,,,,,100.0,210.0,0,0.0,False,True,True,True,False,
data/processed/waveforms/us6000a6qw_SVRC.mseed,us6000a6qw,SVRC,KO,,BHE,broadband,0.0062,0.2847,30.25,2020-06-05T18:06:29.000000Z,2020-06-05T18:08:18.020000Z,0.56,0.01,50.0,180.0,0,0.0,False,True,True,False,True,
data/processed/waveforms/us6000a6qw_URFA.mseed,us6000a6qw,URFA,KO,,BHE,broadband,0.00383,0.2372,35.44,2020-06-05T18:06:35.980000Z,2020-06-05T18:06:37.040000Z,0.502,0.438,50.0,210.0,0,0.0,False,True,True,False,True,
data/processed/waveforms/us6000abnv_BNGB.mseed,us6000abnv,BNGB,KO,,BHE,broadband,0.00901,0.4808,38.2,2020-06-14T14:24:34.860000Z,2020-06-14T14:26:33.480000Z,0.562,0.028,50.0,210.0,0,0.0,False,True,True,False,True,
data/processed/waveforms/us6000abnv_KARO.mseed,us6000abnv,KARO,KO,,HHE,broadband,0.06205,1.3974,43.2,2020-06-14T14:24:32.500000Z,2020-06-14T14:26:23.190000Z,0.564,0.021,100.0,180.0,0,0.0,False,True,True,False,True,
data/processed/waveforms/us6000abnv_VRTB.mseed,us6000abnv,VRTB,KO,,BHE,broadband,0.00654,1.3648,45.87,2020-06-14T14:24:39.080000Z,2020-06-14T14:27:27.800000Z,0.561,0.024,50.0,210.0,0,0.0,False,True,True,False,True,
data/processed/waveforms/us6000abnv_YEDI.mseed,us6000abnv,YEDI,KO,,BHE,broadband,0.05467,1.0779,,,,,,50.0,180.0,0,0.0,True,True,True,False,False,clipping_şüphesi
data/processed/waveforms/us6000abp5_BNGB.mseed,us6000abp5,BNGB,KO,,BHE,broadband,0.00124,0.0982,13.89,2020-06-14T14:34:54.160000Z,2020-06-14T14:34:55.320000Z,0.508,0.502,50.0,210.0,0,0.0,False,True,True,False,True,
data/processed/waveforms/us6000abp5_KARO.mseed,us6000abp5,KARO,KO,,HHE,broadband,0.05632,1.3236,32.22,2020-06-14T14:34:52.960000Z,2020-06-14T14:36:42.190000Z,0.529,0.122,100.0,210.0,0,0.0,False,True,True,False,True,
data/processed/waveforms/us6000abp5_VRTB.mseed,us6000abp5,VRTB,KO,,BHE,broadband,0.00089,0.1249,2.39,2020-06-14T14:34:54.260000Z,2020-06-14T14:35:05.160000Z,0.134,0.386,50.0,210.0,0,0.0,False,True,True,False,True,
data/processed/waveforms/us6000abp5_YEDI.mseed,us6000abp5,YEDI,KO,,BHE,broadband,0.01632,0.5275,,,,,,50.0,210.0,0,0.0,True,True,True,False,False,clipping_şüphesi
data/processed/waveforms/us6000abpe_BNGB.mseed,us6000abpe,BNGB,KO,,BHE,broadband,0.00258,0.0651,22.0,2020-06-14T15:09:23.640000Z,,0.548,,50.0,210.0,0,0.0,False,True,True,False,True,
data/processed/waveforms/us6000abpe_KARO.mseed,us6000abpe,KARO,KO,,HHE,broadband,0.02875,1.138,31.29,2020-06-14T15:09:20.950000Z,,0.562,,100.0,210.0,0,0.0,False,True,True,False,True,
data/processed/waveforms/us6000abpe_YEDI.mseed,us6000abpe,YEDI,KO,,BHE,broadband,0.0237,0.5945,,,,,,50.0,210.0,0,0.0,True,True,True,False,False,clipping_şüphesi
data/processed/waveforms/us6000ac28_BNGB.mseed,us6000ac28,BNGB,KO,,BHE,broadband,0.00799,0.3499,35.82,2020-06-15T06:51:37.260000Z,2020-06-15T06:54:18.740000Z,0.564,0.025,50.0,210.0,0,0.0,False,True,True,False,True,
data/processed/waveforms/us6000ac28_KARO.mseed,us6000ac28,KARO,KO,,HHE,broadband,0.06542,1.5023,41.09,2020-06-15T06:51:34.620000Z,2020-06-15T06:53:24.980000Z,0.565,0.022,100.0,180.0,0,0.0,False,True,True,False,True,
data/processed/waveforms/us6000ac28_VRTB.mseed,us6000ac28,VRTB,KO,,BHE,broadband,0.00534,0.6273,43.93,2020-06-15T06:51:41.160000Z,2020-06-15T06:53:15.980000Z,0.564,0.029,50.0,210.0,0,0.0,False,True,True,False,True,
data/processed/waveforms/us6000ac28_YEDI.mseed,us6000ac28,YEDI,KO,,BHE,broadband,0.05463,1.2246,,,,,,50.0,180.0,0,0.0,True,True,True,False,False,clipping_şüphesi
data/processed/waveforms/us6000aew8_BNGB.mseed,us6000aew8,BNGB,KO,,BHE,broadband,0.00051,0.0119,8.85,2020-06-14T22:40:44.380000Z,2020-06-14T22:40:48.920000Z,0.365,0.424,50.0,210.0,0,0.0,False,True,True,False,True,
data/processed/waveforms/us6000aew8_KARO.mseed,us6000aew8,KARO,KO,,HHE,broadband,0.00103,0.0868,4.91,2020-06-14T22:40:47.380000Z,,0.17,,100.0,210.0,0,0.0,False,True,True,False,True,
data/processed/waveforms/us6000aew8_VRTB.mseed,us6000aew8,VRTB,KO,,BHE,broadband,6e-05,0.0134,0.22,2020-06-14T22:41:05.440000Z,2020-06-14T22:41:18.600000Z,0.037,0.003,50.0,210.0,0,0.0,False,True,True,False,True,
data/processed/waveforms/us6000aew8_YEDI.mseed,us6000aew8,YEDI,KO,,BHE,broadband,0.00522,0.176,,,,,,50.0,210.0,0,0.0,True,True,True,False,False,clipping_şüphesi
data/processed/waveforms/us6000aexu_BNGB.mseed,us6000aexu,BNGB,KO,,BHE,broadband,0.00027,0.0073,9.02,2020-06-15T16:52:43.900000Z,,0.313,,50.0,210.0,0,0.0,False,True,True,False,True,
data/processed/waveforms/us6000aexu_KARO.mseed,us6000aexu,KARO,KO,,HHE,broadband,0.00454,0.1607,9.78,2020-06-15T16:52:47.690000Z,,0.313,,100.0,210.0,0,0.0,False,True,True,False,True,
data/processed/waveforms/us6000aexu_VRTB.mseed,us6000aexu,VRTB,KO,,BHE,broadband,0.00011,0.0114,2.1,2020-06-15T16:52:53.540000Z,,0.008,,50.0,210.0,0,0.0,False,True,True,False,True,
data/processed/waveforms/us6000aexu_YEDI.mseed,us6000aexu,YEDI,KO,,BHE,broadband,0.00677,0.1742,,,,,,50.0,210.0,0,0.0,True,True,True,False,False,clipping_şüphesi
data/processed/waveforms/us6000b930_SVRC.mseed,us6000b930,SVRC,KO,,BHE,broadband,0.01005,0.2994,43.96,2020-08-04T09:37:43.840000Z,,0.565,,50.0,180.0,0,0.0,False,True,True,False,True,
data/processed/waveforms/us6000b930_URFA.mseed,us6000b930,URFA,KO,,BHE,broadband,0.00178,0.3283,40.93,2020-08-04T09:37:47.200000Z,2020-08-04T09:38:02.300000Z,0.563,0.251,50.0,210.0,0,0.0,False,True,True,False,True,
data/processed/waveforms/us6000b9bt_SVRC.mseed,us6000b9bt,SVRC,KO,,BHE,broadband,0.00064,0.068,19.3,2020-08-04T18:40:12.700000Z,,0.52,,50.0,210.0,0,0.0,False,True,True,False,True,
data/processed/waveforms/us6000b9bt_URFA.mseed,us6000b9bt,URFA,KO,,BHE,broadband,0.00083,0.0542,31.54,2020-08-04T18:40:17.120000Z,,0.561,,50.0,210.0,0,0.0,False,True,True,False,True,
data/processed/waveforms/us6000bas2_AKDM.mseed,us6000bas2,AKDM,KO,,HHE,broadband,0.00433,0.2827,26.72,2020-08-07T19:20:20.270000Z,,0.552,,100.0,164.5,0,0.0,False,True,True,False,True,
data/processed/waveforms/us6000bas2_GURO.mseed,us6000bas2,GURO,KO,,HHE,broadband,2e-05,0.0026,,,,,,100.0,9.99,10,22.9229,False,True,True,False,False,has_gaps
data/processed/waveforms/us6000c3tv_BODT.mseed,us6000c3tv,BODT,KO,,BHE,broadband,0.00045,0.0362,,,,,,50.0,178.66,0,0.0,False,True,True,False,False,
data/processed/waveforms/us6000c3tv_DAT.mseed,us6000c3tv,DAT,KO,,BHE,broadband,0.00045,0.0345,,,,,,50.0,210.0,0,0.0,True,True,True,False,False,clipping_şüphesi
data/processed/waveforms/us6000c3tv_YKAV.mseed,us6000c3tv,YKAV,KO,,HNE,strong_motion,0.0002,0.0268,,,,,,100.0,180.0,0,0.0,False,True,True,True,False,
data/processed/waveforms/us6000c7m8_BODT.mseed,us6000c7m8,BODT,KO,,BHE,broadband,0.00015,0.015,,,,,,50.0,210.0,0,0.0,False,True,True,False,False,
data/processed/waveforms/us6000c7m8_DAT.mseed,us6000c7m8,DAT,KO,,BHE,broadband,0.00019,0.0174,,,,,,50.0,180.0,0,0.0,True,True,True,False,False,clipping_şüphesi
data/processed/waveforms/us6000c7m8_DATC.mseed,us6000c7m8,DATC,KO,,HNE,strong_motion,0.00036,0.0443,,,,,,100.0,180.0,0,0.0,False,True,True,True,False,
data/processed/waveforms/us6000c7nd_BODT.mseed,us6000c7nd,BODT,KO,,BHE,broadband,0.00032,0.0232,,,,,,50.0,210.0,0,0.0,False,True,True,False,False,
data/processed/waveforms/us6000c7nd_DAT.mseed,us6000c7nd,DAT,KO,,BHE,broadband,0.00027,0.0264,,,,,,50.0,180.0,0,0.0,True,True,True,False,False,clipping_şüphesi
data/processed/waveforms/us6000c7nd_DATC.mseed,us6000c7nd,DATC,KO,,HNE,strong_motion,0.00052,0.0746,,,,,,100.0,180.0,0,0.0,False,True,True,True,False,
data/processed/waveforms/us6000cpnj_CANT.mseed,us6000cpnj,CANT,KO,,BHE,broadband,0.00017,0.015,,,,,,50.0,210.0,0,0.0,False,True,True,False,False,
data/processed/waveforms/us6000cpnj_KMON.mseed,us6000cpnj,KMON,KO,,HNE,strong_motion,0.00016,0.0144,,,,,,100.0,210.0,0,0.0,False,True,True,True,False,
data/processed/waveforms/us6000cpnj_TOS.mseed,us6000cpnj,TOS,KO,,HNE,strong_motion,0.00014,0.0122,,,,,,100.0,210.0,0,0.0,False,True,True,True,False,
data/processed/waveforms/us6000csja_BAYT.mseed,us6000csja,BAYT,KO,,BHE,broadband,0.0057,0.168,23.98,2020-11-22T14:40:28.380000Z,,0.541,,50.0,210.0,0,0.0,False,True,True,False,True,
data/processed/waveforms/us6000csja_ERZN.mseed,us6000csja,ERZN,KO,,BHE,broadband,0.00014,0.0033,,,,,,50.0,210.0,0,0.0,False,True,True,False,False,
data/processed/waveforms/us6000csja_GUMT.mseed,us6000csja,GUMT,KO,,HNE,strong_motion,0.0008,0.0238,,,,,,100.0,210.0,0,0.0,False,True,True,True,False,
data/processed/waveforms/us6000csja_KTUT.mseed,us6000csja,KTUT,KO,,BHE,broadband,0.00054,0.0142,5.87,2020-11-22T14:40:39.880000Z,2020-11-22T14:40:50.760000Z,0.283,0.312,50.0,210.0,0,0.0,False,True,True,False,True,
data/processed/waveforms/us6000d3dd_DYBB.mseed,us6000d3dd,DYBB,KO,,BHE,broadband,0.00354,0.2833,36.66,2020-12-27T06:37:50.300000Z,2020-12-27T06:38:03.140000Z,0.564,0.188,50.0,210.0,0,0.0,False,True,True,False,True,
data/processed/waveforms/us6000d3dd_SVRC.mseed,us6000d3dd,SVRC,KO,,BHE,broadband,0.02435,0.6446,52.12,2020-12-27T06:37:35.360000Z,,0.565,,50.0,180.0,0,0.0,False,True,True,False,True,
data/processed/waveforms/us6000ddkk_FOCM.mseed,us6000ddkk,FOCM,KO,,HNE,strong_motion,0.00255,0.1464,10.02,2021-02-01T05:47:05.410000Z,,0.343,,100.0,210.0,0,0.0,False,True,True,True,True,
data/processed/waveforms/us6000ddkk_KRBN.mseed,us6000ddkk,KRBN,KO,,HNE,strong_motion,0.00435,0.2076,,,,,,100.0,210.0,0,0.0,False,True,True,True,False,
data/processed/waveforms/us6000ddkp_FOCM.mseed,us6000ddkp,FOCM,KO,,HNE,strong_motion,0.00163,0.0887,4.03,2021-02-01T06:00:19.260000Z,,0.215,,100.0,210.0,0,0.0,False,True,True,True,True,
data/processed/waveforms/us6000ddkp_KRBN.mseed,us6000ddkp,KRBN,KO,,HNE,strong_motion,0.00249,0.1197,,,,,,100.0,210.0,3,0.0714,False,True,True,False,False,has_gaps
data/processed/waveforms/us6000ddle_KRBN.mseed,us6000ddle,KRBN,KO,,HNE,strong_motion,0.00394,0.4287,,,,,,100.0,210.0,0,0.0,False,True,True,True,False,
data/processed/waveforms/us6000ddmm_FOCM.mseed,us6000ddmm,FOCM,KO,,HNE,strong_motion,0.00083,0.0298,6.07,2021-02-01T13:10:29.450000Z,,0.081,,100.0,210.0,0,0.0,False,True,True,True,True,
data/processed/waveforms/us6000ddmm_KRBN.mseed,us6000ddmm,KRBN,KO,,HNE,strong_motion,0.00151,0.0677,,,,,,100.0,210.0,0,0.0,False,True,True,True,False,
data/processed/waveforms/us6000ddra_FOCM.mseed,us6000ddra,FOCM,KO,,HNE,strong_motion,0.00109,0.1085,,,,,,100.0,210.0,0,0.0,False,True,True,True,False,
data/processed/waveforms/us6000dds6_BNN.mseed,us6000dds6,BNN,KO,,BHE,broadband,0.00409,0.1771,24.92,2021-02-02T00:02:49.860000Z,,0.559,,50.0,210.0,0,0.0,False,True,True,False,True,
data/processed/waveforms/us6000dds6_KOZK.mseed,us6000dds6,KOZK,KO,,HNE,strong_motion,0.00173,0.08,6.0,2021-02-02T00:03:04.080000Z,2021-02-02T00:03:16.050000Z,0.071,0.189,100.0,210.0,0,0.0,False,True,True,True,True,
data/processed/waveforms/us6000dds6_SARI.mseed,us6000dds6,SARI,KO,,BHE,broadband,0.00138,0.0652,12.67,2021-02-02T00:02:58.440000Z,,0.371,,50.0,210.0,0,0.0,False,True,True,False,True,
data/processed/waveforms/us6000dds6_YOZ.mseed,us6000dds6,YOZ,KO,,HHE,broadband,0.00162,0.0928,27.58,2021-02-02T00:02:58.530000Z,,0.554,,100.0,210.0,0,0.0,True,True,True,False,True,clipping_şüphesi
data/processed/waveforms/us6000detl_AGRB.mseed,us6000detl,AGRB,KO,,HHE,broadband,4e-05,0.0096,9.51,2021-02-05T15:36:48.270000Z,2021-02-05T15:36:51.320000Z,0.238,0.159,100.0,210.0,0,0.0,False,True,True,False,True,
data/processed/waveforms/us6000detl_KARS.mseed,us6000detl,KARS,KO,,HHE,broadband,0.0001,0.0263,9.63,2021-02-05T15:36:42.980000Z,2021-02-05T15:37:05.680000Z,0.307,0.24,100.0,180.0,0,0.0,False,True,True,False,True,
data/processed/waveforms/us6000detl_TASB.mseed,us6000detl,TASB,KO,,HHE,broadband,0.00059,0.0496,10.52,2021-02-05T15:36:29.460000Z,2021-02-05T15:38:09.490000Z,0.376,0.037,100.0,180.0,0,0.0,False,True,True,False,True,
data/processed/waveforms/us6000dfvn_CESE.mseed,us6000dfvn,CESE,KO,,HNE,strong_motion,0.00239,0.1214,,,,,,100.0,210.0,0,0.0,False,True,True,True,False,
data/processed/waveforms/us6000dfvn_FOCM.mseed,us6000dfvn,FOCM,KO,,HNE,strong_motion,0.00255,0.1462,7.85,2021-02-01T05:48:06.710000Z,,0.243,,100.0,210.0,0,0.0,False,True,True,True,True,
data/processed/waveforms/us6000dfvn_KRBN.mseed,us6000dfvn,KRBN,KO,,HNE,strong_motion,0.00374,0.2083,,,,,,100.0,210.0,0,0.0,False,True,True,True,False,
data/processed/waveforms/us6000dfyz_BLVD.mseed,us6000dfyz,BLVD,KO,,HHE,broadband,0.00225,0.0588,29.52,2021-02-09T15:52:03.630000Z,2021-02-09T15:52:52.310000Z,0.563,0.196,100.0,210.0,0,0.0,False,True,True,False,True,
data/processed/waveforms/us6000dfyz_KIZT.mseed,us6000dfyz,KIZT,KO,,BHE,broadband,0.00361,0.1093,22.36,2021-02-09T15:52:00.800000Z,2021-02-09T15:52:47.020000Z,0.509,0.41,50.0,210.0,0,0.0,False,True,True,False,True,
data/processed/waveforms/us6000dfyz_SDAG.mseed,us6000dfyz,SDAG,KO,,HHE,broadband,0.00143,0.0705,10.49,2021-02-09T15:52:06.230000Z,2021-02-09T15:52:15.100000Z,0.415,0.277,100.0,210.0,0,0.0,False,True,True,False,True,
data/processed/waveforms/us6000dgvq_BZK.mseed,us6000dgvq,BZK,KO,,BHE,broadband,0.00108,0.065,15.91,2021-02-12T03:38:08.820000Z,,0.331,,50.0,210.0,0,0.0,False,True,True,False,True,
data/processed/waveforms/us6000dgvq_KMON.mseed,us6000dgvq,KMON,KO,,HNE,strong_motion,0.01241,0.7585,,,,,,100.0,210.0,0,0.0,False,True,True,True,False,
data/processed/waveforms/us6000dgvq_SAFT.mseed,us6000dgvq,SAFT,KO,,HNE,strong_motion,0.0032,0.09,,,,,,100.0,210.0,0,0.0,False,True,True,True,False,
data/processed/waveforms/us6000dgvq_TOS.mseed,us6000dgvq,TOS,KO,,HNE,strong_motion,0.00119,0.0782,,,,,,100.0,210.0,0,0.0,False,True,True,True,False,
data/processed/waveforms/us6000dhd5_AGRB.mseed,us6000dhd5,AGRB,KO,,HHE,broadband,0.0002,0.0228,18.34,2021-02-13T11:29:48.310000Z,2021-02-13T11:30:07.610000Z,0.542,0.158,100.0,210.0,0,0.0,False,True,True,False,True,
data/processed/waveforms/us6000dhd5_KARS.mseed,us6000dhd5,KARS,KO,,HHE,broadband,0.00018,0.0207,13.27,2021-02-13T11:29:48.440000Z,2021-02-13T11:30:05.120000Z,0.498,0.179,100.0,210.0,0,0.0,False,True,True,False,True,
data/processed/waveforms/us6000dhd5_TASB.mseed,us6000dhd5,TASB,KO,,HHE,broadband,0.00642,0.3001,21.5,2021-02-13T11:29:28.730000Z,2021-02-13T11:32:02.880000Z,0.529,0.006,100.0,210.0,0,0.0,False,True,True,False,True,
data/processed/waveforms/us6000di2c_BLVD.mseed,us6000di2c,BLVD,KO,,HHE,broadband,0.00151,0.0438,25.78,2021-02-09T15:54:05.790000Z,,0.561,,100.0,210.0,0,0.0,False,True,True,False,True,
data/processed/waveforms/us6000di2c_KIZT.mseed,us6000di2c,KIZT,KO,,BHE,broadband,0.00307,0.08,14.86,2021-02-09T15:54:03.500000Z,2021-02-09T15:54:04.520000Z,0.334,0.458,50.0,210.0,0,0.0,False,True,True,False,True,
data/processed/waveforms/us6000di2c_SDAG.mseed,us6000di2c,SDAG,KO,,HHE,broadband,0.00116,0.0561,6.21,2021-02-09T15:54:08.450000Z,,0.291,,100.0,210.0,0,0.0,False,True,True,False,True,
data/processed/waveforms/us6000dy7s_DATC.mseed,us6000dy7s,DATC,KO,,HNE,strong_motion,0.00045,0.0294,,,,,,100.0,210.0,0,0.0,False,True,True,True,False,
data/processed/waveforms/us6000dy7s_YKAV.mseed,us6000dy7s,YKAV,KO,,HNE,strong_motion,0.00012,0.0126,,,,,,100.0,210.0,0,0.0,False,True,True,True,False,
data/processed/waveforms/us6000dzl3_BODT.mseed,us6000dzl3,BODT,KO,,BHE,broadband,0.00029,0.0091,,,,,,50.0,210.0,0,0.0,False,True,True,False,False,
data/processed/waveforms/us6000dzl3_DATC.mseed,us6000dzl3,DATC,KO,,HNE,strong_motion,0.00115,0.0573,,,,,,100.0,204.97,0,0.0,False,False,True,True,False,eksik_bileşen
data/processed/waveforms/us6000dzvs_BODT.mseed,us6000dzvs,BODT,KO,,BHE,broadband,0.00077,0.0194,,,,,,50.0,210.0,0,0.0,False,True,True,False,False,
data/processed/waveforms/us6000dzvs_DATC.mseed,us6000dzvs,DATC,KO,,HNE,strong_motion,0.00248,0.1561,,,,,,100.0,210.0,0,0.0,False,True,True,True,False,
data/processed/waveforms/us6000e1bu_DATC.mseed,us6000e1bu,DATC,KO,,HNE,strong_motion,0.0076,0.412,,,,,,100.0,180.0,0,0.0,False,True,True,True,False,
data/processed/waveforms/us6000e1pd_EZN.mseed,us6000e1pd,EZN,KO,,HHE,broadband,0.00074,0.0212,10.79,2021-04-15T04:10:31.350000Z,,0.424,,100.0,210.0,0,0.0,False,True,True,False,True,
data/processed/waveforms/us6000e1pd_EZNE.mseed,us6000e1pd,EZNE,KO,,HNE,strong_motion,0.00084,0.0316,,,,,,100.0,210.0,0,0.0,False,True,True,True,False,
data/processed/waveforms/us6000e2f0_BODT.mseed,us6000e2f0,BODT,KO,,BHE,broadband,0.00207,0.1045,,,,,,50.0,210.0,0,0.0,False,True,True,False,False,
data/processed/waveforms/us6000e2f0_DATC.mseed,us6000e2f0,DATC,KO,,HNE,strong_motion,0.00674,0.2552,,,,,,100.0,180.0,0,0.0,False,True,True,True,False,
data/processed/waveforms/us6000e33i_BODT.mseed,us6000e33i,BODT,KO,,BHE,broadband,0.00141,0.0468,,,,,,50.0,210.0,0,0.0,False,True,True,False,False,
data/processed/waveforms/us6000e33i_DATC.mseed,us6000e33i,DATC,KO,,HNE,strong_motion,0.00344,0.159,,,,,,100.0,210.0,0,0.0,False,True,True,True,False,
data/processed/waveforms/us6000epst_BNGB.mseed,us6000epst,BNGB,KO,,BHE,broadband,0.00598,0.2213,33.73,2021-06-25T18:28:44.580000Z,,0.559,,50.0,112.3,0,0.0,False,True,True,False,True,
data/processed/waveforms/us6000epst_ERZN.mseed,us6000epst,ERZN,KO,,BHE,broadband,0.00451,0.265,21.12,2021-06-25T18:28:48.360000Z,,0.464,,50.0,210.0,0,0.0,False,True,True,False,True,
data/processed/waveforms/us6000epst_YEDI.mseed,us6000epst,YEDI,KO,,BHE,broadband,0.03659,3.2354,,,,,,50.0,180.0,0,0.0,False,True,True,False,False,
data/processed/waveforms/us6000exyx_BODT.mseed,us6000exyx,BODT,KO,,BHE,broadband,0.0007,0.0273,,,,,,50.0,210.0,0,0.0,False,True,True,False,False,
data/processed/waveforms/us6000eyju_BODT.mseed,us6000eyju,BODT,KO,,BHE,broadband,4e-05,0.0044,,,,,,50.0,210.0,0,0.0,False,True,True,False,False,
data/processed/waveforms/us6000ez0a_GAZ.mseed,us6000ez0a,GAZ,KO,,BHE,broadband,0.00097,0.0248,5.41,2021-07-25T20:55:20.040000Z,,0.238,,50.0,210.0,0,0.0,False,True,True,False,True,
data/processed/waveforms/us6000ez0a_KMRS.mseed,us6000ez0a,KMRS,KO,,BHE,broadband,0.00082,0.0318,8.89,2021-07-25T20:55:15.140000Z,2021-07-25T20:55:21.340000Z,0.35,0.457,50.0,210.0,0,0.0,False,True,True,False,True,
data/processed/waveforms/us6000ez0a_KOZT.mseed,us6000ez0a,KOZT,KO,,BHE,broadband,0.00026,0.0138,,,,,,50.0,210.0,0,0.0,False,True,True,False,False,
data/processed/waveforms/us6000f11n_BODT.mseed,us6000f11n,BODT,KO,,BHE,broadband,0.00066,0.0391,,,,,,50.0,210.0,0,0.0,False,True,True,False,False,
data/processed/waveforms/us6000f155_BODT.mseed,us6000f155,BODT,KO,,BHE,broadband,0.00255,0.1643,2.84,2021-08-01T04:31:57.700000Z,,0.082,,50.0,210.0,0,0.0,False,True,True,False,True,
data/processed/waveforms/us6000f16z_BODT.mseed,us6000f16z,BODT,KO,,BHE,broadband,0.00057,0.0248,,,,,,50.0,210.0,0,0.0,False,True,True,False,False,
data/processed/waveforms/us6000f1u4_BODT.mseed,us6000f1u4,BODT,KO,,BHE,broadband,0.00148,0.1476,0.55,2021-08-03T12:38:49.360000Z,,0.065,,50.0,210.0,0,0.0,False,True,True,False,True,
data/processed/waveforms/us6000f1yr_BODT.mseed,us6000f1yr,BODT,KO,,BHE,broadband,0.00068,0.0636,,,,,,50.0,210.0,0,0.0,False,True,True,False,False,
data/processed/waveforms/us6000f328_BODT.mseed,us6000f328,BODT,KO,,BHE,broadband,0.00099,0.0989,-1.81,2021-08-07T01:40:17.500000Z,,0.018,,50.0,210.0,0,0.0,False,True,True,False,True,
data/processed/waveforms/us6000f6s8_AGRB.mseed,us6000f6s8,AGRB,KO,,HHE,broadband,5e-05,0.0072,4.93,2021-08-16T01:44:41.480000Z,2021-08-16T01:44:44.150000Z,0.229,0.103,100.0,210.0,0,0.0,False,True,True,False,True,
data/processed/waveforms/us6000f6s8_KARS.mseed,us6000f6s8,KARS,KO,,HHE,broadband,0.00037,0.0425,21.37,2021-08-16T01:44:27.010000Z,2021-08-16T01:44:32.020000Z,0.525,0.338,100.0,49.99,12,4.3009,False,True,True,False,False,has_gaps
data/processed/waveforms/us6000f8b9_BODT.mseed,us6000f8b9,BODT,KO,,BHE,broadband,0.00075,0.0288,,,,,,50.0,210.0,0,0.0,False,True,True,False,False,
data/processed/waveforms/us6000fq3y_BODT.mseed,us6000fq3y,BODT,KO,,BHE,broadband,0.00024,0.0085,,,,,,50.0,210.0,0,0.0,False,True,True,False,False,
data/processed/waveforms/us6000fq3y_YKAV.mseed,us6000fq3y,YKAV,KO,,HNE,strong_motion,0.00021,0.0207,,,,,,100.0,210.0,0,0.0,False,True,True,True,False,
data/processed/waveforms/us6000fq9m_BODT.mseed,us6000fq9m,BODT,KO,,BHE,broadband,0.0007,0.0257,,,,,,50.0,210.0,0,0.0,False,True,True,False,False,
data/processed/waveforms/us6000fq9n_BODT.mseed,us6000fq9n,BODT,KO,,BHE,broadband,0.00061,0.0248,,,,,,50.0,210.0,0,0.0,False,True,True,False,False,
data/processed/waveforms/us6000fsp1_BODT.mseed,us6000fsp1,BODT,KO,,BHE,broadband,0.0,0.0002,,,,,,50.0,210.0,0,0.0,False,True,True,False,False,
data/processed/waveforms/us6000fsp1_YKAV.mseed,us6000fsp1,YKAV,KO,,HNE,strong_motion,7e-05,0.0348,,,,,,100.0,210.0,0,0.0,False,True,True,True,False,
data/processed/waveforms/us6000ftxu_BODT.mseed,us6000ftxu,BODT,KO,,BHE,broadband,0.00093,0.2433,2.1,2021-10-12T09:25:18.820000Z,2021-10-12T09:25:27.980000Z,0.043,0.046,50.0,210.0,0,0.0,False,True,True,False,True,
data/processed/waveforms/us6000fwd6_BODT.mseed,us6000fwd6,BODT,KO,,BHE,broadband,2e-05,0.0023,,,,,,50.0,210.0,0,0.0,False,True,True,False,False,
data/processed/waveforms/us6000fwd6_DAT.mseed,us6000fwd6,DAT,KO,,BHE,broadband,1e-05,0.0007,,,,,,50.0,210.0,0,0.0,False,True,True,False,False,
data/processed/waveforms/us6000fwd6_DATC.mseed,us6000fwd6,DATC,KO,,HNE,strong_motion,0.00056,0.0497,,,,,,100.0,210.0,0,0.0,False,True,True,True,False,
data/processed/waveforms/us6000fwd6_YKAV.mseed,us6000fwd6,YKAV,KO,,HNE,strong_motion,4e-05,0.0144,,,,,,100.0,210.0,0,0.0,True,True,True,False,False,clipping_şüphesi
data/processed/waveforms/us6000fwdx_BODT.mseed,us6000fwdx,BODT,KO,,BHE,broadband,1e-05,0.0007,,,,,,50.0,210.0,0,0.0,False,True,True,False,False,
data/processed/waveforms/us6000fwdx_DAT.mseed,us6000fwdx,DAT,KO,,BHE,broadband,1e-05,0.0009,,,,,,50.0,210.0,0,0.0,False,True,True,False,False,
data/processed/waveforms/us6000fwdx_DATC.mseed,us6000fwdx,DATC,KO,,HNE,strong_motion,0.00037,0.0486,,,,,,100.0,127.45,0,0.0,False,True,True,True,False,
data/processed/waveforms/us6000fwdx_YKAV.mseed,us6000fwdx,YKAV,KO,,HNE,strong_motion,7e-05,0.0195,,,,,,100.0,209.99,0,0.0,False,True,True,True,False,
data/processed/waveforms/us6000fwpx_BODT.mseed,us6000fwpx,BODT,KO,,BHE,broadband,1e-05,0.0011,,,,,,50.0,210.0,0,0.0,False,True,True,False,False,
data/processed/waveforms/us6000fwpx_DAT.mseed,us6000fwpx,DAT,KO,,BHE,broadband,1e-05,0.0009,,,,,,50.0,200.12,0,0.0,False,True,True,False,False,
data/processed/waveforms/us6000fwpx_DATC.mseed,us6000fwpx,DATC,KO,,HNE,strong_motion,7e-05,0.0236,,,,,,100.0,133.14,0,0.0,False,False,True,True,False,"eksik_bileşen,Z_bileşeni_yok_veya_kısa"
data/processed/waveforms/us6000fwpx_YKAV.mseed,us6000fwpx,YKAV,KO,,HNE,strong_motion,5e-05,0.0107,,,,,,100.0,210.0,0,0.0,True,True,True,False,False,clipping_şüphesi
data/processed/waveforms/us6000g7ta_CESE.mseed,us6000g7ta,CESE,KO,,HNE,strong_motion,0.00461,0.2569,,,,,,100.0,180.0,0,0.0,False,True,True,True,False,
data/processed/waveforms/us6000g7ta_GMLD.mseed,us6000g7ta,GMLD,KO,,HNE,strong_motion,0.00938,0.6838,,,,,,100.0,180.0,0,0.0,False,True,True,True,False,
data/processed/waveforms/us6000g7ta_KRBN.mseed,us6000g7ta,KRBN,KO,,HNE,strong_motion,0.00324,0.3037,,,,,,100.0,210.0,0,0.0,False,True,True,True,False,
data/processed/waveforms/us6000g7ta_KUSD.mseed,us6000g7ta,KUSD,KO,,HNE,strong_motion,0.0012,0.0852,,,,,,100.0,210.0,0,0.0,False,True,True,True,False,
data/processed/waveforms/us6000g9c1_AKDM.mseed,us6000g9c1,AKDM,KO,,HHE,broadband,0.00037,0.0833,17.68,2021-12-05T21:47:01.040000Z,2021-12-05T21:48:34.880000Z,0.368,0.033,100.0,210.0,0,0.0,False,True,True,False,True,
data/processed/waveforms/us6000g9c1_ERCV.mseed,us6000g9c1,ERCV,KO,,HNE,strong_motion,0.03124,2.8673,,,,,,100.0,39.99,3,0.1265,False,True,True,False,False,has_gaps
data/processed/waveforms/us6000g9c1_VANB.mseed,us6000g9c1,VANB,KO,,HHE,broadband,0.0011,0.2086,18.15,2021-12-05T21:46:58.180000Z,,0.51,,100.0,210.0,0,0.0,False,True,True,False,True,
data/processed/waveforms/us6000gffm_DAT.mseed,us6000gffm,DAT,KO,,BHE,broadband,0.00012,0.0154,,,,,,50.0,180.0,0,0.0,True,True,True,False,False,clipping_şüphesi
data/processed/waveforms/us6000gffm_DATC.mseed,us6000gffm,DATC,KO,,HNE,strong_motion,0.00032,0.0426,,,,,,100.0,180.0,0,0.0,False,True,True,True,False,
data/processed/waveforms/us6000gfhq_DAT.mseed,us6000gfhq,DAT,KO,,BHE,broadband,0.00033,0.1108,,,,,,50.0,180.0,0,0.0,True,True,True,False,False,clipping_şüphesi
data/processed/waveforms/us6000gfhq_DATC.mseed,us6000gfhq,DATC,KO,,HNE,strong_motion,0.00092,0.18,,,,,,100.0,180.0,0,0.0,False,True,True,True,False,
data/processed/waveforms/us6000h4c4_BCA.mseed,us6000h4c4,BCA,KO,,BHE,broadband,1e-05,0.0009,,,,,,50.0,210.0,0,0.0,False,True,True,False,False,
data/processed/waveforms/us6000h4c4_KARS.mseed,us6000h4c4,KARS,KO,,HHE,broadband,1e-05,0.0024,2.09,2022-03-14T01:16:38.070000Z,,0.012,,100.0,210.0,0,0.0,False,True,True,False,True,
data/processed/waveforms/us6000h4c4_SENK.mseed,us6000h4c4,SENK,KO,,BHE,broadband,1e-05,0.001,,,,,,50.0,210.0,0,0.0,False,True,True,False,False,
data/processed/waveforms/us6000h4c4_TASB.mseed,us6000h4c4,TASB,KO,,HHE,broadband,1e-05,0.0028,,,,,,100.0,210.0,0,0.0,False,True,True,False,False,
data/processed/waveforms/us6000h4pa_BCA.mseed,us6000h4pa,BCA,KO,,BHE,broadband,0.00158,0.037,7.42,2022-03-15T12:26:18.980000Z,2022-03-15T12:26:31.640000Z,0.145,0.255,50.0,210.0,0,0.0,False,True,True,False,True,
data/processed/waveforms/us6000h4pa_HOPA.mseed,us6000h4pa,HOPA,KO,,HNE,strong_motion,0.00287,0.068,,,,,,100.0,210.0,0,0.0,False,True,True,True,False,
data/processed/waveforms/us6000h4pa_KARS.mseed,us6000h4pa,KARS,KO,,HHE,broadband,6e-05,0.0056,6.94,2022-03-15T12:26:26.000000Z,,0.242,,100.0,78.05,0,0.0,False,True,True,False,True,
data/processed/waveforms/us6000h4pa_SENK.mseed,us6000h4pa,SENK,KO,,BHE,broadband,0.0001,0.0085,,,,,,50.0,210.0,0,0.0,False,True,True,False,False,
data/processed/waveforms/us6000hfzb_DAT.mseed,us6000hfzb,DAT,KO,,BHE,broadband,0.00017,0.0102,,,,,,50.0,210.0,0,0.0,True,True,True,False,False,clipping_şüphesi
data/processed/waveforms/us6000i1i3_AGRB.mseed,us6000i1i3,AGRB,KO,,HHE,broadband,7e-05,0.0085,4.75,2022-07-11T03:37:22.440000Z,,0.074,,100.0,210.0,0,0.0,True,True,True,False,True,clipping_şüphesi
data/processed/waveforms/us6000i1i3_KARS.mseed,us6000i1i3,KARS,KO,,HHE,broadband,0.00134,0.0818,16.7,2022-07-11T03:36:38.630000Z,,0.434,,100.0,210.0,0,0.0,False,True,True,False,True,
data/processed/waveforms/us6000i1i3_SENK.mseed,us6000i1i3,SENK,KO,,BHE,broadband,0.00027,0.0228,5.75,2022-07-11T03:36:49.700000Z,2022-07-11T03:37:10.260000Z,0.105,0.065,50.0,210.0,0,0.0,False,True,True,False,True,
data/processed/waveforms/us6000i1i3_TASB.mseed,us6000i1i3,TASB,KO,,HHE,broadband,0.00025,0.0186,,,,,,100.0,210.0,0,0.0,False,True,True,False,False,
data/processed/waveforms/us6000ianw_AYDB.mseed,us6000ianw,AYDB,KO,,HHE,broadband,0.00231,0.0607,17.91,2022-08-14T03:24:34.410000Z,,0.396,,100.0,210.0,0,0.0,False,True,True,False,True,
data/processed/waveforms/us6000ianw_BLCB.mseed,us6000ianw,BLCB,KO,,BHE,broadband,0.00222,0.1594,29.06,2022-08-14T03:24:31.260000Z,,0.563,,50.0,210.0,0,0.0,True,True,True,False,True,clipping_şüphesi
data/processed/waveforms/us6000ianw_GMLD.mseed,us6000ianw,GMLD,KO,,HNE,strong_motion,0.09573,5.8589,,,,,,100.0,180.0,0,0.0,False,True,True,True,False,
data/processed/waveforms/us6000ianw_KUSD.mseed,us6000ianw,KUSD,KO,,HNE,strong_motion,0.01051,0.5462,,,,,,100.0,180.0,0,0.0,False,True,True,True,False,
data/processed/waveforms/us6000inmr_AGRB.mseed,us6000inmr,AGRB,KO,,HHE,broadband,0.0002,0.047,14.16,2022-09-27T14:08:54.770000Z,2022-09-27T14:08:57.710000Z,0.249,0.164,100.0,210.0,0,0.0,False,True,True,False,True,
data/processed/waveforms/us6000inmr_KARS.mseed,us6000inmr,KARS,KO,,HHE,broadband,0.00897,0.3023,40.3,2022-09-27T14:08:37.480000Z,,0.564,,100.0,97.26,0,0.0,False,True,True,False,True,
data/processed/waveforms/us6000inmr_KOPR.mseed,us6000inmr,KOPR,KO,,HHE,broadband,0.00068,0.2061,5.17,2022-09-27T14:08:52.200000Z,2022-09-27T14:08:58.300000Z,0.038,0.187,100.0,210.0,0,0.0,False,True,True,False,True,
data/processed/waveforms/us6000inmr_SENK.mseed,us6000inmr,SENK,KO,,BHE,broadband,0.00553,0.5892,19.32,2022-09-27T14:08:39.940000Z,,0.415,,50.0,180.0,0,0.0,False,True,True,False,True,
data/processed/waveforms/us6000iq6f_CAME.mseed,us6000iq6f,CAME,KO,,HNE,strong_motion,0.00445,0.1435,13.91,2022-10-02T10:58:10.080000Z,,0.295,,100.0,210.0,0,0.0,False,True,True,True,True,
data/processed/waveforms/us6000iq6f_DALY.mseed,us6000iq6f,DALY,KO,,BHE,broadband,0.00174,0.0901,20.54,2022-10-02T10:58:09.540000Z,,0.43,,50.0,210.0,0,0.0,False,True,True,False,True,
data/processed/waveforms/us6000iq6f_FETI.mseed,us6000iq6f,FETI,KO,,HNE,strong_motion,0.00348,4.1084,,,,,,100.0,210.0,0,0.0,True,True,True,False,False,clipping_şüphesi
data/processed/waveforms/us6000iq6f_FETY.mseed,us6000iq6f,FETY,KO,,HHE,broadband,0.00123,0.0383,19.61,2022-10-02T10:58:11.200000Z,,0.524,,100.0,210.0,0,0.0,False,True,True,False,True,
data/processed/waveforms/us6000iqx6_CLDR.mseed,us6000iqx6,CLDR,KO,,BHE,broadband,0.00327,0.2752,23.15,2022-10-05T00:21:49.480000Z,,0.512,,50.0,180.0,0,0.0,False,True,True,False,True,
data/processed/waveforms/us6000iqx6_ERCV.mseed,us6000iqx6,ERCV,KO,,HNE,strong_motion,0.00209,0.7069,,,,,,100.0,210.0,0,0.0,False,True,True,True,False,
data/processed/waveforms/us6000iqx6_TASB.mseed,us6000iqx6,TASB,KO,,HHE,broadband,0.00076,0.2165,13.91,2022-10-05T00:21:59.140000Z,2022-10-05T00:22:04.310000Z,0.32,0.162,100.0,210.0,0,0.0,False,True,True,False,True,
data/processed/waveforms/us6000iqx6_VANB.mseed,us6000iqx6,VANB,KO,,HHE,broadband,0.00081,0.1772,20.95,2022-10-05T00:21:53.480000Z,2022-10-05T00:22:13.900000Z,0.452,0.273,100.0,180.0,0,0.0,False,True,True,False,True,
data/processed/waveforms/us6000ir26_CLDR.mseed,us6000ir26,CLDR,KO,,BHE,broadband,0.00043,0.0375,9.28,2022-10-05T13:51:59.880000Z,2022-10-05T13:52:02.080000Z,0.088,0.252,50.0,210.0,0,0.0,False,True,True,False,True,
data/processed/waveforms/us6000ir26_ERCV.mseed,us6000ir26,ERCV,KO,,HNE,strong_motion,0.00115,0.0443,,,,,,100.0,210.0,0,0.0,False,True,True,True,False,
data/processed/waveforms/us6000ir26_TASB.mseed,us6000ir26,TASB,KO,,HHE,broadband,0.0001,0.0143,,,,,,100.0,210.0,0,0.0,False,True,True,False,False,
data/processed/waveforms/us6000ir26_VANB.mseed,us6000ir26,VANB,KO,,HHE,broadband,0.00011,0.0129,4.89,2022-10-05T13:52:06.300000Z,2022-10-05T13:52:24.840000Z,0.097,0.045,100.0,210.0,0,0.0,False,True,True,False,True,
data/processed/waveforms/us6000isrr_CEYT.mseed,us6000isrr,CEYT,KO,,BHE,broadband,0.00097,0.1017,20.04,2022-10-11T15:48:56.600000Z,2022-10-11T15:51:33.740000Z,0.382,0.016,50.0,180.0,0,0.0,False,True,True,False,True,
data/processed/waveforms/us6000isrr_KHMN.mseed,us6000isrr,KHMN,KO,,HNE,strong_motion,0.00467,0.1256,,,,,,100.0,210.0,0,0.0,False,True,True,True,False,
data/processed/waveforms/us6000isrr_KMRS.mseed,us6000isrr,KMRS,KO,,BHE,broadband,0.00127,0.0724,24.7,2022-10-11T15:48:56.540000Z,,0.55,,50.0,210.0,0,0.0,False,True,True,False,True,
data/processed/waveforms/us6000ja6e_CEYT.mseed,us6000ja6e,CEYT,KO,,HHE,broadband,0.00068,0.0404,14.47,2022-12-18T18:13:26.210000Z,,0.414,,100.0,210.0,0,0.0,False,True,True,False,True,
data/processed/waveforms/us6000ja6e_KRTS.mseed,us6000ja6e,KRTS,KO,,HNE,strong_motion,0.00125,0.0635,,,,,,100.0,210.0,0,0.0,False,True,True,True,False,
data/processed/waveforms/us6000ja6e_TAHT.mseed,us6000ja6e,TAHT,KO,,HHE,broadband,0.04212,0.5248,43.64,2022-12-18T18:13:14.700000Z,,0.565,,100.0,210.0,0,0.0,False,True,True,False,True,
data/processed/waveforms/us6000jj5k_FETI.mseed,us6000jj5k,FETI,KO,,HNE,strong_motion,0.00268,2.1646,,,,,,100.0,210.0,0,0.0,True,True,True,False,False,clipping_şüphesi
data/processed/waveforms/us6000jj5k_FETY.mseed,us6000jj5k,FETY,KO,,HHE,broadband,0.00315,0.194,35.24,2023-01-25T12:37:24.010000Z,,0.564,,100.0,210.0,0,0.0,False,True,True,False,True,
data/processed/waveforms/us6000jk0t_AKDM.mseed,us6000jk0t,AKDM,KO,,HHE,broadband,0.00126,0.1855,30.64,2023-01-28T18:15:13.950000Z,2023-01-28T18:15:39.530000Z,0.5,0.129,100.0,209.99,0,0.0,False,True,True,False,True,
data/processed/waveforms/us6000jk0t_CLDR.mseed,us6000jk0t,CLDR,KO,,HHE,broadband,0.00528,1.9674,29.68,2023-01-28T18:15:02.680000Z,2023-01-28T18:16:50.630000Z,0.483,0.022,100.0,11.99,25,30.9425,False,True,True,False,False,has_gaps
data/processed/waveforms/us6000jk0t_ERCV.mseed,us6000jk0t,ERCV,KO,,HNE,strong_motion,0.008,1.1911,,,,,,100.0,209.99,0,0.0,False,True,True,True,False,
data/processed/waveforms/us6000jk1j_CLDR.mseed,us6000jk1j,CLDR,KO,,HHE,broadband,0.00015,0.0922,14.73,2023-01-28T20:12:11.370000Z,,0.442,,100.0,19.99,11,18.2591,False,True,True,False,False,has_gaps
data/processed/waveforms/us6000jk1j_ERCV.mseed,us6000jk1j,ERCV,KO,,HNE,strong_motion,0.0001,0.0182,,,,,,100.0,210.0,0,0.0,False,True,True,True,False,
data/processed/waveforms/us6000jk1j_TASB.mseed,us6000jk1j,TASB,KO,,HHE,broadband,3e-05,0.0079,,,,,,100.0,210.0,0,0.0,False,True,True,False,False,
data/processed/waveforms/us6000jk5x_AKDM.mseed,us6000jk5x,AKDM,KO,,HHE,broadband,0.0001,0.0123,1.36,2023-01-29T14:41:44.340000Z,2023-01-29T14:42:06.960000Z,0.067,0.149,100.0,210.0,0,0.0,False,True,True,False,True,
data/processed/waveforms/us6000jk5x_CLDR.mseed,us6000jk5x,CLDR,KO,,HHE,broadband,0.00041,0.034,8.88,2023-01-29T14:41:31.460000Z,2023-01-29T14:41:33.940000Z,0.076,0.358,100.0,210.0,0,0.0,False,True,True,False,True,
data/processed/waveforms/us6000jk5x_ERCV.mseed,us6000jk5x,ERCV,KO,,HNE,strong_motion,0.00024,0.0356,,,,,,100.0,210.0,0,0.0,False,True,True,True,False,
data/processed/waveforms/us6000jk61_AKDM.mseed,us6000jk61,AKDM,KO,,HHE,broadband,4e-05,0.0073,0.24,2023-01-29T15:13:55.270000Z,2023-01-29T15:14:17.260000Z,0.044,0.276,100.0,210.0,0,0.0,False,True,True,False,True,
data/processed/waveforms/us6000jk61_CLDR.mseed,us6000jk61,CLDR,KO,,HHE,broadband,0.00025,0.08,,,,,,100.0,114.99,11,1.1914,False,True,True,False,False,has_gaps
data/processed/waveforms/us6000jk61_ERCV.mseed,us6000jk61,ERCV,KO,,HNE,strong_motion,0.0004,0.0215,,,,,,100.0,210.0,0,0.0,False,True,True,True,False,
data/processed/waveforms/us6000jllz_KHMN.mseed,us6000jllz,KHMN,KO,,HNE,strong_motion,0.6318,108.7121,21.99,2023-02-06T01:17:39.790000Z,2023-02-06T01:19:42.830000Z,0.502,0.069,100.0,180.0,0,0.0,False,True,True,True,True,
data/processed/waveforms/us6000jllz_KMRS.mseed,us6000jllz,KMRS,KO,,HHE,broadband,0.03245,0.6997,48.84,2023-02-06T01:17:39.120000Z,,0.564,,100.0,210.0,0,0.0,False,True,True,False,True,
data/processed/waveforms/us6000jllz_KOZT.mseed,us6000jllz,KOZT,KO,,HHE,broadband,0.01489,0.4292,46.0,2023-02-06T01:17:52.400000Z,,0.53,,100.0,193.65,0,0.0,False,True,True,False,True,
data/processed/waveforms/us6000jlm1_KHMN.mseed,us6000jlm1,KHMN,KO,,HNE,strong_motion,0.16578,11.6585,1.93,2023-02-06T01:28:24.840000Z,,0.04,,100.0,180.0,0,0.0,False,True,True,True,True,
data/processed/waveforms/us6000jlm1_KMRS.mseed,us6000jlm1,KMRS,KO,,HHE,broadband,0.03059,0.4888,13.52,2023-02-06T01:28:20.830000Z,2023-02-06T01:29:58.630000Z,0.435,0.042,100.0,210.0,0,0.0,False,True,True,False,True,
data/processed/waveforms/us6000jlm1_KOZT.mseed,us6000jlm1,KOZT,KO,,HHE,broadband,0.00786,0.3584,13.51,2023-02-06T01:28:33.770000Z,2023-02-06T01:31:17.280000Z,0.383,0.015,100.0,210.0,0,0.0,False,True,True,False,True,
data/processed/waveforms/us6000jlm9_GAZ.mseed,us6000jlm9,GAZ,KO,,HHE,broadband,0.00099,0.1598,4.9,2023-02-06T01:36:29.850000Z,2023-02-06T01:37:13.480000Z,0.131,0.267,100.0,4.99,11,88.7776,False,True,True,False,False,has_gaps
data/processed/waveforms/us6000jlm9_KHMN.mseed,us6000jlm9,KHMN,KO,,HNE,strong_motion,0.01406,0.6723,,,,,,100.0,210.0,0,0.0,False,True,True,True,False,
data/processed/waveforms/us6000jlm9_KMRS.mseed,us6000jlm9,KMRS,KO,,HHE,broadband,0.01221,0.3053,13.87,2023-02-06T01:36:37.730000Z,2023-02-06T01:36:42.520000Z,0.432,0.362,100.0,180.0,0,0.0,False,True,True,False,True,
data/processed/waveforms/us6000jlm9_TAHT.mseed,us6000jlm9,TAHT,KO,,HHE,broadband,0.06245,13.5203,3.01,2023-02-06T01:39:14.010000Z,,0.043,,100.0,210.0,0,0.0,False,True,True,False,True,
data/processed/waveforms/us6000jlmd_DARE.mseed,us6000jlmd,DARE,KO,,HHE,broadband,0.00053,0.0541,-0.12,2023-02-06T01:48:29.910000Z,2023-02-06T01:48:39.670000Z,0.034,0.061,100.0,210.0,0,0.0,False,True,True,False,True,
data/processed/waveforms/us6000jlmd_KHMN.mseed,us6000jlmd,KHMN,KO,,HNE,strong_motion,0.02827,0.3817,,,,,,100.0,210.0,0,0.0,False,True,True,True,False,
data/processed/waveforms/us6000jlmd_URFA.mseed,us6000jlmd,URFA,KO,,HHE,broadband,0.00256,0.1029,5.63,2023-02-06T01:48:31.480000Z,2023-02-06T01:48:43.470000Z,0.212,0.046,100.0,210.0,0,0.0,False,True,True,False,True,
data/processed/waveforms/us6000jlmf_CEYT.mseed,us6000jlmf,CEYT,KO,,HHE,broadband,0.0018,0.1212,7.18,2023-02-06T01:58:39.460000Z,2023-02-06T01:58:43.500000Z,0.286,0.049,100.0,210.0,0,0.0,False,True,True,False,True,
data/processed/waveforms/us6000jlmf_GAZ.mseed,us6000jlmf,GAZ,KO,,HHE,broadband,0.00346,0.2195,,,,,,100.0,32.99,6,0.7275,False,False,True,False,False,"has_gaps,eksik_bileşen,Z_bileşeni_yok_veya_kısa"
data/processed/waveforms/us6000jlmf_KHMN.mseed,us6000jlmf,KHMN,KO,,HNE,strong_motion,0.03317,0.4707,,,,,,100.0,210.0,0,0.0,False,True,True,True,False,
data/processed/waveforms/us6000jlmf_KMRS.mseed,us6000jlmf,KMRS,KO,,HHE,broadband,0.00706,0.2873,11.2,2023-02-06T01:58:33.730000Z,2023-02-06T01:58:58.800000Z,0.38,0.257,100.0,180.0,0,0.0,False,True,True,False,True,
data/processed/waveforms/us6000jlmh_GAZ.mseed,us6000jlmh,GAZ,KO,,HHE,broadband,0.00566,2.0466,4.53,2023-02-06T02:03:44.070000Z,2023-02-06T02:03:52.530000Z,0.109,0.161,100.0,162.34,9,0.1603,False,True,True,False,False,has_gaps
data/processed/waveforms/us6000jlmh_KHMN.mseed,us6000jlmh,KHMN,KO,,HNE,strong_motion,0.08041,0.8558,,,,,,100.0,180.0,0,0.0,False,True,True,True,False,
data/processed/waveforms/us6000jlmh_URFA.mseed,us6000jlmh,URFA,KO,,HHE,broadband,0.00431,0.235,10.93,2023-02-06T02:03:54.590000Z,2023-02-06T02:06:40.910000Z,0.371,0.005,100.0,166.99,2,0.0001,False,True,True,False,False,has_gaps
data/processed/waveforms/us6000jlmm_CEYT.mseed,us6000jlmm,CEYT,KO,,HHE,broadband,0.00128,0.0647,1.75,2023-02-06T02:17:59.040000Z,2023-02-06T02:18:11.170000Z,0.128,0.229,100.0,209.99,0,0.0,False,True,True,False,True,
data/processed/waveforms/us6000jlmm_GAZ.mseed,us6000jlmm,GAZ,KO,,HHE,broadband,0.00109,0.0913,3.68,2023-02-06T02:17:48.810000Z,2023-02-06T02:17:54.430000Z,0.154,0.455,100.0,210.0,0,0.0,False,True,True,False,True,
data/processed/waveforms/us6000jlmm_KHMN.mseed,us6000jlmm,KHMN,KO,,HNE,strong_motion,0.02724,0.2503,,,,,,100.0,209.99,0,0.0,False,True,True,True,False,
data/processed/waveforms/us6000jlmm_KMRS.mseed,us6000jlmm,KMRS,KO,,HHE,broadband,0.00376,0.064,6.84,2023-02-06T02:17:54.600000Z,2023-02-06T02:18:36.870000Z,0.289,0.263,100.0,209.99,0,0.0,False,True,True,False,True,
data/processed/waveforms/us6000jlmn_GAZ.mseed,us6000jlmn,GAZ,KO,,HHE,broadband,0.01282,0.7113,27.52,2023-02-06T02:23:18.730000Z,2023-02-06T02:23:51.070000Z,0.557,0.196,100.0,180.0,0,0.0,False,True,True,False,True,
data/processed/waveforms/us6000jlmn_KHMN.mseed,us6000jlmn,KHMN,KO,,HNE,strong_motion,0.12216,2.4654,,,,,,100.0,180.0,0,0.0,False,True,True,True,False,
data/processed/waveforms/us6000jlmn_KMRS.mseed,us6000jlmn,KMRS,KO,,HHE,broadband,0.00371,0.2152,16.61,2023-02-06T02:23:21.480000Z,2023-02-06T02:23:51.950000Z,0.409,0.162,100.0,210.0,0,0.0,False,True,True,False,True,
data/processed/waveforms/us6000jlmn_KOZT.mseed,us6000jlmn,KOZT,KO,,HHE,broadband,0.00145,0.159,0.03,2023-02-06T02:23:14.330000Z,2023-02-06T02:23:32.670000Z,0.083,0.387,100.0,210.0,0,0.0,False,True,True,False,True,
data/processed/waveforms/us6000jlmv_CEYT.mseed,us6000jlmv,CEYT,KO,,HHE,broadband,0.00042,0.0238,8.83,2023-02-06T02:54:09.520000Z,2023-02-06T02:54:21.340000Z,0.066,0.016,100.0,210.0,0,0.0,False,True,True,False,True,
data/processed/waveforms/us6000jlmv_KRTS.mseed,us6000jlmv,KRTS,KO,,HNE,strong_motion,0.00099,0.0717,,,,,,100.0,210.0,0,0.0,False,True,True,True,False,
data/processed/waveforms/us6000jlmv_TAHT.mseed,us6000jlmv,TAHT,KO,,HHE,broadband,0.02046,1.7521,18.38,2023-02-06T02:54:04.470000Z,2023-02-06T02:54:05.600000Z,0.476,0.501,100.0,210.0,0,0.0,False,True,True,False,True,
data/processed/waveforms/us6000jlmy_GAZ.mseed,us6000jlmy,GAZ,KO,,HHE,broadband,0.00924,2.0397,9.59,2023-02-06T02:01:54.050000Z,2023-02-06T02:02:00.460000Z,0.408,0.123,100.0,50.69,23,2.4269,False,True,True,False,False,has_gaps
data/processed/waveforms/us6000jlmy_KHMN.mseed,us6000jlmy,KHMN,KO,,HNE,strong_motion,0.03145,0.5653,,,,,,100.0,210.0,0,0.0,False,True,True,True,False,
data/processed/waveforms/us6000jlmy_KMRS.mseed,us6000jlmy,KMRS,KO,,HHE,broadband,0.00832,0.2799,12.97,2023-02-06T02:01:50.780000Z,2023-02-06T02:02:52.930000Z,0.347,0.097,100.0,210.0,0,0.0,False,True,True,False,True,
data/processed/waveforms/us6000jlmy_KOZT.mseed,us6000jlmy,KOZT,KO,,HHE,broadband,0.0012,0.0856,4.83,2023-02-06T02:01:53.580000Z,2023-02-06T02:02:08.160000Z,0.1,0.086,100.0,210.0,0,0.0,False,True,True,False,True,
data/processed/waveforms/us6000jln0_DARE.mseed,us6000jln0,DARE,KO,,HHE,broadband,0.00022,0.0202,8.41,2023-02-06T03:05:01.690000Z,,0.208,,100.0,210.0,0,0.0,False,True,True,False,True,
data/processed/waveforms/us6000jln0_URFA.mseed,us6000jln0,URFA,KO,,HHE,broadband,0.00304,0.0735,11.26,2023-02-06T03:05:00.900000Z,2023-02-06T03:08:03.920000Z,0.382,0.039,100.0,210.0,0,0.0,False,True,True,False,True,
data/processed/waveforms/us6000jln3_DARE.mseed,us6000jln3,DARE,KO,,HHE,broadband,9e-05,0.0095,0.5,2023-02-06T03:12:51.740000Z,2023-02-06T03:12:52.990000Z,0.054,0.029,100.0,210.0,0,0.0,False,True,True,False,True,
data/processed/waveforms/us6000jln3_GAZ.mseed,us6000jln3,GAZ,KO,,HHE,broadband,0.00057,0.0417,10.9,2023-02-06T03:12:26.090000Z,2023-02-06T03:14:17.160000Z,0.209,0.089,100.0,210.0,0,0.0,False,True,True,False,True,
data/processed/waveforms/us6000jln3_KHMN.mseed,us6000jln3,KHMN,KO,,HNE,strong_motion,0.01604,0.1769,,,,,,100.0,210.0,0,0.0,False,True,True,True,False,
data/processed/waveforms/us6000jln3_KMRS.mseed,us6000jln3,KMRS,KO,,HHE,broadband,0.00099,0.0383,16.78,2023-02-06T03:12:18.380000Z,2023-02-06T03:12:22.180000Z,0.44,0.487,100.0,210.0,0,0.0,False,True,True,False,True,
data/processed/waveforms/us6000jln9_URFA.mseed,us6000jln9,URFA,KO,,HHE,broadband,0.00148,0.0778,20.32,2023-02-06T03:46:06.860000Z,2023-02-06T03:48:34.600000Z,0.511,0.049,100.0,178.35,0,0.0,False,True,True,False,True,
data/processed/waveforms/us6000jlnd_DARE.mseed,us6000jlnd,DARE,KO,,HHE,broadband,0.00034,0.0323,7.67,2023-02-06T04:17:23.900000Z,2023-02-06T04:19:03.820000Z,0.207,0.183,100.0,210.0,0,0.0,False,True,True,False,True,
data/processed/waveforms/us6000jlnd_GAZ.mseed,us6000jlnd,GAZ,KO,,HHE,broadband,0.00297,0.1085,9.51,2023-02-06T04:16:56.640000Z,2023-02-06T04:16:58.550000Z,0.39,0.5,100.0,210.0,0,0.0,False,True,True,False,True,
data/processed/waveforms/us6000jlnd_KHMN.mseed,us6000jlnd,KHMN,KO,,HNE,strong_motion,0.03227,0.7849,,,,,,100.0,210.0,0,0.0,False,True,True,True,False,
data/processed/waveforms/us6000jlnd_KMRS.mseed,us6000jlnd,KMRS,KO,,HHE,broadband,0.00404,0.2198,32.18,2023-02-06T04:16:55.150000Z,2023-02-06T04:19:14.130000Z,0.541,0.205,100.0,210.0,0,0.0,False,True,True,False,True,
data/processed/waveforms/us6000jlnf_DARE.mseed,us6000jlnf,DARE,KO,,HHE,broadband,0.00031,0.0306,11.32,2023-02-06T04:19:03.170000Z,,0.218,,100.0,210.0,0,0.0,False,True,True,False,True,
data/processed/waveforms/us6000jlnf_URFA.mseed,us6000jlnf,URFA,KO,,HHE,broadband,0.0023,0.0833,17.79,2023-02-06T04:19:02.720000Z,2023-02-06T04:20:27.390000Z,0.49,0.092,100.0,134.99,0,0.0,False,True,True,False,True,
data/processed/waveforms/us6000jlnn_KHMN.mseed,us6000jlnn,KHMN,KO,,HNE,strong_motion,0.16578,11.6556,1.93,2023-02-06T01:28:24.840000Z,,0.04,,100.0,180.0,0,0.0,False,True,True,True,True,
data/processed/waveforms/us6000jlnn_KMRS.mseed,us6000jlnn,KMRS,KO,,HHE,broadband,0.03059,0.4811,2.01,2023-02-06T01:26:55.820000Z,2023-02-06T01:27:00.070000Z,0.067,0.072,100.0,210.0,0,0.0,False,True,True,False,True,
data/processed/waveforms/us6000jlnn_KOZT.mseed,us6000jlnn,KOZT,KO,,HHE,broadband,0.00786,0.3804,1.45,2023-02-06T01:27:16.720000Z,2023-02-06T01:28:22.000000Z,0.042,0.164,100.0,210.0,0,0.0,False,True,True,False,True,
data/processed/waveforms/us6000jlns_CEYT.mseed,us6000jlns,CEYT,KO,,HHE,broadband,0.00027,0.0143,5.22,2023-02-06T04:47:58.050000Z,2023-02-06T04:48:20.740000Z,0.003,0.061,100.0,210.0,0,0.0,False,True,True,False,True,
data/processed/waveforms/us6000jlns_GAZ.mseed,us6000jlns,GAZ,KO,,HHE,broadband,0.00044,0.0282,10.11,2023-02-06T04:48:13.420000Z,2023-02-06T04:50:51.760000Z,0.382,0.044,100.0,210.0,0,0.0,False,True,True,False,True,
data/processed/waveforms/us6000jlns_TAHT.mseed,us6000jlns,TAHT,KO,,HHE,broadband,0.02761,2.2291,21.4,2023-02-06T04:48:04.450000Z,2023-02-06T04:48:47.630000Z,0.533,0.184,100.0,210.0,0,0.0,False,True,True,False,True,
data/processed/waveforms/us6000jlnu_GAZ.mseed,us6000jlnu,GAZ,KO,,HHE,broadband,0.00157,0.0411,11.23,2023-02-06T04:56:15.880000Z,,0.226,,100.0,210.0,0,0.0,False,True,True,False,True,
data/processed/waveforms/us6000jlnu_KHMN.mseed,us6000jlnu,KHMN,KO,,HNE,strong_motion,0.02399,0.338,,,,,,100.0,210.0,0,0.0,False,True,True,True,False,
data/processed/waveforms/us6000jlnu_KMRS.mseed,us6000jlnu,KMRS,KO,,HHE,broadband,0.00233,0.1135,24.65,2023-02-06T04:56:09.550000Z,2023-02-06T04:56:11.860000Z,0.536,0.53,100.0,210.0,0,0.0,False,True,True,False,True,
data/processed/waveforms/us6000jlnu_KOZT.mseed,us6000jlnu,KOZT,KO,,HHE,broadband,0.00026,0.0178,17.01,2023-02-06T04:56:26.370000Z,2023-02-06T04:56:43.910000Z,0.527,0.131,100.0,210.0,0,0.0,False,True,True,False,True,
data/processed/waveforms/us6000jlnv_GAZ.mseed,us6000jlnv,GAZ,KO,,HHE,broadband,0.00248,0.09,6.43,2023-02-06T05:02:22.400000Z,2023-02-06T05:04:38.760000Z,0.256,0.504,100.0,210.0,0,0.0,False,True,True,False,True,
data/processed/waveforms/us6000jlnv_KHMN.mseed,us6000jlnv,KHMN,KO,,HNE,strong_motion,0.03342,0.4914,,,,,,100.0,210.0,0,0.0,False,True,True,True,False,
data/processed/waveforms/us6000jlnv_KMRS.mseed,us6000jlnv,KMRS,KO,,HHE,broadband,0.00154,0.0916,4.66,2023-02-06T05:02:07.560000Z,2023-02-06T05:02:18.630000Z,0.209,0.36,100.0,210.0,0,0.0,False,True,True,False,True,
data/processed/waveforms/us6000jlp0_CEYT.mseed,us6000jlp0,CEYT,KO,,HHE,broadband,0.00084,0.0373,11.02,2023-02-06T05:36:50.430000Z,2023-02-06T05:38:12.920000Z,0.306,0.012,100.0,210.0,0,0.0,False,True,True,False,True,
data/processed/waveforms/us6000jlp0_KRTS.mseed,us6000jlp0,KRTS,KO,,HNE,strong_motion,0.00077,0.0293,,,,,,100.0,210.0,0,0.0,False,True,True,True,False,
data/processed/waveforms/us6000jlp1_DARE.mseed,us6000jlp1,DARE,KO,,HHE,broadband,0.0001,0.0078,1.41,2023-02-06T05:56:10.970000Z,2023-02-06T05:56:19.570000Z,0.046,0.082,100.0,210.0,0,0.0,False,True,True,False,True,
data/processed/waveforms/us6000jlp1_URFA.mseed,us6000jlp1,URFA,KO,,HHE,broadband,0.00089,0.0172,16.84,2023-02-06T05:56:06.000000Z,2023-02-06T05:56:08.820000Z,0.389,0.141,100.0,170.7,0,0.0,False,True,True,False,True,
data/processed/waveforms/us6000jlp9_DARE.mseed,us6000jlp9,DARE,KO,,HHE,broadband,0.00065,0.0756,7.27,2023-02-06T06:55:12.930000Z,,0.386,,100.0,210.0,0,0.0,False,True,True,False,True,
data/processed/waveforms/us6000jlp9_GAZ.mseed,us6000jlp9,GAZ,KO,,HHE,broadband,0.00145,0.1346,14.19,2023-02-06T06:55:08.900000Z,,0.394,,100.0,210.0,0,0.0,False,True,True,False,True,
data/processed/waveforms/us6000jlp9_KHMN.mseed,us6000jlp9,KHMN,KO,,HNE,strong_motion,0.00792,0.0864,,,,,,100.0,210.0,0,0.0,False,True,True,True,False,
data/processed/waveforms/us6000jlp9_KMRS.mseed,us6000jlp9,KMRS,KO,,HHE,broadband,0.00078,0.0991,21.58,2023-02-06T06:55:06.710000Z,,0.551,,100.0,210.0,0,0.0,False,True,True,False,True,
data/processed/waveforms/us6000jlpb_CEYT.mseed,us6000jlpb,CEYT,KO,,HHE,broadband,0.00045,0.0193,7.8,2023-02-06T07:08:46.240000Z,2023-02-06T07:10:36.360000Z,0.248,0.062,100.0,210.0,0,0.0,False,True,True,False,True,
data/processed/waveforms/us6000jlpb_GAZ.mseed,us6000jlpb,GAZ,KO,,HHE,broadband,0.00122,0.054,6.76,2023-02-06T07:08:49.100000Z,2023-02-06T07:10:39.790000Z,0.176,0.372,100.0,156.39,3,0.0959,False,True,True,False,False,has_gaps
data/processed/waveforms/us6000jlpi_DARE.mseed,us6000jlpi,DARE,KO,,HHE,broadband,9e-05,0.0062,3.39,2023-02-06T07:41:32.140000Z,2023-02-06T07:41:38.450000Z,0.194,0.229,100.0,210.0,0,0.0,False,True,True,False,True,
data/processed/waveforms/us6000jlpi_KHMN.mseed,us6000jlpi,KHMN,KO,,HNE,strong_motion,0.04227,0.5053,,,,,,100.0,210.0,0,0.0,False,True,True,True,False,
data/processed/waveforms/us6000jlpi_URFA.mseed,us6000jlpi,URFA,KO,,HHE,broadband,0.00155,0.0408,20.18,2023-02-06T07:41:31.980000Z,2023-02-06T07:43:44.470000Z,0.489,0.197,100.0,210.0,0,0.0,False,True,True,False,True,
data/processed/waveforms/us6000jlpp_CEYT.mseed,us6000jlpp,CEYT,KO,,HHE,broadband,0.00016,0.0078,,,,,,100.0,210.0,0,0.0,False,True,True,False,False,
data/processed/waveforms/us6000jlpp_GAZ.mseed,us6000jlpp,GAZ,KO,,HHE,broadband,0.00067,0.0223,2.58,2023-02-06T08:02:05.960000Z,2023-02-06T08:02:18.040000Z,0.074,0.253,100.0,177.17,3,0.1129,False,True,True,False,False,has_gaps
data/processed/waveforms/us6000jlpv_GAZ.mseed,us6000jlpv,GAZ,KO,,HHE,broadband,0.00113,0.0581,13.84,2023-02-06T08:52:44.110000Z,,0.46,,100.0,210.0,0,0.0,False,True,True,False,True,
data/processed/waveforms/us6000jlpv_KHMN.mseed,us6000jlpv,KHMN,KO,,HNE,strong_motion,0.02379,0.4982,,,,,,100.0,112.63,0,0.0,False,True,True,True,False,
data/processed/waveforms/us6000jlpv_KMRS.mseed,us6000jlpv,KMRS,KO,,HHE,broadband,0.00356,0.1805,33.08,2023-02-06T08:52:41.460000Z,2023-02-06T08:55:48.490000Z,0.538,0.118,100.0,210.0,0,0.0,False,True,True,False,True,
data/processed/waveforms/us6000jlpv_KOZT.mseed,us6000jlpv,KOZT,KO,,HHE,broadband,0.00022,0.0245,9.0,2023-02-06T08:52:58.840000Z,2023-02-06T08:53:02.570000Z,0.189,0.009,100.0,210.0,0,0.0,False,True,True,False,True,
data/processed/waveforms/us6000jlpx_URFA.mseed,us6000jlpx,URFA,KO,,HHE,broadband,0.00127,0.0324,18.57,2023-02-06T08:58:51.090000Z,,0.506,,100.0,210.0,0,0.0,False,True,True,False,True,
data/processed/waveforms/us6000jlq1_CEYT.mseed,us6000jlq1,CEYT,KO,,HHE,broadband,0.00126,0.06,17.06,2023-02-06T09:23:56.990000Z,,0.429,,100.0,210.0,0,0.0,False,True,True,False,True,
data/processed/waveforms/us6000jlq1_GAZ.mseed,us6000jlq1,GAZ,KO,,HHE,broadband,0.00117,0.1345,11.97,2023-02-06T09:23:57.880000Z,2023-02-06T09:23:59.930000Z,0.34,0.236,100.0,150.54,5,0.133,False,True,True,False,False,has_gaps
data/processed/waveforms/us6000jlq1_KMRS.mseed,us6000jlq1,KMRS,KO,,HHE,broadband,0.00121,0.0584,15.78,2023-02-06T09:23:58.210000Z,2023-02-06T09:23:59.900000Z,0.392,0.393,100.0,210.0,0,0.0,False,True,True,False,True,
data/processed/waveforms/us6000jlq2_GAZ.mseed,us6000jlq2,GAZ,KO,,HHE,broadband,0.00117,0.0414,5.94,2023-02-06T09:21:13.670000Z,2023-02-06T09:21:16.790000Z,0.064,0.107,100.0,210.0,0,0.0,False,True,True,False,True,
data/processed/waveforms/us6000jlq2_URFA.mseed,us6000jlq2,URFA,KO,,HHE,broadband,0.00094,0.0304,17.86,2023-02-06T09:21:18.380000Z,,0.452,,100.0,209.99,0,0.0,False,True,True,False,True,
data/processed/waveforms/us6000jlqa_DARE.mseed,us6000jlqa,DARE,KO,,HHE,broadband,0.05766,7.1947,50.62,2023-02-06T10:24:57.890000Z,,0.564,,100.0,180.0,0,0.0,False,True,True,False,True,
data/processed/waveforms/us6000jlqa_KMRS.mseed,us6000jlqa,KMRS,KO,,HHE,broadband,0.02958,0.65,47.43,2023-02-06T10:24:59.540000Z,,0.564,,100.0,180.0,0,0.0,False,True,True,False,True,
data/processed/waveforms/us6000jlqa_SARI.mseed,us6000jlqa,SARI,KO,,HHE,broadband,0.03254,0.5215,50.03,2023-02-06T10:25:00.690000Z,,0.565,,100.0,194.18,2,0.0002,False,True,True,False,False,has_gaps
data/processed/waveforms/us6000jlqc_CEYT.mseed,us6000jlqc,CEYT,KO,,HHN,broadband,0.00012,0.0072,8.75,2023-02-06T10:08:07.250000Z,2023-02-06T10:08:30.370000Z,0.295,0.037,100.0,210.0,1,0.0238,False,True,True,False,False,has_gaps
data/processed/waveforms/us6000jlqc_KRTS.mseed,us6000jlqc,KRTS,KO,,HNE,strong_motion,0.00013,0.0125,,,,,,100.0,210.0,0,0.0,False,True,True,True,False,
data/processed/waveforms/us6000jlqe_DARE.mseed,us6000jlqe,DARE,KO,,HHE,broadband,0.0077,0.3392,7.7,2023-02-06T10:36:10.370000Z,,0.268,,100.0,180.0,0,0.0,False,True,True,False,True,
data/processed/waveforms/us6000jlqe_KMRS.mseed,us6000jlqe,KMRS,KO,,HHE,broadband,0.00304,0.308,5.93,2023-02-06T10:36:16.570000Z,2023-02-06T10:36:32.110000Z,0.095,0.214,100.0,210.0,0,0.0,False,True,True,False,True,
data/processed/waveforms/us6000jlql_ARPRA.mseed,us6000jlql,ARPRA,KO,,HNE,strong_motion,0.0052,0.3772,,,,,,100.0,210.0,0,0.0,False,True,True,True,False,
data/processed/waveforms/us6000jlql_DARE.mseed,us6000jlql,DARE,KO,,HHE,broadband,0.00307,0.2373,8.08,2023-02-06T10:51:41.960000Z,,0.34,,100.0,180.0,0,0.0,False,True,True,False,True,
data/processed/waveforms/us6000jlqm_GAZ.mseed,us6000jlqm,GAZ,KO,,HHE,broadband,0.00253,0.3098,6.91,2023-02-06T10:51:26.060000Z,2023-02-06T10:51:29.070000Z,0.168,0.108,100.0,210.0,0,0.0,False,True,True,False,True,
data/processed/waveforms/us6000jlqm_URFA.mseed,us6000jlqm,URFA,KO,,HHE,broadband,0.00439,0.3062,1.62,2023-02-06T10:51:13.760000Z,2023-02-06T10:52:05.850000Z,0.102,0.344,100.0,155.89,0,0.0,False,True,True,False,True,
data/processed/waveforms/us6000jlqr_DARE.mseed,us6000jlqr,DARE,KO,,HHE,broadband,0.00079,0.0414,3.51,2023-02-06T11:05:43.590000Z,,0.042,,100.0,210.0,0,0.0,True,True,True,False,True,clipping_şüphesi
data/processed/waveforms/us6000jlqr_KMRS.mseed,us6000jlqr,KMRS,KO,,HHE,broadband,0.00215,0.107,21.66,2023-02-06T11:05:40.300000Z,2023-02-06T11:05:41.390000Z,0.511,0.292,100.0,180.0,0,0.0,False,True,True,False,True,
data/processed/waveforms/us6000jlqr_SARI.mseed,us6000jlqr,SARI,KO,,HHE,broadband,0.00579,0.2192,9.61,2023-02-06T11:05:43.150000Z,,0.406,,100.0,180.0,0,0.0,False,True,True,False,True,
data/processed/waveforms/us6000jlqx_DARE.mseed,us6000jlqx,DARE,KO,,HHE,broadband,0.00172,0.1283,6.9,2023-02-06T11:11:50.150000Z,,0.306,,100.0,210.0,0,0.0,True,True,True,False,True,clipping_şüphesi
data/processed/waveforms/us6000jlqx_GAZ.mseed,us6000jlqx,GAZ,KO,,HHE,broadband,0.00053,0.0478,5.02,2023-02-06T11:11:42.240000Z,2023-02-06T11:12:00.340000Z,0.122,0.042,100.0,210.0,0,0.0,False,True,True,False,True,
data/processed/waveforms/us6000jlqx_KMRS.mseed,us6000jlqx,KMRS,KO,,HHE,broadband,0.00095,0.0511,9.59,2023-02-06T11:11:44.240000Z,2023-02-06T11:11:53.620000Z,0.336,0.035,100.0,210.0,0,0.0,False,True,True,False,True,
data/processed/waveforms/us6000jlqy_DARE.mseed,us6000jlqy,DARE,KO,,HHE,broadband,0.00082,0.0583,15.88,2023-02-06T11:01:55.030000Z,,0.439,,100.0,209.99,0,0.0,True,True,True,False,True,clipping_şüphesi
data/processed/waveforms/us6000jlqy_GAZ.mseed,us6000jlqy,GAZ,KO,,HHZ,broadband,0.00026,0.0325,3.93,2023-02-06T11:02:17.520000Z,2023-02-06T11:02:39.270000Z,0.038,0.051,100.0,209.99,1,0.0238,False,True,True,False,False,has_gaps
data/processed/waveforms/us6000jlqy_KMRS.mseed,us6000jlqy,KMRS,KO,,HHE,broadband,0.0003,0.0265,6.38,2023-02-06T11:01:47.250000Z,2023-02-06T11:04:29.150000Z,0.115,0.154,100.0,209.99,0,0.0,False,True,True,False,True,
data/processed/waveforms/us6000jlr7_KMRS.mseed,us6000jlr7,KMRS,KO,,HHE,broadband,0.00338,0.1504,7.87,2023-02-06T11:39:41.660000Z,2023-02-06T11:39:54.120000Z,0.192,0.521,100.0,209.99,0,0.0,False,True,True,False,True,
data/processed/waveforms/us6000jlr7_KOZT.mseed,us6000jlr7,KOZT,KO,,HHE,broadband,0.00048,0.0416,11.96,2023-02-06T11:40:09.550000Z,,0.359,,100.0,210.0,0,0.0,False,True,True,False,True,
data/processed/waveforms/us6000jlr7_SARI.mseed,us6000jlr7,SARI,KO,,HHE,broadband,0.00331,0.0946,15.67,2023-02-06T11:39:48.950000Z,2023-02-06T11:41:39.270000Z,0.413,0.066,100.0,209.99,0,0.0,False,True,True,False,True,
data/processed/waveforms/us6000jlr9_DARE.mseed,us6000jlr9,DARE,KO,,HHE,broadband,0.00049,0.0393,12.9,2023-02-06T11:35:37.090000Z,,0.474,,100.0,210.0,0,0.0,True,True,True,False,True,clipping_şüphesi
data/processed/waveforms/us6000jlr9_GAZ.mseed,us6000jlr9,GAZ,KO,,HHE,broadband,0.00029,0.0359,10.58,2023-02-06T11:35:43.410000Z,2023-02-06T11:35:58.640000Z,0.324,0.031,100.0,210.0,0,0.0,False,True,True,False,True,
data/processed/waveforms/us6000jlr9_KMRS.mseed,us6000jlr9,KMRS,KO,,HHE,broadband,0.00086,0.0511,10.88,2023-02-06T11:35:40.710000Z,2023-02-06T11:35:43.410000Z,0.407,0.436,100.0,210.0,0,0.0,False,True,True,False,True,
data/processed/waveforms/us6000jlra_KMRS.mseed,us6000jlra,KMRS,KO,,HHE,broadband,0.00059,0.0277,3.99,2023-02-06T11:50:17.320000Z,2023-02-06T11:51:40.380000Z,0.233,0.01,100.0,210.0,0,0.0,False,True,True,False,True,
data/processed/waveforms/us6000jlra_KOZT.mseed,us6000jlra,KOZT,KO,,HHE,broadband,0.00018,0.0175,6.3,2023-02-06T11:50:21.130000Z,2023-02-06T11:50:33.510000Z,0.093,0.12,100.0,210.0,0,0.0,False,True,True,False,True,
data/processed/waveforms/us6000jlra_SARI.mseed,us6000jlra,SARI,KO,,HHE,broadband,0.00431,0.1372,8.62,2023-02-06T11:50:12.660000Z,2023-02-06T11:51:52.860000Z,0.322,0.194,100.0,210.0,0,0.0,False,True,True,False,True,
data/processed/waveforms/us6000jlrb_DARE.mseed,us6000jlrb,DARE,KO,,HHE,broadband,0.00133,0.0847,14.84,2023-02-06T11:58:46.640000Z,,0.428,,100.0,210.0,0,0.0,True,True,True,False,True,clipping_şüphesi
data/processed/waveforms/us6000jlrb_KMRS.mseed,us6000jlrb,KMRS,KO,,HHE,broadband,0.00286,0.1474,-2.51,2023-02-06T11:58:37.420000Z,2023-02-06T11:58:54.040000Z,0.147,0.044,100.0,210.0,0,0.0,False,True,True,False,True,
data/processed/waveforms/us6000jlrc_KMRS.mseed,us6000jlrc,KMRS,KO,,HHE,broadband,0.00618,0.2939,9.59,2023-02-06T12:02:17.900000Z,2023-02-06T12:02:24.870000Z,0.465,0.455,100.0,180.0,0,0.0,False,True,True,False,True,
data/processed/waveforms/us6000jlrc_KOZT.mseed,us6000jlrc,KOZT,KO,,HHE,broadband,0.00451,0.2882,19.47,2023-02-06T12:02:26.050000Z,2023-02-06T12:04:50.320000Z,0.385,0.064,100.0,209.99,0,0.0,False,True,True,False,True,
data/processed/waveforms/us6000jlrc_SARI.mseed,us6000jlrc,SARI,KO,,HHE,broadband,0.02012,0.305,16.66,2023-02-06T12:02:18.430000Z,2023-02-06T12:04:58.680000Z,0.327,0.255,100.0,180.0,0,0.0,False,True,True,False,True,
data/processed/waveforms/us6000jlrg_DARE.mseed,us6000jlrg,DARE,KO,,HHE,broadband,0.00147,0.0554,13.1,2023-02-06T12:13:56.150000Z,,0.331,,100.0,210.0,0,0.0,True,True,True,False,True,clipping_şüphesi
data/processed/waveforms/us6000jlrg_GAZ.mseed,us6000jlrg,GAZ,KO,,HHE,broadband,0.00085,0.1218,7.09,2023-02-06T12:13:53.670000Z,2023-02-06T12:14:17.940000Z,0.101,0.292,100.0,172.65,0,0.0,False,True,True,False,True,
data/processed/waveforms/us6000jlrg_KMRS.mseed,us6000jlrg,KMRS,KO,,HHE,broadband,0.0012,0.0703,11.09,2023-02-06T12:13:58.880000Z,,0.239,,100.0,210.0,0,0.0,False,True,True,False,True,
data/processed/waveforms/us6000jlrj_DARE.mseed,us6000jlrj,DARE,KO,,HHE,broadband,0.00042,0.0235,11.79,2023-02-06T12:34:55.010000Z,,0.326,,100.0,210.0,0,0.0,True,True,True,False,True,clipping_şüphesi
data/processed/waveforms/us6000jlrj_URFA.mseed,us6000jlrj,URFA,KO,,HHE,broadband,0.00141,0.0408,12.85,2023-02-06T12:35:02.650000Z,,0.231,,100.0,157.48,0,0.0,False,True,True,False,True,
data/processed/waveforms/us6000jlrk_DARE.mseed,us6000jlrk,DARE,KO,,HHE,broadband,0.00128,0.0222,8.78,2023-02-06T12:37:03.500000Z,,0.187,,100.0,210.0,0,0.0,True,True,True,False,True,clipping_şüphesi
data/processed/waveforms/us6000jlrk_KMRS.mseed,us6000jlrk,KMRS,KO,,HHE,broadband,0.00094,0.0526,-2.54,2023-02-06T12:36:52.370000Z,2023-02-06T12:36:58.580000Z,0.021,0.485,100.0,210.0,0,0.0,False,True,True,False,True,
data/processed/waveforms/us6000jlrq_DARE.mseed,us6000jlrq,DARE,KO,,HHE,broadband,0.00098,0.0146,6.77,2023-02-06T12:55:07.610000Z,,0.267,,100.0,210.0,0,0.0,True,True,True,False,True,clipping_şüphesi
data/processed/waveforms/us6000jlrq_KMRS.mseed,us6000jlrq,KMRS,KO,,HHE,broadband,0.00133,0.0629,4.23,2023-02-06T12:54:43.370000Z,2023-02-06T12:55:00.030000Z,0.221,0.345,100.0,210.0,0,0.0,False,True,True,False,True,
data/processed/waveforms/us6000jlrq_SARI.mseed,us6000jlrq,SARI,KO,,HHE,broadband,0.00228,0.088,4.61,2023-02-06T12:54:50.040000Z,2023-02-06T12:54:56.080000Z,0.139,0.363,100.0,210.0,0,0.0,False,True,True,False,True,
data/processed/waveforms/us6000jlrt_DARE.mseed,us6000jlrt,DARE,KO,,HHE,broadband,0.00053,0.0173,8.39,2023-02-06T13:00:24.580000Z,,0.307,,100.0,210.0,0,0.0,True,True,True,False,True,clipping_şüphesi
data/processed/waveforms/us6000jlrt_KMRS.mseed,us6000jlrt,KMRS,KO,,HHE,broadband,0.00153,0.0743,4.91,2023-02-06T13:00:20.230000Z,2023-02-06T13:00:29.020000Z,0.401,0.538,100.0,210.0,0,0.0,False,True,True,False,True,
data/processed/waveforms/us6000jlrt_SARI.mseed,us6000jlrt,SARI,KO,,HHE,broadband,0.0029,0.093,7.52,2023-02-06T13:00:28.310000Z,,0.335,,100.0,210.0,0,0.0,False,True,True,False,True,
data/processed/waveforms/us6000jlrv_DARE.mseed,us6000jlrv,DARE,KO,,HHE,broadband,0.00072,0.0367,14.1,2023-02-06T13:08:03.240000Z,,0.299,,100.0,180.0,1,0.0556,True,True,True,False,False,"has_gaps,clipping_şüphesi"
data/processed/waveforms/us6000jlrv_KMRS.mseed,us6000jlrv,KMRS,KO,,HHE,broadband,0.00086,0.07,3.63,2023-02-06T13:08:05.540000Z,2023-02-06T13:08:12.000000Z,0.148,0.056,100.0,180.0,0,0.0,False,True,True,False,True,
data/processed/waveforms/us6000jlrv_SARI.mseed,us6000jlrv,SARI,KO,,HHE,broadband,0.00081,0.0235,4.34,2023-02-06T13:07:48.600000Z,2023-02-06T13:08:14.370000Z,0.052,0.075,100.0,210.0,0,0.0,False,True,True,False,True,
data/processed/waveforms/us6000jlry_KMRS.mseed,us6000jlry,KMRS,KO,,HHE,broadband,0.00267,0.1461,1.17,2023-02-06T13:12:03.480000Z,2023-02-06T13:12:08.730000Z,0.53,0.536,100.0,210.0,0,0.0,False,True,True,False,True,
data/processed/waveforms/us6000jlry_KOZT.mseed,us6000jlry,KOZT,KO,,HHE,broadband,0.00081,0.0516,13.59,2023-02-06T13:12:13.100000Z,2023-02-06T13:12:14.480000Z,0.236,0.289,100.0,210.0,0,0.0,False,True,True,False,True,
data/processed/waveforms/us6000jlry_SARI.mseed,us6000jlry,SARI,KO,,HHE,broadband,0.00444,0.102,8.9,2023-02-06T13:12:03.080000Z,2023-02-06T13:12:14.330000Z,0.3,0.295,100.0,210.0,0,0.0,False,True,True,False,True,
data/processed/waveforms/us6000jls0_KMRS.mseed,us6000jls0,KMRS,KO,,HHE,broadband,0.00447,0.2789,24.04,2023-02-06T13:17:55.290000Z,2023-02-06T13:20:29.630000Z,0.557,0.098,100.0,210.0,0,0.0,False,True,True,False,True,
data/processed/waveforms/us6000jls0_KOZT.mseed,us6000jls0,KOZT,KO,,HHE,broadband,0.00096,0.103,5.71,2023-02-06T13:17:54.710000Z,2023-02-06T13:18:02.340000Z,0.448,0.413,100.0,210.0,0,0.0,False,True,True,False,True,
data/processed/waveforms/us6000jls0_SARI.mseed,us6000jls0,SARI,KO,,HHE,broadband,0.00776,0.2049,15.78,2023-02-06T13:17:50.330000Z,2023-02-06T13:20:13.520000Z,0.486,0.214,100.0,210.0,0,0.0,False,True,True,False,True,
data/processed/waveforms/us6000jls3_DARE.mseed,us6000jls3,DARE,KO,,HHE,broadband,0.00246,0.169,23.3,2023-02-06T13:39:33.960000Z,,0.518,,100.0,180.0,0,0.0,True,True,True,False,True,clipping_şüphesi
data/processed/waveforms/us6000jls3_KMRS.mseed,us6000jls3,KMRS,KO,,HHE,broadband,0.0039,0.278,6.61,2023-02-06T13:39:41.660000Z,2023-02-06T13:39:50.400000Z,0.195,0.438,100.0,210.0,0,0.0,False,True,True,False,True,
data/processed/waveforms/us6000jls6_DARE.mseed,us6000jls6,DARE,KO,,HHE,broadband,0.0023,0.1541,6.69,2023-02-06T13:44:52.640000Z,,0.058,,100.0,180.0,0,0.0,True,True,True,False,True,clipping_şüphesi
data/processed/waveforms/us6000jls6_GAZ.mseed,us6000jls6,GAZ,KO,,HHE,broadband,0.00068,0.081,14.79,2023-02-06T13:45:07.480000Z,2023-02-06T13:46:19.660000Z,0.489,0.099,100.0,210.0,0,0.0,False,True,True,False,True,
data/processed/waveforms/us6000jls6_KMRS.mseed,us6000jls6,KMRS,KO,,HHE,broadband,0.00212,0.2186,7.18,2023-02-06T13:44:55.650000Z,2023-02-06T13:45:03.710000Z,0.077,0.538,100.0,210.0,0,0.0,False,True,True,False,True,
data/processed/waveforms/us6000jlsb_DARE.mseed,us6000jlsb,DARE,KO,,HHE,broadband,0.00091,0.027,12.9,2023-02-06T14:10:21.420000Z,,0.455,,100.0,210.0,0,0.0,True,True,True,False,True,clipping_şüphesi
data/processed/waveforms/us6000jlsb_GAZ.mseed,us6000jlsb,GAZ,KO,,HHE,broadband,0.00042,0.0328,4.04,2023-02-06T14:10:29.030000Z,2023-02-06T14:10:55.200000Z,0.136,0.004,100.0,210.0,0,0.0,False,True,True,False,True,
data/processed/waveforms/us6000jlsb_KMRS.mseed,us6000jlsb,KMRS,KO,,HHE,broadband,0.00138,0.0696,10.91,2023-02-06T14:10:23.890000Z,2023-02-06T14:12:45.360000Z,0.422,0.143,100.0,210.0,0,0.0,False,True,True,False,True,
data/processed/waveforms/us6000jlse_CEYT.mseed,us6000jlse,CEYT,KO,,HHE,broadband,0.00076,0.0633,13.56,2023-02-06T14:27:57.450000Z,2023-02-06T14:30:38.370000Z,0.421,0.208,100.0,210.0,0,0.0,False,True,True,False,True,
data/processed/waveforms/us6000jlse_GAZ.mseed,us6000jlse,GAZ,KO,,HHE,broadband,0.00094,0.0305,9.4,2023-02-06T14:27:56.760000Z,2023-02-06T14:27:58.170000Z,0.269,0.084,100.0,210.0,0,0.0,False,True,True,False,True,
data/processed/waveforms/us6000jlse_KMRS.mseed,us6000jlse,KMRS,KO,,HHE,broadband,0.0007,0.0541,11.15,2023-02-06T14:27:58.330000Z,2023-02-06T14:30:09.890000Z,0.352,0.228,100.0,210.0,0,0.0,False,True,True,False,True,
data/processed/waveforms/us6000jlsf_KMRS.mseed,us6000jlsf,KMRS,KO,,HHE,broadband,0.00042,0.0547,13.54,2023-02-06T14:30:09.530000Z,,0.455,,100.0,210.0,0,0.0,False,True,True,False,True,
data/processed/waveforms/us6000jlsf_KOZT.mseed,us6000jlsf,KOZT,KO,,HHE,broadband,0.00018,0.0252,8.25,2023-02-06T14:30:12.110000Z,2023-02-06T14:30:23.750000Z,0.306,0.196,100.0,210.0,0,0.0,False,True,True,False,True,
data/processed/waveforms/us6000jlsf_SARI.mseed,us6000jlsf,SARI,KO,,HHE,broadband,0.00132,0.08,13.04,2023-02-06T14:30:06.280000Z,2023-02-06T14:30:07.540000Z,0.271,0.453,100.0,210.0,0,0.0,False,True,True,False,True,
data/processed/waveforms/us6000jlsg_GAZ.mseed,us6000jlsg,GAZ,KO,,HHE,broadband,0.00694,0.2124,27.26,2023-02-06T06:26:33.300000Z,,0.552,,100.0,210.0,0,0.0,False,True,True,False,True,
data/processed/waveforms/us6000jlsg_KHMN.mseed,us6000jlsg,KHMN,KO,,HNE,strong_motion,0.01542,0.4447,,,,,,100.0,210.0,0,0.0,False,True,True,True,False,
data/processed/waveforms/us6000jlsg_KMRS.mseed,us6000jlsg,KMRS,KO,,HHE,broadband,0.00379,0.1131,27.01,2023-02-06T06:26:34.140000Z,2023-02-06T06:28:33.340000Z,0.555,0.052,100.0,210.0,0,0.0,False,True,True,False,True,
data/processed/waveforms/us6000jlsj_DARE.mseed,us6000jlsj,DARE,KO,,HHE,broadband,0.00079,0.0144,9.76,2023-02-06T14:42:09.970000Z,,0.341,,100.0,210.0,0,0.0,True,True,True,False,True,clipping_şüphesi
data/processed/waveforms/us6000jlsj_KMRS.mseed,us6000jlsj,KMRS,KO,,HHE,broadband,0.00056,0.0217,3.84,2023-02-06T14:41:59.600000Z,2023-02-06T14:42:28.300000Z,0.223,0.431,100.0,210.0,0,0.0,False,True,True,False,True,
data/processed/waveforms/us6000jlsq_DARE.mseed,us6000jlsq,DARE,KO,,HHE,broadband,0.00107,0.0855,7.37,2023-02-06T15:14:34.390000Z,,0.487,,100.0,210.0,0,0.0,True,True,True,False,True,clipping_şüphesi
data/processed/waveforms/us6000jlsq_KMRS.mseed,us6000jlsq,KMRS,KO,,HHE,broadband,0.00071,0.0722,20.9,2023-02-06T15:14:48.120000Z,2023-02-06T15:14:59.670000Z,0.53,0.11,100.0,210.0,0,0.0,False,True,True,False,True,
data/processed/waveforms/us6000jlsu_DARE.mseed,us6000jlsu,DARE,KO,,HHE,broadband,0.004,0.2442,28.89,2023-02-06T15:33:43.510000Z,,0.556,,100.0,180.0,0,0.0,False,True,True,False,True,
data/processed/waveforms/us6000jlsu_URFA.mseed,us6000jlsu,URFA,KO,,HHE,broadband,0.00497,0.24,31.37,2023-02-06T15:33:53.300000Z,,0.515,,100.0,210.0,0,0.0,False,True,True,False,True,
data/processed/waveforms/us6000jlt0_CEYT.mseed,us6000jlt0,CEYT,KO,,HHE,broadband,0.00021,0.0086,0.11,2023-02-06T16:11:18.910000Z,,0.014,,100.0,209.99,0,0.0,False,True,True,False,True,
data/processed/waveforms/us6000jlt0_KRTS.mseed,us6000jlt0,KRTS,KO,,HNE,strong_motion,0.00026,0.014,,,,,,100.0,210.0,0,0.0,False,True,True,True,False,
data/processed/waveforms/us6000jlt1_KHMN.mseed,us6000jlt1,KHMN,KO,,HNE,strong_motion,0.07471,145.2788,17.37,2023-02-06T16:28:53.220000Z,,0.511,,100.0,37.99,0,0.0,False,True,True,True,True,
data/processed/waveforms/us6000jlt1_KMRS.mseed,us6000jlt1,KMRS,KO,,HHE,broadband,0.00769,0.2857,6.07,2023-02-06T16:26:51.890000Z,2023-02-06T16:27:00.850000Z,0.153,0.421,100.0,210.0,0,0.0,False,True,True,False,True,
data/processed/waveforms/us6000jlt1_KOZT.mseed,us6000jlt1,KOZT,KO,,HHE,broadband,0.00036,0.0304,4.7,2023-02-06T16:26:39.500000Z,2023-02-06T16:26:52.080000Z,0.291,0.203,100.0,210.0,0,0.0,False,True,True,False,True,
data/processed/waveforms/us6000jlt1_SARI.mseed,us6000jlt1,SARI,KO,,HHE,broadband,0.00539,0.2529,14.56,2023-02-06T16:26:51.170000Z,2023-02-06T16:26:52.470000Z,0.342,0.488,100.0,137.48,0,0.0,False,True,True,False,True,
data/processed/waveforms/us6000jlt5_DARE.mseed,us6000jlt5,DARE,KO,,HHE,broadband,0.00034,0.0247,6.07,2023-02-06T16:26:27.290000Z,,0.217,,100.0,210.0,2,0.0001,True,True,True,False,False,"has_gaps,clipping_şüphesi"
data/processed/waveforms/us6000jlt5_KHMN.mseed,us6000jlt5,KHMN,KO,,HNE,strong_motion,0.07471,145.2788,17.37,2023-02-06T16:28:53.220000Z,,0.511,,100.0,37.99,0,0.0,False,True,True,True,True,
data/processed/waveforms/us6000jlt5_KMRS.mseed,us6000jlt5,KMRS,KO,,HHE,broadband,0.00769,0.2859,5.93,2023-02-06T16:26:34.650000Z,2023-02-06T16:27:00.850000Z,0.189,0.421,100.0,210.0,0,0.0,False,True,True,False,True,
data/processed/waveforms/us6000jlt5_SARI.mseed,us6000jlt5,SARI,KO,,HHE,broadband,0.00539,0.2532,11.27,2023-02-06T16:26:27.950000Z,2023-02-06T16:26:52.470000Z,0.389,0.488,100.0,161.53,0,0.0,False,True,True,False,True,
data/processed/waveforms/us6000jlt7_CEYT.mseed,us6000jlt7,CEYT,KO,,HHE,broadband,0.00059,0.024,13.32,2023-02-06T16:32:25.120000Z,2023-02-06T16:32:26.240000Z,0.29,0.163,100.0,210.0,0,0.0,False,True,True,False,True,
data/processed/waveforms/us6000jlt7_GAZ.mseed,us6000jlt7,GAZ,KO,,HHE,broadband,0.00091,0.0637,10.02,2023-02-06T16:32:27.500000Z,2023-02-06T16:32:29.970000Z,0.183,0.316,100.0,210.0,0,0.0,False,True,True,False,True,
data/processed/waveforms/us6000jlta_KHMN.mseed,us6000jlta,KHMN,KO,,HNE,strong_motion,0.00488,2.1804,,,,,,100.0,179.45,3,0.0669,False,True,True,False,False,has_gaps
data/processed/waveforms/us6000jlta_KMRS.mseed,us6000jlta,KMRS,KO,,HHE,broadband,0.00258,0.2121,24.35,2023-02-06T16:43:40.510000Z,,0.558,,100.0,180.0,0,0.0,False,True,True,False,True,
data/processed/waveforms/us6000jlta_KOZT.mseed,us6000jlta,KOZT,KO,,HHE,broadband,0.00087,0.0955,17.79,2023-02-06T16:43:42.370000Z,,0.457,,100.0,210.0,0,0.0,False,True,True,False,True,
data/processed/waveforms/us6000jlta_SARI.mseed,us6000jlta,SARI,KO,,HHE,broadband,0.00694,0.3337,3.71,2023-02-06T16:43:29.980000Z,2023-02-06T16:43:36.420000Z,0.413,0.526,100.0,118.54,2,0.0002,False,True,True,False,False,has_gaps
data/processed/waveforms/us6000jlth_DARE.mseed,us6000jlth,DARE,KO,,HHE,broadband,0.00061,0.0389,21.27,2023-02-06T16:55:44.310000Z,2023-02-06T16:55:54.960000Z,0.539,0.33,100.0,210.0,0,0.0,False,True,True,False,True,
data/processed/waveforms/us6000jlth_KHMN.mseed,us6000jlth,KHMN,KO,,HNE,strong_motion,0.01072,0.1205,,,,,,100.0,210.0,0,0.0,False,True,True,True,False,
data/processed/waveforms/us6000jlth_KMRS.mseed,us6000jlth,KMRS,KO,,HHE,broadband,0.00062,0.025,7.47,2023-02-06T16:55:47.070000Z,,0.18,,100.0,210.0,0,0.0,False,True,True,False,True,
data/processed/waveforms/us6000jlwh_DARE.mseed,us6000jlwh,DARE,KO,,HHE,broadband,0.00089,0.0284,10.25,2023-02-06T17:26:40.650000Z,,0.237,,100.0,210.0,0,0.0,False,True,True,False,True,
data/processed/waveforms/us6000jlwh_KHMN.mseed,us6000jlwh,KHMN,KO,,HNE,strong_motion,0.00628,0.0758,,,,,,100.0,210.0,0,0.0,False,True,True,True,False,
data/processed/waveforms/us6000jlwh_KMRS.mseed,us6000jlwh,KMRS,KO,,HHE,broadband,0.00288,0.1372,20.36,2023-02-06T17:26:38.080000Z,,0.551,,100.0,210.0,0,0.0,False,True,True,False,True,
data/processed/waveforms/us6000jlwh_SARI.mseed,us6000jlwh,SARI,KO,,HHE,broadband,0.01182,0.2805,27.14,2023-02-06T17:26:31.830000Z,,0.559,,100.0,210.0,0,0.0,False,True,True,False,True,
data/processed/waveforms/us6000jly1_CEYT.mseed,us6000jly1,CEYT,KO,,HHE,broadband,0.00046,0.0241,12.8,2023-02-06T17:31:49.730000Z,,0.348,,100.0,210.0,0,0.0,False,True,True,False,True,
data/processed/waveforms/us6000jly1_GAZ.mseed,us6000jly1,GAZ,KO,,HHE,broadband,0.00172,0.0927,13.58,2023-02-06T17:31:42.170000Z,2023-02-06T17:33:15.880000Z,0.377,0.116,100.0,210.0,0,0.0,False,True,True,False,True,
data/processed/waveforms/us6000jly1_KHMN.mseed,us6000jly1,KHMN,KO,,HNE,strong_motion,0.00554,0.0773,,,,,,100.0,210.0,0,0.0,False,True,True,True,False,
data/processed/waveforms/us6000jly1_KMRS.mseed,us6000jly1,KMRS,KO,,HHE,broadband,0.00088,0.0301,12.58,2023-02-06T17:31:41.940000Z,2023-02-06T17:32:44.770000Z,0.471,0.032,100.0,210.0,0,0.0,False,True,True,False,True,
data/processed/waveforms/us6000jm13_DARE.mseed,us6000jm13,DARE,KO,,HHE,broadband,0.00075,0.0263,6.92,2023-02-06T17:46:59.620000Z,2023-02-06T17:49:18.050000Z,0.414,0.495,100.0,210.0,0,0.0,False,True,True,False,True,
data/processed/waveforms/us6000jm13_KHMN.mseed,us6000jm13,KHMN,KO,,HNE,strong_motion,0.00462,0.0409,,,,,,100.0,210.0,0,0.0,False,True,True,True,False,
data/processed/waveforms/us6000jm13_KMRS.mseed,us6000jm13,KMRS,KO,,HHE,broadband,0.00049,0.0333,7.33,2023-02-06T17:47:10.760000Z,2023-02-06T17:47:12.500000Z,0.218,0.11,100.0,210.0,0,0.0,False,True,True,False,True,
data/processed/waveforms/us6000jm1p_KHMN.mseed,us6000jm1p,KHMN,KO,,HNE,strong_motion,0.00439,0.1336,,,,,,100.0,210.0,0,0.0,False,True,True,True,False,
data/processed/waveforms/us6000jm1p_KMRS.mseed,us6000jm1p,KMRS,KO,,HHE,broadband,0.00261,0.1714,27.28,2023-02-06T18:04:06.170000Z,2023-02-06T18:05:22.890000Z,0.555,0.088,100.0,180.0,0,0.0,False,True,True,False,True,
data/processed/waveforms/us6000jm1p_KOZT.mseed,us6000jm1p,KOZT,KO,,HHE,broadband,0.00121,0.115,14.66,2023-02-06T18:04:09.030000Z,2023-02-06T18:04:10.740000Z,0.319,0.338,100.0,210.0,0,0.0,False,True,True,False,True,
data/processed/waveforms/us6000jm1p_SARI.mseed,us6000jm1p,SARI,KO,,HHE,broadband,0.01073,0.285,22.44,2023-02-06T18:04:01.420000Z,2023-02-06T18:05:15.180000Z,0.466,0.264,100.0,180.0,0,0.0,False,True,True,False,True,
data/processed/waveforms/us6000jm1y_DARE.mseed,us6000jm1y,DARE,KO,,HHE,broadband,0.00568,3.3061,-0.36,2023-02-06T10:28:41.350000Z,,0.119,,100.0,180.0,0,0.0,False,True,True,False,True,
data/processed/waveforms/us6000jm1y_URFA.mseed,us6000jm1y,URFA,KO,,HHE,broadband,0.01154,1.8458,1.54,2023-02-06T10:29:19.470000Z,,0.105,,100.0,210.0,0,0.0,False,True,True,False,True,
data/processed/waveforms/us6000jm29_BNN.mseed,us6000jm29,BNN,KO,,HHE,broadband,0.00054,0.0599,10.23,2023-02-06T20:05:53.270000Z,2023-02-06T20:05:55.620000Z,0.328,0.319,100.0,210.0,0,0.0,False,True,True,False,True,
data/processed/waveforms/us6000jm29_KMRS.mseed,us6000jm29,KMRS,KO,,HHE,broadband,0.00101,0.0611,15.62,2023-02-06T20:05:44.260000Z,2023-02-06T20:05:47.590000Z,0.51,0.417,100.0,209.99,0,0.0,False,True,True,False,True,
data/processed/waveforms/us6000jm29_KOZT.mseed,us6000jm29,KOZT,KO,,HHE,broadband,0.00092,0.067,12.94,2023-02-06T20:05:48.810000Z,2023-02-06T20:05:50.840000Z,0.29,0.222,100.0,209.99,0,0.0,False,True,True,False,True,
data/processed/waveforms/us6000jm29_SARI.mseed,us6000jm29,SARI,KO,,HHE,broadband,0.00933,0.2823,24.67,2023-02-06T20:05:42.030000Z,,0.519,,100.0,209.99,0,0.0,False,True,True,False,True,
data/processed/waveforms/us6000jm2r_GAZ.mseed,us6000jm2r,GAZ,KO,,HHE,broadband,0.01584,0.8664,41.58,2023-02-06T20:37:55.470000Z,,0.56,,100.0,180.0,0,0.0,False,True,True,False,True,
data/processed/waveforms/us6000jm2r_KHMN.mseed,us6000jm2r,KHMN,KO,,HNE,strong_motion,0.0486,1.8905,,,,,,100.0,180.0,0,0.0,False,True,True,True,False,
data/processed/waveforms/us6000jm2r_KMRS.mseed,us6000jm2r,KMRS,KO,,HHE,broadband,0.00844,0.2965,41.35,2023-02-06T20:37:56.910000Z,2023-02-06T20:40:46.210000Z,0.559,0.141,100.0,210.0,0,0.0,False,True,True,False,True,
data/processed/waveforms/us6000jm2r_KOZT.mseed,us6000jm2r,KOZT,KO,,HHE,broadband,0.00106,0.1643,24.95,2023-02-06T20:38:11.130000Z,2023-02-06T20:38:27.080000Z,0.484,0.423,100.0,210.0,0,0.0,False,True,True,False,True,
data/processed/waveforms/us6000jm2t_KHMN.mseed,us6000jm2t,KHMN,KO,,HNE,strong_motion,0.00703,0.0781,,,,,,100.0,210.0,0,0.0,False,True,True,True,False,
data/processed/waveforms/us6000jm2t_KMRS.mseed,us6000jm2t,KMRS,KO,,HHE,broadband,0.00283,0.1479,26.76,2023-02-06T20:44:11.060000Z,,0.563,,100.0,210.0,0,0.0,False,True,True,False,True,
data/processed/waveforms/us6000jm2t_KOZT.mseed,us6000jm2t,KOZT,KO,,HHE,broadband,0.00074,0.0528,9.64,2023-02-06T20:44:15.450000Z,2023-02-06T20:44:18.190000Z,0.226,0.262,100.0,210.0,0,0.0,False,True,True,False,True,
data/processed/waveforms/us6000jm2t_SARI.mseed,us6000jm2t,SARI,KO,,HHE,broadband,0.00614,0.1809,25.78,2023-02-06T20:44:09.120000Z,,0.557,,100.0,210.0,0,0.0,False,True,True,False,True,
data/processed/waveforms/us6000jm2v_ARPRA.mseed,us6000jm2v,ARPRA,KO,,HNE,strong_motion,0.00176,0.1178,,,,,,100.0,210.0,0,0.0,False,True,True,True,False,
data/processed/waveforms/us6000jm2v_DARE.mseed,us6000jm2v,DARE,KO,,HHE,broadband,0.00095,0.0389,12.43,2023-02-06T20:53:36.540000Z,,0.44,,100.0,210.0,0,0.0,False,True,True,False,True,
data/processed/waveforms/us6000jm2x_CEYT.mseed,us6000jm2x,CEYT,KO,,HHE,broadband,0.00081,0.0285,10.32,2023-02-06T21:02:20.130000Z,,0.277,,100.0,210.0,0,0.0,False,True,True,False,True,
data/processed/waveforms/us6000jm2x_GAZ.mseed,us6000jm2x,GAZ,KO,,HHE,broadband,0.00117,0.0832,8.53,2023-02-06T21:02:21.490000Z,2023-02-06T21:02:23.060000Z,0.169,0.449,100.0,210.0,0,0.0,False,True,True,False,True,
data/processed/waveforms/us6000jm2x_KMRS.mseed,us6000jm2x,KMRS,KO,,HHE,broadband,0.00118,0.027,9.99,2023-02-06T21:02:23.240000Z,2023-02-06T21:03:19.850000Z,0.249,0.283,100.0,210.0,0,0.0,False,True,True,False,True,
data/processed/waveforms/us6000jm30_DARE.mseed,us6000jm30,DARE,KO,,HHE,broadband,0.00227,0.1365,23.1,2023-02-06T21:15:28.880000Z,,0.544,,100.0,210.0,0,0.0,False,True,True,False,True,
data/processed/waveforms/us6000jm30_KMRS.mseed,us6000jm30,KMRS,KO,,HHE,broadband,0.0007,0.0471,24.37,2023-02-06T21:15:28.660000Z,2023-02-06T21:15:36.980000Z,0.559,0.032,100.0,210.0,0,0.0,False,True,True,False,True,
data/processed/waveforms/us6000jm30_SARI.mseed,us6000jm30,SARI,KO,,HHE,broadband,0.00175,0.0533,20.29,2023-02-06T21:15:28.970000Z,,0.486,,100.0,209.99,0,0.0,False,True,True,False,True,
data/processed/waveforms/us6000jm3c_KMRS.mseed,us6000jm3c,KMRS,KO,,HHE,broadband,0.0026,0.1328,19.65,2023-02-06T21:57:55.600000Z,,0.527,,100.0,210.0,0,0.0,False,True,True,False,True,
data/processed/waveforms/us6000jm3c_KOZT.mseed,us6000jm3c,KOZT,KO,,HHE,broadband,0.0006,0.085,9.19,2023-02-06T21:57:59.430000Z,,0.314,,100.0,210.0,0,0.0,False,True,True,False,True,
data/processed/waveforms/us6000jm3c_SARI.mseed,us6000jm3c,SARI,KO,,HHE,broadband,0.00847,0.2796,24.54,2023-02-06T21:57:51.100000Z,2023-02-06T22:00:09.330000Z,0.547,0.062,100.0,210.0,0,0.0,False,True,True,False,True,
data/processed/waveforms/us6000jm3x_KRTS.mseed,us6000jm3x,KRTS,KO,,HNE,strong_motion,0.00017,0.0153,,,,,,100.0,210.0,0,0.0,False,True,True,True,False,
data/processed/waveforms/us6000jm4n_GAZ.mseed,us6000jm4n,GAZ,KO,,HHE,broadband,0.00127,0.1085,,,,,,100.0,14.99,16,18.0787,False,True,True,False,False,has_gaps
data/processed/waveforms/us6000jm4n_KHMN.mseed,us6000jm4n,KHMN,KO,,HNE,strong_motion,0.02696,0.7134,,,,,,100.0,210.0,0,0.0,False,True,True,True,False,
data/processed/waveforms/us6000jm4n_KMRS.mseed,us6000jm4n,KMRS,KO,,HHE,broadband,0.00805,0.2307,12.4,2023-02-06T01:51:49.840000Z,2023-02-06T01:51:53.660000Z,0.354,0.371,100.0,210.0,0,0.0,False,True,True,False,True,
data/processed/waveforms/us6000jm4n_KOZT.mseed,us6000jm4n,KOZT,KO,,HHE,broadband,0.00092,0.0664,2.98,2023-02-06T01:51:49.340000Z,2023-02-06T01:52:23.240000Z,0.051,0.12,100.0,210.0,0,0.0,False,True,True,False,True,
data/processed/waveforms/us6000jm4u_DYBB.mseed,us6000jm4u,DYBB,KO,,HHE,broadband,0.00056,0.0645,9.42,2023-02-06T01:47:53.250000Z,2023-02-06T01:49:04.350000Z,0.268,0.052,100.0,210.0,0,0.0,False,True,True,False,True,
data/processed/waveforms/us6000jm4u_SVAN.mseed,us6000jm4u,SVAN,KO,,HHE,broadband,0.00038,0.0383,4.85,2023-02-06T01:47:56.780000Z,2023-02-06T01:50:02.850000Z,0.089,0.018,100.0,210.0,0,0.0,False,True,True,False,True,
data/processed/waveforms/us6000jm55_CEYT.mseed,us6000jm55,CEYT,KO,,HHE,broadband,0.00034,0.0386,5.61,2023-02-07T02:47:57.990000Z,,0.213,,100.0,210.0,0,0.0,False,True,True,False,True,
data/processed/waveforms/us6000jm55_KRTS.mseed,us6000jm55,KRTS,KO,,HNE,strong_motion,0.00048,0.0384,,,,,,100.0,210.0,0,0.0,False,True,True,True,False,
data/processed/waveforms/us6000jm5c_DARE.mseed,us6000jm5c,DARE,KO,,HHE,broadband,0.00061,0.0785,18.45,2023-02-07T03:09:07.560000Z,,0.505,,100.0,210.0,0,0.0,False,True,True,False,True,
data/processed/waveforms/us6000jm5c_KHMN.mseed,us6000jm5c,KHMN,KO,,HNE,strong_motion,0.00356,0.0653,,,,,,100.0,210.0,0,0.0,False,True,True,True,False,
data/processed/waveforms/us6000jm5c_KMRS.mseed,us6000jm5c,KMRS,KO,,HHE,broadband,0.00068,0.0534,17.46,2023-02-07T03:09:08.050000Z,2023-02-07T03:09:22.370000Z,0.507,0.148,100.0,210.0,0,0.0,False,True,True,False,True,
data/processed/waveforms/us6000jm5e_GAZ.mseed,us6000jm5e,GAZ,KO,,HHE,broadband,0.0029,0.2978,15.16,2023-02-07T03:13:27.270000Z,2023-02-07T03:13:28.390000Z,0.394,0.359,100.0,198.75,2,0.0002,False,True,True,False,False,has_gaps
data/processed/waveforms/us6000jm5e_KHMN.mseed,us6000jm5e,KHMN,KO,,HNE,strong_motion,0.00607,0.2887,,,,,,100.0,179.24,0,0.0,False,True,True,True,False,
data/processed/waveforms/us6000jm5e_KMRS.mseed,us6000jm5e,KMRS,KO,,HHE,broadband,0.00361,0.2755,28.71,2023-02-07T03:13:25.980000Z,,0.535,,100.0,180.0,0,0.0,False,True,True,False,True,
data/processed/waveforms/us6000jm69_KMRS.mseed,us6000jm69,KMRS,KO,,HHE,broadband,0.00096,0.0725,14.77,2023-02-07T06:41:05.670000Z,,0.52,,100.0,210.0,0,0.0,False,True,True,False,True,
data/processed/waveforms/us6000jm69_KOZT.mseed,us6000jm69,KOZT,KO,,HHE,broadband,0.00026,0.0285,3.75,2023-02-07T06:41:22.310000Z,,0.09,,100.0,97.78,0,0.0,False,True,True,False,True,
data/processed/waveforms/us6000jm69_SARI.mseed,us6000jm69,SARI,KO,,HHE,broadband,0.00336,0.1377,19.15,2023-02-07T06:41:01.110000Z,,0.441,,100.0,108.21,0,0.0,False,True,True,False,True,
data/processed/waveforms/us6000jm6b_DARE.mseed,us6000jm6b,DARE,KO,,HHE,broadband,0.00507,0.1235,21.11,2023-02-07T06:48:57.580000Z,2023-02-07T06:51:41.760000Z,0.538,0.557,100.0,167.7,0,0.0,False,True,True,False,True,
data/processed/waveforms/us6000jm6b_KMRS.mseed,us6000jm6b,KMRS,KO,,HHE,broadband,0.00068,0.04,15.54,2023-02-07T06:49:12.390000Z,2023-02-07T06:49:28.120000Z,0.487,0.339,100.0,210.0,0,0.0,False,True,True,False,True,
data/processed/waveforms/us6000jm6b_SARI.mseed,us6000jm6b,SARI,KO,,HHE,broadband,0.00068,0.0338,9.72,2023-02-07T06:49:11.370000Z,2023-02-07T06:49:25.660000Z,0.162,0.243,100.0,130.29,0,0.0,False,True,True,False,True,
data/processed/waveforms/us6000jm76_DARE.mseed,us6000jm76,DARE,KO,,HHE,broadband,0.00041,0.0277,10.27,2023-02-06T11:51:29.620000Z,,0.254,,100.0,210.0,0,0.0,True,True,True,False,True,clipping_şüphesi
data/processed/waveforms/us6000jm76_KMRS.mseed,us6000jm76,KMRS,KO,,HHE,broadband,0.00039,0.0237,11.65,2023-02-06T11:51:37.050000Z,2023-02-06T11:51:40.380000Z,0.187,0.01,100.0,210.0,0,0.0,False,True,True,False,True,
data/processed/waveforms/us6000jm7f_DARE.mseed,us6000jm7f,DARE,KO,,HHE,broadband,0.00046,0.0562,22.16,2023-02-07T10:18:29.460000Z,2023-02-07T10:19:46.150000Z,0.491,0.034,100.0,123.59,0,0.0,False,True,True,False,True,
data/processed/waveforms/us6000jm7f_URFA.mseed,us6000jm7f,URFA,KO,,HHE,broadband,0.00238,0.1926,29.46,2023-02-07T10:18:29.040000Z,,0.555,,100.0,113.59,0,0.0,False,True,True,False,True,
data/processed/waveforms/us6000jm7h_ARPRA.mseed,us6000jm7h,ARPRA,KO,,HNE,strong_motion,0.00156,0.0794,,,,,,100.0,210.0,0,0.0,False,True,True,True,False,
data/processed/waveforms/us6000jm7h_DARE.mseed,us6000jm7h,DARE,KO,,HHE,broadband,0.00071,0.0214,1.39,2023-02-07T10:27:34.720000Z,2023-02-07T10:27:42.440000Z,0.057,0.271,100.0,210.0,0,0.0,False,True,True,False,True,
data/processed/waveforms/us6000jm7k_KMRS.mseed,us6000jm7k,KMRS,KO,,HHE,broadband,0.00086,0.0368,9.27,2023-02-07T10:56:38.760000Z,2023-02-07T10:56:44.330000Z,0.324,0.5,100.0,209.99,0,0.0,False,True,True,False,True,
data/processed/waveforms/us6000jm7k_KOZT.mseed,us6000jm7k,KOZT,KO,,HHE,broadband,0.00012,0.0095,3.06,2023-02-07T10:58:04.250000Z,2023-02-07T10:58:14.050000Z,0.03,0.004,100.0,128.08,0,0.0,False,True,True,False,True,
data/processed/waveforms/us6000jm7k_SARI.mseed,us6000jm7k,SARI,KO,,HHZ,broadband,0.00069,0.0295,7.86,2023-02-07T10:56:41.710000Z,2023-02-07T10:56:50.510000Z,0.391,0.166,100.0,204.91,1,0.0244,False,True,True,False,False,has_gaps
data/processed/waveforms/us6000jm7q_ARPRA.mseed,us6000jm7q,ARPRA,KO,,HNE,strong_motion,0.00072,0.0335,,,,,,100.0,109.77,0,0.0,False,True,True,True,False,
data/processed/waveforms/us6000jm7q_DARE.mseed,us6000jm7q,DARE,KO,,HHE,broadband,0.00043,0.0157,5.87,2023-02-07T12:07:15.770000Z,2023-02-07T12:10:07.360000Z,0.207,0.036,100.0,210.0,0,0.0,False,True,True,False,True,
data/processed/waveforms/us6000jm84_CEYT.mseed,us6000jm84,CEYT,KO,,HHZ,broadband,0.00025,0.0144,,,,,,100.0,210.0,1,0.0238,False,True,True,False,False,has_gaps
data/processed/waveforms/us6000jm84_KRTS.mseed,us6000jm84,KRTS,KO,,HNE,strong_motion,0.00056,0.023,,,,,,100.0,141.64,0,0.0,False,True,True,True,False,
data/processed/waveforms/us6000jm95_GAZ.mseed,us6000jm95,GAZ,KO,,HHZ,broadband,0.02332,0.8719,36.0,2023-02-07T15:31:33.660000Z,,0.56,,100.0,209.99,1,0.0238,False,True,True,False,False,has_gaps
data/processed/waveforms/us6000jm95_KMRS.mseed,us6000jm95,KMRS,KO,,HHE,broadband,0.006,0.2857,27.71,2023-02-07T15:31:33.540000Z,,0.531,,100.0,209.99,0,0.0,False,True,True,False,True,
data/processed/waveforms/us6000jm95_KOZT.mseed,us6000jm95,KOZT,KO,,HHE,broadband,0.00036,0.0378,14.27,2023-02-07T15:31:47.670000Z,2023-02-07T15:32:03.880000Z,0.47,0.189,100.0,209.99,0,0.0,False,True,True,False,True,
data/processed/waveforms/us6000jm96_KMRS.mseed,us6000jm96,KMRS,KO,,HHE,broadband,0.00213,0.1413,22.43,2023-02-07T15:49:05.670000Z,2023-02-07T15:50:42.490000Z,0.557,0.003,100.0,180.0,0,0.0,False,True,True,False,True,
data/processed/waveforms/us6000jm96_KOZT.mseed,us6000jm96,KOZT,KO,,HHE,broadband,0.00118,0.1222,10.87,2023-02-07T15:49:07.160000Z,2023-02-07T15:49:08.660000Z,0.406,0.389,100.0,111.12,0,0.0,False,True,True,False,True,
data/processed/waveforms/us6000jm96_SARI.mseed,us6000jm96,SARI,KO,,HHE,broadband,0.00254,0.0947,19.84,2023-02-07T15:49:01.550000Z,2023-02-07T15:50:35.720000Z,0.415,0.409,100.0,101.99,0,0.0,False,True,True,False,True,
data/processed/waveforms/us6000jmat_KHMN.mseed,us6000jmat,KHMN,KO,,HNE,strong_motion,0.00244,1.6723,,,,,,100.0,85.13,3,0.2114,False,True,True,False,False,has_gaps
data/processed/waveforms/us6000jmat_KMRS.mseed,us6000jmat,KMRS,KO,,HHE,broadband,0.00171,0.087,15.36,2023-02-07T18:10:11.890000Z,2023-02-07T18:10:50.800000Z,0.478,0.125,100.0,180.0,0,0.0,False,True,True,False,True,
data/processed/waveforms/us6000jmat_KOZT.mseed,us6000jmat,KOZT,KO,,HHE,broadband,0.00048,0.039,23.16,2023-02-07T18:10:16.130000Z,2023-02-07T18:10:18.990000Z,0.469,0.196,100.0,210.0,0,0.0,False,True,True,False,True,
data/processed/waveforms/us6000jmat_SARI.mseed,us6000jmat,SARI,KO,,HHE,broadband,0.01279,0.3111,31.95,2023-02-07T18:10:06.940000Z,,0.561,,100.0,120.86,0,0.0,False,True,True,False,True,
data/processed/waveforms/us6000jmbq_DYBB.mseed,us6000jmbq,DYBB,KO,,HHE,broadband,0.0004,0.039,12.77,2023-02-07T19:54:37.560000Z,2023-02-07T19:54:40.200000Z,0.303,0.132,100.0,146.83,7,0.4427,False,True,True,False,False,has_gaps
data/processed/waveforms/us6000jmc7_DARE.mseed,us6000jmc7,DARE,KO,,HHE,broadband,0.00058,0.0448,12.66,2023-02-07T21:21:37.230000Z,2023-02-07T21:23:04.680000Z,0.378,0.038,100.0,210.0,0,0.0,False,True,True,False,True,
data/processed/waveforms/us6000jmc7_GAZ.mseed,us6000jmc7,GAZ,KO,,HHE,broadband,0.0005,0.0676,6.64,2023-02-07T21:21:44.260000Z,2023-02-07T21:21:45.400000Z,0.143,0.081,100.0,210.0,0,0.0,False,True,True,False,True,
data/processed/waveforms/us6000jmc7_KHMN.mseed,us6000jmc7,KHMN,KO,,HNE,strong_motion,0.00279,0.0959,,,,,,100.0,210.0,0,0.0,False,True,True,True,False,
data/processed/waveforms/us6000jmc7_KMRS.mseed,us6000jmc7,KMRS,KO,,HHE,broadband,0.00124,0.0934,15.68,2023-02-07T21:21:38.400000Z,,0.455,,100.0,210.0,0,0.0,False,True,True,False,True,
data/processed/waveforms/us6000jmdw_CEYT.mseed,us6000jmdw,CEYT,KO,,HHE,broadband,0.00051,0.0263,7.36,2023-02-07T23:13:22.150000Z,,0.2,,100.0,210.0,4,0.0952,False,True,True,False,False,has_gaps
data/processed/waveforms/us6000jmdw_KRTS.mseed,us6000jmdw,KRTS,KO,,HNE,strong_motion,0.00076,0.0385,,,,,,100.0,111.01,0,0.0,False,True,True,True,False,
data/processed/waveforms/us6000jmfn_CEYT.mseed,us6000jmfn,CEYT,KO,,HHE,broadband,0.0002,0.0141,,,,,,100.0,210.0,3,0.0714,False,True,True,False,False,has_gaps
data/processed/waveforms/us6000jmfn_KRTS.mseed,us6000jmfn,KRTS,KO,,HNZ,strong_motion,0.00062,0.0293,,,,,,100.0,210.0,1,0.0238,False,True,True,False,False,has_gaps
data/processed/waveforms/us6000jmg1_KHMN.mseed,us6000jmg1,KHMN,KO,,HNE,strong_motion,0.0022,0.0317,,,,,,100.0,39.01,0,0.0,False,True,True,True,False,
data/processed/waveforms/us6000jmg1_KMRS.mseed,us6000jmg1,KMRS,KO,,HHE,broadband,0.00297,0.2053,24.78,2023-02-08T07:48:43.780000Z,,0.555,,100.0,180.0,0,0.0,False,True,True,False,True,
data/processed/waveforms/us6000jmg1_KOZT.mseed,us6000jmg1,KOZT,KO,,HHE,broadband,0.00124,0.1194,12.1,2023-02-08T07:48:58.000000Z,,0.23,,100.0,138.01,4,0.0003,False,True,True,False,False,has_gaps
data/processed/waveforms/us6000jmg1_SARI.mseed,us6000jmg1,SARI,KO,,HHE,broadband,0.0112,0.3004,28.7,2023-02-08T07:48:38.880000Z,,0.522,,100.0,180.0,0,0.0,False,True,True,False,True,
data/processed/waveforms/us6000jmgf_DARE.mseed,us6000jmgf,DARE,KO,,HHE,broadband,0.00274,0.1875,32.29,2023-02-08T11:12:02.370000Z,2023-02-08T11:12:12.290000Z,0.55,0.17,100.0,180.0,0,0.0,False,True,True,False,True,
data/processed/waveforms/us6000jmgf_KHMN.mseed,us6000jmgf,KHMN,KO,,HNE,strong_motion,0.00393,0.3988,,,,,,100.0,180.0,0,0.0,False,True,True,True,False,
data/processed/waveforms/us6000jmgf_KMRS.mseed,us6000jmgf,KMRS,KO,,HHE,broadband,0.00266,0.2043,28.33,2023-02-08T11:12:06.590000Z,,0.551,,100.0,210.0,0,0.0,False,True,True,False,True,
data/processed/waveforms/us6000jmgg_DARE.mseed,us6000jmgg,DARE,KO,,HHE,broadband,0.00144,0.0968,19.68,2023-02-08T11:24:10.840000Z,,0.501,,100.0,210.0,0,0.0,False,True,True,False,True,
data/processed/waveforms/us6000jmgg_KHMN.mseed,us6000jmgg,KHMN,KO,,HNE,strong_motion,0.00199,0.046,,,,,,100.0,144.76,0,0.0,False,True,True,True,False,
data/processed/waveforms/us6000jmgg_KMRS.mseed,us6000jmgg,KMRS,KO,,HHE,broadband,0.00108,0.0689,20.1,2023-02-08T11:24:14.780000Z,2023-02-08T11:24:26.160000Z,0.509,0.23,100.0,210.0,0,0.0,False,True,True,False,True,
data/processed/waveforms/us6000jmh3_DARE.mseed,us6000jmh3,DARE,KO,,HHE,broadband,0.00111,0.0734,24.76,2023-02-08T14:20:36.110000Z,2023-02-08T14:20:46.270000Z,0.553,0.262,100.0,120.03,0,0.0,False,True,True,False,True,
data/processed/waveforms/us6000jmh3_GAZ.mseed,us6000jmh3,GAZ,KO,,HHE,broadband,0.00074,0.0617,14.94,2023-02-08T14:20:41.970000Z,2023-02-08T14:20:43.430000Z,0.405,0.164,100.0,190.03,0,0.0,False,True,True,False,True,
data/processed/waveforms/us6000jmh3_KHMN.mseed,us6000jmh3,KHMN,KO,,HNE,strong_motion,0.00257,0.0891,,,,,,100.0,180.0,0,0.0,False,True,True,True,False,
data/processed/waveforms/us6000jmh3_KMRS.mseed,us6000jmh3,KMRS,KO,,HHE,broadband,0.00164,0.1235,18.91,2023-02-08T14:20:37.740000Z,,0.53,,100.0,210.0,0,0.0,False,True,True,False,True,
data/processed/waveforms/us6000jmk0_KHMN.mseed,us6000jmk0,KHMN,KO,,HNE,strong_motion,0.00165,0.3086,,,,,,100.0,41.28,3,10.5378,False,True,True,False,False,has_gaps
data/processed/waveforms/us6000jmk0_KMRS.mseed,us6000jmk0,KMRS,KO,,HHZ,broadband,0.0,0.0001,,,,,,100.0,59.71,0,0.0,False,False,True,False,False,eksik_bileşen
data/processed/waveforms/us6000jmk0_KOZT.mseed,us6000jmk0,KOZT,KO,,HHE,broadband,0.00012,0.0089,-0.11,2023-02-08T19:05:49.990000Z,,0.028,,100.0,210.0,0,0.0,False,True,True,False,True,
data/processed/waveforms/us6000jmk0_SARI.mseed,us6000jmk0,SARI,KO,,HHE,broadband,0.00088,0.0301,9.13,2023-02-08T19:05:26.640000Z,2023-02-08T19:05:27.870000Z,0.205,0.305,100.0,135.28,0,0.0,False,True,True,False,True,
data/processed/waveforms/us6000jmkh_ARPRA.mseed,us6000jmkh,ARPRA,KO,,HNE,strong_motion,0.00025,0.0105,,,,,,100.0,210.0,0,0.0,False,True,True,True,False,
data/processed/waveforms/us6000jmkh_DARE.mseed,us6000jmkh,DARE,KO,,HHE,broadband,0.00013,0.0065,3.43,2023-02-08T20:12:16.900000Z,,0.084,,100.0,210.0,0,0.0,False,True,True,False,True,
data/processed/waveforms/us6000jmkh_URFA.mseed,us6000jmkh,URFA,KO,,HHE,broadband,0.00027,0.012,6.51,2023-02-08T20:12:25.640000Z,2023-02-08T20:12:38.520000Z,0.128,0.218,100.0,210.0,0,0.0,False,True,True,False,True,
data/processed/waveforms/us6000jmma_DARE.mseed,us6000jmma,DARE,KO,,HHE,broadband,0.00026,0.0098,7.47,2023-02-09T01:44:30.540000Z,2023-02-09T01:45:32.440000Z,0.178,0.017,100.0,210.0,0,0.0,False,True,True,False,True,
data/processed/waveforms/us6000jmma_KHMN.mseed,us6000jmma,KHMN,KO,,HNE,strong_motion,0.00031,0.0196,,,,,,100.0,210.0,0,0.0,False,True,True,True,False,
data/processed/waveforms/us6000jmma_KMRS.mseed,us6000jmma,KMRS,KO,,HHE,broadband,0.00044,0.0242,10.91,2023-02-09T01:44:33.120000Z,2023-02-09T01:44:44.410000Z,0.322,0.244,100.0,33.25,0,0.0,False,True,True,False,True,
data/processed/waveforms/us6000jmn0_DARE.mseed,us6000jmn0,DARE,KO,,HHE,broadband,0.00031,0.0265,3.24,2023-02-06T02:06:35.710000Z,2023-02-06T02:06:50.870000Z,0.099,0.167,100.0,210.0,0,0.0,False,True,True,False,True,
data/processed/waveforms/us6000jmn0_KHMN.mseed,us6000jmn0,KHMN,KO,,HNE,strong_motion,0.02746,0.2172,,,,,,100.0,210.0,0,0.0,False,True,True,True,False,
data/processed/waveforms/us6000jmn0_URFA.mseed,us6000jmn0,URFA,KO,,HHE,broadband,0.00314,0.0826,1.51,2023-02-06T02:06:42.660000Z,,0.139,,100.0,180.0,2,0.0001,False,True,True,False,False,has_gaps
data/processed/waveforms/us6000jmnp_GAZ.mseed,us6000jmnp,GAZ,KO,,HHE,broadband,0.00156,0.1062,17.74,2023-02-09T07:18:26.930000Z,,0.527,,100.0,169.2,0,0.0,False,True,True,False,True,
data/processed/waveforms/us6000jmnp_KHMN.mseed,us6000jmnp,KHMN,KO,,HNE,strong_motion,0.00314,0.0886,,,,,,100.0,210.0,0,0.0,False,True,True,True,False,
data/processed/waveforms/us6000jmnp_KMRS.mseed,us6000jmnp,KMRS,KO,,HHE,broadband,0.00268,0.1019,19.79,2023-02-09T07:18:27.450000Z,,0.51,,100.0,44.79,5,0.8935,False,True,True,False,False,has_gaps
data/processed/waveforms/us6000jmwl_AKDM.mseed,us6000jmwl,AKDM,KO,,HHE,broadband,9e-05,0.0451,-2.82,2023-01-28T18:17:03.980000Z,,0.028,,100.0,210.0,0,0.0,False,True,True,False,True,
data/processed/waveforms/us6000jmwl_CLDR.mseed,us6000jmwl,CLDR,KO,,HHE,broadband,0.0004,0.2503,,,,,,100.0,6.99,16,29.4707,False,True,True,False,False,has_gaps
data/processed/waveforms/us6000jmwl_ERCV.mseed,us6000jmwl,ERCV,KO,,HNE,strong_motion,0.00103,0.3454,,,,,,100.0,210.0,0,0.0,False,True,True,True,False,
data/processed/waveforms/us6000jn0h_DARE.mseed,us6000jn0h,DARE,KO,,HHE,broadband,0.00089,0.0423,20.57,2023-02-10T04:50:34.570000Z,2023-02-10T04:51:39.150000Z,0.524,0.033,100.0,132.79,0,0.0,False,True,True,False,True,
data/processed/waveforms/us6000jn0h_URFA.mseed,us6000jn0h,URFA,KO,,HHE,broadband,0.00307,0.0845,22.86,2023-02-10T04:50:41.570000Z,,0.482,,100.0,136.99,0,0.0,False,True,True,False,True,
data/processed/waveforms/us6000jn4r_KHMN.mseed,us6000jn4r,KHMN,KO,,HNE,strong_motion,0.00387,0.0701,,,,,,100.0,210.0,0,0.0,False,True,True,True,False,
data/processed/waveforms/us6000jn4r_KMRS.mseed,us6000jn4r,KMRS,KO,,HHE,broadband,0.00138,0.1126,13.48,2023-02-10T17:01:03.870000Z,,0.419,,100.0,174.62,0,0.0,False,True,True,False,True,
data/processed/waveforms/us6000jn4r_KOZT.mseed,us6000jn4r,KOZT,KO,,HHE,broadband,0.00122,0.1063,4.22,2023-02-10T17:01:02.340000Z,,0.478,,100.0,210.0,0,0.0,False,True,True,False,True,
data/processed/waveforms/us6000jn4r_SARI.mseed,us6000jn4r,SARI,KO,,HHE,broadband,0.00591,0.1773,26.76,2023-02-10T17:00:59.680000Z,,0.542,,100.0,169.37,0,0.0,False,True,True,False,True,
data/processed/waveforms/us6000jn97_KHMN.mseed,us6000jn97,KHMN,KO,,HNE,strong_motion,0.00054,0.0187,,,,,,100.0,210.0,0,0.0,False,True,True,True,False,
data/processed/waveforms/us6000jn97_KMRS.mseed,us6000jn97,KMRS,KO,,HHE,broadband,0.00077,0.0373,9.7,2023-02-11T06:28:25.330000Z,,0.432,,100.0,130.83,0,0.0,False,True,True,False,True,
data/processed/waveforms/us6000jn97_KOZT.mseed,us6000jn97,KOZT,KO,,HHE,broadband,0.00012,0.0102,,,,,,100.0,127.16,0,0.0,False,True,True,False,False,
data/processed/waveforms/us6000jn97_SARI.mseed,us6000jn97,SARI,KO,,HHE,broadband,0.0018,0.0347,16.48,2023-02-11T06:28:20.120000Z,,0.464,,100.0,93.16,0,0.0,False,True,True,False,True,
data/processed/waveforms/us6000jn9a_GAZ.mseed,us6000jn9a,GAZ,KO,,HHE,broadband,0.00643,0.3266,29.0,2023-02-11T07:55:47.000000Z,,0.551,,100.0,121.09,2,0.0002,False,True,True,False,False,has_gaps
data/processed/waveforms/us6000jn9a_KHMN.mseed,us6000jn9a,KHMN,KO,,HNE,strong_motion,0.00738,0.1657,,,,,,100.0,210.0,0,0.0,False,True,True,True,False,
data/processed/waveforms/us6000jn9a_KMRS.mseed,us6000jn9a,KMRS,KO,,HHE,broadband,0.00032,0.0208,2.1,2023-02-11T07:56:44.610000Z,2023-02-11T07:56:58.110000Z,0.044,0.232,100.0,39.99,22,5.6764,False,True,True,False,False,has_gaps
data/processed/waveforms/us6000jnar_ARPRA.mseed,us6000jnar,ARPRA,KO,,HNE,strong_motion,0.0051,0.3139,,,,,,100.0,209.99,0,0.0,False,True,True,True,False,
data/processed/waveforms/us6000jnar_DARE.mseed,us6000jnar,DARE,KO,,HHE,broadband,0.00073,0.0283,13.01,2023-02-11T13:10:08.410000Z,,0.41,,100.0,209.99,0,0.0,False,True,True,False,True,
data/processed/waveforms/us6000jngk_ARPRA.mseed,us6000jngk,ARPRA,KO,,HNE,strong_motion,0.01064,0.6233,,,,,,100.0,180.0,0,0.0,False,True,True,True,False,
data/processed/waveforms/us6000jngk_DARE.mseed,us6000jngk,DARE,KO,,HHE,broadband,0.00192,0.0875,23.9,2023-02-12T16:29:58.870000Z,,0.528,,100.0,180.0,0,0.0,False,True,True,False,True,
data/processed/waveforms/us6000jnh1_GAZ.mseed,us6000jnh1,GAZ,KO,,HHE,broadband,0.00105,0.0859,18.33,2023-02-12T18:33:21.360000Z,2023-02-12T18:33:22.680000Z,0.29,0.452,100.0,210.0,0,0.0,False,True,True,False,True,
data/processed/waveforms/us6000jnh1_KHMN.mseed,us6000jnh1,KHMN,KO,,HNE,strong_motion,0.00832,0.358,,,,,,100.0,210.0,0,0.0,False,True,True,True,False,
data/processed/waveforms/us6000jnh1_KMRS.mseed,us6000jnh1,KMRS,KO,,HHE,broadband,0.00812,0.2237,33.77,2023-02-12T18:33:18.030000Z,,0.548,,100.0,210.0,0,0.0,False,True,True,False,True,
data/processed/waveforms/us6000jnh1_KOZT.mseed,us6000jnh1,KOZT,KO,,HHE,broadband,0.00066,0.0495,7.45,2023-02-12T18:33:32.400000Z,2023-02-12T18:33:47.120000Z,0.109,0.253,100.0,164.72,0,0.0,False,True,True,False,True,
data/processed/waveforms/us6000jnks_GAZ.mseed,us6000jnks,GAZ,KO,,HHE,broadband,0.0006,0.0216,7.43,2023-02-13T11:59:30.830000Z,2023-02-13T11:59:32.320000Z,0.223,0.034,100.0,210.0,0,0.0,False,True,True,False,True,
data/processed/waveforms/us6000jnks_KHMN.mseed,us6000jnks,KHMN,KO,,HNE,strong_motion,0.00114,0.0343,,,,,,100.0,210.0,0,0.0,False,True,True,True,False,
data/processed/waveforms/us6000jnks_KMRS.mseed,us6000jnks,KMRS,KO,,HHE,broadband,0.00028,0.016,,,,,,100.0,210.0,2,0.0001,False,True,True,False,False,has_gaps
data/processed/waveforms/us6000jnmc_KHMN.mseed,us6000jnmc,KHMN,KO,,HNE,strong_motion,0.00246,0.1454,,,,,,100.0,210.0,0,0.0,False,True,True,True,False,
data/processed/waveforms/us6000jnmc_KMRS.mseed,us6000jnmc,KMRS,KO,,HHE,broadband,0.00184,0.0998,21.78,2023-02-13T19:20:40.220000Z,,0.551,,100.0,88.02,0,0.0,False,True,True,False,True,
data/processed/waveforms/us6000jnmc_KOZT.mseed,us6000jnmc,KOZT,KO,,HHE,broadband,0.0012,0.0793,9.7,2023-02-13T19:20:41.670000Z,2023-02-13T19:20:43.540000Z,0.169,0.314,100.0,210.0,0,0.0,False,True,True,False,True,
data/processed/waveforms/us6000jnmc_SARI.mseed,us6000jnmc,SARI,KO,,HHE,broadband,0.005,0.245,24.71,2023-02-13T19:20:34.620000Z,,0.537,,100.0,210.0,0,0.0,False,True,True,False,True,
data/processed/waveforms/us6000jnr5_CEYT.mseed,us6000jnr5,CEYT,KO,,HHE,broadband,0.00018,0.1102,11.41,2023-02-06T01:40:51.170000Z,2023-02-06T01:43:53.720000Z,0.216,0.018,100.0,210.0,0,0.0,False,True,True,False,True,
data/processed/waveforms/us6000jnr5_GAZ.mseed,us6000jnr5,GAZ,KO,,HHE,broadband,0.00053,0.09,23.87,2023-02-06T01:41:06.110000Z,,0.512,,100.0,14.99,19,25.3502,False,True,True,False,False,has_gaps
data/processed/waveforms/us6000jnr5_TAHT.mseed,us6000jnr5,TAHT,KO,,HHE,broadband,0.032,1.3354,5.21,2023-02-06T01:41:38.200000Z,2023-02-06T01:41:48.730000Z,0.189,0.39,100.0,210.0,0,0.0,False,True,True,False,True,
data/processed/waveforms/us6000jnr6_CEYT.mseed,us6000jnr6,CEYT,KO,,HHE,broadband,0.00034,0.0678,-0.83,2023-02-06T01:51:25.040000Z,2023-02-06T01:52:49.860000Z,0.014,0.015,100.0,210.0,0,0.0,False,True,True,False,True,
data/processed/waveforms/us6000jnr6_GAZ.mseed,us6000jnr6,GAZ,KO,,HHE,broadband,0.00141,0.1015,,,,,,100.0,19.99,17,15.1576,False,True,True,False,False,has_gaps
data/processed/waveforms/us6000jnr6_KHMN.mseed,us6000jnr6,KHMN,KO,,HNE,strong_motion,0.02696,0.7135,,,,,,100.0,210.0,0,0.0,False,True,True,True,False,
data/processed/waveforms/us6000jnr6_TAHT.mseed,us6000jnr6,TAHT,KO,,HHE,broadband,0.01285,0.2878,8.25,2023-02-06T01:51:20.670000Z,2023-02-06T01:51:23.740000Z,0.15,0.094,100.0,210.0,0,0.0,False,True,True,False,True,
data/processed/waveforms/us6000jns1_CEYT.mseed,us6000jns1,CEYT,KO,,HHE,broadband,0.00039,0.0138,5.14,2023-02-06T05:45:11.700000Z,2023-02-06T05:45:12.750000Z,0.195,0.089,100.0,210.0,0,0.0,False,True,True,False,True,
data/processed/waveforms/us6000jns1_KRTS.mseed,us6000jns1,KRTS,KO,,HNE,strong_motion,0.00085,0.0412,,,,,,100.0,210.0,0,0.0,False,True,True,True,False,
data/processed/waveforms/us6000jns2_DARE.mseed,us6000jns2,DARE,KO,,HHE,broadband,0.00012,0.0072,6.13,2023-02-06T05:33:25.420000Z,,0.118,,100.0,210.0,0,0.0,False,True,True,False,True,
data/processed/waveforms/us6000jns2_URFA.mseed,us6000jns2,URFA,KO,,HHE,broadband,0.0011,0.0322,14.55,2023-02-06T05:33:27.120000Z,2023-02-06T05:34:04.860000Z,0.443,0.073,100.0,210.0,0,0.0,False,True,True,False,True,
data/processed/waveforms/us6000jns9_URFA.mseed,us6000jns9,URFA,KO,,HHE,broadband,0.00227,0.0886,0.97,2023-02-06T01:50:39.240000Z,2023-02-06T01:51:51.680000Z,0.028,0.019,100.0,210.0,0,0.0,False,True,True,False,True,
data/processed/waveforms/us6000jnse_KRTS.mseed,us6000jnse,KRTS,KO,,HNE,strong_motion,0.00153,0.1281,,,,,,100.0,210.0,0,0.0,False,True,True,True,False,
data/processed/waveforms/us6000jnse_TAHT.mseed,us6000jnse,TAHT,KO,,HHE,broadband,0.02152,1.7159,5.31,2023-02-06T01:58:07.880000Z,2023-02-06T01:58:10.820000Z,0.097,0.006,100.0,200.33,0,0.0,False,True,True,False,True,
data/processed/waveforms/us6000jnsf_KRTS.mseed,us6000jnsf,KRTS,KO,,HNE,strong_motion,0.00111,0.0126,,,,,,100.0,210.0,0,0.0,False,True,True,True,False,
data/processed/waveforms/us6000jnsi_GAZ.mseed,us6000jnsi,GAZ,KO,,HHE,broadband,0.00106,0.078,11.09,2023-02-06T02:31:33.060000Z,2023-02-06T02:31:38.040000Z,0.336,0.501,100.0,210.0,0,0.0,False,True,True,False,True,
data/processed/waveforms/us6000jnsi_KHMN.mseed,us6000jnsi,KHMN,KO,,HNE,strong_motion,0.00653,0.1377,,,,,,100.0,210.0,0,0.0,False,True,True,True,False,
data/processed/waveforms/us6000jnsi_KMRS.mseed,us6000jnsi,KMRS,KO,,HHE,broadband,0.00373,0.1602,22.48,2023-02-06T02:31:29.690000Z,2023-02-06T02:32:18.610000Z,0.498,0.239,100.0,210.0,0,0.0,False,True,True,False,True,
data/processed/waveforms/us6000jnsi_KOZT.mseed,us6000jnsi,KOZT,KO,,HHE,broadband,0.00024,0.0198,10.15,2023-02-06T02:31:37.540000Z,2023-02-06T02:31:55.080000Z,0.076,0.057,100.0,210.0,0,0.0,False,True,True,False,True,
data/processed/waveforms/us6000jnsj_GAZ.mseed,us6000jnsj,GAZ,KO,,HHE,broadband,0.00548,0.2897,15.14,2023-02-06T02:34:56.720000Z,2023-02-06T02:34:59.780000Z,0.317,0.524,100.0,210.0,0,0.0,False,True,True,False,True,
data/processed/waveforms/us6000jnsj_KHMN.mseed,us6000jnsj,KHMN,KO,,HNE,strong_motion,0.0069,0.1092,,,,,,100.0,209.99,0,0.0,False,True,True,True,False,
data/processed/waveforms/us6000jnsj_KMRS.mseed,us6000jnsj,KMRS,KO,,HHE,broadband,0.00339,0.0884,12.57,2023-02-06T02:35:04.360000Z,2023-02-06T02:35:27.770000Z,0.433,0.236,100.0,209.99,0,0.0,False,True,True,False,True,
data/processed/waveforms/us6000jnsj_TAHT.mseed,us6000jnsj,TAHT,KO,,HHE,broadband,0.03032,0.436,6.9,2023-02-06T02:34:59.030000Z,2023-02-06T02:35:22.210000Z,0.126,0.223,100.0,155.5,0,0.0,False,True,True,False,True,
data/processed/waveforms/us6000jnss_DARE.mseed,us6000jnss,DARE,KO,,HHE,broadband,5e-05,0.0035,4.99,2023-02-06T05:41:04.120000Z,,0.091,,100.0,210.0,0,0.0,False,True,True,False,True,
data/processed/waveforms/us6000jnss_URFA.mseed,us6000jnss,URFA,KO,,HHE,broadband,0.00076,0.0177,8.07,2023-02-06T05:40:54.170000Z,2023-02-06T05:41:07.980000Z,0.093,0.168,100.0,210.0,0,0.0,False,True,True,False,True,
data/processed/waveforms/us6000jnt0_DARE.mseed,us6000jnt0,DARE,KO,,HHE,broadband,0.00437,0.4728,2.72,2023-02-06T10:32:18.960000Z,,0.018,,100.0,210.0,0,0.0,False,True,True,False,True,
data/processed/waveforms/us6000jnt0_KMRS.mseed,us6000jnt0,KMRS,KO,,HHE,broadband,0.00213,0.3008,1.94,2023-02-06T10:32:22.780000Z,2023-02-06T10:33:43.900000Z,0.006,0.029,100.0,180.0,0,0.0,False,True,True,False,True,
data/processed/waveforms/us6000jnt0_SARI.mseed,us6000jnt0,SARI,KO,,HHE,broadband,0.00547,0.2931,6.59,2023-02-06T10:32:12.160000Z,2023-02-06T10:32:20.980000Z,0.069,0.151,100.0,193.93,0,0.0,False,True,True,False,True,
data/processed/waveforms/us6000jnt4_DARE.mseed,us6000jnt4,DARE,KO,,HHE,broadband,0.00229,0.128,4.09,2023-02-06T10:56:27.680000Z,,0.094,,100.0,210.0,0,0.0,True,True,True,False,True,clipping_şüphesi
data/processed/waveforms/us6000jnt4_GAZ.mseed,us6000jnt4,GAZ,KO,,HHE,broadband,0.00077,0.0422,5.26,2023-02-06T10:56:39.310000Z,2023-02-06T10:59:06.000000Z,0.129,0.0,100.0,137.69,0,0.0,False,True,True,False,True,
data/processed/waveforms/us6000jnt4_KMRS.mseed,us6000jnt4,KMRS,KO,,HHE,broadband,0.00254,0.0965,3.77,2023-02-06T10:56:39.460000Z,2023-02-06T10:56:50.440000Z,0.064,0.1,100.0,210.0,0,0.0,False,True,True,False,True,
data/processed/waveforms/us6000jnt5_DARE.mseed,us6000jnt5,DARE,KO,,HHE,broadband,0.00041,0.1063,1.09,2023-02-06T10:47:29.510000Z,,0.037,,100.0,210.0,0,0.0,True,True,True,False,True,clipping_şüphesi
data/processed/waveforms/us6000jnt5_KMRS.mseed,us6000jnt5,KMRS,KO,,HHE,broadband,0.00117,0.0764,2.08,2023-02-06T10:47:01.430000Z,2023-02-06T10:47:59.770000Z,0.006,0.177,100.0,210.0,0,0.0,False,True,True,False,True,
data/processed/waveforms/us6000jnt5_SARI.mseed,us6000jnt5,SARI,KO,,HHE,broadband,0.0024,0.1065,13.48,2023-02-06T10:47:11.150000Z,2023-02-06T10:47:12.540000Z,0.416,0.26,100.0,137.78,0,0.0,False,True,True,False,True,
data/processed/waveforms/us6000jntk_DARE.mseed,us6000jntk,DARE,KO,,HHE,broadband,0.00076,0.0212,9.03,2023-02-06T13:03:26.950000Z,,0.394,,100.0,210.0,0,0.0,True,True,True,False,True,clipping_şüphesi
data/processed/waveforms/us6000jntk_KMRS.mseed,us6000jntk,KMRS,KO,,HHE,broadband,0.00024,0.0157,6.93,2023-02-06T13:03:38.940000Z,2023-02-06T13:04:43.600000Z,0.261,0.011,100.0,210.0,0,0.0,False,True,True,False,True,
data/processed/waveforms/us6000jntl_GAZ.mseed,us6000jntl,GAZ,KO,,HHE,broadband,0.00041,0.0222,5.56,2023-02-06T13:14:38.920000Z,,0.121,,100.0,210.0,0,0.0,False,True,True,False,True,
data/processed/waveforms/us6000jntl_URFA.mseed,us6000jntl,URFA,KO,,HHN,broadband,0.00218,0.0397,2.55,2023-02-06T13:17:02.990000Z,2023-02-06T13:17:16.740000Z,0.019,0.265,100.0,210.0,1,0.0238,False,True,True,False,False,has_gaps
data/processed/waveforms/us6000jntm_CEYT.mseed,us6000jntm,CEYT,KO,,HHE,broadband,0.00026,0.0119,-0.93,2023-02-06T13:09:22.270000Z,2023-02-06T13:09:51.060000Z,0.056,0.005,100.0,210.0,1,0.0238,False,True,True,False,False,has_gaps
data/processed/waveforms/us6000jntm_KRTS.mseed,us6000jntm,KRTS,KO,,HNE,strong_motion,0.00044,0.0223,,,,,,100.0,210.0,0,0.0,False,True,True,True,False,
data/processed/waveforms/us6000jntn_CEYT.mseed,us6000jntn,CEYT,KO,,HHE,broadband,9e-05,0.0058,3.12,2023-02-06T13:32:08.680000Z,,0.089,,100.0,210.0,0,0.0,False,True,True,False,True,
data/processed/waveforms/us6000jntn_KRTS.mseed,us6000jntn,KRTS,KO,,HNE,strong_motion,8e-05,0.0125,,,,,,100.0,210.0,0,0.0,False,True,True,True,False,
data/processed/waveforms/us6000jntw_DARE.mseed,us6000jntw,DARE,KO,,HHE,broadband,0.00017,0.0038,2.9,2023-02-06T14:33:29.610000Z,,0.063,,100.0,210.0,0,0.0,True,True,True,False,True,clipping_şüphesi
data/processed/waveforms/us6000jntw_KMRS.mseed,us6000jntw,KMRS,KO,,HHE,broadband,0.00019,0.009,2.58,2023-02-06T14:33:26.180000Z,2023-02-06T14:33:40.580000Z,0.139,0.145,100.0,210.0,0,0.0,False,True,True,False,True,
data/processed/waveforms/us6000jnu4_DARE.mseed,us6000jnu4,DARE,KO,,HHE,broadband,0.00072,0.0368,8.27,2023-02-06T13:06:47.160000Z,,0.287,,100.0,210.0,1,0.0476,True,True,True,False,False,"has_gaps,clipping_şüphesi"
data/processed/waveforms/us6000jnu4_KMRS.mseed,us6000jnu4,KMRS,KO,,HHE,broadband,0.00086,0.0701,4.18,2023-02-06T13:06:57.690000Z,2023-02-06T13:07:38.930000Z,0.1,0.347,100.0,210.0,0,0.0,False,True,True,False,True,
data/processed/waveforms/us6000jnu4_SARI.mseed,us6000jnu4,SARI,KO,,HHE,broadband,0.00081,0.0233,2.63,2023-02-06T13:07:06.530000Z,2023-02-06T13:08:14.370000Z,0.031,0.075,100.0,210.0,0,0.0,False,True,True,False,True,
data/processed/waveforms/us6000jnu5_DARE.mseed,us6000jnu5,DARE,KO,,HHE,broadband,0.00104,0.1638,-1.69,2023-02-06T10:45:31.470000Z,,0.008,,100.0,210.0,0,0.0,True,True,True,False,True,clipping_şüphesi
data/processed/waveforms/us6000jnu5_KMRS.mseed,us6000jnu5,KMRS,KO,,HHE,broadband,0.00117,0.0751,5.41,2023-02-06T10:45:02.930000Z,2023-02-06T10:47:59.770000Z,0.075,0.177,100.0,210.0,0,0.0,False,True,True,False,True,
data/processed/waveforms/us6000jnu7_GAZ.mseed,us6000jnu7,GAZ,KO,,HHE,broadband,0.00174,0.1258,11.82,2023-02-06T16:28:15.980000Z,2023-02-06T16:28:19.840000Z,0.367,0.52,100.0,210.0,0,0.0,False,True,True,False,True,
data/processed/waveforms/us6000jnu7_KHMN.mseed,us6000jnu7,KHMN,KO,,HNE,strong_motion,0.07471,145.2788,17.37,2023-02-06T16:28:53.220000Z,,0.511,,100.0,37.99,0,0.0,False,True,True,True,True,
data/processed/waveforms/us6000jnu7_KMRS.mseed,us6000jnu7,KMRS,KO,,HHE,broadband,0.00769,0.2859,22.26,2023-02-06T16:28:12.490000Z,2023-02-06T16:30:16.230000Z,0.475,0.297,100.0,210.0,0,0.0,False,True,True,False,True,
data/processed/waveforms/us6000jnu7_KOZT.mseed,us6000jnu7,KOZT,KO,,HHE,broadband,0.00021,0.0195,4.69,2023-02-06T16:28:27.070000Z,2023-02-06T16:28:39.400000Z,0.119,0.203,100.0,210.0,0,0.0,False,True,True,False,True,
data/processed/waveforms/us6000jnut_ARPRA.mseed,us6000jnut,ARPRA,KO,,HNE,strong_motion,0.00073,0.0323,,,,,,100.0,210.0,0,0.0,False,True,True,True,False,
data/processed/waveforms/us6000jnut_DARE.mseed,us6000jnut,DARE,KO,,HHE,broadband,0.00078,0.0472,5.68,2023-02-06T20:40:16.390000Z,2023-02-06T20:40:24.710000Z,0.207,0.451,100.0,210.0,0,0.0,False,True,True,False,True,
data/processed/waveforms/us6000jnuz_KHMN.mseed,us6000jnuz,KHMN,KO,,HNE,strong_motion,0.00294,0.0236,,,,,,100.0,210.0,0,0.0,False,True,True,True,False,
data/processed/waveforms/us6000jnuz_KMRS.mseed,us6000jnuz,KMRS,KO,,HHE,broadband,0.00068,0.0307,4.78,2023-02-06T19:25:15.930000Z,,0.283,,100.0,210.0,0,0.0,False,True,True,False,True,
data/processed/waveforms/us6000jnuz_KOZT.mseed,us6000jnuz,KOZT,KO,,HHE,broadband,0.00018,0.0117,2.85,2023-02-06T19:25:20.680000Z,,0.112,,100.0,210.0,0,0.0,False,True,True,False,True,
data/processed/waveforms/us6000jnuz_SARI.mseed,us6000jnuz,SARI,KO,,HHE,broadband,0.00527,0.1122,-1.48,2023-02-06T19:25:01.630000Z,2023-02-06T19:25:22.780000Z,0.002,0.205,100.0,210.0,0,0.0,False,True,True,False,True,
data/processed/waveforms/us6000jnvi_GAZ.mseed,us6000jnvi,GAZ,KO,,HHE,broadband,0.00922,2.0471,10.59,2023-02-06T02:01:44.530000Z,2023-02-06T02:03:48.700000Z,0.207,0.02,100.0,34.99,24,4.0303,False,True,True,False,False,has_gaps
data/processed/waveforms/us6000jnvi_KHMN.mseed,us6000jnvi,KHMN,KO,,HNE,strong_motion,0.03145,0.5644,,,,,,100.0,210.0,0,0.0,False,True,True,True,False,
data/processed/waveforms/us6000jnvi_KMRS.mseed,us6000jnvi,KMRS,KO,,HHE,broadband,0.00832,0.2805,12.97,2023-02-06T02:01:50.780000Z,2023-02-06T02:02:52.930000Z,0.347,0.097,100.0,210.0,0,0.0,False,True,True,False,True,
data/processed/waveforms/us6000jnvk_KMRS.mseed,us6000jnvk,KMRS,KO,,HHE,broadband,0.0018,0.0982,-0.79,2023-02-06T13:12:49.750000Z,2023-02-06T13:14:18.440000Z,0.091,0.151,100.0,210.0,0,0.0,False,True,True,False,True,
data/processed/waveforms/us6000jnvk_KOZT.mseed,us6000jnvk,KOZT,KO,,HHE,broadband,0.00081,0.0516,2.68,2023-02-06T13:12:28.080000Z,2023-02-06T13:13:00.130000Z,0.046,0.187,100.0,210.0,0,0.0,False,True,True,False,True,
data/processed/waveforms/us6000jnvk_SARI.mseed,us6000jnvk,SARI,KO,,HHE,broadband,0.00444,0.1019,4.29,2023-02-06T13:12:41.040000Z,2023-02-06T13:14:52.920000Z,0.054,0.025,100.0,210.0,0,0.0,False,True,True,False,True,
data/processed/waveforms/us6000jnvq_DARE.mseed,us6000jnvq,DARE,KO,,HHE,broadband,0.00019,0.0912,7.99,2023-02-06T01:42:21.570000Z,2023-02-06T01:44:33.620000Z,0.207,0.108,100.0,210.0,0,0.0,False,True,True,False,True,
data/processed/waveforms/us6000jnvq_URFA.mseed,us6000jnvq,URFA,KO,,HHE,broadband,0.00167,0.1068,2.77,2023-02-06T01:41:26.900000Z,2023-02-06T01:42:40.720000Z,0.079,0.021,100.0,210.0,0,0.0,False,True,True,False,True,
data/processed/waveforms/us6000jnw0_GAZ.mseed,us6000jnw0,GAZ,KO,,HHE,broadband,0.00548,0.2896,7.61,2023-02-06T02:33:10.570000Z,2023-02-06T02:34:09.460000Z,0.12,0.068,100.0,210.0,0,0.0,False,True,True,False,True,
data/processed/waveforms/us6000jnw0_KHMN.mseed,us6000jnw0,KHMN,KO,,HNE,strong_motion,0.00653,0.1363,,,,,,100.0,210.0,0,0.0,False,True,True,True,False,
data/processed/waveforms/us6000jnw0_KMRS.mseed,us6000jnw0,KMRS,KO,,HHE,broadband,0.00111,0.0554,8.99,2023-02-06T02:32:18.570000Z,2023-02-06T02:33:10.870000Z,0.292,0.268,100.0,210.0,0,0.0,False,True,True,False,True,
data/processed/waveforms/us6000jnw0_SARI.mseed,us6000jnw0,SARI,KO,,HHE,broadband,0.00055,0.0254,5.84,2023-02-06T02:33:54.030000Z,2023-02-06T02:34:39.950000Z,0.058,0.114,100.0,210.0,0,0.0,False,True,True,False,True,
data/processed/waveforms/us6000jnw7_DARE.mseed,us6000jnw7,DARE,KO,,HHE,broadband,0.00125,0.0965,2.69,2023-02-06T10:48:03.830000Z,,0.016,,100.0,210.0,0,0.0,True,True,True,False,True,clipping_şüphesi
data/processed/waveforms/us6000jnw7_KMRS.mseed,us6000jnw7,KMRS,KO,,HHE,broadband,0.00117,0.0763,2.05,2023-02-06T10:48:00.520000Z,,0.113,,100.0,210.0,0,0.0,False,True,True,False,True,
data/processed/waveforms/us6000jnw7_SARI.mseed,us6000jnw7,SARI,KO,,HHE,broadband,0.0023,0.0863,9.92,2023-02-06T10:47:48.470000Z,2023-02-06T10:47:56.990000Z,0.203,0.017,100.0,182.87,0,0.0,False,True,True,False,True,
data/processed/waveforms/us6000jnwh_DARE.mseed,us6000jnwh,DARE,KO,,HHE,broadband,7e-05,0.004,-0.27,2023-02-06T06:28:22.830000Z,,0.01,,100.0,210.0,0,0.0,False,True,True,False,True,
data/processed/waveforms/us6000jnwh_URFA.mseed,us6000jnwh,URFA,KO,,HHE,broadband,0.0012,0.0328,,,,,,100.0,210.0,0,0.0,False,True,True,False,False,
data/processed/waveforms/us6000jnwk_DARE.mseed,us6000jnwk,DARE,KO,,HHE,broadband,0.0017,0.3084,1.52,2023-02-06T10:39:16.670000Z,,0.07,,100.0,210.0,0,0.0,True,True,True,False,True,clipping_şüphesi
data/processed/waveforms/us6000jnwk_GAZ.mseed,us6000jnwk,GAZ,KO,,HHE,broadband,0.0005,0.1056,1.36,2023-02-06T10:40:18.930000Z,2023-02-06T10:41:25.740000Z,0.008,0.0,100.0,209.99,0,0.0,False,True,True,False,True,
data/processed/waveforms/us6000jnwk_KMRS.mseed,us6000jnwk,KMRS,KO,,HHE,broadband,0.00085,0.1019,-0.19,2023-02-06T10:39:07.180000Z,2023-02-06T10:40:29.230000Z,0.013,0.083,100.0,209.99,0,0.0,False,True,True,False,True,
data/processed/waveforms/us6000jnwy_KHMN.mseed,us6000jnwy,KHMN,KO,,HNE,strong_motion,0.07471,145.2788,17.37,2023-02-06T16:28:53.220000Z,,0.511,,100.0,37.99,0,0.0,False,True,True,True,True,
data/processed/waveforms/us6000jnwy_KMRS.mseed,us6000jnwy,KMRS,KO,,HHE,broadband,0.00769,0.2855,22.26,2023-02-06T16:28:12.490000Z,2023-02-06T16:30:16.230000Z,0.475,0.297,100.0,210.0,0,0.0,False,True,True,False,True,
data/processed/waveforms/us6000jnwy_KOZT.mseed,us6000jnwy,KOZT,KO,,HHE,broadband,0.00033,0.0247,4.27,2023-02-06T16:27:45.170000Z,2023-02-06T16:28:39.400000Z,0.03,0.203,100.0,210.0,0,0.0,False,True,True,False,True,
data/processed/waveforms/us6000jnwy_SARI.mseed,us6000jnwy,SARI,KO,,HHE,broadband,0.00451,0.1455,12.08,2023-02-06T16:27:30.110000Z,2023-02-06T16:28:48.200000Z,0.277,0.161,100.0,109.28,0,0.0,False,True,True,False,True,
data/processed/waveforms/us6000jnzr_ARPRA.mseed,us6000jnzr,ARPRA,KO,,HNE,strong_motion,0.00073,0.0339,,,,,,100.0,210.0,0,0.0,False,True,True,True,False,
data/processed/waveforms/us6000jnzr_DARE.mseed,us6000jnzr,DARE,KO,,HHE,broadband,0.05408,1.3541,49.45,2023-02-14T23:14:01.880000Z,2023-02-14T23:15:07.840000Z,0.565,0.538,100.0,196.25,1,0.0255,False,True,True,False,False,has_gaps
data/processed/waveforms/us6000jnzr_SARI.mseed,us6000jnzr,SARI,KO,,HHE,broadband,0.00063,0.0358,3.6,2023-02-14T23:14:21.650000Z,,0.122,,100.0,148.74,0,0.0,False,True,True,False,True,
data/processed/waveforms/us6000jp3y_DARE.mseed,us6000jp3y,DARE,KO,,HHE,broadband,0.00021,0.0086,-0.55,2023-02-07T03:16:32.890000Z,2023-02-07T03:16:53.310000Z,0.121,0.028,100.0,209.99,0,0.0,False,True,True,False,True,
data/processed/waveforms/us6000jp3y_GAZ.mseed,us6000jp3y,GAZ,KO,,HHE,broadband,0.00093,0.035,0.66,2023-02-07T03:16:31.860000Z,2023-02-07T03:18:05.430000Z,0.107,0.154,100.0,209.99,0,0.0,False,True,True,False,True,
data/processed/waveforms/us6000jp3y_KHMN.mseed,us6000jp3y,KHMN,KO,,HNZ,strong_motion,0.02849,0.9026,,,,,,100.0,97.37,1,0.3081,False,True,True,False,False,has_gaps
data/processed/waveforms/us6000jp3y_KMRS.mseed,us6000jp3y,KMRS,KO,,HHE,broadband,0.00085,0.0468,8.15,2023-02-07T03:16:23.610000Z,2023-02-07T03:16:28.410000Z,0.28,0.458,100.0,209.99,0,0.0,False,True,True,False,True,
data/processed/waveforms/us6000jp45_CEYT.mseed,us6000jp45,CEYT,KO,,HHE,broadband,0.00018,0.0065,2.69,2023-02-07T10:37:38.710000Z,2023-02-07T10:37:54.290000Z,0.184,0.114,100.0,210.0,1,0.0238,False,True,True,False,False,has_gaps
data/processed/waveforms/us6000jp45_KRTS.mseed,us6000jp45,KRTS,KO,,HNE,strong_motion,0.00021,0.0126,,,,,,100.0,209.99,0,0.0,False,True,True,True,False,
data/processed/waveforms/us6000jpd5_CEYT.mseed,us6000jpd5,CEYT,KO,,HHE,broadband,0.00018,0.0136,2.24,2023-02-16T11:16:48.310000Z,2023-02-16T11:17:01.810000Z,0.026,0.068,100.0,210.0,1,0.0238,False,True,True,False,False,has_gaps
data/processed/waveforms/us6000jpd5_KRTS.mseed,us6000jpd5,KRTS,KO,,HNE,strong_motion,0.00067,0.0407,,,,,,100.0,210.0,0,0.0,False,True,True,True,False,
data/processed/waveforms/us6000jpdx_ARPRA.mseed,us6000jpdx,ARPRA,KO,,HNE,strong_motion,0.00138,0.0604,,,,,,100.0,210.0,0,0.0,False,True,True,True,False,
data/processed/waveforms/us6000jpdx_DARE.mseed,us6000jpdx,DARE,KO,,HHE,broadband,0.00251,0.1379,13.87,2023-02-16T14:45:51.590000Z,,0.479,,100.0,174.52,0,0.0,False,True,True,False,True,
data/processed/waveforms/us6000jpdx_KHMN.mseed,us6000jpdx,KHMN,KO,,HNE,strong_motion,0.0013,0.057,,,,,,100.0,210.0,0,0.0,False,True,True,True,False,
data/processed/waveforms/us6000jpff_CEYT.mseed,us6000jpff,CEYT,KO,,HHE,broadband,0.0007,0.0338,9.99,2023-02-16T19:48:07.890000Z,2023-02-16T19:50:41.650000Z,0.325,0.069,100.0,210.0,0,0.0,False,True,True,False,True,
data/processed/waveforms/us6000jpff_KRTS.mseed,us6000jpff,KRTS,KO,,HNE,strong_motion,0.00162,0.1206,,,,,,100.0,210.0,0,0.0,False,True,True,True,False,
data/processed/waveforms/us6000jphu_ERZN.mseed,us6000jphu,ERZN,KO,,HHE,broadband,0.0007,0.0461,9.76,2023-02-17T00:36:08.040000Z,,0.306,,100.0,172.51,0,0.0,False,True,True,False,True,
data/processed/waveforms/us6000jpy6_BODA.mseed,us6000jpy6,BODA,KO,,HNE,strong_motion,0.00024,0.0245,,,,,,100.0,210.0,0,0.0,False,True,True,True,False,
data/processed/waveforms/us6000jpy6_BODT.mseed,us6000jpy6,BODT,KO,,HHE,broadband,4e-05,0.0122,,,,,,100.0,64.99,16,2.4619,False,True,True,False,False,has_gaps
data/processed/waveforms/us6000jpy6_DAT.mseed,us6000jpy6,DAT,KO,,HHE,broadband,4e-05,0.0051,,,,,,100.0,209.99,0,0.0,True,True,True,False,False,clipping_şüphesi
data/processed/waveforms/us6000jpy6_YKAV.mseed,us6000jpy6,YKAV,KO,,HNE,strong_motion,5e-05,0.0323,,,,,,100.0,210.0,0,0.0,False,True,True,True,False,
data/processed/waveforms/us6000jpyq_KHMN.mseed,us6000jpyq,KHMN,KO,,HNE,strong_motion,0.00377,0.1412,,,,,,100.0,210.0,0,0.0,False,True,True,True,False,
data/processed/waveforms/us6000jpyq_KMRS.mseed,us6000jpyq,KMRS,KO,,HHE,broadband,0.0024,0.2485,27.59,2023-02-18T19:31:43.970000Z,,0.563,,100.0,49.74,0,0.0,False,True,True,False,True,
data/processed/waveforms/us6000jpyq_KOZT.mseed,us6000jpyq,KOZT,KO,,HHN,broadband,0.00075,0.1009,11.43,2023-02-18T19:31:47.920000Z,2023-02-18T19:32:01.480000Z,0.329,0.356,100.0,210.0,1,0.0238,False,True,True,False,False,has_gaps
data/processed/waveforms/us6000jpyq_SARI.mseed,us6000jpyq,SARI,KO,,HHE,broadband,0.01408,0.3149,30.09,2023-02-18T19:31:38.900000Z,,0.557,,100.0,171.25,2,0.0584,False,True,True,False,False,has_gaps
data/processed/waveforms/us6000jq3c_ARPRA.mseed,us6000jq3c,ARPRA,KO,,HNE,strong_motion,0.0026,0.1074,,,,,,100.0,210.0,0,0.0,False,True,True,True,False,
data/processed/waveforms/us6000jq3c_DARE.mseed,us6000jq3c,DARE,KO,,HHE,broadband,0.00112,0.0636,12.74,2023-02-19T12:04:45.590000Z,,0.516,,100.0,115.9,0,0.0,False,True,True,False,True,
data/processed/waveforms/us6000jq3c_SVRC.mseed,us6000jq3c,SVRC,KO,,HHE,broadband,0.00037,0.0219,13.71,2023-02-19T12:04:49.710000Z,,0.369,,100.0,117.9,0,0.0,False,True,True,False,True,
data/processed/waveforms/us6000jq73_SVRC.mseed,us6000jq73,SVRC,KO,,HHE,broadband,0.00062,0.0452,9.59,2023-02-20T00:37:42.180000Z,2023-02-20T00:39:16.740000Z,0.218,0.135,100.0,210.0,0,0.0,False,True,True,False,True,
data/processed/waveforms/us6000jq74_SVRC.mseed,us6000jq74,SVRC,KO,,HHE,broadband,0.00062,0.0394,5.41,2023-02-20T00:39:15.150000Z,2023-02-20T00:39:16.740000Z,0.019,0.135,100.0,210.0,0,0.0,False,True,True,False,True,
data/processed/waveforms/us6000jqcn_CEYT.mseed,us6000jqcn,CEYT,KO,,HHE,broadband,0.00952,0.5448,28.49,2023-02-20T17:04:45.160000Z,2023-02-20T17:07:20.130000Z,0.454,0.026,100.0,210.0,0,0.0,False,True,True,False,True,
data/processed/waveforms/us6000jqcn_KRTS.mseed,us6000jqcn,KRTS,KO,,HNE,strong_motion,0.02146,1.7525,,,,,,100.0,210.0,0,0.0,False,True,True,True,False,
data/processed/waveforms/us6000jqjc_CEYT.mseed,us6000jqjc,CEYT,KO,,HHE,broadband,0.00051,0.0891,-0.04,2023-02-20T17:08:08.410000Z,2023-02-20T17:08:23.700000Z,0.036,0.04,100.0,210.0,0,0.0,False,True,True,False,True,
data/processed/waveforms/us6000jqjc_KRTS.mseed,us6000jqjc,KRTS,KO,,HNE,strong_motion,0.0004,0.1324,,,,,,100.0,210.0,0,0.0,False,True,True,True,False,
data/processed/waveforms/us6000jr1t_CEYT.mseed,us6000jr1t,CEYT,KO,,HHE,broadband,0.00076,0.0553,12.98,2023-02-23T15:54:07.740000Z,2023-02-23T15:55:22.500000Z,0.365,0.036,100.0,210.0,0,0.0,False,True,True,False,True,
data/processed/waveforms/us6000jr1t_KRTS.mseed,us6000jr1t,KRTS,KO,,HNE,strong_motion,0.00068,0.561,,,,,,100.0,152.55,5,0.2622,False,True,True,False,False,has_gaps
data/processed/waveforms/us6000jr1t_TAHT.mseed,us6000jr1t,TAHT,KO,,HHE,broadband,0.06491,1.6451,39.67,2023-02-23T15:53:53.110000Z,,0.559,,100.0,210.0,0,0.0,False,True,True,False,True,
data/processed/waveforms/us6000jral_GULA.mseed,us6000jral,GULA,KO,,HHE,broadband,0.00087,0.0258,17.79,2023-02-24T14:02:07.170000Z,,0.508,,100.0,210.0,0,0.0,False,True,True,False,True,
data/processed/waveforms/us6000jral_SULT.mseed,us6000jral,SULT,KO,,HHZ,broadband,0.00082,0.0654,21.21,2023-02-24T14:02:08.890000Z,,0.549,,100.0,210.0,1,0.0238,False,True,True,False,False,has_gaps
data/processed/waveforms/us6000jral_YESY.mseed,us6000jral,YESY,KO,,HHE,broadband,0.0014,0.1581,21.29,2023-02-24T14:02:04.750000Z,,0.499,,100.0,210.0,0,0.0,False,True,True,False,True,
data/processed/waveforms/us6000jrdc_ARPRA.mseed,us6000jrdc,ARPRA,KO,,HNE,strong_motion,0.00057,0.029,,,,,,100.0,210.0,0,0.0,False,True,True,True,False,
data/processed/waveforms/us6000jrdc_DARE.mseed,us6000jrdc,DARE,KO,,HHE,broadband,0.00328,0.22,28.46,2023-02-24T17:20:04.290000Z,,0.552,,100.0,210.0,0,0.0,False,True,True,False,True,
data/processed/waveforms/us6000jrdc_SARI.mseed,us6000jrdc,SARI,KO,,HHE,broadband,0.00062,0.039,11.31,2023-02-24T17:20:16.700000Z,,0.342,,100.0,210.0,0,0.0,False,True,True,False,True,
data/processed/waveforms/us6000jrdc_TUNC.mseed,us6000jrdc,TUNC,KO,,HNE,strong_motion,0.00038,0.0363,,,,,,100.0,210.0,0,0.0,False,True,True,True,False,
data/processed/waveforms/us6000jrej_SVRC.mseed,us6000jrej,SVRC,KO,,HHE,broadband,0.00145,0.0709,24.16,2023-02-24T20:25:38.710000Z,2023-02-24T20:25:49.800000Z,0.552,0.08,100.0,170.97,0,0.0,False,True,True,False,True,
data/processed/waveforms/us6000jrej_URFA.mseed,us6000jrej,URFA,KO,,HHE,broadband,0.00093,0.051,22.44,2023-02-24T20:25:43.800000Z,2023-02-24T20:25:45.470000Z,0.426,0.315,100.0,210.0,0,0.0,False,True,True,False,True,
data/processed/waveforms/us6000jriw_GULA.mseed,us6000jriw,GULA,KO,,HHE,broadband,0.00235,0.0947,29.27,2023-02-25T10:27:18.280000Z,,0.555,,100.0,180.0,0,0.0,False,True,True,False,True,
data/processed/waveforms/us6000jriw_SULT.mseed,us6000jriw,SULT,KO,,HHN,broadband,0.00353,0.2867,34.4,2023-02-25T10:27:19.930000Z,,0.563,,100.0,210.0,1,0.0095,False,True,True,False,False,has_gaps
data/processed/waveforms/us6000jriw_YESY.mseed,us6000jriw,YESY,KO,,HHE,broadband,0.00791,8.6148,62.41,2023-02-25T10:27:15.790000Z,,0.565,,100.0,180.0,0,0.0,False,True,True,False,True,
data/processed/waveforms/us6000jrn1_CEYT.mseed,us6000jrn1,CEYT,KO,,HHE,broadband,0.0002,0.0101,4.78,2023-02-26T02:27:06.310000Z,,0.185,,100.0,210.0,0,0.0,False,True,True,False,True,
data/processed/waveforms/us6000jrn1_KRTS.mseed,us6000jrn1,KRTS,KO,,HNE,strong_motion,0.00023,0.0156,,,,,,100.0,210.0,0,0.0,False,True,True,True,False,
data/processed/waveforms/us6000jrn1_TAHT.mseed,us6000jrn1,TAHT,KO,,HHE,broadband,0.0131,0.439,20.28,2023-02-26T02:26:37.920000Z,,0.476,,100.0,210.0,0,0.0,False,True,True,False,True,
data/processed/waveforms/us6000jrtz_GAZ.mseed,us6000jrtz,GAZ,KO,,HHE,broadband,0.00033,0.0874,3.18,2023-02-27T02:51:39.190000Z,2023-02-27T02:51:49.400000Z,0.07,0.086,100.0,210.0,0,0.0,False,True,True,False,True,
data/processed/waveforms/us6000jrtz_KHMN.mseed,us6000jrtz,KHMN,KO,,HNE,strong_motion,0.00045,0.0812,,,,,,100.0,210.0,0,0.0,False,True,True,True,False,
data/processed/waveforms/us6000jrtz_KMRS.mseed,us6000jrtz,KMRS,KO,,HHE,broadband,0.0008,0.0945,19.1,2023-02-27T02:51:34.120000Z,2023-02-27T02:51:44.290000Z,0.529,0.339,100.0,60.4,0,0.0,False,True,True,False,True,
data/processed/waveforms/us6000jrw4_ARPRA.mseed,us6000jrw4,ARPRA,KO,,HNE,strong_motion,0.00492,0.4325,,,,,,100.0,209.99,0,0.0,False,True,True,True,False,
data/processed/waveforms/us6000jrw4_DARE.mseed,us6000jrw4,DARE,KO,,HHE,broadband,0.00117,0.1038,25.66,2023-02-27T09:05:03.030000Z,2023-02-27T09:05:13.370000Z,0.546,0.322,100.0,165.12,1,0.0303,False,True,True,False,False,has_gaps
data/processed/waveforms/us6000jrw4_SVRC.mseed,us6000jrw4,SVRC,KO,,HHE,broadband,0.00147,0.1681,25.49,2023-02-27T09:05:05.230000Z,2023-02-27T09:05:17.540000Z,0.544,0.163,100.0,209.99,0,0.0,False,True,True,False,True,
data/processed/waveforms/us6000k0ne_KHMN.mseed,us6000k0ne,KHMN,KO,,HNE,strong_motion,0.00052,0.0354,,,,,,100.0,210.0,0,0.0,False,True,True,True,False,
data/processed/waveforms/us6000k0ne_KMRS.mseed,us6000k0ne,KMRS,KO,,HHE,broadband,0.00036,0.0232,11.75,2023-03-29T16:47:15.550000Z,2023-03-29T16:47:16.830000Z,0.441,0.289,100.0,170.99,3,0.3217,False,True,True,False,False,has_gaps
data/processed/waveforms/us6000k0ne_KOZT.mseed,us6000k0ne,KOZT,KO,,HHE,broadband,0.00014,0.0108,11.51,2023-03-29T16:47:22.690000Z,,0.384,,100.0,210.0,0,0.0,False,True,True,False,True,
data/processed/waveforms/us6000k0ne_SARI.mseed,us6000k0ne,SARI,KO,,HHE,broadband,0.00303,0.1254,17.05,2023-03-29T16:47:11.730000Z,2023-03-29T16:47:13.180000Z,0.446,0.471,100.0,210.0,0,0.0,False,True,True,False,True,
data/processed/waveforms/us6000k2m4_BNGB.mseed,us6000k2m4,BNGB,KO,,HHE,broadband,0.01174,0.2796,40.75,2023-04-07T08:29:41.390000Z,,0.564,,100.0,158.71,0,0.0,False,True,True,False,True,
data/processed/waveforms/us6000k2m4_KARO.mseed,us6000k2m4,KARO,KO,,HHE,broadband,0.00342,0.111,9.53,2023-04-07T08:29:47.820000Z,2023-04-07T08:29:49.120000Z,0.264,0.215,100.0,24.99,3,2.601,False,True,True,False,False,has_gaps
data/processed/waveforms/us6000ka6g_CEYT.mseed,us6000ka6g,CEYT,KO,,HHE,broadband,0.00084,0.0493,11.39,2023-05-07T08:36:25.700000Z,,0.242,,100.0,210.0,0,0.0,False,True,True,False,True,
data/processed/waveforms/us6000ka6g_KRTS.mseed,us6000ka6g,KRTS,KO,,HNE,strong_motion,0.0012,0.0779,,,,,,100.0,145.02,0,0.0,False,True,True,True,False,
data/processed/waveforms/us6000ka6g_TAHT.mseed,us6000ka6g,TAHT,KO,,HHE,broadband,0.066,1.7495,50.21,2023-05-07T08:36:13.730000Z,,0.565,,100.0,133.99,0,0.0,False,True,True,False,True,
data/processed/waveforms/us6000kagp_DARE.mseed,us6000kagp,DARE,KO,,HHE,broadband,9e-05,0.0067,7.39,2023-05-08T20:20:50.550000Z,,0.125,,100.0,210.0,0,0.0,False,True,True,False,True,
data/processed/waveforms/us6000kagp_SVRC.mseed,us6000kagp,SVRC,KO,,HHE,broadband,0.00061,0.0311,19.9,2023-05-08T20:20:48.130000Z,2023-05-08T20:21:02.150000Z,0.513,0.13,100.0,210.0,0,0.0,False,True,True,False,True,
data/processed/waveforms/us6000kagp_URFA.mseed,us6000kagp,URFA,KO,,HHE,broadband,0.00258,0.0597,24.47,2023-05-08T20:20:50.750000Z,,0.505,,100.0,175.79,0,0.0,False,True,True,False,True,
data/processed/waveforms/us6000kbcq_KHMN.mseed,us6000kbcq,KHMN,KO,,HNE,strong_motion,0.00058,0.0364,,,,,,100.0,210.0,0,0.0,False,True,True,True,False,
data/processed/waveforms/us6000kbcq_KMRS.mseed,us6000kbcq,KMRS,KO,,HHE,broadband,0.00029,0.0222,13.02,2023-05-12T08:33:33.920000Z,,0.465,,100.0,210.0,2,0.0002,False,True,True,False,False,has_gaps
data/processed/waveforms/us6000kbcq_KOZT.mseed,us6000kbcq,KOZT,KO,,HHE,broadband,0.0005,0.0352,4.48,2023-05-12T08:33:34.370000Z,2023-05-12T08:33:35.400000Z,0.311,0.359,100.0,175.86,0,0.0,False,True,True,False,True,
data/processed/waveforms/us6000kbcq_SARI.mseed,us6000kbcq,SARI,KO,,HHE,broadband,0.00279,0.1337,12.4,2023-05-12T08:33:32.770000Z,,0.432,,100.0,161.86,0,0.0,False,True,True,False,True,
data/processed/waveforms/us6000kdm0_KHMN.mseed,us6000kdm0,KHMN,KO,,HNE,strong_motion,0.00088,0.0393,,,,,,100.0,210.0,0,0.0,False,True,True,True,False,
data/processed/waveforms/us6000kdm0_KMRS.mseed,us6000kdm0,KMRS,KO,,HHE,broadband,0.00067,0.0317,,,,,,100.0,29.99,15,6.6022,False,True,True,False,False,"has_gaps,Z_bileşeni_yok_veya_kısa"
data/processed/waveforms/us6000kdm0_KOZT.mseed,us6000kdm0,KOZT,KO,,HHE,broadband,0.00083,0.0733,9.45,2023-05-21T12:46:27.190000Z,,0.357,,100.0,152.53,0,0.0,False,True,True,False,True,
data/processed/waveforms/us6000kdm0_SARI.mseed,us6000kdm0,SARI,KO,,HHE,broadband,0.00603,0.1973,20.21,2023-05-21T12:46:23.900000Z,,0.432,,100.0,155.46,0,0.0,False,True,True,False,True,
data/processed/waveforms/us6000kx2n_CHBY.mseed,us6000kx2n,CHBY,KO,,HHE,broadband,0.0035,0.1386,36.42,2023-08-01T15:07:02.350000Z,2023-08-01T15:10:02.670000Z,0.553,0.017,100.0,210.0,0,0.0,False,True,True,False,True,
data/processed/waveforms/us6000kx2n_KONT.mseed,us6000kx2n,KONT,KO,,HHE,broadband,0.01027,0.2871,35.28,2023-08-01T15:06:56.550000Z,,0.562,,100.0,155.52,0,0.0,False,True,True,False,True,
data/processed/waveforms/us6000kx2n_LADK.mseed,us6000kx2n,LADK,KO,,HHE,broadband,0.01182,0.2899,41.5,2023-08-01T15:06:56.570000Z,,0.564,,100.0,136.99,0,0.0,False,True,True,False,True,
data/processed/waveforms/us6000kx2n_SULT.mseed,us6000kx2n,SULT,KO,,HHE,broadband,0.00054,0.053,20.49,2023-08-01T15:07:05.790000Z,,0.514,,100.0,210.0,1,0.0238,False,True,True,False,False,has_gaps
data/processed/waveforms/us6000kz22_ALAN.mseed,us6000kz22,ALAN,KO,,HNE,strong_motion,0.00096,0.0388,,,,,,100.0,210.0,0,0.0,False,True,True,True,False,
data/processed/waveforms/us6000kz22_ANTB.mseed,us6000kz22,ANTB,KO,,HHE,broadband,0.00011,0.0107,,,,,,100.0,210.0,0,0.0,False,True,True,False,False,
data/processed/waveforms/us6000kz22_KEMT.mseed,us6000kz22,KEMT,KO,,HNE,strong_motion,0.00051,0.0363,,,,,,100.0,210.0,0,0.0,False,True,True,True,False,
data/processed/waveforms/us6000kz22_MNVG.mseed,us6000kz22,MNVG,KO,,HNE,strong_motion,0.00036,0.0253,,,,,,100.0,210.0,0,0.0,False,True,True,True,False,
data/processed/waveforms/us6000kz45_ARPRA.mseed,us6000kz45,ARPRA,KO,,HNE,strong_motion,0.00295,0.1935,,,,,,100.0,210.0,0,0.0,False,True,True,True,False,
data/processed/waveforms/us6000kz45_DARE.mseed,us6000kz45,DARE,KO,,HHE,broadband,0.00138,0.1893,24.27,2023-08-10T17:48:12.110000Z,,0.527,,100.0,137.23,4,0.1457,False,True,True,False,False,has_gaps
data/processed/waveforms/us6000kz45_SVRC.mseed,us6000kz45,SVRC,KO,,HHE,broadband,0.00274,0.189,27.91,2023-08-10T17:48:16.560000Z,2023-08-10T17:48:30.720000Z,0.521,0.242,100.0,147.99,0,0.0,False,True,True,False,True,
data/processed/waveforms/us6000kzjz_ARPRA.mseed,us6000kzjz,ARPRA,KO,,HNE,strong_motion,0.00241,0.1192,,,,,,100.0,210.0,0,0.0,False,True,True,True,False,
data/processed/waveforms/us6000kzjz_DARE.mseed,us6000kzjz,DARE,KO,,HHE,broadband,0.00061,0.0396,18.58,2023-08-12T13:39:27.460000Z,2023-08-12T13:40:23.270000Z,0.531,0.003,100.0,132.29,0,0.0,False,True,True,False,True,
data/processed/waveforms/us6000kzjz_SVRC.mseed,us6000kzjz,SVRC,KO,,HHE,broadband,0.00069,0.061,21.93,2023-08-12T13:39:31.700000Z,2023-08-12T13:39:44.600000Z,0.545,0.134,100.0,210.0,0,0.0,False,True,True,False,True,
data/processed/waveforms/us6000lf1y_AKDM.mseed,us6000lf1y,AKDM,KO,,HHE,broadband,0.00019,0.0269,12.67,2023-10-12T11:04:17.670000Z,2023-10-12T11:05:51.740000Z,0.416,0.012,100.0,210.0,0,0.0,False,True,True,False,True,
data/processed/waveforms/us6000lf1y_CLDR.mseed,us6000lf1y,CLDR,KO,,HHE,broadband,0.00262,0.1633,25.17,2023-10-12T11:04:11.310000Z,2023-10-12T11:06:16.940000Z,0.533,0.06,100.0,210.0,0,0.0,False,True,True,False,True,
data/processed/waveforms/us6000lfk2_KDZE.mseed,us6000lfk2,KDZE,KO,,HHE,broadband,0.00079,0.0161,7.53,2023-10-14T14:07:20.220000Z,,0.315,,100.0,210.0,0,0.0,False,True,True,False,True,
data/processed/waveforms/us6000lfk2_RUZG.mseed,us6000lfk2,RUZG,KO,,HHE,broadband,0.05844,0.5453,37.26,2023-10-14T14:07:13.350000Z,2023-10-14T14:08:07.170000Z,0.56,0.271,100.0,210.0,0,0.0,False,True,True,False,True,
data/processed/waveforms/us6000lfk2_YUVA.mseed,us6000lfk2,YUVA,KO,,HNE,strong_motion,0.00197,0.1351,9.24,2023-10-14T14:07:20.270000Z,2023-10-14T14:07:21.670000Z,0.371,0.506,100.0,210.0,0,0.0,False,True,True,True,True,
data/processed/waveforms/us6000lq9s_DARE.mseed,us6000lq9s,DARE,KO,,HHE,broadband,0.00081,0.0599,20.43,2023-11-23T14:46:26.120000Z,,0.476,,100.0,210.0,0,0.0,False,True,True,False,True,
data/processed/waveforms/us6000lq9s_SVRC.mseed,us6000lq9s,SVRC,KO,,HHE,broadband,0.00211,0.1162,29.75,2023-11-23T14:46:19.720000Z,,0.562,,100.0,180.0,0,0.0,False,True,True,False,True,
data/processed/waveforms/us6000lq9s_URFA.mseed,us6000lq9s,URFA,KO,,HHE,broadband,0.00826,0.2477,41.84,2023-11-23T14:46:22.750000Z,,0.565,,100.0,210.0,0,0.0,False,True,True,False,True,
data/processed/waveforms/us6000m009_CANT.mseed,us6000m009,CANT,KO,,HHE,broadband,0.00125,0.0661,,,,,,100.0,210.0,0,0.0,False,True,True,False,False,
data/processed/waveforms/us6000m009_KMON.mseed,us6000m009,KMON,KO,,HNE,strong_motion,0.00204,0.1455,,,,,,100.0,210.0,0,0.0,False,True,True,True,False,
data/processed/waveforms/us6000m009_TOS.mseed,us6000m009,TOS,KO,,HNE,strong_motion,0.01264,0.4758,,,,,,100.0,210.0,0,0.0,False,True,True,True,False,
data/processed/waveforms/us6000m05l_ARPRA.mseed,us6000m05l,ARPRA,KO,,HNE,strong_motion,0.0008,0.0364,,,,,,100.0,210.0,0,0.0,False,True,True,True,False,
data/processed/waveforms/us6000m05l_DARE.mseed,us6000m05l,DARE,KO,,HHE,broadband,0.00027,0.021,15.34,2023-12-28T09:34:17.090000Z,,0.48,,100.0,210.0,0,0.0,False,True,True,False,True,
data/processed/waveforms/us6000m05l_URFA.mseed,us6000m05l,URFA,KO,,HHE,broadband,0.00118,0.053,25.22,2023-12-28T09:34:25.240000Z,,0.51,,100.0,210.0,0,0.0,False,True,True,False,True,
data/processed/waveforms/us6000m498_KHMN.mseed,us6000m498,KHMN,KO,,HNE,strong_motion,0.00025,0.0071,,,,,,100.0,210.0,0,0.0,False,True,True,True,False,
data/processed/waveforms/us6000m498_KMRS.mseed,us6000m498,KMRS,KO,,HHE,broadband,0.00012,0.0036,1.07,2024-01-09T09:15:13.270000Z,,0.028,,100.0,210.0,0,0.0,False,True,True,False,True,
data/processed/waveforms/us6000m498_KOZT.mseed,us6000m498,KOZT,KO,,HHE,broadband,4e-05,0.003,2.19,2024-01-09T09:15:19.480000Z,,0.03,,100.0,210.0,0,0.0,False,True,True,False,True,
data/processed/waveforms/us6000m498_SARI.mseed,us6000m498,SARI,KO,,HHE,broadband,0.00051,0.0155,,,,,,100.0,210.0,0,0.0,False,True,True,False,False,
data/processed/waveforms/us6000n148_BODA.mseed,us6000n148,BODA,KO,,HNE,strong_motion,0.00011,0.0198,,,,,,100.0,209.99,0,0.0,False,True,True,True,False,
data/processed/waveforms/us6000n148_BODT.mseed,us6000n148,BODT,KO,,HHE,broadband,6e-05,0.0085,,,,,,100.0,209.99,0,0.0,False,True,True,False,False,
data/processed/waveforms/us6000n148_DAT.mseed,us6000n148,DAT,KO,,HHE,broadband,7e-05,0.0074,,,,,,100.0,209.99,0,0.0,True,True,True,False,False,clipping_şüphesi
data/processed/waveforms/us6000n148_YKAV.mseed,us6000n148,YKAV,KO,,HNE,strong_motion,7e-05,0.0642,,,,,,100.0,209.99,0,0.0,False,True,True,True,False,
data/processed/waveforms/us6000n80m_BALB.mseed,us6000n80m,BALB,KO,,HNE,strong_motion,0.00268,0.0822,16.83,2024-06-24T22:36:53.550000Z,,0.511,,100.0,210.0,0,0.0,False,True,True,True,True,
data/processed/waveforms/us6000n80m_SOMA.mseed,us6000n80m,SOMA,KO,,HNE,strong_motion,0.01067,0.5029,31.58,2024-06-24T22:36:48.420000Z,,0.561,,100.0,210.0,0,0.0,False,True,True,True,True,
data/processed/waveforms/us6000n80m_YAYO.mseed,us6000n80m,YAYO,KO,,HHE,broadband,0.00427,0.2657,39.07,2024-06-24T22:36:54.060000Z,,0.565,,100.0,210.0,0,0.0,False,True,True,False,True,
data/processed/waveforms/us6000ng6h_BODT.mseed,us6000ng6h,BODT,KO,,HHE,broadband,7e-05,0.0045,,,,,,100.0,210.0,0,0.0,False,True,True,False,False,
data/processed/waveforms/us6000ng6h_DAT.mseed,us6000ng6h,DAT,KO,,HHE,broadband,6e-05,0.0048,,,,,,100.0,210.0,0,0.0,True,True,True,False,False,clipping_şüphesi
data/processed/waveforms/us6000ng6h_DATC.mseed,us6000ng6h,DATC,KO,,HNE,strong_motion,0.00086,0.0267,,,,,,100.0,210.0,0,0.0,False,True,True,True,False,
data/processed/waveforms/us6000ng6h_YKAV.mseed,us6000ng6h,YKAV,KO,,HNE,strong_motion,0.0001,0.0246,,,,,,100.0,210.0,0,0.0,False,True,True,True,False,
data/processed/waveforms/us6000nigk_CEYT.mseed,us6000nigk,CEYT,KO,,HHE,broadband,0.00091,0.066,26.92,2024-08-07T02:32:39.960000Z,2024-08-07T02:34:53.680000Z,0.477,0.085,100.0,210.0,0,0.0,False,True,True,False,True,
data/processed/waveforms/us6000nigk_CMRD.mseed,us6000nigk,CMRD,KO,,HNE,strong_motion,0.00073,0.0285,6.21,2024-08-07T02:32:52.450000Z,2024-08-07T02:33:38.690000Z,0.282,0.032,100.0,210.0,0,0.0,False,True,True,True,True,
data/processed/waveforms/us6000nigk_KMRS.mseed,us6000nigk,KMRS,KO,,HHE,broadband,0.00045,0.0614,14.38,2024-08-07T02:32:42.670000Z,2024-08-07T02:33:45.480000Z,0.434,0.052,100.0,210.0,0,0.0,False,True,True,False,True,
data/processed/waveforms/us6000nigk_KOZT.mseed,us6000nigk,KOZT,KO,,HHE,broadband,0.00833,0.2864,44.27,2024-08-07T02:32:30.390000Z,2024-08-07T02:33:16.540000Z,0.565,0.372,100.0,210.0,0,0.0,False,True,True,False,True,
data/processed/waveforms/us6000njq1_GAZ.mseed,us6000njq1,GAZ,KO,,HHE,broadband,0.00169,0.1873,7.77,2024-08-12T20:56:37.950000Z,2024-08-12T20:56:40.120000Z,0.201,0.015,100.0,210.0,0,0.0,False,True,True,False,True,
data/processed/waveforms/us6000njq1_KRTS.mseed,us6000njq1,KRTS,KO,,HNE,strong_motion,0.00054,0.0619,,,,,,100.0,210.0,0,0.0,False,True,True,True,False,
data/processed/waveforms/us6000njq1_TAHT.mseed,us6000njq1,TAHT,KO,,HHE,broadband,0.00503,0.2439,26.2,2024-08-12T20:56:25.590000Z,2024-08-12T20:56:46.230000Z,0.465,0.293,100.0,180.0,0,0.0,False,True,True,False,True,
data/processed/waveforms/us6000njrg_GAZ.mseed,us6000njrg,GAZ,KO,,HHE,broadband,0.00021,0.0176,6.37,2024-08-13T00:29:44.970000Z,,0.078,,100.0,210.0,0,0.0,False,True,True,False,True,
data/processed/waveforms/us6000njrg_KRTS.mseed,us6000njrg,KRTS,KO,,HNE,strong_motion,0.00011,0.0127,,,,,,100.0,210.0,0,0.0,False,True,True,True,False,
data/processed/waveforms/us6000njrg_TAHT.mseed,us6000njrg,TAHT,KO,,HHE,broadband,0.00118,0.0323,9.27,2024-08-13T00:29:05.920000Z,,0.263,,100.0,210.0,0,0.0,False,True,True,False,True,
data/processed/waveforms/us6000nq9a_GAZ.mseed,us6000nq9a,GAZ,KO,,HHE,broadband,0.01455,0.8728,38.53,2024-09-07T06:31:14.660000Z,,0.52,,100.0,180.0,0,0.0,False,True,True,False,True,
data/processed/waveforms/us6000nq9a_KHMN.mseed,us6000nq9a,KHMN,KO,,HNE,strong_motion,0.03878,1.0295,,,,,,100.0,115.99,0,0.0,False,True,True,True,False,
data/processed/waveforms/us6000nq9a_KMRS.mseed,us6000nq9a,KMRS,KO,,HHE,broadband,0.0046,0.2845,37.4,2024-09-07T06:31:15.050000Z,,0.558,,100.0,210.0,0,0.0,False,True,True,False,True,
data/processed/waveforms/us6000nwgc_KONT.mseed,us6000nwgc,KONT,KO,,HHE,broadband,0.00013,0.0063,-0.33,2024-10-04T05:57:48.740000Z,,0.049,,100.0,210.0,0,0.0,False,True,True,False,True,
data/processed/waveforms/us6000nwgc_KRMN.mseed,us6000nwgc,KRMN,KO,,HNE,strong_motion,0.00021,0.0252,,,,,,100.0,210.0,0,0.0,False,True,True,True,False,
data/processed/waveforms/us6000nwgc_SULT.mseed,us6000nwgc,SULT,KO,,HHE,broadband,0.0002,0.0187,24.52,2024-10-04T05:57:26.020000Z,2024-10-04T05:57:34.290000Z,0.508,0.185,100.0,210.0,0,0.0,False,True,True,False,True,
data/processed/waveforms/us6000nwgc_YESY.mseed,us6000nwgc,YESY,KO,,HHE,broadband,0.00027,0.0195,23.92,2024-10-04T05:57:25.340000Z,2024-10-04T06:00:29.340000Z,0.468,0.001,100.0,210.0,3,0.0714,False,True,True,False,False,has_gaps
data/processed/waveforms/us6000ny1h_KDZE.mseed,us6000ny1h,KDZE,KO,,HHE,broadband,0.00064,0.0364,4.04,2024-10-11T07:17:05.440000Z,2024-10-11T07:17:21.460000Z,0.158,0.501,100.0,209.99,0,0.0,False,True,True,False,True,
data/processed/waveforms/us6000ny1h_KURC.mseed,us6000ny1h,KURC,KO,,HHE,broadband,0.00058,0.0287,,,,,,100.0,209.99,0,0.0,True,True,True,False,False,clipping_şüphesi
data/processed/waveforms/us6000ny1h_SAFT.mseed,us6000ny1h,SAFT,KO,,HNE,strong_motion,0.00034,0.0197,,,,,,100.0,209.99,0,0.0,False,True,True,True,False,
data/processed/waveforms/us6000nyvh_DEMR.mseed,us6000nyvh,DEMR,KO,,HNE,strong_motion,0.00011,0.0383,,,,,,100.0,210.0,0,0.0,False,True,True,True,False,
data/processed/waveforms/us6000nyvh_FETI.mseed,us6000nyvh,FETI,KO,,HNE,strong_motion,0.00073,2.2174,,,,,,100.0,210.0,0,0.0,True,True,True,False,False,clipping_şüphesi
data/processed/waveforms/us6000nyvh_FETY.mseed,us6000nyvh,FETY,KO,,HHE,broadband,0.00015,0.0195,7.75,2024-10-15T16:54:48.550000Z,,0.232,,100.0,210.0,0,0.0,False,True,True,False,True,
data/processed/waveforms/us6000nyzk_KBAN.mseed,us6000nyzk,KBAN,KO,,HHE,broadband,0.0602,0.6831,27.41,2024-10-16T07:46:40.700000Z,,0.537,,100.0,210.0,0,0.0,False,True,True,False,True,
data/processed/waveforms/us6000nyzk_SVRC.mseed,us6000nyzk,SVRC,KO,,HHE,broadband,0.02873,0.5342,48.25,2024-10-16T07:46:38.710000Z,,0.565,,100.0,109.47,0,0.0,False,True,True,False,True,
data/processed/waveforms/us6000nza6_KYHL.mseed,us6000nza6,KYHL,KO,,HNE,strong_motion,0.00049,0.035,,,,,,100.0,101.6,0,0.0,False,True,True,True,False,
data/processed/waveforms/us6000nza6_RSDY.mseed,us6000nza6,RSDY,KO,,HHE,broadband,0.00033,0.0273,8.95,2024-10-17T08:30:11.910000Z,,0.128,,100.0,203.39,0,0.0,False,True,True,False,True,
data/processed/waveforms/us6000nza6_SVSK.mseed,us6000nza6,SVSK,KO,,HHE,broadband,0.01268,0.282,,,,,,100.0,210.0,0,0.0,False,True,True,False,False,
data/processed/waveforms/us6000nza6_TUNC.mseed,us6000nza6,TUNC,KO,,HNE,strong_motion,0.01959,0.6033,5.9,2024-10-17T08:30:00.010000Z,2024-10-17T08:30:01.630000Z,0.173,0.162,100.0,210.0,0,0.0,False,True,True,True,True,
data/processed/waveforms/us6000nzqk_GAZ.mseed,us6000nzqk,GAZ,KO,,HHE,broadband,0.00062,0.039,9.3,2024-10-19T11:41:18.990000Z,2024-10-19T11:41:20.730000Z,0.338,0.373,100.0,210.0,0,0.0,False,True,True,False,True,
data/processed/waveforms/us6000nzqk_KHMN.mseed,us6000nzqk,KHMN,KO,,HNN,strong_motion,0.0012,0.1443,,,,,,100.0,54.99,12,4.3644,False,True,True,False,False,has_gaps
data/processed/waveforms/us6000nzqk_KMRS.mseed,us6000nzqk,KMRS,KO,,HHE,broadband,0.00709,0.2786,31.34,2024-10-19T11:41:14.890000Z,,0.55,,100.0,210.0,0,0.0,False,True,True,False,True,
data/processed/waveforms/us6000p6yq_BODA.mseed,us6000p6yq,BODA,KO,,HNE,strong_motion,0.00011,0.0083,,,,,,100.0,210.0,0,0.0,False,True,True,True,False,
data/processed/waveforms/us6000p6yq_BODT.mseed,us6000p6yq,BODT,KO,,HHE,broadband,6e-05,0.006,,,,,,100.0,210.0,0,0.0,False,True,True,False,False,
data/processed/waveforms/us6000p6yq_DAT.mseed,us6000p6yq,DAT,KO,,HHE,broadband,6e-05,0.007,,,,,,100.0,210.0,0,0.0,True,True,True,False,False,clipping_şüphesi
data/processed/waveforms/us6000p6yq_DATC.mseed,us6000p6yq,DATC,KO,,HNE,strong_motion,0.00062,0.0215,,,,,,100.0,210.0,0,0.0,False,True,True,True,False,
data/processed/waveforms/us6000pg94_BODT.mseed,us6000pg94,BODT,KO,,HHE,broadband,3e-05,0.0025,,,,,,100.0,210.0,0,0.0,False,True,True,False,False,
data/processed/waveforms/us6000pg94_DAT.mseed,us6000pg94,DAT,KO,,HHE,broadband,8e-05,0.0057,,,,,,100.0,210.0,0,0.0,True,True,True,False,False,clipping_şüphesi
data/processed/waveforms/us6000pg94_DATC.mseed,us6000pg94,DATC,KO,,HNE,strong_motion,0.00034,0.0474,,,,,,100.0,210.0,0,0.0,False,True,True,True,False,
data/processed/waveforms/us6000phj9_ALAN.mseed,us6000phj9,ALAN,KO,,HNE,strong_motion,0.08246,2.047,-2.52,2025-01-03T13:51:11.210000Z,,0.009,,100.0,180.66,2,0.0554,False,True,True,False,False,has_gaps
data/processed/waveforms/us6000phj9_HDMB.mseed,us6000phj9,HDMB,KO,,HHE,broadband,0.00351,0.2195,5.5,2025-01-03T13:51:17.110000Z,,0.404,,100.0,210.0,0,0.0,False,True,True,False,True,
data/processed/waveforms/us6000phj9_LMOS.mseed,us6000phj9,LMOS,KO,,HHE,broadband,0.00086,0.0401,10.7,2025-01-03T13:51:16.030000Z,2025-01-03T13:51:25.640000Z,0.333,0.07,100.0,210.0,0,0.0,False,True,True,False,True,
data/processed/waveforms/us6000phj9_MNVG.mseed,us6000phj9,MNVG,KO,,HNE,strong_motion,0.00336,0.1876,,,,,,100.0,210.0,0,0.0,False,True,True,True,False,
data/processed/waveforms/us6000pi4u_BODA.mseed,us6000pi4u,BODA,KO,,HNE,strong_motion,0.00015,0.0183,,,,,,100.0,210.0,0,0.0,False,True,True,True,False,
data/processed/waveforms/us6000pi4u_BODT.mseed,us6000pi4u,BODT,KO,,HHE,broadband,2e-05,0.0019,,,,,,100.0,210.0,0,0.0,False,True,True,False,False,
data/processed/waveforms/us6000pi4u_DAT.mseed,us6000pi4u,DAT,KO,,HHE,broadband,5e-05,0.0018,,,,,,100.0,210.0,0,0.0,True,True,True,False,False,clipping_şüphesi
data/processed/waveforms/us6000pi4u_YKAV.mseed,us6000pi4u,YKAV,KO,,HNE,strong_motion,4e-05,0.0206,,,,,,100.0,210.0,0,0.0,False,True,True,True,False,
data/processed/waveforms/us6000pii1_KOPR.mseed,us6000pii1,KOPR,KO,,HHE,broadband,0.00418,0.3717,21.42,2025-01-08T01:30:05.790000Z,2025-01-08T01:31:56.120000Z,0.53,0.006,100.0,210.0,0,0.0,False,True,True,False,True,
data/processed/waveforms/us6000pii1_SENK.mseed,us6000pii1,SENK,KO,,HHE,broadband,0.00015,0.0127,5.81,2025-01-08T01:30:38.700000Z,,0.193,,100.0,62.9,19,1.9078,False,True,True,False,False,has_gaps
data/processed/waveforms/us6000pii1_VRTB.mseed,us6000pii1,VRTB,KO,,HHE,broadband,0.00057,0.1929,,,,,,100.0,210.0,0,0.0,False,True,True,False,False,
data/processed/waveforms/us6000plhn_EZN.mseed,us6000plhn,EZN,KO,,HHE,broadband,0.00633,0.2778,35.72,2025-01-21T20:38:51.960000Z,2025-01-21T20:41:57.340000Z,0.565,0.047,100.0,210.0,0,0.0,False,True,True,False,True,
data/processed/waveforms/us6000plhn_EZNE.mseed,us6000plhn,EZNE,KO,,HNE,strong_motion,0.01008,0.4278,1.15,2025-01-21T20:38:51.580000Z,,0.033,,100.0,180.0,0,0.0,False,True,True,True,True,
data/processed/waveforms/us6000plhn_GPNR.mseed,us6000plhn,GPNR,KO,,HNE,strong_motion,0.04236,1.5685,,,,,,100.0,180.0,0,0.0,False,True,True,True,False,
data/processed/waveforms/us6000py6h_AKDM.mseed,us6000py6h,AKDM,KO,,HHE,broadband,0.00024,0.0333,15.05,2025-03-11T18:03:46.910000Z,2025-03-11T18:04:07.590000Z,0.256,0.215,100.0,210.0,0,0.0,False,True,True,False,True,
data/processed/waveforms/us6000py6h_CUKT.mseed,us6000py6h,CUKT,KO,,HNE,strong_motion,0.01202,1.1245,,,,,,100.0,210.0,0,0.0,False,True,True,True,False,
data/processed/waveforms/us6000py6h_VANB.mseed,us6000py6h,VANB,KO,,HHE,broadband,0.00022,0.0197,39.27,2025-03-11T18:03:45.890000Z,2025-03-11T18:04:09.550000Z,0.565,0.054,100.0,210.0,0,0.0,False,True,True,False,True,
data/processed/waveforms/us6000q5sb_GULF.mseed,us6000q5sb,GULF,KO,,HNE,strong_motion,0.01821,0.5101,,,,,,100.0,210.0,0,0.0,False,True,True,True,False,
data/processed/waveforms/us6000qg7w_GULF.mseed,us6000qg7w,GULF,KO,,HNE,strong_motion,0.00259,0.066,,,,,,100.0,209.99,0,0.0,False,True,True,True,False,
data/processed/waveforms/us6000qg7w_OSMA.mseed,us6000qg7w,OSMA,KO,,HHE,broadband,0.02028,0.318,18.29,2025-05-12T09:26:34.660000Z,,0.402,,100.0,209.99,0,0.0,False,True,True,False,True,
data/processed/waveforms/us6000qhiq_DALY.mseed,us6000qhiq,DALY,KO,,HHE,broadband,0.02228,2.1868,45.02,2025-06-02T23:17:39.930000Z,2025-06-02T23:17:50.370000Z,0.563,0.096,100.0,194.21,2,0.0001,False,True,True,False,False,has_gaps
data/processed/waveforms/us6000qhiq_YER.mseed,us6000qhiq,YER,KO,,HHE,broadband,0.02189,1.3818,30.08,2025-06-02T23:17:42.000000Z,,0.558,,100.0,210.0,0,0.0,False,True,True,False,True,
data/processed/waveforms/us6000qlfq_BODT.mseed,us6000qlfq,BODT,KO,,HHE,broadband,0.00096,0.042,,,,,,100.0,210.0,0,0.0,False,True,True,False,False,
data/processed/waveforms/us6000qznb_AKS.mseed,us6000qznb,AKS,KO,,HNE,strong_motion,0.02869,1.7897,,,,,,100.0,210.0,0,0.0,False,True,True,True,False,
data/processed/waveforms/us6000qznb_BALB.mseed,us6000qznb,BALB,KO,,HNE,strong_motion,0.02681,2.1841,33.81,2025-08-10T16:53:56.100000Z,,0.537,,100.0,180.0,0,0.0,False,True,True,True,True,
data/processed/waveforms/us6000qznb_GORD.mseed,us6000qznb,GORD,KO,,HNE,strong_motion,0.0196,2.9808,42.08,2025-08-10T16:53:54.110000Z,,0.554,,100.0,210.0,0,0.0,False,True,True,True,True,
data/processed/waveforms/us6000qznb_SOMA.mseed,us6000qznb,SOMA,KO,,HNE,strong_motion,0.02674,1.9501,31.89,2025-08-10T16:53:55.940000Z,,0.538,,100.0,180.0,0,0.0,False,True,True,True,True,
data/processed/waveforms/us6000r0e0_BODT.mseed,us6000r0e0,BODT,KO,,HHE,broadband,0.0001,0.0105,,,,,,100.0,210.0,0,0.0,False,True,True,False,False,
data/processed/waveforms/us6000r0e0_DAT.mseed,us6000r0e0,DAT,KO,,HHE,broadband,0.00038,0.0135,,,,,,100.0,210.0,0,0.0,True,True,True,False,False,clipping_şüphesi
data/processed/waveforms/us6000r0e0_DATC.mseed,us6000r0e0,DATC,KO,,HNE,strong_motion,0.00115,0.0578,,,,,,100.0,210.0,0,0.0,False,True,True,True,False,
data/processed/waveforms/us6000r1um_AKS.mseed,us6000r1um,AKS,KO,,HNE,strong_motion,0.00115,0.1165,,,,,,100.0,210.0,0,0.0,False,True,True,True,False,
data/processed/waveforms/us6000r1um_BALB.mseed,us6000r1um,BALB,KO,,HNE,strong_motion,0.00153,0.077,8.95,2025-08-18T08:26:36.960000Z,2025-08-18T08:26:38.570000Z,0.22,0.385,100.0,210.0,0,0.0,False,True,True,True,True,
data/processed/waveforms/us6000r1um_GORD.mseed,us6000r1um,GORD,KO,,HNE,strong_motion,0.00058,0.0454,6.42,2025-08-18T08:26:35.410000Z,2025-08-18T08:26:40.090000Z,0.212,0.406,100.0,210.0,0,0.0,False,True,True,True,True,
data/processed/waveforms/us6000r1um_SOMA.mseed,us6000r1um,SOMA,KO,,HNE,strong_motion,0.0012,0.0605,9.98,2025-08-18T08:26:39.480000Z,2025-08-18T08:26:43.050000Z,0.288,0.313,100.0,210.0,0,0.0,False,True,True,True,True,
data/processed/waveforms/us6000r3ie_AKS.mseed,us6000r3ie,AKS,KO,,HNE,strong_motion,0.00429,0.1716,,,,,,100.0,210.0,0,0.0,False,True,True,True,False,
data/processed/waveforms/us6000r3ie_BALB.mseed,us6000r3ie,BALB,KO,,HNE,strong_motion,0.00317,0.1686,13.04,2025-08-24T18:58:29.030000Z,2025-08-24T19:00:50.120000Z,0.4,0.478,100.0,210.0,0,0.0,False,True,True,True,True,
data/processed/waveforms/us6000r3ie_GORD.mseed,us6000r3ie,GORD,KO,,HNE,strong_motion,0.00215,0.1442,17.64,2025-08-24T18:58:24.620000Z,2025-08-24T19:00:44.050000Z,0.442,0.206,100.0,210.0,0,0.0,False,True,True,True,True,
data/processed/waveforms/us6000r3ie_SOMA.mseed,us6000r3ie,SOMA,KO,,HNE,strong_motion,0.00379,0.1554,9.99,2025-08-24T18:58:28.500000Z,2025-08-24T19:00:49.380000Z,0.408,0.267,100.0,210.0,0,0.0,False,True,True,True,True,
data/processed/waveforms/us6000rcfc_AKS.mseed,us6000rcfc,AKS,KO,,HNE,strong_motion,0.00275,0.1146,21.04,2025-09-23T22:27:57.020000Z,,0.496,,100.0,210.0,0,0.0,False,True,True,True,True,
data/processed/waveforms/us6000rcfc_BALB.mseed,us6000rcfc,BALB,KO,,HNE,strong_motion,0.00214,0.1327,13.03,2025-09-23T22:27:59.530000Z,,0.35,,100.0,210.0,0,0.0,False,True,True,True,True,
data/processed/waveforms/us6000rcfc_GORD.mseed,us6000rcfc,GORD,KO,,HNE,strong_motion,0.00164,0.1074,17.0,2025-09-23T22:27:54.710000Z,,0.507,,100.0,210.0,0,0.0,False,True,True,True,True,
data/processed/waveforms/us6000rcfc_SOMA.mseed,us6000rcfc,SOMA,KO,,HNE,strong_motion,0.00271,0.087,6.96,2025-09-23T22:28:00.500000Z,2025-09-23T22:28:05.580000Z,0.254,0.42,100.0,210.0,0,0.0,False,True,True,True,True,
data/processed/waveforms/us6000rdf2_SHAP.mseed,us6000rdf2,SHAP,KO,,HNE,strong_motion,0.053,1.5325,,,,,,100.0,210.0,0,0.0,False,True,True,True,False,
data/processed/waveforms/us6000rdf2_SIMA.mseed,us6000rdf2,SIMA,KO,,HHE,broadband,0.04946,0.4384,71.13,2025-09-28T09:59:19.220000Z,2025-09-28T10:01:51.010000Z,0.565,0.067,100.0,180.0,0,0.0,False,True,True,False,True,
data/processed/waveforms/us6000rdf2_SMAA.mseed,us6000rdf2,SMAA,KO,,HNE,strong_motion,0.05263,4.0177,16.89,2025-09-28T09:59:19.430000Z,2025-09-28T09:59:22.290000Z,0.426,0.188,100.0,180.0,0,0.0,False,True,True,True,True,
data/processed/waveforms/us6000rdhv_SIMA.mseed,us6000rdhv,SIMA,KO,,HHE,broadband,0.01342,0.307,65.96,2025-09-28T22:48:32.320000Z,2025-09-28T22:49:54.030000Z,0.565,0.342,100.0,210.0,0,0.0,False,True,True,False,True,
data/processed/waveforms/us6000rdhv_SMAA.mseed,us6000rdhv,SMAA,KO,,HNE,strong_motion,0.02752,1.0124,6.07,2025-09-28T22:48:32.530000Z,,0.295,,100.0,210.0,0,0.0,False,True,True,True,True,
data/processed/waveforms/us6000rdhv_TVSB.mseed,us6000rdhv,TVSB,KO,,HHE,broadband,0.00537,0.1429,17.13,2025-09-28T22:48:39.880000Z,2025-09-28T22:50:04.410000Z,0.478,0.273,100.0,210.0,0,0.0,False,True,True,False,True,
data/processed/waveforms/us6000re6a_BOTS.mseed,us6000re6a,BOTS,KO,,HNZ,strong_motion,0.0161,0.8054,41.3,2025-10-02T11:55:08.710000Z,2025-10-02T11:57:13.970000Z,0.564,0.01,100.0,180.0,1,0.0002,False,True,True,False,False,has_gaps
data/processed/waveforms/us6000re6a_MAEG.mseed,us6000re6a,MAEG,KO,,HNE,strong_motion,0.01272,0.6911,41.9,2025-10-02T11:55:08.180000Z,,0.565,,100.0,180.0,0,0.0,False,True,True,True,True,
data/processed/waveforms/us6000re6a_NMR9.mseed,us6000re6a,NMR9,KO,,HHE,broadband,0.06038,0.5262,35.9,2025-10-02T11:55:09.110000Z,2025-10-02T11:58:12.480000Z,0.551,0.042,100.0,210.0,0,0.0,False,True,True,False,True,
data/processed/waveforms/us6000rfqg_SHAP.mseed,us6000rfqg,SHAP,KO,,HNE,strong_motion,0.0885,3.1894,0.23,2025-10-08T23:54:16.470000Z,,0.089,,100.0,210.0,0,0.0,False,True,True,True,True,
data/processed/waveforms/us6000rfqg_SIMA.mseed,us6000rfqg,SIMA,KO,,HHE,broadband,0.02327,0.4157,72.42,2025-10-08T23:54:10.080000Z,2025-10-08T23:56:19.180000Z,0.565,0.008,100.0,210.0,0,0.0,False,True,True,False,True,
data/processed/waveforms/us6000rfqg_SMAA.mseed,us6000rfqg,SMAA,KO,,HNE,strong_motion,0.04787,2.0941,7.83,2025-10-08T23:54:10.200000Z,2025-10-08T23:54:13.250000Z,0.334,0.205,100.0,210.0,0,0.0,False,True,True,True,True,
data/processed/waveforms/us6000rfqg_TVSB.mseed,us6000rfqg,TVSB,KO,,HHE,broadband,0.00581,0.3498,11.87,2025-10-08T23:54:14.460000Z,,0.468,,100.0,210.0,0,0.0,False,True,True,False,True,
data/processed/waveforms/us6000rhb0_AFSR.mseed,us6000rhb0,AFSR,KO,,HHZ,broadband,0.0004,0.0172,13.69,2025-09-22T06:03:43.920000Z,,0.263,,100.0,210.0,1,0.0095,False,True,True,False,False,has_gaps
data/processed/waveforms/us6000rhb0_KAMT.mseed,us6000rhb0,KAMT,KO,,HHN,broadband,0.00099,0.0244,,,,,,100.0,210.0,1,0.0238,False,True,True,False,False,has_gaps
data/processed/waveforms/us6000rhb0_KULU.mseed,us6000rhb0,KULU,KO,,HHE,broadband,0.00167,0.0305,56.96,2025-09-22T06:03:36.500000Z,2025-09-22T06:03:39.740000Z,0.565,0.565,100.0,210.0,3,0.0429,False,True,True,False,False,has_gaps
data/processed/waveforms/us6000rhb0_SERE.mseed,us6000rhb0,SERE,KO,,HHE,broadband,0.00357,0.1351,42.45,2025-09-22T06:03:41.420000Z,2025-09-22T06:06:32.350000Z,0.565,0.135,100.0,190.77,4,0.0734,False,True,True,False,False,has_gaps
data/processed/waveforms/us6000rjsu_AKS.mseed,us6000rjsu,AKS,KO,,HNE,strong_motion,0.02178,1.7252,8.62,2025-10-27T19:48:39.410000Z,,0.149,,100.0,180.0,0,0.0,False,True,True,True,True,
data/processed/waveforms/us6000rjsu_BALB.mseed,us6000rjsu,BALB,KO,,HNE,strong_motion,0.01875,1.785,31.63,2025-10-27T19:48:40.590000Z,,0.529,,100.0,210.0,0,0.0,False,True,True,True,True,
data/processed/waveforms/us6000rjsu_DST.mseed,us6000rjsu,DST,KO,,HNE,strong_motion,0.01414,0.9093,,,,,,100.0,210.0,0,0.0,False,True,True,True,False,
data/processed/waveforms/us6000rjsu_GORD.mseed,us6000rjsu,GORD,KO,,HNE,strong_motion,0.04093,3.8235,43.36,2025-10-27T19:48:35.580000Z,2025-10-27T19:50:45.210000Z,0.565,0.063,100.0,180.0,0,0.0,False,True,True,True,True,
data/processed/waveforms/us6000rjvg_AKS.mseed,us6000rjvg,AKS,KO,,HNE,strong_motion,0.00336,0.0983,6.07,2025-10-28T07:10:10.660000Z,,0.076,,100.0,198.28,0,0.0,False,True,True,True,True,
data/processed/waveforms/us6000rjvg_BALB.mseed,us6000rjvg,BALB,KO,,HNE,strong_motion,0.00124,0.0611,7.58,2025-10-28T07:10:12.710000Z,2025-10-28T07:10:20.810000Z,0.173,0.365,100.0,210.0,0,0.0,False,True,True,True,True,
data/processed/waveforms/us6000rjvg_DST.mseed,us6000rjvg,DST,KO,,HNN,strong_motion,0.00244,0.1054,,,,,,100.0,210.0,1,0.0476,False,True,True,False,False,has_gaps
data/processed/waveforms/us6000rjvg_GORD.mseed,us6000rjvg,GORD,KO,,HNE,strong_motion,0.00615,0.4131,26.01,2025-10-28T07:10:06.540000Z,,0.552,,100.0,210.0,0,0.0,False,True,True,True,True,
data/processed/waveforms/us6000rjvu_BALB.mseed,us6000rjvu,BALB,KO,,HNE,strong_motion,0.00141,0.0841,9.16,2025-10-28T07:54:26.170000Z,2025-10-28T07:54:33.880000Z,0.13,0.38,100.0,210.0,0,0.0,False,True,True,True,True,
data/processed/waveforms/us6000rjvu_DST.mseed,us6000rjvu,DST,KO,,HNE,strong_motion,0.00241,0.1801,,,,,,100.0,210.0,0,0.0,False,True,True,True,False,
data/processed/waveforms/us6000rjvu_GORD.mseed,us6000rjvu,GORD,KO,,HNE,strong_motion,0.00399,0.2897,25.46,2025-10-28T07:54:19.070000Z,,0.555,,100.0,210.0,0,0.0,False,True,True,True,True,
data/processed/waveforms/us6000rjvu_SMAA.mseed,us6000rjvu,SMAA,KO,,HNE,strong_motion,0.00492,0.2509,,,,,,100.0,210.0,0,0.0,False,True,True,True,False,
data/processed/waveforms/us6000rjwk_AKS.mseed,us6000rjwk,AKS,KO,,HNE,strong_motion,0.00118,0.0306,,,,,,100.0,194.44,3,0.1029,False,True,True,False,False,has_gaps
data/processed/waveforms/us6000rjwk_GOMA.mseed,us6000rjwk,GOMA,KO,,HNZ,strong_motion,0.00145,0.077,,,,,,100.0,210.0,1,0.0476,False,True,True,False,False,has_gaps
data/processed/waveforms/us6000rjwk_GORD.mseed,us6000rjwk,GORD,KO,,HNE,strong_motion,0.00302,0.0465,14.22,2025-10-28T11:49:31.470000Z,,0.501,,100.0,210.0,0,0.0,False,True,True,True,True,
data/processed/waveforms/us6000rjwk_SOMA.mseed,us6000rjwk,SOMA,KO,,HNE,strong_motion,0.00048,0.0154,-0.14,2025-10-28T11:49:45.770000Z,,0.006,,100.0,210.0,0,0.0,False,True,True,True,True,
data/processed/waveforms/us6000rl1h_AKS.mseed,us6000rl1h,AKS,KO,,HNE,strong_motion,0.00152,0.0597,,,,,,100.0,210.0,2,0.0005,False,True,True,False,False,has_gaps
data/processed/waveforms/us6000rl1h_DST.mseed,us6000rl1h,DST,KO,,HNE,strong_motion,0.00065,0.0226,,,,,,100.0,210.0,0,0.0,False,True,True,True,False,
data/processed/waveforms/us6000rl1h_GORD.mseed,us6000rl1h,GORD,KO,,HNE,strong_motion,0.00348,0.0658,17.34,2025-11-02T12:41:15.710000Z,,0.538,,100.0,210.0,0,0.0,False,True,True,True,True,
data/processed/waveforms/us6000rl1h_SOMA.mseed,us6000rl1h,SOMA,KO,,HNE,strong_motion,0.00176,0.0592,5.25,2025-11-02T12:41:22.730000Z,2025-11-02T12:41:28.860000Z,0.218,0.327,100.0,210.0,0,0.0,False,True,True,True,True,
data/processed/waveforms/us6000rl6n_DST.mseed,us6000rl6n,DST,KO,,HNE,strong_motion,0.0044,0.1464,,,,,,100.0,210.0,0,0.0,False,True,True,True,False,
data/processed/waveforms/us6000rl6n_GORD.mseed,us6000rl6n,GORD,KO,,HNE,strong_motion,0.00475,0.2976,24.22,2025-11-03T12:35:43.960000Z,,0.549,,100.0,180.0,0,0.0,False,True,True,True,True,
data/processed/waveforms/us6000rl6n_SIMA.mseed,us6000rl6n,SIMA,KO,,HHE,broadband,0.0089,0.3249,8.74,2025-11-03T12:35:43.020000Z,2025-11-03T12:37:50.810000Z,0.294,0.035,100.0,210.0,0,0.0,False,True,True,False,True,
data/processed/waveforms/us6000rl6n_SMAA.mseed,us6000rl6n,SMAA,KO,,HNE,strong_motion,0.01121,0.6137,7.26,2025-11-03T12:35:49.260000Z,,0.14,,100.0,180.0,0,0.0,False,True,True,True,True,
data/processed/waveforms/us6000rmjf_AKS.mseed,us6000rmjf,AKS,KO,,HNE,strong_motion,0.00255,0.1467,,,,,,100.0,210.0,0,0.0,False,True,True,True,False,
data/processed/waveforms/us6000rmjf_BALB.mseed,us6000rmjf,BALB,KO,,HNE,strong_motion,0.00231,0.1348,6.57,2025-11-10T02:49:15.830000Z,2025-11-10T02:49:28.860000Z,0.213,0.075,100.0,210.0,0,0.0,False,True,True,True,True,
data/processed/waveforms/us6000rmjf_GORD.mseed,us6000rmjf,GORD,KO,,HNE,strong_motion,0.00183,0.0785,5.29,2025-11-10T02:49:19.740000Z,2025-11-10T02:49:24.970000Z,0.148,0.02,100.0,210.0,0,0.0,False,True,True,True,True,
data/processed/waveforms/us6000rmjf_SOMA.mseed,us6000rmjf,SOMA,KO,,HNE,strong_motion,0.00178,0.0728,4.73,2025-11-10T02:49:15.190000Z,2025-11-10T02:50:21.280000Z,0.198,0.358,100.0,210.0,0,0.0,False,True,True,True,True,
data/processed/waveforms/us6000rmjv_AKS.mseed,us6000rmjv,AKS,KO,,HNE,strong_motion,0.00187,0.0626,,,,,,100.0,210.0,0,0.0,False,True,True,True,False,
data/processed/waveforms/us6000rmjv_DST.mseed,us6000rmjv,DST,KO,,HNE,strong_motion,0.0012,0.0434,,,,,,100.0,210.0,0,0.0,False,True,True,True,False,
data/processed/waveforms/us6000rmjv_GOMA.mseed,us6000rmjv,GOMA,KO,,HNE,strong_motion,0.00224,0.1437,,,,,,100.0,210.0,0,0.0,False,True,True,True,False,
data/processed/waveforms/us6000rmjv_GORD.mseed,us6000rmjv,GORD,KO,,HNE,strong_motion,0.00714,0.3252,28.29,2025-11-10T06:41:46.830000Z,,0.526,,100.0,210.0,0,0.0,False,True,True,True,True,
data/processed/waveforms/us6000rmmy_AKS.mseed,us6000rmmy,AKS,KO,,HNE,strong_motion,0.00394,0.1466,,,,,,100.0,210.0,0,0.0,False,True,True,True,False,
data/processed/waveforms/us6000rmmy_BALB.mseed,us6000rmmy,BALB,KO,,HNE,strong_motion,0.00363,0.213,17.61,2025-11-10T18:21:01.550000Z,,0.369,,100.0,210.0,0,0.0,False,True,True,True,True,
data/processed/waveforms/us6000rmmy_GORD.mseed,us6000rmmy,GORD,KO,,HNE,strong_motion,0.00303,0.2065,24.89,2025-11-10T18:20:58.830000Z,,0.554,,100.0,210.0,0,0.0,False,True,True,True,True,
data/processed/waveforms/us6000rmmy_SOMA.mseed,us6000rmmy,SOMA,KO,,HNE,strong_motion,0.00315,0.2002,10.25,2025-11-10T18:21:02.090000Z,2025-11-10T18:23:54.800000Z,0.343,0.047,100.0,210.0,0,0.0,False,True,True,True,True,
data/processed/waveforms/us6000rn25_AKS.mseed,us6000rn25,AKS,KO,,HNE,strong_motion,0.00306,0.1284,,,,,,100.0,210.0,0,0.0,False,True,True,True,False,
data/processed/waveforms/us6000rn25_BALB.mseed,us6000rn25,BALB,KO,,HNE,strong_motion,0.0028,0.1919,15.21,2025-11-13T03:16:24.590000Z,,0.376,,100.0,210.0,0,0.0,False,True,True,True,True,
data/processed/waveforms/us6000rn25_GORD.mseed,us6000rn25,GORD,KO,,HNN,strong_motion,0.00201,0.1409,15.2,2025-11-13T03:16:22.060000Z,2025-11-13T03:16:27.440000Z,0.5,0.196,100.0,210.0,1,0.1905,False,True,True,False,False,has_gaps
data/processed/waveforms/us6000rn25_SOMA.mseed,us6000rn25,SOMA,KO,,HNE,strong_motion,0.0029,0.1712,8.56,2025-11-13T03:16:25.510000Z,,0.508,,100.0,210.0,0,0.0,False,True,True,True,True,
data/processed/waveforms/us6000rnfw_AKS.mseed,us6000rnfw,AKS,KO,,HNE,strong_motion,0.00109,0.1276,,,,,,100.0,210.0,0,0.0,False,True,True,True,False,
data/processed/waveforms/us6000rnfw_BALB.mseed,us6000rnfw,BALB,KO,,HNE,strong_motion,0.00036,0.0262,,,,,,100.0,210.0,0,0.0,False,True,True,True,False,
data/processed/waveforms/us6000rnfw_DST.mseed,us6000rnfw,DST,KO,,HNE,strong_motion,0.00073,0.0304,,,,,,100.0,210.0,0,0.0,False,True,True,True,False,
data/processed/waveforms/us6000rnfw_GORD.mseed,us6000rnfw,GORD,KO,,HNE,strong_motion,0.00165,0.0789,18.28,2025-11-15T08:46:24.140000Z,,0.541,,100.0,210.0,0,0.0,False,True,True,True,True,
data/processed/waveforms/us6000rt9q_ANTB.mseed,us6000rt9q,ANTB,KO,,HHE,broadband,0.00252,0.2277,5.99,2025-12-08T00:32:07.410000Z,,0.132,,100.0,210.0,0,0.0,False,True,True,False,True,
data/processed/waveforms/us6000rt9q_DEMR.mseed,us6000rt9q,DEMR,KO,,HNE,strong_motion,0.00017,0.0176,,,,,,100.0,210.0,0,0.0,False,True,True,True,False,
data/processed/waveforms/us6000rt9q_ELL.mseed,us6000rt9q,ELL,KO,,HHE,broadband,0.00063,0.0318,13.19,2025-12-08T00:32:04.610000Z,,0.302,,100.0,210.0,0,0.0,False,True,True,False,True,
data/processed/waveforms/us6000rt9q_KEMT.mseed,us6000rt9q,KEMT,KO,,HNE,strong_motion,0.02616,0.7925,,,,,,100.0,210.0,0,0.0,False,True,True,True,False,
data/processed/waveforms/us6000rtch_ANTB.mseed,us6000rtch,ANTB,KO,,HHE,broadband,0.00188,0.1652,0.92,2025-12-08T10:21:47.260000Z,2025-12-08T10:21:57.170000Z,0.077,0.152,100.0,180.0,0,0.0,False,True,True,False,True,
data/processed/waveforms/us6000rtch_BCK.mseed,us6000rtch,BCK,KO,,HNE,strong_motion,0.00539,0.3245,0.19,2025-12-08T10:21:39.970000Z,2025-12-08T10:21:49.160000Z,0.065,0.316,100.0,180.0,0,0.0,False,True,True,True,True,
data/processed/waveforms/us6000rtch_KEMT.mseed,us6000rtch,KEMT,KO,,HNE,strong_motion,0.00602,0.4393,,,,,,100.0,210.0,0,0.0,False,True,True,True,False,
data/processed/waveforms/us6000ru32_BALB.mseed,us6000ru32,BALB,KO,,HNE,strong_motion,0.004,0.1864,10.76,2025-12-11T07:06:27.490000Z,2025-12-11T07:06:28.510000Z,0.301,0.523,100.0,210.0,0,0.0,False,True,True,True,True,
data/processed/waveforms/us6000ru32_DST.mseed,us6000ru32,DST,KO,,HNE,strong_motion,0.00198,0.0657,,,,,,100.0,210.0,0,0.0,False,True,True,True,False,
data/processed/waveforms/us6000ru32_GORD.mseed,us6000ru32,GORD,KO,,HNE,strong_motion,0.00258,0.1895,21.68,2025-12-11T07:06:21.510000Z,,0.537,,100.0,210.0,0,0.0,False,True,True,True,True,
data/processed/waveforms/us6000ru32_SMAA.mseed,us6000ru32,SMAA,KO,,HNE,strong_motion,0.00609,0.2941,,,,,,100.0,210.0,0,0.0,False,True,True,True,False,
data/processed/waveforms/us6000s6wg_DIVR.mseed,us6000s6wg,DIVR,KO,,HHE,broadband,0.00184,0.1403,27.92,2026-02-06T11:16:26.780000Z,,0.522,,100.0,210.0,0,0.0,False,True,True,False,True,
data/processed/waveforms/us6000s6wg_KMAH.mseed,us6000s6wg,KMAH,KO,,HHN,broadband,0.02798,0.3584,40.98,2026-02-06T11:16:18.070000Z,,0.564,,100.0,210.0,1,0.0095,False,True,True,False,False,has_gaps
data/processed/waveforms/us6000s6wg_RFHY.mseed,us6000s6wg,RFHY,KO,,HNE,strong_motion,0.01547,0.6975,,,,,,100.0,210.0,0,0.0,True,True,True,False,False,clipping_şüphesi
data/processed/waveforms/us6000sfyj_CAYL.mseed,us6000sfyj,CAYL,KO,,HHE,broadband,0.00266,0.2244,24.93,2026-03-13T00:35:24.560000Z,,0.539,,100.0,210.0,0,0.0,False,True,True,False,True,
data/processed/waveforms/us6000sfyj_ERBG.mseed,us6000sfyj,ERBG,KO,,HNE,strong_motion,0.0586,6.9596,,,,,,100.0,180.0,0,0.0,False,True,True,True,False,
data/processed/waveforms/us6000sfyj_RSDY.mseed,us6000sfyj,RSDY,KO,,HHE,broadband,0.01691,0.3055,39.58,2026-03-13T00:35:23.580000Z,,0.562,,100.0,210.0,0,0.0,False,True,True,False,True,
data/processed/waveforms/us6000sfyj_TOKT.mseed,us6000sfyj,TOKT,KO,,HHE,broadband,0.00558,0.7791,,,,,,100.0,180.0,0,0.0,True,True,True,False,False,clipping_şüphesi
data/processed/waveforms/us6000smhq_AKDM.mseed,us6000smhq,AKDM,KO,,HHE,broadband,0.00049,0.0641,17.92,2026-04-04T05:52:55.730000Z,2026-04-04T05:54:24.790000Z,0.418,0.038,100.0,210.0,0,0.0,False,True,True,False,True,
data/processed/waveforms/us6000spb7_GEDZ.mseed,us6000spb7,GEDZ,KO,,HHE,broadband,0.02466,0.4526,25.39,2026-04-11T14:32:04.680000Z,,0.547,,100.0,209.99,0,0.0,False,True,True,False,True,
data/processed/waveforms/us6000spb7_SHAP.mseed,us6000spb7,SHAP,KO,,HNE,strong_motion,0.03314,0.787,,,,,,100.0,210.0,0,0.0,False,True,True,True,False,
data/processed/waveforms/us6000spb7_SIMA.mseed,us6000spb7,SIMA,KO,,HHE,broadband,0.0236,0.3965,68.01,2026-04-11T14:32:00.360000Z,2026-04-11T14:33:03.800000Z,0.565,0.376,100.0,209.99,0,0.0,False,True,True,False,True,
data/processed/waveforms/us6000spb7_SMAA.mseed,us6000spb7,SMAA,KO,,HNE,strong_motion,0.03783,2.0021,35.14,2026-04-11T14:32:00.140000Z,2026-04-11T14:32:03.150000Z,0.564,0.155,100.0,209.99,0,0.0,False,True,True,True,True,
data/processed/waveforms/us6000spkw_ANTB.mseed,us6000spkw,ANTB,KO,,HHE,broadband,0.0002,0.0302,,,,,,100.0,210.0,0,0.0,False,True,True,False,False,
data/processed/waveforms/us6000spkw_DEMR.mseed,us6000spkw,DEMR,KO,,HNE,strong_motion,0.00201,0.0958,,,,,,100.0,116.67,3,0.5314,False,True,True,False,False,has_gaps
data/processed/waveforms/us6000spkw_ELL.mseed,us6000spkw,ELL,KO,,HHE,broadband,0.00024,0.0206,2.66,2026-04-13T05:48:55.170000Z,2026-04-13T05:49:05.960000Z,0.029,0.186,100.0,210.0,0,0.0,False,True,True,False,True,
data/processed/waveforms/us6000spkw_KEMT.mseed,us6000spkw,KEMT,KO,,HNE,strong_motion,0.00128,0.8615,,,,,,100.0,113.67,4,0.6774,False,True,True,False,False,has_gaps
data/processed/waveforms/us6000sshc_BODA.mseed,us6000sshc,BODA,KO,,HNE,strong_motion,0.0001,0.0525,,,,,,100.0,108.37,3,0.0554,False,True,True,False,False,has_gaps
data/processed/waveforms/us6000sshc_BODT.mseed,us6000sshc,BODT,KO,,HHE,broadband,0.00017,0.065,,,,,,100.0,210.0,0,0.0,False,True,True,False,False,
data/processed/waveforms/us6000sshc_DATC.mseed,us6000sshc,DATC,KO,,HNE,strong_motion,0.00063,0.1261,,,,,,100.0,210.0,0,0.0,False,True,True,True,False,
data/processed/waveforms/us6000ssiq_BODA.mseed,us6000ssiq,BODA,KO,,HNE,strong_motion,8e-05,0.0219,,,,,,100.0,210.0,0,0.0,False,True,True,True,False,
data/processed/waveforms/us6000ssiq_BODT.mseed,us6000ssiq,BODT,KO,,HHE,broadband,1e-05,0.0021,,,,,,100.0,210.0,0,0.0,False,True,True,False,False,
data/processed/waveforms/us6000ssiq_DAT.mseed,us6000ssiq,DAT,KO,,HHE,broadband,2e-05,0.0019,,,,,,100.0,210.0,0,0.0,True,True,True,False,False,clipping_şüphesi
data/processed/waveforms/us6000ssiq_DATC.mseed,us6000ssiq,DATC,KO,,HNE,strong_motion,0.00044,0.0142,,,,,,100.0,210.0,0,0.0,False,True,True,True,False,
data/processed/waveforms/us6000ssve_BODA.mseed,us6000ssve,BODA,KO,,HNE,strong_motion,4e-05,0.0066,,,,,,100.0,210.0,0,0.0,False,True,True,True,False,
data/processed/waveforms/us6000ssve_BODT.mseed,us6000ssve,BODT,KO,,HHE,broadband,1e-05,0.0036,,,,,,100.0,210.0,0,0.0,False,True,True,False,False,
data/processed/waveforms/us6000ssve_DAT.mseed,us6000ssve,DAT,KO,,HHE,broadband,2e-05,0.0046,,,,,,100.0,210.0,0,0.0,True,True,True,False,False,clipping_şüphesi
data/processed/waveforms/us6000ssve_DATC.mseed,us6000ssve,DATC,KO,,HNE,strong_motion,0.00019,0.0171,,,,,,100.0,210.0,0,0.0,False,True,True,True,False,
data/processed/waveforms/us6000swsg_BODA.mseed,us6000swsg,BODA,KO,,HNE,strong_motion,0.00028,0.0114,,,,,,100.0,209.99,0,0.0,False,True,True,True,False,
data/processed/waveforms/us6000swsg_BODT.mseed,us6000swsg,BODT,KO,,HHE,broadband,0.00038,0.0133,,,,,,100.0,209.99,0,0.0,False,True,True,False,False,
data/processed/waveforms/us6000swsg_DAT.mseed,us6000swsg,DAT,KO,,HHE,broadband,0.00032,0.0141,,,,,,100.0,210.0,0,0.0,True,True,True,False,False,clipping_şüphesi
data/processed/waveforms/us6000swsg_YKAV.mseed,us6000swsg,YKAV,KO,,HNE,strong_motion,7e-05,0.018,,,,,,100.0,209.99,0,0.0,False,True,True,True,False,
data/processed/waveforms/us6000syx6_AKDG.mseed,us6000syx6,AKDG,KO,,HHE,broadband,0.0288,0.7064,40.73,2026-05-20T06:00:25.580000Z,,0.565,,100.0,210.0,0,0.0,False,True,True,False,True,
data/processed/waveforms/us6000syx6_KBAN.mseed,us6000syx6,KBAN,KO,,HHE,broadband,0.00838,0.3028,16.96,2026-05-20T06:00:26.320000Z,,0.456,,100.0,210.0,0,0.0,False,True,True,False,True,
data/processed/waveforms/us6000syx6_MLTY.mseed,us6000syx6,MLTY,KO,,HHE,broadband,0.07502,0.695,39.16,2026-05-20T06:00:19.280000Z,,0.565,,100.0,180.0,0,0.0,False,True,True,False,True,
data/processed/waveforms/us6000szqj_BODT.mseed,us6000szqj,BODT,KO,,HHE,broadband,3e-05,0.0021,,,,,,100.0,210.0,0,0.0,False,True,True,False,False,
data/processed/waveforms/us6000szqj_DAT.mseed,us6000szqj,DAT,KO,,HHE,broadband,0.0001,0.0045,,,,,,100.0,210.0,0,0.0,True,True,True,False,False,clipping_şüphesi
data/processed/waveforms/us6000szqj_DATC.mseed,us6000szqj,DATC,KO,,HNE,strong_motion,0.00034,0.0287,,,,,,100.0,210.0,0,0.0,False,True,True,True,False,
data/processed/waveforms/us6000szud_CEYT.mseed,us6000szud,CEYT,KO,,HHE,broadband,0.00072,0.1006,20.81,2026-05-24T01:27:07.060000Z,2026-05-24T01:27:08.200000Z,0.51,0.468,100.0,210.0,0,0.0,False,True,True,False,True,
data/processed/waveforms/us6000szud_KOZT.mseed,us6000szud,KOZT,KO,,HHE,broadband,0.00331,0.2691,15.58,2026-05-24T01:27:00.790000Z,,0.406,,100.0,210.0,0,0.0,False,True,True,False,True,
data/processed/waveforms/us6000szud_SARI.mseed,us6000szud,SARI,KO,,HHE,broadband,0.0031,0.1112,15.17,2026-05-24T01:27:05.360000Z,2026-05-24T01:27:07.350000Z,0.302,0.279,100.0,210.0,0,0.0,False,True,True,False,True,
data/processed/waveforms/us6000t7tc_DAT.mseed,us6000t7tc,DAT,KO,,HHE,broadband,0.00121,0.0575,,,,,,100.0,180.0,0,0.0,True,True,True,False,False,clipping_şüphesi
data/processed/waveforms/us6000t7tc_DATC.mseed,us6000t7tc,DATC,KO,,HNE,strong_motion,0.00133,0.078,,,,,,100.0,180.0,0,0.0,False,True,True,True,False,
data/processed/waveforms/us6000t9lz_DAT.mseed,us6000t9lz,DAT,KO,,HHE,broadband,0.0016,0.0997,,,,,,100.0,180.0,0,0.0,True,True,True,False,False,clipping_şüphesi
data/processed/waveforms/us6000t9lz_DATC.mseed,us6000t9lz,DATC,KO,,HNE,strong_motion,0.00276,0.1535,,,,,,100.0,180.0,0,0.0,False,True,True,True,False,
data/processed/waveforms/us7000365s_ARPRA.mseed,us7000365s,ARPRA,KO,,HNE,strong_motion,0.00247,0.1258,42.21,2019-04-15T04:41:36.560000Z,2019-04-15T04:44:25.230000Z,0.564,0.169,100.0,209.99,0,0.0,False,True,True,True,True,
data/processed/waveforms/us7000365s_DARE.mseed,us7000365s,DARE,KO,,BHE,broadband,0.00048,0.0257,10.4,2019-04-15T04:41:40.400000Z,,0.163,,50.0,210.0,0,0.0,False,True,True,False,True,
data/processed/waveforms/us70003dri_DAT.mseed,us70003dri,DAT,KO,,BHE,broadband,0.00055,0.0325,,,,,,50.0,210.0,0,0.0,True,True,True,False,False,clipping_şüphesi
data/processed/waveforms/us70003dri_DATC.mseed,us70003dri,DATC,KO,,HNE,strong_motion,0.00095,0.0905,,,,,,100.0,210.0,0,0.0,False,True,True,True,False,
data/processed/waveforms/us70003e5j_EZN.mseed,us70003e5j,EZN,KO,,HHE,broadband,0.0046,0.0595,16.71,2019-04-29T18:02:52.430000Z,2019-04-29T18:03:44.080000Z,0.448,0.041,100.0,210.0,0,0.0,False,True,True,False,True,
data/processed/waveforms/us70003e5j_EZNE.mseed,us70003e5j,EZNE,KO,,HNE,strong_motion,0.0049,0.1325,,,,,,100.0,210.0,0,0.0,False,True,True,True,False,
data/processed/waveforms/us70003e5j_GPNR.mseed,us70003e5j,GPNR,KO,,HNE,strong_motion,0.01155,0.3282,,,,,,100.0,210.0,0,0.0,False,True,True,True,False,
data/processed/waveforms/us70003uej_GULT.mseed,us70003uej,GULT,KO,,HHE,broadband,0.00482,0.2601,27.23,2019-06-02T13:08:56.060000Z,,0.549,,100.0,155.5,0,0.0,False,True,True,False,True,
data/processed/waveforms/us70003uej_MDUB.mseed,us70003uej,MDUB,KO,,BHZ,broadband,0.00127,0.0632,21.97,2019-06-02T13:08:56.440000Z,,0.52,,50.0,210.0,1,0.0476,True,True,True,False,False,"has_gaps,clipping_şüphesi"
data/processed/waveforms/us70003uej_SAUV.mseed,us70003uej,SAUV,KO,,HHE,broadband,0.00731,0.2175,21.49,2019-06-02T13:08:55.170000Z,,0.538,,100.0,188.5,0,0.0,False,True,True,False,True,
data/processed/waveforms/us7000491h_DAT.mseed,us7000491h,DAT,KO,,BHE,broadband,7e-05,0.0067,,,,,,50.0,210.0,0,0.0,True,True,True,False,False,clipping_şüphesi
data/processed/waveforms/us7000491h_DATC.mseed,us7000491h,DATC,KO,,HNE,strong_motion,0.00015,0.1891,,,,,,100.0,210.0,0,0.0,False,True,True,True,False,
data/processed/waveforms/us7000594r_DAT.mseed,us7000594r,DAT,KO,,BHE,broadband,0.00151,0.0727,,,,,,50.0,209.98,0,0.0,True,True,True,False,False,clipping_şüphesi
data/processed/waveforms/us7000594r_DATC.mseed,us7000594r,DATC,KO,,HNE,strong_motion,0.00381,0.3567,,,,,,100.0,170.5,2,0.088,False,True,True,False,False,has_gaps
data/processed/waveforms/us70005a9c_DIDI.mseed,us70005a9c,DIDI,KO,,HNE,strong_motion,0.01768,0.4576,0.72,2019-08-30T15:38:31.030000Z,,0.048,,100.0,210.0,0,0.0,False,True,True,True,True,
data/processed/waveforms/us70005a9c_KUSD.mseed,us70005a9c,KUSD,KO,,HNE,strong_motion,0.00197,0.0771,,,,,,100.0,210.0,0,0.0,False,True,True,True,False,
data/processed/waveforms/us70005a9c_YKAV.mseed,us70005a9c,YKAV,KO,,HNE,strong_motion,0.00207,0.0704,,,,,,100.0,210.0,0,0.0,False,True,True,True,False,
data/processed/waveforms/us70005abi_DIDI.mseed,us70005abi,DIDI,KO,,HNE,strong_motion,0.02107,0.517,3.29,2019-08-30T17:21:21.590000Z,,0.093,,100.0,210.0,0,0.0,False,True,True,True,True,
data/processed/waveforms/us70005abi_GMLD.mseed,us70005abi,GMLD,KO,,HNE,strong_motion,0.00384,0.1826,,,,,,100.0,210.0,0,0.0,False,True,True,True,False,
data/processed/waveforms/us70005abi_KUSD.mseed,us70005abi,KUSD,KO,,HNE,strong_motion,0.00217,0.0709,,,,,,100.0,210.0,0,0.0,False,True,True,True,False,
data/processed/waveforms/us70005abi_YKAV.mseed,us70005abi,YKAV,KO,,HNE,strong_motion,0.002,0.0779,,,,,,100.0,210.0,0,0.0,False,True,True,True,False,
data/processed/waveforms/us70005b4k_FETI.mseed,us70005b4k,FETI,KO,,HNE,strong_motion,0.00115,0.0983,,,,,,100.0,210.0,0,0.0,False,True,True,True,False,
data/processed/waveforms/us70005bq9_DAT.mseed,us70005bq9,DAT,KO,,BHE,broadband,6e-05,0.0047,,,,,,50.0,210.0,0,0.0,True,True,True,False,False,clipping_şüphesi
data/processed/waveforms/us70005bq9_DATC.mseed,us70005bq9,DATC,KO,,HNE,strong_motion,0.00046,0.0198,,,,,,100.0,210.0,0,0.0,False,True,True,True,False,
data/processed/waveforms/us70005e8a_AGRB.mseed,us70005e8a,AGRB,KO,,HHE,broadband,6e-05,0.0077,8.56,2019-09-10T16:23:17.560000Z,2019-09-10T16:23:20.240000Z,0.245,0.045,100.0,210.0,0,0.0,False,True,True,False,True,
data/processed/waveforms/us70005e8a_SENK.mseed,us70005e8a,SENK,KO,,BHE,broadband,0.00025,0.0329,-1.75,2019-09-10T16:23:15.540000Z,2019-09-10T16:23:29.500000Z,0.012,0.107,50.0,210.0,0,0.0,False,True,True,False,True,
data/processed/waveforms/us70005e8a_TASB.mseed,us70005e8a,TASB,KO,,HHE,broadband,0.00038,0.0375,2.32,2019-09-10T16:23:27.100000Z,,0.052,,100.0,210.0,0,0.0,False,True,True,False,True,
data/processed/waveforms/us70005g9r_SAFT.mseed,us70005g9r,SAFT,KO,,HNE,strong_motion,0.00096,0.0479,,,,,,100.0,210.0,0,0.0,False,True,True,True,False,
data/processed/waveforms/us70005lkl_SLVT.mseed,us70005lkl,SLVT,KO,,HHE,broadband,0.02782,0.949,43.54,2019-09-26T10:59:32.920000Z,2019-09-26T11:01:58.340000Z,0.564,0.008,100.0,102.99,0,0.0,False,True,True,False,True,
data/processed/waveforms/us70005q4l_DALY.mseed,us70005q4l,DALY,KO,,BHE,broadband,0.00436,0.2207,21.5,2019-10-03T04:45:06.300000Z,,0.538,,50.0,180.0,0,0.0,False,True,True,False,True,
data/processed/waveforms/us70005q4l_FETY.mseed,us70005q4l,FETY,KO,,HHE,broadband,0.02461,0.2614,28.39,2019-10-03T04:44:57.170000Z,,0.556,,100.0,210.0,0,0.0,False,True,True,False,True,
data/processed/waveforms/us70005r33_DAT.mseed,us70005r33,DAT,KO,,BHE,broadband,0.00201,0.0696,,,,,,50.0,210.0,0,0.0,True,True,True,False,False,clipping_şüphesi
data/processed/waveforms/us70005r33_DATC.mseed,us70005r33,DATC,KO,,HNE,strong_motion,0.00297,0.1365,,,,,,100.0,210.0,0,0.0,False,True,True,True,False,
data/processed/waveforms/us70005s19_SLVT.mseed,us70005s19,SLVT,KO,,HHE,broadband,0.00056,0.0255,13.33,2019-09-26T20:02:48.770000Z,,0.469,,100.0,210.0,0,0.0,False,True,True,False,True,
data/processed/waveforms/us700069pz_AKDM.mseed,us700069pz,AKDM,KO,,HHE,broadband,0.0005,0.0483,10.24,2019-11-19T00:14:33.820000Z,2019-11-19T00:14:34.830000Z,0.235,0.248,100.0,210.0,0,0.0,False,True,True,False,True,
data/processed/waveforms/us700069pz_ERCV.mseed,us700069pz,ERCV,KO,,HNE,strong_motion,0.00152,0.1816,,,,,,100.0,210.0,2,0.1048,False,True,True,False,False,has_gaps
data/processed/waveforms/us700069pz_VANB.mseed,us700069pz,VANB,KO,,HHE,broadband,0.00061,0.0603,1.25,2019-11-19T00:14:16.280000Z,,0.004,,100.0,210.0,0,0.0,False,True,True,False,True,
data/processed/waveforms/us70006cg8_CEYT.mseed,us70006cg8,CEYT,KO,,BHE,broadband,0.0002,0.0135,4.66,2019-11-24T13:33:38.120000Z,,0.157,,50.0,210.0,0,0.0,False,True,True,False,True,
data/processed/waveforms/us70006cg8_CMRD.mseed,us70006cg8,CMRD,KO,,HNE,strong_motion,0.00058,0.0141,,,,,,100.0,210.0,0,0.0,False,True,True,True,False,
data/processed/waveforms/us70006cg8_KARA.mseed,us70006cg8,KARA,KO,,BHE,broadband,0.00014,0.0046,,,,,,50.0,210.0,0,0.0,False,True,True,False,False,
data/processed/waveforms/us70006cg8_KOZT.mseed,us70006cg8,KOZT,KO,,BHE,broadband,0.00231,0.1147,,,,,,50.0,210.0,0,0.0,True,True,True,False,False,clipping_şüphesi
data/processed/waveforms/us70006fht_DAT.mseed,us70006fht,DAT,KO,,BHE,broadband,0.00016,0.0075,,,,,,50.0,210.0,0,0.0,True,True,True,False,False,clipping_şüphesi
data/processed/waveforms/us70006fht_DATC.mseed,us70006fht,DATC,KO,,HNE,strong_motion,0.00059,0.0432,,,,,,100.0,210.0,0,0.0,False,True,True,True,False,
data/processed/waveforms/us70006rg4_URFA.mseed,us70006rg4,URFA,KO,,BHE,broadband,0.00255,0.2329,36.39,2019-12-27T07:02:42.120000Z,,0.555,,50.0,159.68,0,0.0,False,True,True,False,True,
data/processed/waveforms/us70006s5q_AGRB.mseed,us70006s5q,AGRB,KO,,HHE,broadband,0.00028,0.0152,6.43,2019-12-29T11:20:42.070000Z,,0.068,,100.0,210.0,0,0.0,False,True,True,False,True,
data/processed/waveforms/us70006s5q_KARS.mseed,us70006s5q,KARS,KO,,HHE,broadband,0.00028,0.0151,5.86,2019-12-29T11:20:26.340000Z,2019-12-29T11:20:27.810000Z,0.09,0.074,100.0,210.0,0,0.0,False,True,True,False,True,
data/processed/waveforms/us70006s5q_KOPR.mseed,us70006s5q,KOPR,KO,,HHE,broadband,0.00147,0.0974,9.66,2019-12-29T11:20:16.020000Z,,0.386,,100.0,210.0,0,0.0,False,True,True,False,True,
data/processed/waveforms/us70006s5q_SENK.mseed,us70006s5q,SENK,KO,,BHE,broadband,0.00305,0.1322,14.15,2019-12-29T11:20:13.440000Z,,0.405,,50.0,210.0,0,0.0,False,True,True,False,True,
data/processed/waveforms/us70006ye3_BOTS.mseed,us70006ye3,BOTS,KO,,HNE,strong_motion,0.01538,0.5254,43.07,2020-01-11T13:37:42.440000Z,,0.565,,100.0,210.0,0,0.0,False,True,True,True,True,
data/processed/waveforms/us70006ye3_SINB.mseed,us70006ye3,SINB,KO,,HNE,strong_motion,0.01053,0.4417,31.47,2020-01-11T13:37:41.940000Z,2020-01-11T13:37:43.400000Z,0.561,0.546,100.0,164.99,0,0.0,False,True,True,True,True,
data/processed/waveforms/us70006ye3_SLVT.mseed,us70006ye3,SLVT,KO,,HHE,broadband,0.00353,0.2707,26.41,2020-01-11T13:37:44.980000Z,2020-01-11T13:40:15.790000Z,0.556,0.032,100.0,157.11,0,0.0,False,True,True,False,True,
data/processed/waveforms/us70006ye3_YKBL.mseed,us70006ye3,YKBL,KO,,HNE,strong_motion,0.00828,0.3877,30.79,2020-01-11T13:37:44.790000Z,2020-01-11T13:40:04.170000Z,0.563,0.04,100.0,210.0,0,0.0,False,True,True,True,True,
data/processed/waveforms/us70007k4y_DAT.mseed,us70007k4y,DAT,KO,,BHE,broadband,5e-05,0.0037,,,,,,50.0,210.0,0,0.0,False,True,True,False,False,
data/processed/waveforms/us70007k4y_DATC.mseed,us70007k4y,DATC,KO,,HNE,strong_motion,0.00032,0.0253,,,,,,100.0,210.0,0,0.0,False,True,True,True,False,
data/processed/waveforms/us70007kmm_BODT.mseed,us70007kmm,BODT,KO,,BHE,broadband,3e-05,0.0025,,,,,,50.0,210.0,0,0.0,False,True,True,False,False,
data/processed/waveforms/us70007kmm_DAT.mseed,us70007kmm,DAT,KO,,BHE,broadband,6e-05,0.0037,,,,,,50.0,210.0,0,0.0,True,True,True,False,False,clipping_şüphesi
data/processed/waveforms/us70007kmm_DATC.mseed,us70007kmm,DATC,KO,,HNE,strong_motion,0.00238,0.0382,,,,,,100.0,210.0,0,0.0,False,True,True,True,False,
data/processed/waveforms/us70007mw0_DAT.mseed,us70007mw0,DAT,KO,,BHE,broadband,0.00016,0.0168,,,,,,50.0,210.0,0,0.0,True,True,True,False,False,clipping_şüphesi
data/processed/waveforms/us70007mw0_DATC.mseed,us70007mw0,DATC,KO,,HNE,strong_motion,0.00032,0.046,,,,,,100.0,210.0,0,0.0,False,True,True,True,False,
data/processed/waveforms/us70007q3r_DAT.mseed,us70007q3r,DAT,KO,,BHE,broadband,0.00039,0.0177,,,,,,50.0,210.0,0,0.0,True,True,True,False,False,clipping_şüphesi
data/processed/waveforms/us70007q3r_DATC.mseed,us70007q3r,DATC,KO,,HNE,strong_motion,0.00084,0.0428,,,,,,100.0,210.0,0,0.0,False,True,True,True,False,
data/processed/waveforms/us70007rei_AKDM.mseed,us70007rei,AKDM,KO,,HHE,broadband,0.00026,0.0305,6.87,2020-02-16T18:02:36.560000Z,2020-02-16T18:02:55.210000Z,0.035,0.232,100.0,210.0,0,0.0,False,True,True,False,True,
data/processed/waveforms/us70007rei_ERCV.mseed,us70007rei,ERCV,KO,,HNE,strong_motion,0.00065,0.2221,,,,,,100.0,142.43,3,0.1755,False,True,True,False,False,has_gaps
data/processed/waveforms/us70007rei_VANB.mseed,us70007rei,VANB,KO,,HHE,broadband,0.00033,0.029,18.24,2020-02-16T18:02:31.260000Z,2020-02-16T18:04:45.750000Z,0.474,0.153,100.0,210.0,0,0.0,False,True,True,False,True,
data/processed/waveforms/us70007sgb_AKS.mseed,us70007sgb,AKS,KO,,HNE,strong_motion,0.01307,0.9304,-1.29,2020-02-18T16:09:33.060000Z,,0.01,,100.0,210.0,0,0.0,False,True,True,True,True,
data/processed/waveforms/us70007sgb_GOMA.mseed,us70007sgb,GOMA,KO,,HNE,strong_motion,0.00794,0.6023,,,,,,100.0,210.0,0,0.0,False,True,True,True,False,
data/processed/waveforms/us70007sgb_GORD.mseed,us70007sgb,GORD,KO,,HNE,strong_motion,0.00408,0.2913,,,,,,100.0,210.0,0,0.0,False,True,True,True,False,
data/processed/waveforms/us70007sgb_SOMA.mseed,us70007sgb,SOMA,KO,,HNE,strong_motion,0.0376,1.614,,,,,,100.0,210.0,0,0.0,False,True,True,True,False,
data/processed/waveforms/us70007u9g_DATC.mseed,us70007u9g,DATC,KO,,HNE,strong_motion,0.00019,0.0647,,,,,,100.0,210.0,0,0.0,False,True,True,True,False,
data/processed/waveforms/us70007uxg_BCK.mseed,us70007uxg,BCK,KO,,BHE,broadband,0.00065,0.0315,14.64,2020-02-22T22:26:54.760000Z,,0.434,,50.0,210.0,0,0.0,False,True,True,False,True,
data/processed/waveforms/us70007uxg_MNVG.mseed,us70007uxg,MNVG,KO,,HNE,strong_motion,0.00222,0.1185,,,,,,100.0,210.0,0,0.0,False,True,True,True,False,
data/processed/waveforms/us70007uxg_SEYD.mseed,us70007uxg,SEYD,KO,,HNE,strong_motion,0.00197,0.1027,16.83,2020-02-22T22:26:46.860000Z,,0.525,,100.0,194.29,0,0.0,False,True,True,True,True,
data/processed/waveforms/us70007v29_AKDM.mseed,us70007v29,AKDM,KO,,HHE,broadband,0.00165,0.2435,24.05,2020-02-23T05:53:20.900000Z,2020-02-23T05:53:42.310000Z,0.519,0.398,100.0,209.99,0,0.0,False,True,True,False,True,
data/processed/waveforms/us70007v29_ERCV.mseed,us70007v29,ERCV,KO,,HNN,strong_motion,0.00593,1.4402,,,,,,100.0,209.99,1,0.0429,False,True,True,False,False,has_gaps
data/processed/waveforms/us70007v29_VANB.mseed,us70007v29,VANB,KO,,HHE,broadband,0.00203,0.242,31.4,2020-02-23T05:53:16.990000Z,,0.53,,100.0,180.0,0,0.0,False,True,True,False,True,
data/processed/waveforms/us70007v9g_AKDM.mseed,us70007v9g,AKDM,KO,,HHE,broadband,0.00102,0.3349,24.97,2020-02-23T16:00:51.220000Z,2020-02-23T16:00:57.540000Z,0.45,0.224,100.0,210.0,0,0.0,False,True,True,False,True,
data/processed/waveforms/us70007v9g_ERCV.mseed,us70007v9g,ERCV,KO,,HNE,strong_motion,0.00402,1.3122,,,,,,100.0,210.0,0,0.0,False,True,True,True,False,
data/processed/waveforms/us70007v9g_VANB.mseed,us70007v9g,VANB,KO,,HHE,broadband,0.00447,0.5196,31.26,2020-02-23T16:00:47.520000Z,,0.532,,100.0,180.0,0,0.0,False,True,True,False,True,
data/processed/waveforms/us70007vj1_AKS.mseed,us70007vj1,AKS,KO,,HNE,strong_motion,0.03234,1.1061,8.11,2020-02-24T02:43:37.510000Z,2020-02-24T02:43:39.590000Z,0.109,0.273,100.0,210.0,0,0.0,False,True,True,True,True,
data/processed/waveforms/us70007vj1_GOMA.mseed,us70007vj1,GOMA,KO,,HNE,strong_motion,0.00392,0.2974,,,,,,100.0,210.0,0,0.0,False,True,True,True,False,
data/processed/waveforms/us70007vj1_GORD.mseed,us70007vj1,GORD,KO,,HNE,strong_motion,0.00745,0.4037,,,,,,100.0,169.99,0,0.0,False,True,True,True,False,
data/processed/waveforms/us70007vj1_SOMA.mseed,us70007vj1,SOMA,KO,,HNE,strong_motion,0.04458,1.5233,,,,,,100.0,210.0,0,0.0,False,True,True,True,False,
data/processed/waveforms/us70007wg2_AKDM.mseed,us70007wg2,AKDM,KO,,HHE,broadband,8e-05,0.0134,5.39,2020-02-25T14:14:48.080000Z,,0.104,,100.0,210.0,0,0.0,False,True,True,False,True,
data/processed/waveforms/us70007wg2_ERCV.mseed,us70007wg2,ERCV,KO,,HNE,strong_motion,0.00088,0.0526,,,,,,100.0,210.0,0,0.0,False,True,True,True,False,
data/processed/waveforms/us70007wg2_VANB.mseed,us70007wg2,VANB,KO,,HHE,broadband,0.0002,0.0417,3.91,2020-02-25T14:14:12.220000Z,2020-02-25T14:14:19.300000Z,0.032,0.004,100.0,210.0,0,0.0,False,True,True,False,True,
data/processed/waveforms/us70008cbe_ARPRA.mseed,us70008cbe,ARPRA,KO,,HNE,strong_motion,0.00225,0.1334,1.01,2020-03-19T17:53:42.750000Z,2020-03-19T17:53:49.170000Z,0.058,0.556,100.0,210.0,0,0.0,False,True,True,True,True,
data/processed/waveforms/us70008cbe_SVRC.mseed,us70008cbe,SVRC,KO,,BHE,broadband,0.02078,0.3912,51.04,2020-03-19T17:53:34.520000Z,2020-03-19T17:55:40.280000Z,0.565,0.022,50.0,180.0,0,0.0,False,True,True,False,True,
data/processed/waveforms/us70008mc2_AKDM.mseed,us70008mc2,AKDM,KO,,HHE,broadband,0.0003,0.0496,25.01,2020-04-03T05:44:37.800000Z,,0.554,,100.0,210.0,0,0.0,False,True,True,False,True,
data/processed/waveforms/us70008mc2_ERCV.mseed,us70008mc2,ERCV,KO,,HNE,strong_motion,0.01584,1.048,,,,,,100.0,210.0,0,0.0,False,True,True,True,False,
data/processed/waveforms/us70008mc2_VANB.mseed,us70008mc2,VANB,KO,,HHE,broadband,0.00188,0.2376,,,,,,100.0,173.39,0,0.0,False,True,True,False,False,
data/processed/waveforms/us70008mx0_KRTS.mseed,us70008mx0,KRTS,KO,,HNE,strong_motion,0.00062,0.0735,,,,,,100.0,210.0,0,0.0,False,True,True,True,False,
data/processed/waveforms/us70008mx0_TAHT.mseed,us70008mx0,TAHT,KO,,BHE,broadband,0.0035,0.0845,16.16,2020-04-03T18:15:56.840000Z,,0.321,,50.0,210.0,0,0.0,False,True,True,False,True,
data/processed/waveforms/us70008try_BODT.mseed,us70008try,BODT,KO,,BHE,broadband,5e-05,0.0054,,,,,,50.0,210.0,0,0.0,False,True,True,False,False,
data/processed/waveforms/us70008try_DAT.mseed,us70008try,DAT,KO,,BHE,broadband,0.00014,0.0087,,,,,,50.0,210.0,0,0.0,True,True,True,False,False,clipping_şüphesi
data/processed/waveforms/us70008try_DATC.mseed,us70008try,DATC,KO,,HNE,strong_motion,0.00049,0.028,,,,,,100.0,209.99,0,0.0,False,True,True,True,False,
data/processed/waveforms/us70008ui2_AKDM.mseed,us70008ui2,AKDM,KO,,HHE,broadband,0.00023,0.0313,9.93,2020-04-12T02:23:32.770000Z,2020-04-12T02:23:33.860000Z,0.162,0.048,100.0,210.0,0,0.0,False,True,True,False,True,
data/processed/waveforms/us70008ui2_ERCV.mseed,us70008ui2,ERCV,KO,,HNE,strong_motion,0.00078,0.116,,,,,,100.0,210.0,0,0.0,False,True,True,True,False,
data/processed/waveforms/us70008ui2_VANB.mseed,us70008ui2,VANB,KO,,HHE,broadband,0.00036,0.051,12.16,2020-04-12T02:23:27.560000Z,2020-04-12T02:25:48.330000Z,0.252,0.0,100.0,104.99,0,0.0,False,True,True,False,True,
data/processed/waveforms/us70008wkw_EREN.mseed,us70008wkw,EREN,KO,,HHE,broadband,0.00025,0.0199,6.62,2020-04-15T07:40:28.320000Z,,0.167,,100.0,210.0,0,0.0,False,True,True,False,True,
data/processed/waveforms/us70008wkw_KRTS.mseed,us70008wkw,KRTS,KO,,HNE,strong_motion,0.00151,0.097,,,,,,100.0,210.0,0,0.0,False,True,True,True,False,
data/processed/waveforms/us70008wkw_TAHT.mseed,us70008wkw,TAHT,KO,,BHE,broadband,0.0037,0.127,17.58,2020-04-15T07:40:19.800000Z,,0.377,,50.0,210.0,0,0.0,False,True,True,False,True,
data/processed/waveforms/us70008wl9_EREN.mseed,us70008wl9,EREN,KO,,HHE,broadband,0.00018,0.0115,5.17,2020-04-15T08:19:21.770000Z,,0.149,,100.0,210.0,0,0.0,False,True,True,False,True,
data/processed/waveforms/us70008wl9_KRTS.mseed,us70008wl9,KRTS,KO,,HNE,strong_motion,0.00086,0.0514,,,,,,100.0,210.0,0,0.0,False,True,True,True,False,
data/processed/waveforms/us70008wl9_TAHT.mseed,us70008wl9,TAHT,KO,,BHE,broadband,0.00344,0.0975,14.49,2020-04-15T08:18:52.200000Z,,0.272,,50.0,210.0,0,0.0,False,True,True,False,True,
data/processed/waveforms/us700097h4_DALY.mseed,us700097h4,DALY,KO,,BHE,broadband,0.0039,0.1822,33.4,2020-04-30T10:09:50.540000Z,,0.563,,50.0,210.0,0,0.0,False,True,True,False,True,
data/processed/waveforms/us700097h4_YER.mseed,us700097h4,YER,KO,,BHE,broadband,0.0035,0.1636,20.6,2020-04-30T10:09:52.080000Z,,0.496,,50.0,210.0,0,0.0,False,True,True,False,True,
data/processed/waveforms/us70009lsl_DAT.mseed,us70009lsl,DAT,KO,,BHE,broadband,6e-05,0.005,,,,,,50.0,210.0,0,0.0,True,True,True,False,False,clipping_şüphesi
data/processed/waveforms/us70009lsl_DATC.mseed,us70009lsl,DATC,KO,,HNE,strong_motion,0.00026,0.0346,,,,,,100.0,210.0,0,0.0,False,True,True,True,False,
data/processed/waveforms/us7000aavx_AKDM.mseed,us7000aavx,AKDM,KO,,HHE,broadband,0.00165,0.1311,20.18,2020-06-25T10:03:44.220000Z,2020-06-25T10:03:59.300000Z,0.526,0.219,100.0,210.0,0,0.0,False,True,True,False,True,
data/processed/waveforms/us7000aavx_CLDR.mseed,us7000aavx,CLDR,KO,,BHE,broadband,0.00211,0.1254,,,,,,50.0,180.0,0,0.0,False,True,True,False,False,
data/processed/waveforms/us7000aavx_ERCV.mseed,us7000aavx,ERCV,KO,,HNE,strong_motion,0.00257,0.3321,,,,,,100.0,210.0,0,0.0,False,True,True,True,False,
data/processed/waveforms/us7000abxv_AKS.mseed,us7000abxv,AKS,KO,,HNE,strong_motion,0.08862,7.1337,1.14,2020-06-26T07:21:16.600000Z,2020-06-26T07:21:18.710000Z,0.018,0.121,100.0,180.0,0,0.0,False,True,True,True,True,
data/processed/waveforms/us7000abxv_GOMA.mseed,us7000abxv,GOMA,KO,,HNE,strong_motion,0.04256,2.0924,,,,,,100.0,180.0,0,0.0,False,True,True,True,False,
data/processed/waveforms/us7000abxv_GORD.mseed,us7000abxv,GORD,KO,,HNE,strong_motion,0.01195,1.0244,,,,,,100.0,210.0,0,0.0,False,True,True,True,False,
data/processed/waveforms/us7000abxv_SOMA.mseed,us7000abxv,SOMA,KO,,HNE,strong_motion,0.03134,1.0949,,,,,,100.0,210.0,0,0.0,False,True,True,True,False,
data/processed/waveforms/us7000ackw_BODT.mseed,us7000ackw,BODT,KO,,BHE,broadband,6e-05,0.0042,,,,,,50.0,210.0,0,0.0,False,True,True,False,False,
data/processed/waveforms/us7000ackw_DAT.mseed,us7000ackw,DAT,KO,,BHE,broadband,0.00017,0.0093,,,,,,50.0,210.0,0,0.0,True,True,True,False,False,clipping_şüphesi
data/processed/waveforms/us7000ackw_DATC.mseed,us7000ackw,DATC,KO,,HNE,strong_motion,0.00143,0.0345,,,,,,100.0,210.0,0,0.0,False,True,True,True,False,
data/processed/waveforms/us7000adtk_DALY.mseed,us7000adtk,DALY,KO,,BHE,broadband,0.01901,0.4636,39.02,2020-06-28T17:43:40.240000Z,,0.565,,50.0,210.0,0,0.0,False,True,True,False,True,
data/processed/waveforms/us7000adtk_YER.mseed,us7000adtk,YER,KO,,BHE,broadband,0.01206,0.7934,26.89,2020-06-28T17:43:41.820000Z,,0.557,,50.0,210.0,0,0.0,False,True,True,False,True,
data/processed/waveforms/us7000ae1r_DALY.mseed,us7000ae1r,DALY,KO,,BHE,broadband,0.00505,0.1784,32.31,2020-06-29T04:06:36.220000Z,,0.564,,50.0,210.0,0,0.0,False,True,True,False,True,
data/processed/waveforms/us7000ae1r_YER.mseed,us7000ae1r,YER,KO,,BHE,broadband,0.00504,0.2317,9.55,2020-06-29T04:06:37.700000Z,,0.405,,50.0,210.0,0,0.0,False,True,True,False,True,
data/processed/waveforms/us7000akqg_BODT.mseed,us7000akqg,BODT,KO,,BHE,broadband,1e-05,0.0003,,,,,,50.0,210.0,0,0.0,False,True,True,False,False,
data/processed/waveforms/us7000akqg_DAT.mseed,us7000akqg,DAT,KO,,BHE,broadband,2e-05,0.0009,,,,,,50.0,210.0,0,0.0,True,True,True,False,False,clipping_şüphesi
data/processed/waveforms/us7000akqg_DATC.mseed,us7000akqg,DATC,KO,,HNE,strong_motion,0.0006,0.0648,,,,,,100.0,210.0,0,0.0,False,True,True,True,False,
data/processed/waveforms/us7000aptd_BLCB.mseed,us7000aptd,BLCB,KO,,BHE,broadband,0.00098,0.0437,22.7,2020-07-16T18:09:32.680000Z,,0.524,,50.0,210.0,0,0.0,True,True,True,False,True,clipping_şüphesi
data/processed/waveforms/us7000aptd_CESE.mseed,us7000aptd,CESE,KO,,HNE,strong_motion,0.00817,0.337,,,,,,100.0,209.99,0,0.0,False,True,True,True,False,
data/processed/waveforms/us7000aptd_FOCM.mseed,us7000aptd,FOCM,KO,,HNE,strong_motion,0.00412,0.1015,,,,,,100.0,209.99,0,0.0,False,True,True,True,False,
data/processed/waveforms/us7000aptd_KRBN.mseed,us7000aptd,KRBN,KO,,HNE,strong_motion,0.03224,1.0922,36.78,2020-07-16T18:09:31.800000Z,,0.563,,100.0,210.0,0,0.0,False,True,True,True,True,
data/processed/waveforms/us7000bjmq_SVRC.mseed,us7000bjmq,SVRC,KO,,BHE,broadband,0.00029,0.0337,11.81,2020-09-08T10:44:17.960000Z,,0.194,,50.0,210.0,0,0.0,False,True,True,False,True,
data/processed/waveforms/us7000bjmq_URFA.mseed,us7000bjmq,URFA,KO,,BHE,broadband,0.00066,0.0407,23.89,2020-09-08T10:44:18.180000Z,2020-09-08T10:46:22.200000Z,0.517,0.074,50.0,210.0,0,0.0,False,True,True,False,True,
data/processed/waveforms/us7000bnxn_AKDM.mseed,us7000bnxn,AKDM,KO,,HHE,broadband,0.00176,0.0809,14.47,2020-09-16T14:48:36.840000Z,,0.44,,100.0,110.6,0,0.0,False,True,True,False,True,
data/processed/waveforms/us7000bnxn_MLAZ.mseed,us7000bnxn,MLAZ,KO,,HHE,broadband,0.00116,0.1716,11.55,2020-09-16T14:48:32.720000Z,2020-09-16T14:50:13.340000Z,0.444,0.088,100.0,210.0,0,0.0,False,True,True,False,True,
data/processed/waveforms/us7000bnxn_VRTB.mseed,us7000bnxn,VRTB,KO,,BHE,broadband,0.00046,0.0713,14.47,2020-09-16T14:48:32.360000Z,2020-09-16T14:48:41.820000Z,0.401,0.268,50.0,210.0,0,0.0,False,True,True,False,True,
data/processed/waveforms/us7000bpvt_BODT.mseed,us7000bpvt,BODT,KO,,BHE,broadband,0.00012,0.0298,,,,,,50.0,210.0,0,0.0,False,True,True,False,False,
data/processed/waveforms/us7000bpvt_DAT.mseed,us7000bpvt,DAT,KO,,BHE,broadband,0.00022,0.0417,,,,,,50.0,210.0,0,0.0,True,True,True,False,False,clipping_şüphesi
data/processed/waveforms/us7000bpvt_DATC.mseed,us7000bpvt,DATC,KO,,HNE,strong_motion,0.00147,0.1382,,,,,,100.0,209.99,0,0.0,False,True,True,True,False,
data/processed/waveforms/us7000bpvt_YKAV.mseed,us7000bpvt,YKAV,KO,,HNE,strong_motion,0.00013,0.0699,,,,,,100.0,209.99,0,0.0,False,True,True,True,False,
data/processed/waveforms/us7000bqjg_GULA.mseed,us7000bqjg,GULA,KO,,HHE,broadband,0.00166,0.1019,37.48,2020-09-20T19:08:12.870000Z,,0.558,,100.0,180.0,0,0.0,False,True,True,False,True,
data/processed/waveforms/us7000bqjg_YESY.mseed,us7000bqjg,YESY,KO,,HHE,broadband,0.00281,0.3143,43.81,2020-09-20T19:08:13.190000Z,,0.561,,100.0,180.0,0,0.0,False,True,True,False,True,
data/processed/waveforms/us7000c6pg_ERZN.mseed,us7000c6pg,ERZN,KO,,BHE,broadband,0.00093,0.0316,13.48,2020-10-28T09:16:23.960000Z,,0.484,,50.0,210.0,0,0.0,False,True,True,False,True,
data/processed/waveforms/us7000c6pg_KARO.mseed,us7000c6pg,KARO,KO,,HHE,broadband,0.00028,0.0203,,,,,,100.0,210.0,0,0.0,False,True,True,False,False,
data/processed/waveforms/us7000c6pg_YEDI.mseed,us7000c6pg,YEDI,KO,,BHE,broadband,0.00058,0.0241,,,,,,50.0,210.0,0,0.0,True,True,True,False,False,clipping_şüphesi
data/processed/waveforms/us7000c7y0_BLCB.mseed,us7000c7y0,BLCB,KO,,BHE,broadband,0.01063,0.3845,46.79,2020-10-30T11:51:35.540000Z,,0.562,,50.0,210.0,0,0.0,True,True,True,False,True,clipping_şüphesi
data/processed/waveforms/us7000c7y0_CESE.mseed,us7000c7y0,CESE,KO,,HNE,strong_motion,0.06267,4.9479,,,,,,100.0,210.0,0,0.0,False,True,True,True,False,
data/processed/waveforms/us7000c7y0_GMLD.mseed,us7000c7y0,GMLD,KO,,HNE,strong_motion,0.21535,21.7331,9.69,2020-10-30T11:51:33.440000Z,,0.241,,100.0,60.64,0,0.0,False,True,True,True,True,
data/processed/waveforms/us7000c7y0_KUSD.mseed,us7000c7y0,KUSD,KO,,HNE,strong_motion,0.04641,4.0322,,,,,,100.0,180.0,0,0.0,False,True,True,True,False,
data/processed/waveforms/us7000c7ye_BLCB.mseed,us7000c7ye,BLCB,KO,,BHE,broadband,0.00639,0.2369,10.54,2020-10-30T13:00:54.060000Z,,0.349,,50.0,210.0,0,0.0,True,True,True,False,True,clipping_şüphesi
data/processed/waveforms/us7000c7ye_DIDI.mseed,us7000c7ye,DIDI,KO,,HNE,strong_motion,0.01014,0.7717,,,,,,100.0,210.0,0,0.0,False,True,True,True,False,
data/processed/waveforms/us7000c7ye_GMLD.mseed,us7000c7ye,GMLD,KO,,HNE,strong_motion,0.01434,0.4015,,,,,,100.0,210.0,0,0.0,False,True,True,True,False,
data/processed/waveforms/us7000c7ye_KUSD.mseed,us7000c7ye,KUSD,KO,,HNE,strong_motion,0.0024,0.1535,,,,,,100.0,210.0,0,0.0,False,True,True,True,False,
data/processed/waveforms/us7000c7zh_BLCB.mseed,us7000c7zh,BLCB,KO,,BHE,broadband,0.00745,0.2391,30.41,2020-10-30T15:15:07.820000Z,,0.558,,50.0,210.0,0,0.0,True,True,True,False,True,clipping_şüphesi
data/processed/waveforms/us7000c7zh_DIDI.mseed,us7000c7zh,DIDI,KO,,HNE,strong_motion,0.01194,0.2778,0.19,2020-10-30T15:15:22.540000Z,,0.019,,100.0,210.0,0,0.0,False,True,True,True,True,
data/processed/waveforms/us7000c7zh_GMLD.mseed,us7000c7zh,GMLD,KO,,HNE,strong_motion,0.01666,0.9142,,,,,,100.0,180.0,0,0.0,False,True,True,True,False,
data/processed/waveforms/us7000c7zh_KUSD.mseed,us7000c7zh,KUSD,KO,,HNE,strong_motion,0.00359,0.1709,,,,,,100.0,180.0,0,0.0,False,True,True,True,False,
data/processed/waveforms/us7000c8jq_BLCB.mseed,us7000c8jq,BLCB,KO,,BHE,broadband,0.00748,0.2432,29.21,2020-10-31T05:31:41.880000Z,,0.561,,50.0,209.98,0,0.0,True,True,True,False,True,clipping_şüphesi
data/processed/waveforms/us7000c8jq_DIDI.mseed,us7000c8jq,DIDI,KO,,HNE,strong_motion,0.00498,0.2872,,,,,,100.0,210.0,0,0.0,False,True,True,True,False,
data/processed/waveforms/us7000c8jq_GMLD.mseed,us7000c8jq,GMLD,KO,,HNE,strong_motion,0.01127,0.3968,,,,,,100.0,210.0,0,0.0,False,True,True,True,False,
data/processed/waveforms/us7000c8jq_KUSD.mseed,us7000c8jq,KUSD,KO,,HNE,strong_motion,0.00276,0.1225,,,,,,100.0,210.0,0,0.0,False,True,True,True,False,
data/processed/waveforms/us7000c9df_BLCB.mseed,us7000c9df,BLCB,KO,,BHE,broadband,0.00042,0.0215,8.6,2020-11-02T19:16:54.820000Z,,0.21,,50.0,210.0,0,0.0,True,True,True,False,True,clipping_şüphesi
data/processed/waveforms/us7000c9df_CESE.mseed,us7000c9df,CESE,KO,,HNE,strong_motion,0.00044,0.0215,,,,,,100.0,210.0,0,0.0,False,True,True,True,False,
data/processed/waveforms/us7000c9df_GMLD.mseed,us7000c9df,GMLD,KO,,HNE,strong_motion,0.00218,0.1008,,,,,,100.0,210.0,0,0.0,False,True,True,True,False,
data/processed/waveforms/us7000c9df_KUSD.mseed,us7000c9df,KUSD,KO,,HNE,strong_motion,0.00029,0.0222,,,,,,100.0,210.0,0,0.0,False,True,True,True,False,
data/processed/waveforms/us7000cat9_BLCB.mseed,us7000cat9,BLCB,KO,,BHE,broadband,0.00353,0.2335,11.4,2020-10-30T15:19:28.100000Z,,0.412,,50.0,210.0,0,0.0,True,True,True,False,True,clipping_şüphesi
data/processed/waveforms/us7000cat9_DIDI.mseed,us7000cat9,DIDI,KO,,HNE,strong_motion,0.00776,0.0947,,,,,,100.0,210.0,0,0.0,False,True,True,True,False,
data/processed/waveforms/us7000cat9_GMLD.mseed,us7000cat9,GMLD,KO,,HNE,strong_motion,0.00623,0.3001,,,,,,100.0,210.0,0,0.0,False,True,True,True,False,
data/processed/waveforms/us7000cat9_KUSD.mseed,us7000cat9,KUSD,KO,,HNE,strong_motion,0.0017,0.0804,,,,,,100.0,210.0,0,0.0,False,True,True,True,False,
data/processed/waveforms/us7000ccpb_AKDM.mseed,us7000ccpb,AKDM,KO,,HHE,broadband,3e-05,0.0056,1.27,2020-11-09T23:20:08.670000Z,2020-11-09T23:21:26.550000Z,0.052,0.008,100.0,210.0,0,0.0,False,True,True,False,True,
data/processed/waveforms/us7000ccpb_CUKT.mseed,us7000ccpb,CUKT,KO,,BHE,broadband,0.00044,0.0351,7.72,2020-11-09T23:19:06.320000Z,2020-11-09T23:19:31.880000Z,0.242,0.222,50.0,210.0,0,0.0,False,True,True,False,True,
data/processed/waveforms/us7000cda2_BLCB.mseed,us7000cda2,BLCB,KO,,BHE,broadband,0.00306,0.1234,24.31,2020-11-11T06:49:56.360000Z,,0.554,,50.0,210.0,0,0.0,True,True,True,False,True,clipping_şüphesi
data/processed/waveforms/us7000cda2_DIDI.mseed,us7000cda2,DIDI,KO,,HNE,strong_motion,0.00298,0.1336,,,,,,100.0,210.0,0,0.0,False,True,True,True,False,
data/processed/waveforms/us7000cda2_GMLD.mseed,us7000cda2,GMLD,KO,,HNE,strong_motion,0.0105,0.4552,,,,,,100.0,210.0,0,0.0,False,True,True,True,False,
data/processed/waveforms/us7000cda2_KUSD.mseed,us7000cda2,KUSD,KO,,HNE,strong_motion,0.00374,0.1404,,,,,,100.0,210.0,0,0.0,False,True,True,True,False,
data/processed/waveforms/us7000ckak_SVRC.mseed,us7000ckak,SVRC,KO,,BHE,broadband,0.00076,0.0506,16.68,2020-11-27T08:28:05.980000Z,,0.46,,50.0,210.0,0,0.0,False,True,True,False,True,
data/processed/waveforms/us7000ckak_URFA.mseed,us7000ckak,URFA,KO,,BHE,broadband,0.00149,0.0818,31.11,2020-11-27T08:28:09.920000Z,,0.538,,50.0,210.0,0,0.0,False,True,True,False,True,
data/processed/waveforms/us7000cmfa_AKDM.mseed,us7000cmfa,AKDM,KO,,HHE,broadband,0.00044,0.0485,12.81,2020-12-03T05:45:40.050000Z,2020-12-03T05:47:49.780000Z,0.289,0.019,100.0,210.0,0,0.0,False,True,True,False,True,
data/processed/waveforms/us7000cmfa_GURO.mseed,us7000cmfa,GURO,KO,,HHE,broadband,0.00303,2.9447,19.27,2020-12-03T05:45:31.170000Z,,0.506,,100.0,180.0,0,0.0,True,True,True,False,True,clipping_şüphesi
data/processed/waveforms/us7000cmfa_SVAN.mseed,us7000cmfa,SVAN,KO,,BHE,broadband,0.00134,0.0956,28.58,2020-12-03T05:45:28.340000Z,2020-12-03T05:45:36.400000Z,0.563,0.131,50.0,180.0,0,0.0,False,True,True,False,True,
data/processed/waveforms/us7000cmy8_BLCB.mseed,us7000cmy8,BLCB,KO,,BHE,broadband,0.00178,0.0847,14.46,2020-12-04T09:34:26.760000Z,,0.444,,50.0,210.0,0,0.0,True,True,True,False,True,clipping_şüphesi
data/processed/waveforms/us7000cmy8_DIDI.mseed,us7000cmy8,DIDI,KO,,HNE,strong_motion,0.00264,0.4049,,,,,,100.0,210.0,1,0.0238,False,True,True,False,False,has_gaps
data/processed/waveforms/us7000cmy8_GMLD.mseed,us7000cmy8,GMLD,KO,,HNE,strong_motion,0.00211,0.1212,,,,,,100.0,210.0,0,0.0,False,True,True,True,False,
data/processed/waveforms/us7000cmy8_KUSD.mseed,us7000cmy8,KUSD,KO,,HNE,strong_motion,0.00042,0.0207,,,,,,100.0,210.0,0,0.0,False,True,True,True,False,
data/processed/waveforms/us7000cnf1_ALAN.mseed,us7000cnf1,ALAN,KO,,HNE,strong_motion,0.01795,0.8183,10.39,2020-12-05T12:44:57.040000Z,,0.379,,100.0,180.0,0,0.0,False,True,True,True,True,
data/processed/waveforms/us7000cnf1_BOZY.mseed,us7000cnf1,BOZY,KO,,HNE,strong_motion,0.02374,0.5502,,,,,,100.0,210.0,0,0.0,False,True,True,True,False,
data/processed/waveforms/us7000cnf1_HDMB.mseed,us7000cnf1,HDMB,KO,,HHE,broadband,0.00177,0.1322,12.63,2020-12-05T12:45:02.880000Z,2020-12-05T12:45:18.580000Z,0.304,0.466,100.0,210.0,0,0.0,False,True,True,False,True,
data/processed/waveforms/us7000cnf1_MNVG.mseed,us7000cnf1,MNVG,KO,,HNE,strong_motion,0.00736,0.3838,,,,,,100.0,180.0,0,0.0,False,True,True,True,False,
data/processed/waveforms/us7000cr3p_AKDM.mseed,us7000cr3p,AKDM,KO,,HHE,broadband,8e-05,0.0238,8.97,2020-12-14T21:58:59.220000Z,2020-12-14T21:59:01.900000Z,0.255,0.103,100.0,34.99,2,0.5716,False,True,True,False,False,has_gaps
data/processed/waveforms/us7000cr3p_ERCV.mseed,us7000cr3p,ERCV,KO,,HNE,strong_motion,0.01767,1.5042,,,,,,100.0,210.0,0,0.0,False,True,True,True,False,
data/processed/waveforms/us7000cr3p_VANB.mseed,us7000cr3p,VANB,KO,,HHE,broadband,0.00067,0.1623,17.33,2020-12-14T21:58:53.410000Z,2020-12-14T22:00:52.410000Z,0.477,0.001,100.0,210.0,0,0.0,False,True,True,False,True,
data/processed/waveforms/us7000crsr_BODT.mseed,us7000crsr,BODT,KO,,BHE,broadband,7e-05,0.0042,,,,,,50.0,210.0,0,0.0,False,True,True,False,False,
data/processed/waveforms/us7000crsr_DAT.mseed,us7000crsr,DAT,KO,,BHE,broadband,0.00012,0.0074,,,,,,50.0,210.0,0,0.0,True,True,True,False,False,clipping_şüphesi
data/processed/waveforms/us7000crsr_DATC.mseed,us7000crsr,DATC,KO,,HNE,strong_motion,0.00053,0.0195,,,,,,100.0,210.0,0,0.0,False,True,True,True,False,
data/processed/waveforms/us7000d112_BODT.mseed,us7000d112,BODT,KO,,BHE,broadband,7e-05,0.0036,,,,,,50.0,210.0,0,0.0,False,True,True,False,False,
data/processed/waveforms/us7000d112_DAT.mseed,us7000d112,DAT,KO,,BHE,broadband,8e-05,0.0037,,,,,,50.0,210.0,0,0.0,True,True,True,False,False,clipping_şüphesi
data/processed/waveforms/us7000d112_DATC.mseed,us7000d112,DATC,KO,,HNE,strong_motion,0.0001,0.0076,,,,,,100.0,209.99,0,0.0,False,True,True,True,False,
data/processed/waveforms/us7000d1v3_BLCB.mseed,us7000d1v3,BLCB,KO,,BHE,broadband,0.00426,0.1771,26.8,2021-01-20T23:38:07.960000Z,,0.561,,50.0,210.0,0,0.0,True,True,True,False,True,clipping_şüphesi
data/processed/waveforms/us7000d1v3_CESE.mseed,us7000d1v3,CESE,KO,,HNE,strong_motion,0.00137,0.0917,,,,,,100.0,210.0,0,0.0,False,True,True,True,False,
data/processed/waveforms/us7000d1v3_GMLD.mseed,us7000d1v3,GMLD,KO,,HNE,strong_motion,0.01294,0.7477,,,,,,100.0,210.0,0,0.0,False,True,True,True,False,
data/processed/waveforms/us7000d1v3_KUSD.mseed,us7000d1v3,KUSD,KO,,HNE,strong_motion,0.00121,0.0672,,,,,,100.0,210.0,0,0.0,False,True,True,True,False,
data/processed/waveforms/us7000d23a_EREN.mseed,us7000d23a,EREN,KO,,HHE,broadband,0.00242,0.1009,26.06,2021-01-21T14:27:20.500000Z,,0.465,,100.0,209.99,0,0.0,False,True,True,False,True,
data/processed/waveforms/us7000d3ec_DYBB.mseed,us7000d3ec,DYBB,KO,,BHE,broadband,0.00069,0.0662,9.38,2021-01-26T11:18:17.600000Z,2021-01-26T11:18:40.800000Z,0.136,0.418,50.0,210.0,0,0.0,False,True,True,False,True,
data/processed/waveforms/us7000d3ec_SVAN.mseed,us7000d3ec,SVAN,KO,,BHE,broadband,0.00024,0.0356,6.72,2021-01-26T11:18:15.480000Z,2021-01-26T11:18:21.640000Z,0.027,0.139,50.0,210.0,0,0.0,False,True,True,False,True,
data/processed/waveforms/us7000dlb9_DATC.mseed,us7000dlb9,DATC,KO,,HNE,strong_motion,0.00051,0.0407,,,,,,100.0,210.0,0,0.0,False,True,True,True,False,
data/processed/waveforms/us7000e4ey_BLCB.mseed,us7000e4ey,BLCB,KO,,BHE,broadband,0.00208,0.097,30.09,2021-05-19T11:15:05.860000Z,,0.563,,50.0,210.0,0,0.0,True,True,True,False,True,clipping_şüphesi
data/processed/waveforms/us7000e4ey_CESE.mseed,us7000e4ey,CESE,KO,,HNE,strong_motion,0.00081,0.0324,,,,,,100.0,210.0,0,0.0,False,True,True,True,False,
data/processed/waveforms/us7000e4ey_GMLD.mseed,us7000e4ey,GMLD,KO,,HNE,strong_motion,0.03485,1.099,,,,,,100.0,210.0,0,0.0,False,True,True,True,False,
data/processed/waveforms/us7000e4ey_KUSD.mseed,us7000e4ey,KUSD,KO,,HNE,strong_motion,0.00125,0.0409,,,,,,100.0,210.0,0,0.0,False,True,True,True,False,
data/processed/waveforms/us7000e9kp_BODT.mseed,us7000e9kp,BODT,KO,,BHE,broadband,1e-05,0.0008,,,,,,50.0,210.0,0,0.0,False,True,True,False,False,
data/processed/waveforms/us7000ef1g_BODT.mseed,us7000ef1g,BODT,KO,,BHE,broadband,0.00314,0.1315,1.33,2021-06-21T22:14:44.560000Z,,0.043,,50.0,210.0,0,0.0,False,True,True,False,True,
data/processed/waveforms/us7000f66b_ALT.mseed,us7000f66b,ALT,KO,,HNE,strong_motion,0.16294,2.5255,5.22,2021-08-31T11:04:29.840000Z,,0.156,,100.0,180.0,0,0.0,False,True,True,True,True,
data/processed/waveforms/us7000f8ku_BODT.mseed,us7000f8ku,BODT,KO,,BHE,broadband,0.00031,0.0103,,,,,,50.0,210.0,0,0.0,False,True,True,False,False,
data/processed/waveforms/us7000f93t_BODT.mseed,us7000f93t,BODT,KO,,BHE,broadband,0.00176,0.0484,,,,,,50.0,210.0,0,0.0,False,True,True,False,False,
data/processed/waveforms/us7000fes8_BODT.mseed,us7000fes8,BODT,KO,,BHE,broadband,0.00026,0.044,1.49,2021-09-27T06:19:10.600000Z,,0.034,,50.0,210.0,0,0.0,False,True,True,False,True,
data/processed/waveforms/us7000fesd_BODT.mseed,us7000fesd,BODT,KO,,BHE,broadband,1e-05,0.0015,,,,,,50.0,210.0,0,0.0,False,True,True,False,False,
data/processed/waveforms/us7000fesr_BODT.mseed,us7000fesr,BODT,KO,,BHE,broadband,1e-05,0.0014,,,,,,50.0,210.0,0,0.0,False,True,True,False,False,
data/processed/waveforms/us7000fetq_BODT.mseed,us7000fetq,BODT,KO,,BHE,broadband,1e-05,0.0014,,,,,,50.0,210.0,0,0.0,False,True,True,False,False,
data/processed/waveforms/us7000feyd_BODT.mseed,us7000feyd,BODT,KO,,BHE,broadband,1e-05,0.0009,,,,,,50.0,210.0,0,0.0,False,True,True,False,False,
data/processed/waveforms/us7000ff36_BODT.mseed,us7000ff36,BODT,KO,,BHE,broadband,0.00011,0.0128,,,,,,50.0,209.98,0,0.0,False,True,True,False,False,
data/processed/waveforms/us7000ff84_BODT.mseed,us7000ff84,BODT,KO,,BHE,broadband,1e-05,0.0011,,,,,,50.0,210.0,0,0.0,False,True,True,False,False,
data/processed/waveforms/us7000fp8n_BODT.mseed,us7000fp8n,BODT,KO,,BHE,broadband,1e-05,0.0003,,,,,,50.0,210.0,0,0.0,False,True,True,False,False,
data/processed/waveforms/us7000fp8n_DAT.mseed,us7000fp8n,DAT,KO,,BHE,broadband,0.0,0.0003,,,,,,50.0,210.0,0,0.0,False,True,True,False,False,
data/processed/waveforms/us7000fp8n_DATC.mseed,us7000fp8n,DATC,KO,,HNE,strong_motion,0.00045,0.0361,,,,,,100.0,210.0,0,0.0,False,True,True,True,False,
data/processed/waveforms/us7000fp8n_YKAV.mseed,us7000fp8n,YKAV,KO,,HNE,strong_motion,5e-05,0.0125,,,,,,100.0,210.0,0,0.0,True,True,True,False,False,clipping_şüphesi
data/processed/waveforms/us7000fsfm_KONT.mseed,us7000fsfm,KONT,KO,,BHE,broadband,0.02629,1.1678,46.84,2021-11-08T17:43:25.780000Z,,0.565,,50.0,161.86,0,0.0,False,True,True,False,True,
data/processed/waveforms/us7000fsfm_LADK.mseed,us7000fsfm,LADK,KO,,BHE,broadband,0.00678,0.2742,23.94,2021-11-08T17:43:29.260000Z,,0.458,,50.0,180.0,1,0.0833,False,True,True,False,False,has_gaps
data/processed/waveforms/us7000fsfm_SEYD.mseed,us7000fsfm,SEYD,KO,,HNE,strong_motion,0.00367,0.0851,9.47,2021-11-08T17:43:32.710000Z,2021-11-08T17:43:34.700000Z,0.166,0.383,100.0,210.0,0,0.0,False,True,True,True,True,
data/processed/waveforms/us7000fthz_SVRC.mseed,us7000fthz,SVRC,KO,,BHE,broadband,0.00578,0.2849,27.19,2021-11-12T09:19:21.740000Z,2021-11-12T09:19:28.440000Z,0.559,0.273,50.0,210.0,0,0.0,False,True,True,False,True,
data/processed/waveforms/us7000fthz_URFA.mseed,us7000fthz,URFA,KO,,BHE,broadband,0.00084,0.0452,33.1,2021-11-12T09:19:32.340000Z,2021-11-12T09:19:33.660000Z,0.536,0.355,50.0,210.0,0,0.0,False,True,True,False,True,
data/processed/waveforms/us7000futw_MDUB.mseed,us7000futw,MDUB,KO,,BHE,broadband,0.00488,0.2855,28.77,2021-11-17T12:40:24.360000Z,,0.542,,50.0,210.0,1,0.0476,True,True,True,False,False,"has_gaps,clipping_şüphesi"
data/processed/waveforms/us7000futw_UVEZ.mseed,us7000futw,UVEZ,KO,,HHE,broadband,0.06074,2.486,49.18,2021-11-17T12:40:20.520000Z,,0.565,,100.0,50.99,15,3.2555,False,True,True,False,False,has_gaps
data/processed/waveforms/us7000fvfl_KOPR.mseed,us7000fvfl,KOPR,KO,,HHE,broadband,0.0205,1.1883,40.75,2021-11-19T12:40:55.820000Z,2021-11-19T12:42:34.990000Z,0.561,0.055,100.0,180.0,0,0.0,False,True,True,False,True,
data/processed/waveforms/us7000fvfl_SENK.mseed,us7000fvfl,SENK,KO,,BHE,broadband,0.00084,0.0664,5.71,2021-11-19T12:41:08.080000Z,,0.092,,50.0,210.0,0,0.0,False,True,True,False,True,
data/processed/waveforms/us7000fvfl_VRTB.mseed,us7000fvfl,VRTB,KO,,BHE,broadband,0.00268,0.2728,27.25,2021-11-19T12:41:05.980000Z,2021-11-19T12:41:07.200000Z,0.546,0.433,50.0,180.0,0,0.0,False,True,True,False,True,
data/processed/waveforms/us7000fw5n_KARO.mseed,us7000fw5n,KARO,KO,,HHE,broadband,0.00401,0.2891,5.87,2021-11-22T08:31:42.310000Z,2021-11-22T08:31:44.270000Z,0.35,0.402,100.0,210.0,0,0.0,False,True,True,False,True,
data/processed/waveforms/us7000fw5n_KOPR.mseed,us7000fw5n,KOPR,KO,,HHE,broadband,0.01118,0.4233,33.23,2021-11-22T08:31:30.070000Z,2021-11-22T08:32:49.550000Z,0.564,0.004,100.0,210.0,0,0.0,False,True,True,False,True,
data/processed/waveforms/us7000fw5n_VRTB.mseed,us7000fw5n,VRTB,KO,,BHE,broadband,0.00194,0.1813,21.71,2021-11-22T08:31:39.680000Z,2021-11-22T08:31:40.940000Z,0.529,0.453,50.0,210.0,0,0.0,False,True,True,False,True,
data/processed/waveforms/us7000g94d_ALAN.mseed,us7000g94d,ALAN,KO,,HNE,strong_motion,0.01042,0.3325,,,,,,100.0,180.0,0,0.0,False,True,True,True,False,
data/processed/waveforms/us7000g94d_ANTB.mseed,us7000g94d,ANTB,KO,,BHE,broadband,0.00086,0.0728,,,,,,50.0,210.0,0,0.0,True,True,True,False,False,clipping_şüphesi
data/processed/waveforms/us7000g94d_KEMT.mseed,us7000g94d,KEMT,KO,,HNE,strong_motion,0.00487,0.9108,,,,,,100.0,210.0,0,0.0,False,True,True,True,False,
data/processed/waveforms/us7000g94d_MNVG.mseed,us7000g94d,MNVG,KO,,HNE,strong_motion,0.0031,0.1895,,,,,,100.0,180.0,0,0.0,False,True,True,True,False,
data/processed/waveforms/us7000g9ms_DAT.mseed,us7000g9ms,DAT,KO,,BHE,broadband,5e-05,0.0207,,,,,,50.0,210.0,2,0.1429,True,True,True,False,False,"has_gaps,clipping_şüphesi"
data/processed/waveforms/us7000g9ms_DATC.mseed,us7000g9ms,DATC,KO,,HNE,strong_motion,0.00079,0.1211,,,,,,100.0,108.83,3,0.3675,False,True,True,False,False,has_gaps
data/processed/waveforms/us7000gamy_AKDM.mseed,us7000gamy,AKDM,KO,,HHE,broadband,1e-05,0.001,,,,,,100.0,210.0,0,0.0,False,True,True,False,False,
data/processed/waveforms/us7000gamy_VANB.mseed,us7000gamy,VANB,KO,,HHE,broadband,1e-05,0.0012,,,,,,100.0,210.0,0,0.0,True,True,True,False,False,clipping_şüphesi
data/processed/waveforms/us7000gaqu_BOZY.mseed,us7000gaqu,BOZY,KO,,HNE,strong_motion,0.01339,0.5361,,,,,,100.0,210.0,0,0.0,False,True,True,True,False,
data/processed/waveforms/us7000gcr9_BNN.mseed,us7000gcr9,BNN,KO,,BHE,broadband,0.02012,0.3109,45.96,2022-01-17T23:29:01.240000Z,,0.565,,50.0,210.0,0,0.0,False,True,True,False,True,
data/processed/waveforms/us7000gcr9_KOZK.mseed,us7000gcr9,KOZK,KO,,HNE,strong_motion,0.00277,0.1484,17.6,2022-01-17T23:29:12.610000Z,2022-01-17T23:29:13.920000Z,0.497,0.252,100.0,210.0,0,0.0,False,True,True,True,True,
data/processed/waveforms/us7000gcr9_SARI.mseed,us7000gcr9,SARI,KO,,BHE,broadband,0.00126,0.0796,20.49,2022-01-17T23:29:11.280000Z,,0.5,,50.0,210.0,0,0.0,False,True,True,False,True,
data/processed/waveforms/us7000gcr9_YOZ.mseed,us7000gcr9,YOZ,KO,,HHE,broadband,0.00498,0.2822,20.56,2022-01-17T23:29:10.970000Z,,0.494,,100.0,210.0,0,0.0,False,True,True,False,True,
data/processed/waveforms/us7000gd7k_AKDM.mseed,us7000gd7k,AKDM,KO,,HHE,broadband,0.0,0.0001,,,,,,100.0,210.0,0,0.0,False,True,True,False,False,
data/processed/waveforms/us7000gd7k_VANB.mseed,us7000gd7k,VANB,KO,,HHE,broadband,0.0,0.0003,,,,,,100.0,210.0,0,0.0,True,True,True,False,False,clipping_şüphesi
data/processed/waveforms/us7000ge92_DST.mseed,us7000ge92,DST,KO,,HNE,strong_motion,0.01566,0.7457,,,,,,100.0,210.0,0,0.0,False,True,True,True,False,
data/processed/waveforms/us7000ge92_ORLT.mseed,us7000ge92,ORLT,KO,,HNE,strong_motion,0.00356,0.2243,,,,,,100.0,210.0,0,0.0,False,True,True,True,False,
data/processed/waveforms/us7000ge92_SIMA.mseed,us7000ge92,SIMA,KO,,BHE,broadband,0.00305,0.2212,44.92,2022-01-22T19:31:53.600000Z,2022-01-22T19:34:15.120000Z,0.565,0.013,50.0,210.0,0,0.0,False,True,True,False,True,
data/processed/waveforms/us7000ge92_SMAA.mseed,us7000ge92,SMAA,KO,,HNE,strong_motion,0.00772,0.6511,,,,,,100.0,210.0,0,0.0,False,True,True,True,False,
data/processed/waveforms/us7000gghf_BNGB.mseed,us7000gghf,BNGB,KO,,BHE,broadband,0.00466,0.1616,22.49,2022-01-31T00:50:04.620000Z,,0.55,,50.0,210.0,0,0.0,False,True,True,False,True,
data/processed/waveforms/us7000gghf_ERZN.mseed,us7000gghf,ERZN,KO,,BHE,broadband,0.00223,0.0844,18.56,2022-01-31T00:50:05.840000Z,,0.401,,50.0,210.0,0,0.0,False,True,True,False,True,
data/processed/waveforms/us7000gghf_YEDI.mseed,us7000gghf,YEDI,KO,,BHE,broadband,0.00687,0.1606,,,,,,50.0,210.0,0,0.0,True,True,True,False,False,clipping_şüphesi
data/processed/waveforms/us7000ggki_CHBY.mseed,us7000ggki,CHBY,KO,,HHE,broadband,9e-05,0.0038,25.42,2022-01-31T09:30:54.700000Z,,0.538,,100.0,210.0,0,0.0,False,True,True,False,True,
data/processed/waveforms/us7000ggki_KONT.mseed,us7000ggki,KONT,KO,,BHE,broadband,0.01556,0.31,31.96,2022-01-31T09:30:40.140000Z,,0.554,,50.0,210.0,0,0.0,False,True,True,False,True,
data/processed/waveforms/us7000ggki_LADK.mseed,us7000ggki,LADK,KO,,BHE,broadband,0.00075,0.0238,10.9,2022-01-31T09:30:48.260000Z,,0.434,,50.0,210.0,0,0.0,False,True,True,False,True,
data/processed/waveforms/us7000ggki_SEYD.mseed,us7000ggki,SEYD,KO,,HNE,strong_motion,0.00136,0.0322,5.27,2022-01-31T09:30:53.380000Z,,0.19,,100.0,210.0,0,0.0,False,True,True,True,True,
data/processed/waveforms/us7000ghf9_BOZY.mseed,us7000ghf9,BOZY,KO,,HNE,strong_motion,0.00099,0.0376,,,,,,100.0,210.0,0,0.0,False,True,True,True,False,
data/processed/waveforms/us7000ghzy_BNGB.mseed,us7000ghzy,BNGB,KO,,BHE,broadband,0.00072,0.0237,7.57,2022-01-31T06:07:09.240000Z,,0.423,,50.0,210.0,0,0.0,False,True,True,False,True,
data/processed/waveforms/us7000ghzy_ERZN.mseed,us7000ghzy,ERZN,KO,,BHE,broadband,0.0005,0.0134,3.76,2022-01-31T06:07:14.620000Z,,0.087,,50.0,184.58,0,0.0,False,True,True,False,True,
data/processed/waveforms/us7000ghzy_YEDI.mseed,us7000ghzy,YEDI,KO,,BHE,broadband,0.00136,0.0264,,,,,,50.0,210.0,0,0.0,True,True,True,False,False,clipping_şüphesi
data/processed/waveforms/us7000gkl5_AGRB.mseed,us7000gkl5,AGRB,KO,,HHE,broadband,0.00042,0.0787,22.68,2022-02-13T18:26:28.410000Z,2022-02-13T18:26:54.090000Z,0.491,0.122,100.0,210.0,0,0.0,False,True,True,False,True,
data/processed/waveforms/us7000gkl5_KARS.mseed,us7000gkl5,KARS,KO,,HHE,broadband,0.00245,0.2905,29.65,2022-02-13T18:26:12.310000Z,2022-02-13T18:28:15.080000Z,0.547,0.07,100.0,53.06,0,0.0,False,True,True,False,True,
data/processed/waveforms/us7000gkl5_SENK.mseed,us7000gkl5,SENK,KO,,BHE,broadband,0.00128,0.1666,18.39,2022-02-13T18:26:21.640000Z,2022-02-13T18:26:42.760000Z,0.402,0.078,50.0,210.0,0,0.0,False,True,True,False,True,
data/processed/waveforms/us7000gkl5_TASB.mseed,us7000gkl5,TASB,KO,,HHE,broadband,0.00161,0.2325,20.72,2022-02-13T18:26:18.260000Z,2022-02-13T18:26:36.140000Z,0.531,0.189,100.0,180.0,0,0.0,False,True,True,False,True,
data/processed/waveforms/us7000h0wh_SVRC.mseed,us7000h0wh,SVRC,KO,,BHE,broadband,0.00151,0.1382,21.5,2022-04-09T14:02:25.480000Z,2022-04-09T14:04:47.080000Z,0.512,0.003,50.0,180.0,0,0.0,False,True,True,False,True,
data/processed/waveforms/us7000h0wh_URFA.mseed,us7000h0wh,URFA,KO,,BHE,broadband,0.00109,0.1595,26.25,2022-04-09T14:02:28.640000Z,2022-04-09T14:05:29.880000Z,0.535,0.015,50.0,210.0,0,0.0,False,True,True,False,True,
data/processed/waveforms/us7000h1b2_KDZE.mseed,us7000h1b2,KDZE,KO,,BHE,broadband,0.00075,0.024,5.99,2022-04-11T17:39:02.780000Z,2022-04-11T17:39:14.840000Z,0.255,0.502,50.0,210.0,0,0.0,False,True,True,False,True,
data/processed/waveforms/us7000h1b2_KURC.mseed,us7000h1b2,KURC,KO,,HHE,broadband,0.00037,0.0146,12.41,2022-04-11T17:39:06.280000Z,2022-04-11T17:39:07.550000Z,0.41,0.12,100.0,210.0,0,0.0,False,True,True,False,True,
data/processed/waveforms/us7000h1b2_UVEZ.mseed,us7000h1b2,UVEZ,KO,,HHE,broadband,0.00055,0.0204,16.12,2022-04-11T17:39:07.610000Z,2022-04-11T17:39:24.970000Z,0.392,0.135,100.0,210.0,0,0.0,False,True,True,False,True,
data/processed/waveforms/us7000h5uf_BODT.mseed,us7000h5uf,BODT,KO,,BHE,broadband,1e-05,0.001,,,,,,50.0,210.0,0,0.0,False,True,True,False,False,
data/processed/waveforms/us7000h5uf_DAT.mseed,us7000h5uf,DAT,KO,,BHE,broadband,1e-05,0.0011,,,,,,50.0,210.0,0,0.0,True,True,True,False,False,clipping_şüphesi
data/processed/waveforms/us7000h5uf_YKAV.mseed,us7000h5uf,YKAV,KO,,HNE,strong_motion,4e-05,0.0315,,,,,,100.0,210.0,0,0.0,True,True,True,False,False,clipping_şüphesi
data/processed/waveforms/us7000h68m_AGRB.mseed,us7000h68m,AGRB,KO,,HHE,broadband,3e-05,0.0066,-0.62,2022-05-01T19:36:31.820000Z,2022-05-01T19:36:53.070000Z,0.007,0.113,100.0,210.0,0,0.0,False,True,True,False,True,
data/processed/waveforms/us7000h68m_KARS.mseed,us7000h68m,KARS,KO,,HHN,broadband,0.0002,0.0133,13.38,2022-05-01T19:36:08.700000Z,,0.345,,100.0,34.97,2,8.5502,False,False,True,False,False,"has_gaps,eksik_bileşen"
data/processed/waveforms/us7000h68m_SENK.mseed,us7000h68m,SENK,KO,,BHE,broadband,0.0001,0.0104,,,,,,50.0,210.0,0,0.0,False,True,True,False,False,
data/processed/waveforms/us7000h68m_TASB.mseed,us7000h68m,TASB,KO,,HHE,broadband,0.00015,0.0194,,,,,,100.0,210.0,0,0.0,False,True,True,False,False,
data/processed/waveforms/us7000h7xj_BODT.mseed,us7000h7xj,BODT,KO,,BHE,broadband,1e-05,0.0011,,,,,,50.0,210.0,0,0.0,False,True,True,False,False,
data/processed/waveforms/us7000h7xj_DAT.mseed,us7000h7xj,DAT,KO,,BHE,broadband,1e-05,0.0009,,,,,,50.0,210.0,0,0.0,True,True,True,False,False,clipping_şüphesi
data/processed/waveforms/us7000h7xj_DATC.mseed,us7000h7xj,DATC,KO,,HNE,strong_motion,0.00043,0.0429,,,,,,100.0,210.0,0,0.0,False,True,True,True,False,
data/processed/waveforms/us7000h7xj_YKAV.mseed,us7000h7xj,YKAV,KO,,HNE,strong_motion,0.00013,0.0512,,,,,,100.0,210.0,0,0.0,False,True,True,True,False,
data/processed/waveforms/us7000hepi_DAT.mseed,us7000hepi,DAT,KO,,BHE,broadband,0.00253,0.1183,,,,,,50.0,210.0,0,0.0,True,True,True,False,False,clipping_şüphesi
data/processed/waveforms/us7000hepi_DATC.mseed,us7000hepi,DATC,KO,,HNN,strong_motion,0.00303,0.6349,,,,,,100.0,168.03,2,0.4761,False,True,True,False,False,has_gaps
data/processed/waveforms/us7000hge7_AKDM.mseed,us7000hge7,AKDM,KO,,HHE,broadband,0.00019,0.0187,15.41,2022-06-10T06:02:40.360000Z,2022-06-10T06:05:06.290000Z,0.491,0.017,100.0,210.0,0,0.0,False,True,True,False,True,
data/processed/waveforms/us7000hge7_ERCV.mseed,us7000hge7,ERCV,KO,,HNE,strong_motion,0.01046,0.48,,,,,,100.0,210.0,0,0.0,False,True,True,True,False,
data/processed/waveforms/us7000hgyu_AKDM.mseed,us7000hgyu,AKDM,KO,,HHE,broadband,0.00033,0.0694,21.59,2022-06-12T18:35:32.120000Z,,0.474,,100.0,210.0,0,0.0,False,True,True,False,True,
data/processed/waveforms/us7000hgyu_ERCV.mseed,us7000hgyu,ERCV,KO,,HNE,strong_motion,0.02874,1.7608,,,,,,100.0,180.0,0,0.0,False,True,True,True,False,
data/processed/waveforms/us7000hgyu_VANB.mseed,us7000hgyu,VANB,KO,,HHE,broadband,0.00149,0.2291,36.42,2022-06-12T18:35:26.330000Z,,0.56,,100.0,180.0,0,0.0,True,True,True,False,True,clipping_şüphesi
data/processed/waveforms/us7000hilt_DAT.mseed,us7000hilt,DAT,KO,,BHE,broadband,0.00026,0.014,,,,,,50.0,210.0,0,0.0,True,True,True,False,False,clipping_şüphesi
data/processed/waveforms/us7000hilt_DATC.mseed,us7000hilt,DATC,KO,,HNE,strong_motion,0.00044,0.0456,,,,,,100.0,210.0,0,0.0,False,True,True,True,False,
data/processed/waveforms/us7000hs2d_BODT.mseed,us7000hs2d,BODT,KO,,BHE,broadband,1e-05,0.0018,,,,,,50.0,210.0,0,0.0,False,True,True,False,False,
data/processed/waveforms/us7000hs2d_DAT.mseed,us7000hs2d,DAT,KO,,BHE,broadband,1e-05,0.0015,,,,,,50.0,210.0,0,0.0,True,True,True,False,False,clipping_şüphesi
data/processed/waveforms/us7000hs2d_DATC.mseed,us7000hs2d,DATC,KO,,HNE,strong_motion,0.00189,0.0328,,,,,,100.0,210.0,0,0.0,False,True,True,True,False,
data/processed/waveforms/us7000hs2d_YKAV.mseed,us7000hs2d,YKAV,KO,,HNE,strong_motion,5e-05,0.011,,,,,,100.0,210.0,0,0.0,True,True,True,False,False,clipping_şüphesi
data/processed/waveforms/us7000i1xl_BODA.mseed,us7000i1xl,BODA,KO,,HNE,strong_motion,0.00016,0.0028,,,,,,100.0,210.0,0,0.0,False,True,True,True,False,
data/processed/waveforms/us7000i1xl_BODT.mseed,us7000i1xl,BODT,KO,,BHE,broadband,1e-05,0.0004,,,,,,50.0,210.0,0,0.0,False,True,True,False,False,
data/processed/waveforms/us7000i1xl_DAT.mseed,us7000i1xl,DAT,KO,,BHE,broadband,2e-05,0.0007,,,,,,50.0,210.0,0,0.0,True,True,True,False,False,clipping_şüphesi
data/processed/waveforms/us7000i1xl_DATC.mseed,us7000i1xl,DATC,KO,,HNE,strong_motion,0.00083,0.0109,,,,,,100.0,210.0,0,0.0,False,True,True,True,False,
data/processed/waveforms/us7000i3ss_LFK.mseed,us7000i3ss,LFK,KO,,HHE,broadband,6e-05,0.005,,,,,,100.0,210.0,0,0.0,False,True,True,False,False,
data/processed/waveforms/us7000i3ym_DIDI.mseed,us7000i3ym,DIDI,KO,,HNE,strong_motion,0.02198,0.6058,4.7,2022-08-31T09:56:55.960000Z,,0.139,,100.0,210.0,0,0.0,False,True,True,True,True,
data/processed/waveforms/us7000i3ym_GMLD.mseed,us7000i3ym,GMLD,KO,,HNE,strong_motion,0.00481,0.2575,,,,,,100.0,210.0,0,0.0,False,True,True,True,False,
data/processed/waveforms/us7000i3ym_KUSD.mseed,us7000i3ym,KUSD,KO,,HNE,strong_motion,0.00189,0.1201,,,,,,100.0,210.0,0,0.0,False,True,True,True,False,
data/processed/waveforms/us7000i3ym_YKAV.mseed,us7000i3ym,YKAV,KO,,HNE,strong_motion,0.0046,0.1799,,,,,,100.0,210.0,0,0.0,False,True,True,True,False,
data/processed/waveforms/us7000i3yp_DIDI.mseed,us7000i3yp,DIDI,KO,,HNE,strong_motion,0.04755,2.0453,12.29,2022-08-31T10:10:24.980000Z,2022-08-31T10:10:26.240000Z,0.369,0.396,100.0,180.0,0,0.0,False,True,True,True,True,
data/processed/waveforms/us7000i3yp_GMLD.mseed,us7000i3yp,GMLD,KO,,HNE,strong_motion,0.01209,0.6619,,,,,,100.0,210.0,0,0.0,False,True,True,True,False,
data/processed/waveforms/us7000i3yp_KUSD.mseed,us7000i3yp,KUSD,KO,,HNE,strong_motion,0.00432,0.2258,,,,,,100.0,180.0,0,0.0,False,True,True,True,False,
data/processed/waveforms/us7000i3yp_YKAV.mseed,us7000i3yp,YKAV,KO,,HNE,strong_motion,0.00567,0.3462,,,,,,100.0,210.0,0,0.0,False,True,True,True,False,
data/processed/waveforms/us7000i40j_DIDI.mseed,us7000i40j,DIDI,KO,,HNE,strong_motion,0.01478,0.3824,-3.22,2022-08-31T14:02:35.780000Z,,0.022,,100.0,209.99,0,0.0,False,True,True,True,True,
data/processed/waveforms/us7000i40j_GMLD.mseed,us7000i40j,GMLD,KO,,HNE,strong_motion,0.00295,0.1503,,,,,,100.0,209.99,0,0.0,False,True,True,True,False,
data/processed/waveforms/us7000i40j_KUSD.mseed,us7000i40j,KUSD,KO,,HNE,strong_motion,0.00182,0.1161,,,,,,100.0,209.99,0,0.0,False,True,True,True,False,
data/processed/waveforms/us7000i40j_YKAV.mseed,us7000i40j,YKAV,KO,,HNE,strong_motion,0.00208,0.0862,,,,,,100.0,210.0,0,0.0,False,True,True,True,False,
data/processed/waveforms/us7000i4v6_BODT.mseed,us7000i4v6,BODT,KO,,BHE,broadband,8e-05,0.0156,,,,,,50.0,210.0,0,0.0,False,True,True,False,False,
data/processed/waveforms/us7000i4v6_DAT.mseed,us7000i4v6,DAT,KO,,BHE,broadband,0.00022,0.0407,,,,,,50.0,180.0,0,0.0,True,True,True,False,False,clipping_şüphesi
data/processed/waveforms/us7000i4v6_DATC.mseed,us7000i4v6,DATC,KO,,HNE,strong_motion,0.0008,0.1243,,,,,,100.0,180.0,0,0.0,False,True,True,True,False,
data/processed/waveforms/us7000i8nr_BNGB.mseed,us7000i8nr,BNGB,KO,,BHE,broadband,0.00541,0.2054,27.57,2022-09-16T20:30:43.880000Z,,0.555,,50.0,210.0,0,0.0,False,True,True,False,True,
data/processed/waveforms/us7000i8nr_KARO.mseed,us7000i8nr,KARO,KO,,HHE,broadband,0.01912,0.9716,25.66,2022-09-16T20:30:42.560000Z,,0.558,,100.0,210.0,0,0.0,False,True,True,False,True,
data/processed/waveforms/us7000i8nr_VRTB.mseed,us7000i8nr,VRTB,KO,,BHE,broadband,0.00098,0.1731,20.75,2022-09-16T20:30:49.240000Z,2022-09-16T20:30:53.660000Z,0.476,0.414,50.0,210.0,0,0.0,False,True,True,False,True,
data/processed/waveforms/us7000i9z2_AKDM.mseed,us7000i9z2,AKDM,KO,,HHE,broadband,0.00012,0.0232,15.91,2022-09-21T17:58:26.770000Z,2022-09-21T17:58:52.050000Z,0.522,0.324,100.0,210.0,0,0.0,False,True,True,False,True,
data/processed/waveforms/us7000i9z2_CLDR.mseed,us7000i9z2,CLDR,KO,,BHE,broadband,0.00057,0.0766,15.77,2022-09-21T17:58:16.960000Z,,0.377,,50.0,180.0,0,0.0,False,True,True,False,True,
data/processed/waveforms/us7000i9z2_ERCV.mseed,us7000i9z2,ERCV,KO,,HNE,strong_motion,0.00052,0.0902,,,,,,100.0,210.0,0,0.0,False,True,True,True,False,
data/processed/waveforms/us7000i9z2_VANB.mseed,us7000i9z2,VANB,KO,,HHE,broadband,0.00012,0.0251,13.49,2022-09-21T17:58:19.870000Z,2022-09-21T17:58:44.060000Z,0.267,0.034,100.0,180.0,0,0.0,False,True,True,False,True,
data/processed/waveforms/us7000im0t_ANTB.mseed,us7000im0t,ANTB,KO,,BHE,broadband,0.00038,0.0266,,,,,,50.0,209.98,0,0.0,False,True,True,False,False,
data/processed/waveforms/us7000im0t_DEMR.mseed,us7000im0t,DEMR,KO,,HNE,strong_motion,0.00029,0.0197,,,,,,100.0,210.0,0,0.0,False,True,True,True,False,
data/processed/waveforms/us7000im0t_KEMT.mseed,us7000im0t,KEMT,KO,,HNE,strong_motion,0.00273,1.038,,,,,,100.0,210.0,0,0.0,False,True,True,True,False,
data/processed/waveforms/us7000im0t_MNVG.mseed,us7000im0t,MNVG,KO,,HNE,strong_motion,0.00101,0.0491,,,,,,100.0,210.0,0,0.0,False,True,True,True,False,
data/processed/waveforms/us7000imc7_BLCB.mseed,us7000imc7,BLCB,KO,,BHE,broadband,0.01089,0.5271,47.73,2022-11-04T00:29:24.100000Z,,0.565,,50.0,210.0,0,0.0,False,True,True,False,True,
data/processed/waveforms/us7000imc7_FOCM.mseed,us7000imc7,FOCM,KO,,HNE,strong_motion,0.00279,0.0891,,,,,,100.0,210.0,0,0.0,False,True,True,True,False,
data/processed/waveforms/us7000imc7_GMLD.mseed,us7000imc7,GMLD,KO,,HNE,strong_motion,0.0137,0.6245,,,,,,100.0,210.0,0,0.0,False,True,True,True,False,
data/processed/waveforms/us7000imc7_KUSD.mseed,us7000imc7,KUSD,KO,,HNE,strong_motion,0.00208,0.1706,,,,,,100.0,210.0,0,0.0,False,True,True,True,False,
data/processed/waveforms/us7000iqln_DALY.mseed,us7000iqln,DALY,KO,,BHE,broadband,0.0002,0.0182,10.96,2022-11-18T04:26:42.800000Z,,0.249,,50.0,210.0,0,0.0,False,True,True,False,True,
data/processed/waveforms/us7000iqln_YER.mseed,us7000iqln,YER,KO,,BHE,broadband,0.00177,0.1035,21.86,2022-11-18T04:26:38.380000Z,,0.49,,50.0,210.0,1,0.0476,False,True,True,False,False,has_gaps
data/processed/waveforms/us7000ir86_BODA.mseed,us7000ir86,BODA,KO,,HNE,strong_motion,0.00028,0.0207,,,,,,100.0,210.0,0,0.0,False,True,True,True,False,
data/processed/waveforms/us7000ir86_BODT.mseed,us7000ir86,BODT,KO,,BHE,broadband,0.00037,0.0343,,,,,,50.0,210.0,0,0.0,False,True,True,False,False,
data/processed/waveforms/us7000ir86_DAT.mseed,us7000ir86,DAT,KO,,HHE,broadband,0.00083,0.0459,,,,,,100.0,180.0,0,0.0,True,True,True,False,False,clipping_şüphesi
data/processed/waveforms/us7000irp8_MDUB.mseed,us7000irp8,MDUB,KO,,BHE,broadband,0.01221,0.641,46.83,2022-11-23T01:08:22.860000Z,,0.565,,50.0,180.0,0,0.0,True,True,True,False,True,clipping_şüphesi
data/processed/waveforms/us7000irp8_SAUV.mseed,us7000irp8,SAUV,KO,,HNE,strong_motion,0.0241,1.6017,46.12,2022-11-23T01:08:25.590000Z,,0.565,,100.0,209.99,0,0.0,False,True,True,True,True,
data/processed/waveforms/us7000irp8_UVEZ.mseed,us7000irp8,UVEZ,KO,,HHE,broadband,0.08707,1.8297,53.24,2022-11-23T01:08:18.720000Z,,0.565,,100.0,179.99,0,0.0,False,True,True,False,True,
data/processed/waveforms/us7000isll_DAT.mseed,us7000isll,DAT,KO,,HHE,broadband,0.00018,0.0093,,,,,,100.0,210.0,0,0.0,True,True,True,False,False,clipping_şüphesi
data/processed/waveforms/us7000isne_MDUB.mseed,us7000isne,MDUB,KO,,BHE,broadband,0.00218,0.1375,37.32,2022-11-27T03:57:54.060000Z,,0.564,,50.0,210.0,0,0.0,True,True,True,False,True,clipping_şüphesi
data/processed/waveforms/us7000isne_SAUV.mseed,us7000isne,SAUV,KO,,HNE,strong_motion,0.00281,0.0811,19.43,2022-11-27T03:57:56.950000Z,,0.533,,100.0,210.0,0,0.0,False,True,True,True,True,
data/processed/waveforms/us7000isne_UVEZ.mseed,us7000isne,UVEZ,KO,,HHE,broadband,0.05821,0.4478,42.55,2022-11-27T03:57:50.010000Z,,0.565,,100.0,210.0,0,0.0,False,True,True,False,True,
data/processed/waveforms/us7000j2pq_EZN.mseed,us7000j2pq,EZN,KO,,HHE,broadband,0.00693,0.2232,32.42,2023-01-07T01:53:07.240000Z,,0.564,,100.0,210.0,0,0.0,False,True,True,False,True,
data/processed/waveforms/us7000j2pq_EZNE.mseed,us7000j2pq,EZNE,KO,,HNE,strong_motion,0.00696,0.2469,,,,,,100.0,210.0,0,0.0,False,True,True,True,False,
data/processed/waveforms/us7000j2pq_GPNR.mseed,us7000j2pq,GPNR,KO,,HNE,strong_motion,0.05594,3.5581,,,,,,100.0,210.0,0,0.0,False,True,True,True,False,
data/processed/waveforms/us7000j2re_EZN.mseed,us7000j2re,EZN,KO,,HHE,broadband,0.00676,0.1221,34.5,2023-01-07T06:39:38.370000Z,,0.565,,100.0,210.0,0,0.0,False,True,True,False,True,
data/processed/waveforms/us7000j2re_EZNE.mseed,us7000j2re,EZNE,KO,,HNE,strong_motion,0.00579,0.2189,,,,,,100.0,210.0,0,0.0,False,True,True,True,False,
data/processed/waveforms/us7000j2re_GPNR.mseed,us7000j2re,GPNR,KO,,HNE,strong_motion,0.0575,3.4186,,,,,,100.0,210.0,0,0.0,False,True,True,True,False,
data/processed/waveforms/us7000j3cr_EZN.mseed,us7000j3cr,EZN,KO,,HHE,broadband,0.00458,0.1804,28.8,2023-01-10T07:38:39.620000Z,2023-01-10T07:40:55.230000Z,0.554,0.008,100.0,210.0,0,0.0,False,True,True,False,True,
data/processed/waveforms/us7000j3cr_EZNE.mseed,us7000j3cr,EZNE,KO,,HNE,strong_motion,0.00439,0.1524,,,,,,100.0,210.0,0,0.0,False,True,True,True,False,
data/processed/waveforms/us7000j3cr_GPNR.mseed,us7000j3cr,GPNR,KO,,HNE,strong_motion,0.03625,1.3955,,,,,,100.0,210.0,0,0.0,False,True,True,True,False,
data/processed/waveforms/us7000j4gh_DYBB.mseed,us7000j4gh,DYBB,KO,,HHE,broadband,0.00051,0.0367,53.27,2023-01-15T03:36:45.020000Z,2023-01-15T03:36:58.830000Z,0.565,0.291,100.0,210.0,0,0.0,False,True,True,False,True,
data/processed/waveforms/us7000j4gh_SVRC.mseed,us7000j4gh,SVRC,KO,,HHE,broadband,0.0217,0.2961,47.59,2023-01-15T03:36:30.110000Z,2023-01-15T03:39:44.680000Z,0.564,0.032,100.0,210.0,0,0.0,False,True,True,False,True,
data/processed/waveforms/us7000j56z_AKDM.mseed,us7000j56z,AKDM,KO,,HHE,broadband,0.00106,0.2087,23.99,2023-01-18T10:08:39.040000Z,2023-01-18T10:09:03.790000Z,0.394,0.288,100.0,210.0,0,0.0,False,True,True,False,True,
data/processed/waveforms/us7000j56z_CLDR.mseed,us7000j56z,CLDR,KO,,HHE,broadband,0.00733,0.3341,31.23,2023-01-18T10:08:29.540000Z,2023-01-18T10:10:31.950000Z,0.56,0.008,100.0,180.0,0,0.0,False,True,True,False,True,
data/processed/waveforms/us7000j56z_ERCV.mseed,us7000j56z,ERCV,KO,,HNE,strong_motion,0.00422,1.0011,,,,,,100.0,113.17,2,0.0004,False,True,True,False,False,has_gaps
data/processed/waveforms/us7000j56z_VANB.mseed,us7000j56z,VANB,KO,,HHE,broadband,0.00134,0.237,18.67,2023-01-18T10:08:33.260000Z,2023-01-18T10:08:52.300000Z,0.444,0.06,100.0,180.0,0,0.0,False,True,True,False,True,
data/processed/waveforms/us7000jga3_CEYT.mseed,us7000jga3,CEYT,KO,,HHE,broadband,0.00016,0.0156,4.26,2023-02-20T17:13:27.850000Z,2023-02-20T17:14:14.810000Z,0.105,0.016,100.0,210.0,0,0.0,False,True,True,False,True,
data/processed/waveforms/us7000jga3_KRTS.mseed,us7000jga3,KRTS,KO,,HNE,strong_motion,0.00037,0.0295,,,,,,100.0,210.0,0,0.0,False,True,True,True,False,
data/processed/waveforms/us7000jgic_CEYT.mseed,us7000jgic,CEYT,KO,,HHE,broadband,0.00061,0.0297,8.78,2023-03-01T07:20:39.500000Z,,0.174,,100.0,210.0,0,0.0,False,True,True,False,True,
data/processed/waveforms/us7000jgic_KRTS.mseed,us7000jgic,KRTS,KO,,HNE,strong_motion,0.00125,0.0496,,,,,,100.0,210.0,0,0.0,False,True,True,True,False,
data/processed/waveforms/us7000jgic_TAHT.mseed,us7000jgic,TAHT,KO,,HHE,broadband,0.02343,0.292,41.16,2023-03-01T07:20:25.560000Z,,0.563,,100.0,210.0,0,0.0,False,True,True,False,True,
data/processed/waveforms/us7000jgyv_KHMN.mseed,us7000jgyv,KHMN,KO,,HNE,strong_motion,0.00149,0.0729,,,,,,100.0,180.0,0,0.0,False,True,True,True,False,
data/processed/waveforms/us7000jgyv_KMRS.mseed,us7000jgyv,KMRS,KO,,HHE,broadband,0.00695,0.3031,26.56,2023-03-03T02:53:50.740000Z,,0.556,,100.0,180.0,0,0.0,False,True,True,False,True,
data/processed/waveforms/us7000jgyv_KOZT.mseed,us7000jgyv,KOZT,KO,,HHE,broadband,0.0011,0.1136,13.56,2023-03-03T02:53:57.250000Z,,0.321,,100.0,209.99,0,0.0,False,True,True,False,True,
data/processed/waveforms/us7000jgyv_SARI.mseed,us7000jgyv,SARI,KO,,HHE,broadband,0.00175,0.0905,17.6,2023-03-03T02:53:53.630000Z,,0.502,,100.0,209.99,0,0.0,False,True,True,False,True,
data/processed/waveforms/us7000jhi7_CEYT.mseed,us7000jhi7,CEYT,KO,,HHE,broadband,0.00121,0.0665,19.58,2023-03-05T20:49:54.530000Z,,0.429,,100.0,210.0,0,0.0,False,True,True,False,True,
data/processed/waveforms/us7000jhi7_KRTS.mseed,us7000jhi7,KRTS,KO,,HNE,strong_motion,0.00098,0.0616,,,,,,100.0,210.0,0,0.0,False,True,True,True,False,
data/processed/waveforms/us7000jhi7_TAHT.mseed,us7000jhi7,TAHT,KO,,HHE,broadband,0.02028,0.3344,33.68,2023-03-05T20:49:54.190000Z,,0.562,,100.0,210.0,0,0.0,False,True,True,False,True,
data/processed/waveforms/us7000jhvn_BNN.mseed,us7000jhvn,BNN,KO,,HHE,broadband,0.00068,0.038,13.93,2023-03-07T11:47:36.630000Z,2023-03-07T11:47:39.020000Z,0.264,0.305,100.0,209.99,0,0.0,False,True,True,False,True,
data/processed/waveforms/us7000jhvn_GULA.mseed,us7000jhvn,GULA,KO,,HHE,broadband,0.00053,0.0231,16.83,2023-03-07T11:47:45.060000Z,,0.325,,100.0,209.99,0,0.0,False,True,True,False,True,
data/processed/waveforms/us7000jhvn_KOZK.mseed,us7000jhvn,KOZK,KO,,HNE,strong_motion,0.00164,0.0843,6.46,2023-03-07T11:47:41.070000Z,2023-03-07T11:47:48.660000Z,0.09,0.265,100.0,209.99,0,0.0,False,True,True,True,True,
data/processed/waveforms/us7000jiph_BNN.mseed,us7000jiph,BNN,KO,,HHE,broadband,0.00139,0.1103,19.37,2023-03-10T02:28:22.800000Z,,0.444,,100.0,210.0,0,0.0,False,True,True,False,True,
data/processed/waveforms/us7000jiph_KOZK.mseed,us7000jiph,KOZK,KO,,HNE,strong_motion,0.0025,0.1446,9.2,2023-03-10T02:28:27.480000Z,2023-03-10T02:28:30.840000Z,0.117,0.344,100.0,210.0,0,0.0,False,True,True,True,True,
data/processed/waveforms/us7000jiph_SARI.mseed,us7000jiph,SARI,KO,,HHE,broadband,0.00036,0.0278,9.69,2023-03-10T02:28:33.690000Z,2023-03-10T02:28:35.050000Z,0.2,0.238,100.0,210.0,0,0.0,False,True,True,False,True,
data/processed/waveforms/us7000jjft_SVRC.mseed,us7000jjft,SVRC,KO,,HHE,broadband,0.00119,0.0503,19.66,2023-03-13T01:34:40.290000Z,,0.49,,100.0,210.0,0,0.0,False,True,True,False,True,
data/processed/waveforms/us7000jjft_URFA.mseed,us7000jjft,URFA,KO,,HHE,broadband,0.00167,0.0684,26.9,2023-03-13T01:34:44.770000Z,,0.494,,100.0,210.0,0,0.0,False,True,True,False,True,
data/processed/waveforms/us7000jjrw_DARE.mseed,us7000jjrw,DARE,KO,,HHE,broadband,0.00032,0.0453,10.5,2023-03-14T06:47:45.500000Z,,0.391,,100.0,210.0,0,0.0,False,True,True,False,True,
data/processed/waveforms/us7000jjrw_KHMN.mseed,us7000jjrw,KHMN,KO,,HNE,strong_motion,0.00036,0.0248,,,,,,100.0,210.0,0,0.0,False,True,True,True,False,
data/processed/waveforms/us7000jjrw_KMRS.mseed,us7000jjrw,KMRS,KO,,HHE,broadband,0.0003,0.0271,7.87,2023-03-14T06:47:45.990000Z,2023-03-14T06:47:55.130000Z,0.187,0.199,100.0,210.0,0,0.0,False,True,True,False,True,
data/processed/waveforms/us7000jjrw_SARI.mseed,us7000jjrw,SARI,KO,,HHE,broadband,0.00172,0.1404,15.12,2023-03-14T06:47:44.250000Z,,0.446,,100.0,210.0,0,0.0,False,True,True,False,True,
data/processed/waveforms/us7000jjv5_DARE.mseed,us7000jjv5,DARE,KO,,HHE,broadband,0.0003,0.0601,7.99,2023-03-14T14:50:02.650000Z,,0.375,,100.0,210.0,0,0.0,False,True,True,False,True,
data/processed/waveforms/us7000jjv5_GAZ.mseed,us7000jjv5,GAZ,KO,,HHE,broadband,0.00061,0.19,5.57,2023-03-14T14:50:03.140000Z,2023-03-14T14:50:11.720000Z,0.061,0.229,100.0,210.0,0,0.0,False,True,True,False,True,
data/processed/waveforms/us7000jjv5_KHMN.mseed,us7000jjv5,KHMN,KO,,HNE,strong_motion,0.00059,0.1461,,,,,,100.0,210.0,0,0.0,False,True,True,True,False,
data/processed/waveforms/us7000jjv5_KMRS.mseed,us7000jjv5,KMRS,KO,,HHN,broadband,0.00052,0.0581,19.14,2023-03-14T14:49:58.550000Z,,0.536,,100.0,84.99,2,0.1177,False,True,True,False,False,has_gaps
data/processed/waveforms/us7000jkeb_MDUB.mseed,us7000jkeb,MDUB,KO,,HHE,broadband,0.0029,0.2255,25.98,2023-03-16T10:55:15.010000Z,,0.544,,100.0,209.99,0,0.0,True,True,True,False,True,clipping_şüphesi
data/processed/waveforms/us7000jkeb_RUZG.mseed,us7000jkeb,RUZG,KO,,HHE,broadband,0.00379,0.3118,37.48,2023-03-16T10:55:11.440000Z,2023-03-16T10:57:07.310000Z,0.563,0.026,100.0,209.99,0,0.0,False,True,True,False,True,
data/processed/waveforms/us7000jkeb_UVEZ.mseed,us7000jkeb,UVEZ,KO,,HHE,broadband,0.00461,0.2478,18.44,2023-03-16T10:55:16.640000Z,2023-03-16T10:57:14.250000Z,0.503,0.015,100.0,209.99,0,0.0,False,True,True,False,True,
data/processed/waveforms/us7000jkeb_YUVA.mseed,us7000jkeb,YUVA,KO,,HNE,strong_motion,0.00099,0.0694,15.61,2023-03-16T10:55:15.400000Z,,0.414,,100.0,209.99,0,0.0,False,True,True,True,True,
data/processed/waveforms/us7000jkel_TASB.mseed,us7000jkel,TASB,KO,,HHE,broadband,0.00023,0.0599,7.53,2023-03-16T11:47:47.420000Z,2023-03-16T11:47:48.750000Z,0.339,0.128,100.0,210.0,0,0.0,False,True,True,False,True,
data/processed/waveforms/us7000jkel_VANB.mseed,us7000jkel,VANB,KO,,HHE,broadband,0.00031,0.0571,14.63,2023-03-16T11:47:41.100000Z,2023-03-16T11:48:02.770000Z,0.38,0.234,100.0,180.0,0,0.0,False,True,True,False,True,
data/processed/waveforms/us7000jl0z_KHMN.mseed,us7000jl0z,KHMN,KO,,HNE,strong_motion,0.00072,0.0381,,,,,,100.0,210.0,0,0.0,False,True,True,True,False,
data/processed/waveforms/us7000jl0z_KMRS.mseed,us7000jl0z,KMRS,KO,,HHE,broadband,0.00098,0.0396,19.52,2023-03-18T05:14:41.810000Z,2023-03-18T05:14:50.910000Z,0.55,0.335,100.0,61.88,2,0.2747,False,True,True,False,False,has_gaps
data/processed/waveforms/us7000jl0z_KOZT.mseed,us7000jl0z,KOZT,KO,,HHE,broadband,0.00031,0.0213,15.43,2023-03-18T05:14:43.850000Z,2023-03-18T05:14:55.690000Z,0.315,0.27,100.0,210.0,0,0.0,False,True,True,False,True,
data/processed/waveforms/us7000jl0z_SARI.mseed,us7000jl0z,SARI,KO,,HHE,broadband,0.00296,0.1321,20.95,2023-03-18T05:14:37.100000Z,,0.489,,100.0,210.0,0,0.0,False,True,True,False,True,
data/processed/waveforms/us7000jm54_KHMN.mseed,us7000jm54,KHMN,KO,,HNE,strong_motion,0.00298,0.11,,,,,,100.0,210.0,0,0.0,False,True,True,True,False,
data/processed/waveforms/us7000jm54_KMRS.mseed,us7000jm54,KMRS,KO,,HHE,broadband,0.00244,0.1952,29.16,2023-03-23T09:20:04.900000Z,2023-03-23T09:22:40.810000Z,0.561,0.082,100.0,39.46,0,0.0,False,True,True,False,True,
data/processed/waveforms/us7000jm54_KOZT.mseed,us7000jm54,KOZT,KO,,HHE,broadband,0.002,0.2289,17.28,2023-03-23T09:20:06.730000Z,,0.393,,100.0,210.0,0,0.0,False,True,True,False,True,
data/processed/waveforms/us7000jm54_SARI.mseed,us7000jm54,SARI,KO,,HHE,broadband,0.01391,0.2902,26.53,2023-03-23T09:19:59.830000Z,,0.528,,100.0,180.0,0,0.0,False,True,True,False,True,
data/processed/waveforms/us7000jmay_KHMN.mseed,us7000jmay,KHMN,KO,,HNE,strong_motion,0.00135,0.0776,,,,,,100.0,209.99,0,0.0,False,True,True,True,False,
data/processed/waveforms/us7000jmay_KMRS.mseed,us7000jmay,KMRS,KO,,HHE,broadband,0.00173,0.1005,22.19,2023-03-24T00:40:06.290000Z,2023-03-24T00:40:15.360000Z,0.554,0.277,100.0,69.7,0,0.0,False,True,True,False,True,
data/processed/waveforms/us7000jmay_KOZT.mseed,us7000jmay,KOZT,KO,,HHE,broadband,0.00097,0.0813,10.8,2023-03-24T00:40:07.720000Z,,0.23,,100.0,209.99,0,0.0,False,True,True,False,True,
data/processed/waveforms/us7000jmay_SARI.mseed,us7000jmay,SARI,KO,,HHE,broadband,0.00855,0.3186,25.84,2023-03-24T00:40:01.430000Z,,0.439,,100.0,209.99,0,0.0,False,True,True,False,True,
data/processed/waveforms/us7000jmbi_AKDM.mseed,us7000jmbi,AKDM,KO,,HHE,broadband,0.00049,0.0702,14.73,2023-03-24T03:17:25.020000Z,2023-03-24T03:17:48.710000Z,0.404,0.364,100.0,209.99,0,0.0,False,True,True,False,True,
data/processed/waveforms/us7000jmbi_ERCV.mseed,us7000jmbi,ERCV,KO,,HNE,strong_motion,0.0013,0.2389,,,,,,100.0,210.0,1,0.0476,False,True,True,False,False,has_gaps
data/processed/waveforms/us7000jmbi_VANB.mseed,us7000jmbi,VANB,KO,,HHE,broadband,0.00043,0.0866,15.99,2023-03-24T03:17:17.690000Z,2023-03-24T03:17:37.880000Z,0.334,0.148,100.0,179.99,0,0.0,False,True,True,False,True,
data/processed/waveforms/us7000jmme_DARE.mseed,us7000jmme,DARE,KO,,HHE,broadband,0.0009,0.0309,10.38,2023-03-25T04:39:44.400000Z,,0.359,,100.0,210.0,0,0.0,False,True,True,False,True,
data/processed/waveforms/us7000jmme_KHMN.mseed,us7000jmme,KHMN,KO,,HNZ,strong_motion,0.0004,0.0318,,,,,,100.0,210.0,1,0.0238,False,True,True,False,False,has_gaps
data/processed/waveforms/us7000jmme_KMRS.mseed,us7000jmme,KMRS,KO,,HHE,broadband,0.00024,0.014,9.49,2023-03-25T04:39:43.870000Z,,0.402,,100.0,210.0,0,0.0,False,True,True,False,True,
data/processed/waveforms/us7000jmme_SARI.mseed,us7000jmme,SARI,KO,,HHE,broadband,0.00047,0.0149,8.05,2023-03-25T04:39:44.560000Z,,0.243,,100.0,209.99,0,0.0,False,True,True,False,True,
data/processed/waveforms/us7000jw42_BODA.mseed,us7000jw42,BODA,KO,,HNE,strong_motion,0.00051,0.0792,,,,,,100.0,210.0,0,0.0,False,True,True,True,False,
data/processed/waveforms/us7000jw42_BODT.mseed,us7000jw42,BODT,KO,,HHE,broadband,0.00071,0.0736,,,,,,100.0,180.0,0,0.0,False,True,True,False,False,
data/processed/waveforms/us7000jw42_DAT.mseed,us7000jw42,DAT,KO,,HHE,broadband,0.0005,0.0703,,,,,,100.0,210.0,0,0.0,True,True,True,False,False,clipping_şüphesi
data/processed/waveforms/us7000jw42_YKAV.mseed,us7000jw42,YKAV,KO,,HNE,strong_motion,0.00045,0.0712,,,,,,100.0,180.0,0,0.0,False,True,True,True,False,
data/processed/waveforms/us7000jwv7_BNN.mseed,us7000jwv7,BNN,KO,,HHE,broadband,0.00043,0.0384,8.11,2023-04-29T01:56:06.100000Z,2023-04-29T01:56:18.590000Z,0.095,0.339,100.0,210.0,0,0.0,False,True,True,False,True,
data/processed/waveforms/us7000jwv7_KMRS.mseed,us7000jwv7,KMRS,KO,,HHE,broadband,0.0006,0.0536,15.89,2023-04-29T01:55:59.950000Z,,0.494,,100.0,210.0,0,0.0,False,True,True,False,True,
data/processed/waveforms/us7000jwv7_KOZT.mseed,us7000jwv7,KOZT,KO,,HHE,broadband,0.00091,0.0823,18.73,2023-04-29T01:56:01.830000Z,,0.422,,100.0,181.68,0,0.0,False,True,True,False,True,
data/processed/waveforms/us7000jwv7_SARI.mseed,us7000jwv7,SARI,KO,,HHE,broadband,0.00428,0.1984,21.75,2023-04-29T01:55:54.900000Z,2023-04-29T01:55:56.460000Z,0.405,0.522,100.0,156.68,0,0.0,False,True,True,False,True,
data/processed/waveforms/us7000jxsv_KHMN.mseed,us7000jxsv,KHMN,KO,,HNE,strong_motion,0.00165,0.1039,,,,,,100.0,210.0,0,0.0,False,True,True,True,False,
data/processed/waveforms/us7000jxsv_KMRS.mseed,us7000jxsv,KMRS,KO,,HHE,broadband,0.00507,0.1884,25.37,2023-05-03T17:16:50.870000Z,,0.56,,100.0,79.99,0,0.0,False,True,True,False,True,
data/processed/waveforms/us7000jxsv_KOZT.mseed,us7000jxsv,KOZT,KO,,HHE,broadband,0.00137,0.1268,7.06,2023-05-03T17:16:55.510000Z,,0.389,,100.0,160.7,0,0.0,False,True,True,False,True,
data/processed/waveforms/us7000jxsv_SARI.mseed,us7000jxsv,SARI,KO,,HHE,broadband,0.00686,0.182,25.87,2023-05-03T17:16:45.410000Z,,0.536,,100.0,127.7,0,0.0,False,True,True,False,True,
data/processed/waveforms/us7000k6ge_KHMN.mseed,us7000k6ge,KHMN,KO,,HNE,strong_motion,0.00043,0.0156,,,,,,100.0,210.0,0,0.0,False,True,True,True,False,
data/processed/waveforms/us7000k6ge_KMRS.mseed,us7000k6ge,KMRS,KO,,HHE,broadband,0.00053,0.0293,11.81,2023-06-05T16:40:58.970000Z,,0.477,,100.0,191.91,3,0.1563,False,True,True,False,False,has_gaps
data/processed/waveforms/us7000k6ge_KOZT.mseed,us7000k6ge,KOZT,KO,,HHE,broadband,0.0002,0.0183,9.3,2023-06-05T16:41:15.270000Z,,0.224,,100.0,146.99,0,0.0,False,True,True,False,True,
data/processed/waveforms/us7000k6ge_SARI.mseed,us7000k6ge,SARI,KO,,HHE,broadband,0.00503,0.1637,23.7,2023-06-05T16:40:56.260000Z,,0.536,,100.0,171.91,0,0.0,False,True,True,False,True,
data/processed/waveforms/us7000k970_AKDM.mseed,us7000k970,AKDM,KO,,HHE,broadband,9e-05,0.0099,11.29,2023-06-17T12:31:14.170000Z,2023-06-17T12:31:38.960000Z,0.347,0.12,100.0,210.0,0,0.0,False,True,True,False,True,
data/processed/waveforms/us7000k970_CLDR.mseed,us7000k970,CLDR,KO,,HHE,broadband,0.00081,0.0805,11.85,2023-06-17T12:31:03.790000Z,,0.226,,100.0,210.0,0,0.0,False,True,True,False,True,
data/processed/waveforms/us7000k970_ERCV.mseed,us7000k970,ERCV,KO,,HNE,strong_motion,0.00049,0.0603,,,,,,100.0,210.0,0,0.0,False,True,True,True,False,
data/processed/waveforms/us7000k970_VANB.mseed,us7000k970,VANB,KO,,HHZ,broadband,0.00011,0.0143,15.58,2023-06-17T12:31:07.340000Z,2023-06-17T12:31:28.440000Z,0.44,0.008,100.0,210.0,1,0.0238,False,True,True,False,False,has_gaps
data/processed/waveforms/us7000ki5u_CEYT.mseed,us7000ki5u,CEYT,KO,,HHE,broadband,0.00476,0.3359,38.99,2023-07-25T05:45:02.280000Z,2023-07-25T05:45:18.010000Z,0.562,0.104,100.0,180.0,0,0.0,False,True,True,False,True,
data/processed/waveforms/us7000ki5u_CMRD.mseed,us7000ki5u,CMRD,KO,,HNE,strong_motion,0.00247,0.1256,12.99,2023-07-25T05:45:03.560000Z,,0.384,,100.0,210.0,0,0.0,False,True,True,True,True,
data/processed/waveforms/us7000ki5u_KMRS.mseed,us7000ki5u,KMRS,KO,,HHE,broadband,0.0036,0.2843,30.27,2023-07-25T05:45:05.610000Z,2023-07-25T05:45:17.630000Z,0.557,0.141,100.0,210.0,0,0.0,False,True,True,False,True,
data/processed/waveforms/us7000ki5u_KOZT.mseed,us7000ki5u,KOZT,KO,,HHE,broadband,0.0148,0.4249,47.95,2023-07-25T05:44:53.330000Z,,0.565,,100.0,71.99,1,0.0695,False,True,True,False,False,has_gaps
data/processed/waveforms/us7000knrn_CEYT.mseed,us7000knrn,CEYT,KO,,HHE,broadband,0.00115,0.0559,15.39,2023-08-16T14:37:14.090000Z,,0.43,,100.0,210.0,0,0.0,False,True,True,False,True,
data/processed/waveforms/us7000knrn_CMRD.mseed,us7000knrn,CMRD,KO,,HNE,strong_motion,0.01422,0.233,16.09,2023-08-16T14:37:04.650000Z,,0.444,,100.0,210.0,0,0.0,False,True,True,True,True,
data/processed/waveforms/us7000kq2s_BNN.mseed,us7000kq2s,BNN,KO,,HHE,broadband,0.00066,0.0437,11.49,2023-08-22T10:17:48.460000Z,,0.366,,100.0,210.0,0,0.0,False,True,True,False,True,
data/processed/waveforms/us7000kq2s_DARE.mseed,us7000kq2s,DARE,KO,,HHE,broadband,0.00142,0.0501,14.26,2023-08-22T10:17:45.910000Z,,0.409,,100.0,210.0,0,0.0,False,True,True,False,True,
data/processed/waveforms/us7000kq2s_KMRS.mseed,us7000kq2s,KMRS,KO,,HHE,broadband,0.00162,0.109,12.61,2023-08-22T10:17:52.620000Z,2023-08-22T10:17:55.420000Z,0.201,0.487,100.0,61.19,1,0.0817,False,True,True,False,False,has_gaps
data/processed/waveforms/us7000kq2s_SARI.mseed,us7000kq2s,SARI,KO,,HHE,broadband,0.01932,0.3242,45.51,2023-08-22T10:17:38.270000Z,,0.564,,100.0,210.0,0,0.0,False,True,True,False,True,
data/processed/waveforms/us7000kqky_ARPRA.mseed,us7000kqky,ARPRA,KO,,HNZ,strong_motion,0.00106,0.0791,,,,,,100.0,210.0,1,0.0476,False,True,True,False,False,has_gaps
data/processed/waveforms/us7000kqky_DARE.mseed,us7000kqky,DARE,KO,,HHE,broadband,0.0003,0.0272,15.84,2023-08-24T05:35:35.180000Z,2023-08-24T05:37:24.610000Z,0.488,0.007,100.0,210.0,0,0.0,False,True,True,False,True,
data/processed/waveforms/us7000kqky_SVRC.mseed,us7000kqky,SVRC,KO,,HHE,broadband,0.0009,0.0666,18.95,2023-08-24T05:35:40.340000Z,2023-08-24T05:35:53.680000Z,0.509,0.132,100.0,210.0,0,0.0,False,True,True,False,True,
data/processed/waveforms/us7000krp7_BODT.mseed,us7000krp7,BODT,KO,,HHE,broadband,2e-05,0.0017,,,,,,100.0,210.0,0,0.0,False,True,True,False,False,
data/processed/waveforms/us7000krp7_DAT.mseed,us7000krp7,DAT,KO,,HHE,broadband,1e-05,0.0011,,,,,,100.0,210.0,0,0.0,True,True,True,False,False,clipping_şüphesi
data/processed/waveforms/us7000krp7_DATC.mseed,us7000krp7,DATC,KO,,HNE,strong_motion,0.00169,0.0358,,,,,,100.0,210.0,0,0.0,False,True,True,True,False,
data/processed/waveforms/us7000krp7_YKAV.mseed,us7000krp7,YKAV,KO,,HNE,strong_motion,6e-05,0.01,,,,,,100.0,210.0,0,0.0,False,True,True,True,False,
data/processed/waveforms/us7000krs4_AFSR.mseed,us7000krs4,AFSR,KO,,HHE,broadband,0.00297,0.2343,27.28,2023-08-29T04:58:28.310000Z,,0.548,,100.0,210.0,0,0.0,False,True,True,False,True,
data/processed/waveforms/us7000krs4_CHBY.mseed,us7000krs4,CHBY,KO,,HHE,broadband,0.00217,0.2106,46.79,2023-08-29T04:58:21.670000Z,,0.565,,100.0,210.0,0,0.0,False,True,True,False,True,
data/processed/waveforms/us7000krs4_KULU.mseed,us7000krs4,KULU,KO,,HHE,broadband,0.02115,0.2407,68.81,2023-08-29T04:58:17.480000Z,,0.565,,100.0,210.0,0,0.0,False,True,True,False,True,
data/processed/waveforms/us7000krs4_SERE.mseed,us7000krs4,SERE,KO,,HHE,broadband,0.00157,0.0855,47.78,2023-08-29T04:58:24.780000Z,,0.565,,100.0,210.0,0,0.0,False,True,True,False,True,
data/processed/waveforms/us7000kuw4_AKDM.mseed,us7000kuw4,AKDM,KO,,HHE,broadband,7e-05,0.0129,6.25,2023-09-10T21:44:57.970000Z,2023-09-10T21:45:51.010000Z,0.24,0.034,100.0,210.0,0,0.0,False,True,True,False,True,
data/processed/waveforms/us7000kuw4_CUKT.mseed,us7000kuw4,CUKT,KO,,HHE,broadband,0.00044,0.0517,5.05,2023-09-10T21:44:30.270000Z,2023-09-10T21:44:35.900000Z,0.369,0.258,100.0,210.0,0,0.0,False,True,True,False,True,
data/processed/waveforms/us7000kuw4_SIRT.mseed,us7000kuw4,SIRT,KO,,HHE,broadband,0.00039,0.0317,12.77,2023-09-10T21:44:48.060000Z,2023-09-10T21:44:49.540000Z,0.331,0.297,100.0,210.0,0,0.0,False,True,True,False,True,
data/processed/waveforms/us7000kxls_KHMN.mseed,us7000kxls,KHMN,KO,,HNE,strong_motion,0.00086,0.0404,,,,,,100.0,210.0,0,0.0,False,True,True,True,False,
data/processed/waveforms/us7000kxls_KMRS.mseed,us7000kxls,KMRS,KO,,HHE,broadband,0.0007,0.0391,21.76,2023-09-23T08:22:33.790000Z,,0.555,,100.0,210.0,0,0.0,False,True,True,False,True,
data/processed/waveforms/us7000kxls_KOZT.mseed,us7000kxls,KOZT,KO,,HHE,broadband,0.00041,0.0396,15.78,2023-09-23T08:22:36.720000Z,,0.436,,100.0,210.0,0,0.0,False,True,True,False,True,
data/processed/waveforms/us7000kxls_SARI.mseed,us7000kxls,SARI,KO,,HHE,broadband,0.01358,0.2883,24.26,2023-09-23T08:22:30.850000Z,2023-09-23T08:24:27.280000Z,0.53,0.048,100.0,210.0,0,0.0,False,True,True,False,True,
data/processed/waveforms/us7000l8hp_DAT.mseed,us7000l8hp,DAT,KO,,HHE,broadband,6e-05,0.0033,,,,,,100.0,210.0,0,0.0,True,True,True,False,False,clipping_şüphesi
data/processed/waveforms/us7000l8hp_DATC.mseed,us7000l8hp,DATC,KO,,HNE,strong_motion,0.00019,0.0121,,,,,,100.0,210.0,0,0.0,False,True,True,True,False,
data/processed/waveforms/us7000l9r5_CEYT.mseed,us7000l9r5,CEYT,KO,,HHE,broadband,0.00128,0.0679,17.32,2023-11-09T02:32:27.990000Z,,0.403,,100.0,210.0,0,0.0,False,True,True,False,True,
data/processed/waveforms/us7000l9r5_KRTS.mseed,us7000l9r5,KRTS,KO,,HNE,strong_motion,0.00132,0.0841,,,,,,100.0,210.0,0,0.0,False,True,True,True,False,
data/processed/waveforms/us7000l9r5_TAHT.mseed,us7000l9r5,TAHT,KO,,HHE,broadband,0.0544,0.5361,41.6,2023-11-09T02:32:19.630000Z,,0.564,,100.0,210.0,0,0.0,False,True,True,False,True,
data/processed/waveforms/us7000ledq_DARE.mseed,us7000ledq,DARE,KO,,HHE,broadband,0.00017,0.0171,7.81,2023-11-23T14:50:13.930000Z,2023-11-23T14:50:28.750000Z,0.093,0.041,100.0,210.0,0,0.0,False,True,True,False,True,
data/processed/waveforms/us7000ledq_SVRC.mseed,us7000ledq,SVRC,KO,,HHE,broadband,0.00056,0.023,18.75,2023-11-23T14:50:09.070000Z,,0.537,,100.0,210.0,0,0.0,False,True,True,False,True,
data/processed/waveforms/us7000ledq_URFA.mseed,us7000ledq,URFA,KO,,HHE,broadband,0.00383,0.0646,0.57,2023-11-23T14:49:57.970000Z,2023-11-23T14:50:12.030000Z,0.058,0.487,100.0,210.0,0,0.0,False,True,True,False,True,
data/processed/waveforms/us7000leyu_ARPRA.mseed,us7000leyu,ARPRA,KO,,HNE,strong_motion,0.00084,0.0709,,,,,,100.0,210.0,0,0.0,False,True,True,True,False,
data/processed/waveforms/us7000leyu_DARE.mseed,us7000leyu,DARE,KO,,HHE,broadband,0.00255,0.1519,35.61,2023-12-01T00:18:53.340000Z,,0.553,,100.0,210.0,0,0.0,False,True,True,False,True,
data/processed/waveforms/us7000leyu_SARI.mseed,us7000leyu,SARI,KO,,HHE,broadband,0.00049,0.0333,10.27,2023-12-01T00:19:06.410000Z,,0.206,,100.0,210.0,0,0.0,False,True,True,False,True,
data/processed/waveforms/us7000lg2l_ESKY.mseed,us7000lg2l,ESKY,KO,,HNE,strong_motion,0.02299,1.3861,,,,,,100.0,210.0,0,0.0,False,True,True,True,False,
data/processed/waveforms/us7000lg2l_MDNY.mseed,us7000lg2l,MDNY,KO,,HNE,strong_motion,0.14655,6.2084,50.91,2023-12-04T07:42:23.340000Z,,0.565,,100.0,180.0,0,0.0,False,True,True,True,True,
data/processed/waveforms/us7000lj55_CEYT.mseed,us7000lj55,CEYT,KO,,HHE,broadband,6e-05,0.0047,,,,,,100.0,210.0,0,0.0,False,True,True,False,False,
data/processed/waveforms/us7000lj55_KRTS.mseed,us7000lj55,KRTS,KO,,HNE,strong_motion,0.00012,0.0096,,,,,,100.0,113.06,0,0.0,False,True,True,True,False,
data/processed/waveforms/us7000ltqd_DARE.mseed,us7000ltqd,DARE,KO,,HHE,broadband,0.00085,0.0647,19.91,2024-01-25T13:04:20.690000Z,,0.512,,100.0,210.0,0,0.0,False,True,True,False,True,
data/processed/waveforms/us7000ltqd_URFA.mseed,us7000ltqd,URFA,KO,,HHE,broadband,0.0032,0.1533,28.49,2024-01-25T13:04:23.900000Z,,0.538,,100.0,210.0,0,0.0,False,True,True,False,True,
data/processed/waveforms/us7000luac_BLCB.mseed,us7000luac,BLCB,KO,,HHE,broadband,0.00327,0.1972,31.38,2024-01-27T05:19:27.970000Z,,0.562,,100.0,209.99,0,0.0,True,True,True,False,True,clipping_şüphesi
data/processed/waveforms/us7000luac_DIDI.mseed,us7000luac,DIDI,KO,,HNE,strong_motion,0.00612,0.3191,,,,,,100.0,209.99,0,0.0,False,True,True,True,False,
data/processed/waveforms/us7000luac_GMLD.mseed,us7000luac,GMLD,KO,,HNE,strong_motion,0.11115,3.4921,0.4,2024-01-27T05:19:27.760000Z,,0.017,,100.0,179.99,0,0.0,False,True,True,True,True,
data/processed/waveforms/us7000luac_KUSD.mseed,us7000luac,KUSD,KO,,HNE,strong_motion,0.02222,0.956,,,,,,100.0,179.99,0,0.0,False,True,True,True,False,
data/processed/waveforms/us7000m42k_DALY.mseed,us7000m42k,DALY,KO,,HHE,broadband,0.00598,0.2059,21.49,2024-03-08T04:27:23.490000Z,,0.54,,100.0,210.0,0,0.0,False,True,True,False,True,
data/processed/waveforms/us7000m42k_FETY.mseed,us7000m42k,FETY,KO,,HHE,broadband,0.00231,0.0734,16.18,2024-03-08T04:27:25.280000Z,,0.49,,100.0,210.0,0,0.0,False,True,True,False,True,
data/processed/waveforms/us7000m4jl_ANTB.mseed,us7000m4jl,ANTB,KO,,HHE,broadband,0.00064,0.0662,,,,,,100.0,210.0,0,0.0,False,True,True,False,False,
data/processed/waveforms/us7000m4jl_DEMR.mseed,us7000m4jl,DEMR,KO,,HNE,strong_motion,0.00394,0.2208,,,,,,100.0,210.0,0,0.0,False,True,True,True,False,
data/processed/waveforms/us7000m4jl_ELL.mseed,us7000m4jl,ELL,KO,,HHE,broadband,0.0005,0.036,14.89,2024-03-10T13:56:09.630000Z,2024-03-10T13:56:22.450000Z,0.498,0.112,100.0,210.0,0,0.0,False,True,True,False,True,
data/processed/waveforms/us7000m4jl_KEMT.mseed,us7000m4jl,KEMT,KO,,HNE,strong_motion,0.00231,0.0965,,,,,,100.0,210.0,0,0.0,False,True,True,True,False,
data/processed/waveforms/us7000m8v4_SINE.mseed,us7000m8v4,SINE,KO,,HHE,broadband,0.00053,0.0273,11.01,2024-03-30T00:25:17.570000Z,,0.236,,100.0,210.0,0,0.0,False,True,True,False,True,
data/processed/waveforms/us7000m8xt_BCA.mseed,us7000m8xt,BCA,KO,,HHE,broadband,0.00024,0.0133,4.51,2024-03-30T13:45:07.310000Z,2024-03-30T13:45:31.580000Z,0.181,0.439,100.0,210.0,0,0.0,False,True,True,False,True,
data/processed/waveforms/us7000m8xt_HOPA.mseed,us7000m8xt,HOPA,KO,,HNE,strong_motion,0.00041,0.0231,,,,,,100.0,210.0,0,0.0,False,True,True,True,False,
data/processed/waveforms/us7000m8xt_KARS.mseed,us7000m8xt,KARS,KO,,HHE,broadband,7e-05,0.0094,3.58,2024-03-30T13:45:12.980000Z,2024-03-30T13:45:38.190000Z,0.14,0.147,100.0,210.0,0,0.0,False,True,True,False,True,
data/processed/waveforms/us7000m8xt_SENK.mseed,us7000m8xt,SENK,KO,,HHE,broadband,5e-05,0.0043,,,,,,100.0,208.36,4,0.1152,False,True,True,False,False,has_gaps
data/processed/waveforms/us7000mcs6_CAYL.mseed,us7000mcs6,CAYL,KO,,HHE,broadband,0.00125,0.0515,21.05,2024-04-17T22:07:06.400000Z,,0.539,,100.0,210.0,0,0.0,False,True,True,False,True,
data/processed/waveforms/us7000mcs6_TOKT.mseed,us7000mcs6,TOKT,KO,,HHE,broadband,0.0009,0.0489,,,,,,100.0,210.0,0,0.0,True,True,True,False,False,clipping_şüphesi
data/processed/waveforms/us7000mcs6_YOZ.mseed,us7000mcs6,YOZ,KO,,HHE,broadband,0.00088,0.0456,,,,,,100.0,210.0,0,0.0,False,True,True,False,False,
data/processed/waveforms/us7000mcxc_CAYL.mseed,us7000mcxc,CAYL,KO,,HHE,broadband,0.00954,0.3204,36.22,2024-04-18T15:11:29.980000Z,,0.562,,100.0,180.0,0,0.0,False,True,True,False,True,
data/processed/waveforms/us7000mcxc_TOKT.mseed,us7000mcxc,TOKT,KO,,HHE,broadband,0.00498,0.7707,,,,,,100.0,180.0,0,0.0,True,True,True,False,False,clipping_şüphesi
data/processed/waveforms/us7000mcxc_YOZ.mseed,us7000mcxc,YOZ,KO,,HHE,broadband,0.00913,0.2846,47.19,2024-04-18T15:11:35.980000Z,,0.565,,100.0,210.0,0,0.0,False,True,True,False,True,
data/processed/waveforms/us7000mq51_BCA.mseed,us7000mq51,BCA,KO,,HHE,broadband,0.00054,0.0256,9.61,2024-06-03T22:04:12.800000Z,2024-06-03T22:04:37.450000Z,0.247,0.359,100.0,210.0,0,0.0,False,True,True,False,True,
data/processed/waveforms/us7000mq51_HOPA.mseed,us7000mq51,HOPA,KO,,HNE,strong_motion,0.00096,0.0597,,,,,,100.0,210.0,0,0.0,False,True,True,True,False,
data/processed/waveforms/us7000mq51_KARS.mseed,us7000mq51,KARS,KO,,HHE,broadband,0.00019,0.0211,13.34,2024-06-03T22:04:16.300000Z,2024-06-03T22:04:18.110000Z,0.289,0.142,100.0,210.0,0,0.0,False,True,True,False,True,
data/processed/waveforms/us7000mq51_SENK.mseed,us7000mq51,SENK,KO,,HHE,broadband,0.0001,0.0132,,,,,,100.0,210.0,4,0.119,False,True,True,False,False,has_gaps
data/processed/waveforms/us7000ms04_DAT.mseed,us7000ms04,DAT,KO,,HHE,broadband,0.00631,0.2706,,,,,,100.0,210.0,0,0.0,True,True,True,False,False,clipping_şüphesi
data/processed/waveforms/us7000ms04_DATC.mseed,us7000ms04,DATC,KO,,HNE,strong_motion,0.01903,1.1727,,,,,,100.0,210.0,0,0.0,False,True,True,True,False,
data/processed/waveforms/us7000mxzg_DATC.mseed,us7000mxzg,DATC,KO,,HNE,strong_motion,0.00472,0.1058,,,,,,100.0,210.0,0,0.0,False,True,True,True,False,
data/processed/waveforms/us7000n0uq_BMYO.mseed,us7000n0uq,BMYO,KO,,HNE,strong_motion,0.01034,0.8969,,,,,,100.0,210.0,0,0.0,False,True,True,True,False,
data/processed/waveforms/us7000n0uq_EZN.mseed,us7000n0uq,EZN,KO,,HHE,broadband,0.03322,0.3199,46.39,2024-07-22T14:39:26.570000Z,,0.565,,100.0,210.0,0,0.0,False,True,True,False,True,
data/processed/waveforms/us7000n0uq_EZNE.mseed,us7000n0uq,EZNE,KO,,HNE,strong_motion,0.08778,3.4366,3.91,2024-07-22T14:39:25.750000Z,2024-07-22T14:39:27.610000Z,0.089,0.124,100.0,210.0,0,0.0,False,True,True,True,True,
data/processed/waveforms/us7000n0uq_GPNR.mseed,us7000n0uq,GPNR,KO,,HNZ,strong_motion,0.01022,0.499,,,,,,100.0,210.0,1,0.0238,False,True,True,False,False,has_gaps
data/processed/waveforms/us7000n7dh_GAZ.mseed,us7000n7dh,GAZ,KO,,HHE,broadband,0.00097,0.089,4.02,2024-08-16T10:16:19.890000Z,2024-08-16T10:16:42.210000Z,0.018,0.277,100.0,210.0,0,0.0,False,True,True,False,True,
data/processed/waveforms/us7000n7dh_KRTS.mseed,us7000n7dh,KRTS,KO,,HNE,strong_motion,0.00043,0.038,,,,,,100.0,210.0,1,0.0238,False,True,True,False,False,has_gaps
data/processed/waveforms/us7000n7dh_TAHT.mseed,us7000n7dh,TAHT,KO,,HHE,broadband,0.00507,0.1745,21.76,2024-08-16T10:16:03.140000Z,2024-08-16T10:16:23.740000Z,0.47,0.319,100.0,210.0,0,0.0,False,True,True,False,True,
data/processed/waveforms/us7000nni1_CEYT.mseed,us7000nni1,CEYT,KO,,HHE,broadband,0.00131,0.1579,27.38,2024-10-27T17:07:22.290000Z,2024-10-27T17:07:37.080000Z,0.525,0.284,100.0,210.0,0,0.0,False,True,True,False,True,
data/processed/waveforms/us7000nni1_CMRD.mseed,us7000nni1,CMRD,KO,,HNE,strong_motion,0.00119,0.0442,2.36,2024-10-27T17:07:26.480000Z,2024-10-27T17:07:33.930000Z,0.057,0.081,100.0,210.0,0,0.0,False,True,True,True,True,
data/processed/waveforms/us7000nni1_KMRS.mseed,us7000nni1,KMRS,KO,,HHE,broadband,0.00126,0.1132,15.9,2024-10-27T17:07:24.510000Z,,0.379,,100.0,210.0,0,0.0,False,True,True,False,True,
data/processed/waveforms/us7000nni1_KOZT.mseed,us7000nni1,KOZT,KO,,HHE,broadband,0.00809,0.2888,41.82,2024-10-27T17:07:12.770000Z,,0.564,,100.0,186.33,0,0.0,False,True,True,False,True,
data/processed/waveforms/us7000nqls_DYBB.mseed,us7000nqls,DYBB,KO,,HHE,broadband,0.00232,0.1022,14.63,2024-11-08T14:04:18.740000Z,2024-11-08T14:06:33.780000Z,0.431,0.011,100.0,210.0,0,0.0,False,True,True,False,True,
data/processed/waveforms/us7000nqls_SINE.mseed,us7000nqls,SINE,KO,,HHE,broadband,0.00214,0.1045,15.81,2024-11-08T14:04:11.740000Z,,0.449,,100.0,210.0,0,0.0,False,True,True,False,True,
data/processed/waveforms/us7000nqls_SVRC.mseed,us7000nqls,SVRC,KO,,HHE,broadband,0.01102,0.2873,33.96,2024-11-08T14:04:07.510000Z,,0.559,,100.0,164.62,0,0.0,False,True,True,False,True,
data/processed/waveforms/us7000nrxw_DARE.mseed,us7000nrxw,DARE,KO,,HHE,broadband,0.00158,0.1075,21.8,2024-11-15T07:46:30.590000Z,,0.545,,100.0,187.27,0,0.0,False,True,True,False,True,
data/processed/waveforms/us7000nrxw_KHMN.mseed,us7000nrxw,KHMN,KO,,HNE,strong_motion,0.00115,1.0011,,,,,,100.0,68.99,6,2.5221,False,False,True,False,False,"has_gaps,eksik_bileşen,Z_bileşeni_yok_veya_kısa"
data/processed/waveforms/us7000nrxw_KMRS.mseed,us7000nrxw,KMRS,KO,,HHE,broadband,0.00193,0.1053,19.02,2024-11-15T07:46:34.440000Z,,0.454,,100.0,209.99,0,0.0,False,True,True,False,True,
data/processed/waveforms/us7000nrxw_NURH.mseed,us7000nrxw,NURH,KO,,HHE,broadband,0.0631,0.4644,36.89,2024-11-15T07:46:22.670000Z,,0.563,,100.0,209.99,0,0.0,False,True,True,False,True,
data/processed/waveforms/us7000nry6_BCA.mseed,us7000nry6,BCA,KO,,HHE,broadband,0.01321,0.2203,15.53,2024-11-15T09:02:15.300000Z,,0.473,,100.0,140.15,6,0.2854,False,True,True,False,False,has_gaps
data/processed/waveforms/us7000nry6_CHAY.mseed,us7000nry6,CHAY,KO,,HNE,strong_motion,0.09638,3.4427,,,,,,100.0,210.0,0,0.0,False,True,True,True,False,
data/processed/waveforms/us7000nry6_CHOM.mseed,us7000nry6,CHOM,KO,,HHE,broadband,0.0706,2.3649,51.24,2024-11-15T09:02:06.230000Z,,0.565,,100.0,108.99,5,0.2753,False,True,True,False,False,has_gaps
data/processed/waveforms/us7000nv00_ALAN.mseed,us7000nv00,ALAN,KO,,HNE,strong_motion,0.01812,0.6479,,,,,,100.0,210.0,0,0.0,False,True,True,True,False,
data/processed/waveforms/us7000nv00_BOZY.mseed,us7000nv00,BOZY,KO,,HNE,strong_motion,0.00355,0.0906,,,,,,100.0,147.55,0,0.0,False,True,True,True,False,
data/processed/waveforms/us7000nv00_LMOS.mseed,us7000nv00,LMOS,KO,,HHE,broadband,0.00056,0.0269,21.7,2024-11-29T19:13:34.220000Z,2024-11-29T19:13:49.400000Z,0.55,0.088,100.0,210.0,0,0.0,False,True,True,False,True,
data/processed/waveforms/us7000nv00_MNVG.mseed,us7000nv00,MNVG,KO,,HNE,strong_motion,0.00323,0.1641,,,,,,100.0,210.0,0,0.0,False,True,True,True,False,
data/processed/waveforms/us7000nvuc_ALAN.mseed,us7000nvuc,ALAN,KO,,HNN,strong_motion,0.00382,0.1875,,,,,,100.0,131.73,0,0.0,False,False,True,True,False,eksik_bileşen
data/processed/waveforms/us7000nvuc_BOZY.mseed,us7000nvuc,BOZY,KO,,HNE,strong_motion,0.00437,0.1253,,,,,,100.0,210.0,0,0.0,False,True,True,True,False,
data/processed/waveforms/us7000nvuc_LMOS.mseed,us7000nvuc,LMOS,KO,,HHE,broadband,0.00036,0.0162,9.1,2024-12-04T09:09:28.750000Z,,0.347,,100.0,210.0,0,0.0,False,True,True,False,True,
data/processed/waveforms/us7000nvuc_MNVG.mseed,us7000nvuc,MNVG,KO,,HNE,strong_motion,0.00245,0.1091,,,,,,100.0,210.0,0,0.0,False,True,True,True,False,
data/processed/waveforms/us7000parp_BODA.mseed,us7000parp,BODA,KO,,HNE,strong_motion,0.00026,0.03,,,,,,100.0,210.0,0,0.0,False,True,True,True,False,
data/processed/waveforms/us7000parp_BODT.mseed,us7000parp,BODT,KO,,HHE,broadband,0.00048,0.0328,,,,,,100.0,210.0,0,0.0,False,True,True,False,False,
data/processed/waveforms/us7000parp_DIDI.mseed,us7000parp,DIDI,KO,,HNE,strong_motion,0.00054,0.0758,,,,,,100.0,210.0,0,0.0,False,True,True,True,False,
data/processed/waveforms/us7000parp_YKAV.mseed,us7000parp,YKAV,KO,,HNE,strong_motion,0.00035,0.0286,,,,,,100.0,210.0,0,0.0,False,True,True,True,False,
data/processed/waveforms/us7000patf_BODA.mseed,us7000patf,BODA,KO,,HNE,strong_motion,0.00034,0.0164,,,,,,100.0,210.0,0,0.0,False,True,True,True,False,
data/processed/waveforms/us7000patf_BODT.mseed,us7000patf,BODT,KO,,HHE,broadband,0.0007,0.0377,,,,,,100.0,210.0,0,0.0,False,True,True,False,False,
data/processed/waveforms/us7000patf_DIDI.mseed,us7000patf,DIDI,KO,,HNE,strong_motion,0.00074,0.055,,,,,,100.0,210.0,0,0.0,False,True,True,True,False,
data/processed/waveforms/us7000patf_YKAV.mseed,us7000patf,YKAV,KO,,HNE,strong_motion,0.00041,0.0273,,,,,,100.0,210.0,0,0.0,False,True,True,True,False,
data/processed/waveforms/us7000paup_BODA.mseed,us7000paup,BODA,KO,,HNE,strong_motion,0.0002,0.0175,,,,,,100.0,210.0,0,0.0,False,True,True,True,False,
data/processed/waveforms/us7000paup_BODT.mseed,us7000paup,BODT,KO,,HHE,broadband,0.00028,0.0137,,,,,,100.0,210.0,0,0.0,False,True,True,False,False,
data/processed/waveforms/us7000paup_DIDI.mseed,us7000paup,DIDI,KO,,HNN,strong_motion,0.0006,0.0622,,,,,,100.0,210.0,1,0.0238,False,True,True,False,False,has_gaps
data/processed/waveforms/us7000paup_YKAV.mseed,us7000paup,YKAV,KO,,HNE,strong_motion,0.00019,0.0211,,,,,,100.0,210.0,0,0.0,False,True,True,True,False,
data/processed/waveforms/us7000pauq_BODA.mseed,us7000pauq,BODA,KO,,HNE,strong_motion,9e-05,0.0166,,,,,,100.0,210.0,0,0.0,False,True,True,True,False,
data/processed/waveforms/us7000pauq_BODT.mseed,us7000pauq,BODT,KO,,HHE,broadband,9e-05,0.0073,,,,,,100.0,210.0,0,0.0,False,True,True,False,False,
data/processed/waveforms/us7000pauq_DIDI.mseed,us7000pauq,DIDI,KO,,HNE,strong_motion,0.00044,0.018,,,,,,100.0,210.0,0,0.0,False,True,True,True,False,
data/processed/waveforms/us7000pauq_YKAV.mseed,us7000pauq,YKAV,KO,,HNE,strong_motion,8e-05,0.0135,,,,,,100.0,210.0,0,0.0,False,True,True,True,False,
data/processed/waveforms/us7000pavd_BODA.mseed,us7000pavd,BODA,KO,,HNE,strong_motion,0.00016,0.0151,,,,,,100.0,210.0,0,0.0,False,True,True,True,False,
data/processed/waveforms/us7000pavd_BODT.mseed,us7000pavd,BODT,KO,,HHE,broadband,4e-05,0.0021,,,,,,100.0,210.0,0,0.0,False,True,True,False,False,
data/processed/waveforms/us7000pavd_DIDI.mseed,us7000pavd,DIDI,KO,,HNE,strong_motion,0.00046,0.0182,,,,,,100.0,210.0,0,0.0,False,True,True,True,False,
data/processed/waveforms/us7000pavd_YKAV.mseed,us7000pavd,YKAV,KO,,HNE,strong_motion,4e-05,0.0159,,,,,,100.0,210.0,0,0.0,False,True,True,True,False,
data/processed/waveforms/us7000pawd_BODA.mseed,us7000pawd,BODA,KO,,HNE,strong_motion,8e-05,0.0033,,,,,,100.0,210.0,0,0.0,False,True,True,True,False,
data/processed/waveforms/us7000pawd_BODT.mseed,us7000pawd,BODT,KO,,HHE,broadband,0.00014,0.0079,,,,,,100.0,210.0,0,0.0,False,True,True,False,False,
data/processed/waveforms/us7000pawd_DIDI.mseed,us7000pawd,DIDI,KO,,HNE,strong_motion,0.0005,0.0226,,,,,,100.0,210.0,0,0.0,False,True,True,True,False,
data/processed/waveforms/us7000pawd_YKAV.mseed,us7000pawd,YKAV,KO,,HNE,strong_motion,8e-05,0.0084,,,,,,100.0,210.0,0,0.0,False,True,True,True,False,
data/processed/waveforms/us7000paz6_BODA.mseed,us7000paz6,BODA,KO,,HNE,strong_motion,0.00022,0.0349,,,,,,100.0,210.0,0,0.0,False,True,True,True,False,
data/processed/waveforms/us7000paz6_BODT.mseed,us7000paz6,BODT,KO,,HHE,broadband,0.00026,0.0208,,,,,,100.0,210.0,2,0.0476,False,True,True,False,False,has_gaps
data/processed/waveforms/us7000paz6_DAT.mseed,us7000paz6,DAT,KO,,HHE,broadband,6e-05,0.0039,,,,,,100.0,210.0,0,0.0,True,True,True,False,False,clipping_şüphesi
data/processed/waveforms/us7000paz6_YKAV.mseed,us7000paz6,YKAV,KO,,HNE,strong_motion,0.00022,0.0338,,,,,,100.0,210.0,0,0.0,False,True,True,True,False,
data/processed/waveforms/us7000pazc_BODA.mseed,us7000pazc,BODA,KO,,HNE,strong_motion,0.00013,0.0365,,,,,,100.0,210.0,0,0.0,False,True,True,True,False,
data/processed/waveforms/us7000pazc_BODT.mseed,us7000pazc,BODT,KO,,HHE,broadband,0.0003,0.0092,,,,,,100.0,210.0,0,0.0,False,True,True,False,False,
data/processed/waveforms/us7000pazc_DIDI.mseed,us7000pazc,DIDI,KO,,HNE,strong_motion,0.00057,0.0563,,,,,,100.0,210.0,0,0.0,False,True,True,True,False,
data/processed/waveforms/us7000pazc_YKAV.mseed,us7000pazc,YKAV,KO,,HNE,strong_motion,0.00012,0.0316,,,,,,100.0,210.0,0,0.0,False,True,True,True,False,
data/processed/waveforms/us7000paze_BODA.mseed,us7000paze,BODA,KO,,HNE,strong_motion,0.00022,0.0296,,,,,,100.0,210.0,0,0.0,False,True,True,True,False,
data/processed/waveforms/us7000paze_BODT.mseed,us7000paze,BODT,KO,,HHE,broadband,0.00041,0.015,,,,,,100.0,180.0,0,0.0,False,True,True,False,False,
data/processed/waveforms/us7000paze_DIDI.mseed,us7000paze,DIDI,KO,,HNE,strong_motion,0.00066,0.0554,,,,,,100.0,210.0,0,0.0,False,True,True,True,False,
data/processed/waveforms/us7000paze_YKAV.mseed,us7000paze,YKAV,KO,,HNE,strong_motion,0.00043,0.0298,,,,,,100.0,180.0,0,0.0,False,True,True,True,False,
data/processed/waveforms/us7000pazi_BODA.mseed,us7000pazi,BODA,KO,,HNE,strong_motion,0.00027,0.0336,,,,,,100.0,210.0,0,0.0,False,True,True,True,False,
data/processed/waveforms/us7000pazi_BODT.mseed,us7000pazi,BODT,KO,,HHE,broadband,0.00053,0.0229,,,,,,100.0,210.0,0,0.0,False,True,True,False,False,
data/processed/waveforms/us7000pazi_DIDI.mseed,us7000pazi,DIDI,KO,,HNE,strong_motion,0.00071,0.0617,,,,,,100.0,210.0,0,0.0,False,True,True,True,False,
data/processed/waveforms/us7000pazi_YKAV.mseed,us7000pazi,YKAV,KO,,HNE,strong_motion,0.00034,0.0311,,,,,,100.0,210.0,0,0.0,False,True,True,True,False,
data/processed/waveforms/us7000pazp_BODA.mseed,us7000pazp,BODA,KO,,HNE,strong_motion,0.00016,0.0292,,,,,,100.0,210.0,0,0.0,False,True,True,True,False,
data/processed/waveforms/us7000pazp_BODT.mseed,us7000pazp,BODT,KO,,HHE,broadband,0.00028,0.0144,,,,,,100.0,210.0,0,0.0,False,True,True,False,False,
data/processed/waveforms/us7000pazp_DIDI.mseed,us7000pazp,DIDI,KO,,HNE,strong_motion,0.00044,0.0721,,,,,,100.0,210.0,0,0.0,False,True,True,True,False,
data/processed/waveforms/us7000pazp_YKAV.mseed,us7000pazp,YKAV,KO,,HNE,strong_motion,0.00015,0.0295,,,,,,100.0,210.0,0,0.0,False,True,True,True,False,
data/processed/waveforms/us7000pb0b_BODA.mseed,us7000pb0b,BODA,KO,,HNE,strong_motion,0.00021,0.024,,,,,,100.0,210.0,0,0.0,False,True,True,True,False,
data/processed/waveforms/us7000pb0b_BODT.mseed,us7000pb0b,BODT,KO,,HHE,broadband,0.00025,0.0131,,,,,,100.0,210.0,0,0.0,False,True,True,False,False,
data/processed/waveforms/us7000pb0b_DIDI.mseed,us7000pb0b,DIDI,KO,,HNE,strong_motion,0.0004,0.0267,,,,,,100.0,210.0,0,0.0,False,True,True,True,False,
data/processed/waveforms/us7000pb0b_YKAV.mseed,us7000pb0b,YKAV,KO,,HNE,strong_motion,0.00023,0.0144,,,,,,100.0,210.0,0,0.0,False,True,True,True,False,
data/processed/waveforms/us7000pb0e_BODA.mseed,us7000pb0e,BODA,KO,,HNE,strong_motion,0.00058,0.033,,,,,,100.0,210.0,0,0.0,False,True,True,True,False,
data/processed/waveforms/us7000pb0e_BODT.mseed,us7000pb0e,BODT,KO,,HHE,broadband,0.00083,0.0446,,,,,,100.0,210.0,0,0.0,False,True,True,False,False,
data/processed/waveforms/us7000pb0e_DIDI.mseed,us7000pb0e,DIDI,KO,,HNE,strong_motion,0.00089,0.0539,,,,,,100.0,210.0,0,0.0,False,True,True,True,False,
data/processed/waveforms/us7000pb0e_YKAV.mseed,us7000pb0e,YKAV,KO,,HNE,strong_motion,0.0005,0.0368,,,,,,100.0,210.0,0,0.0,False,True,True,True,False,
data/processed/waveforms/us7000pb0j_BODA.mseed,us7000pb0j,BODA,KO,,HNE,strong_motion,0.00015,0.0082,,,,,,100.0,210.0,0,0.0,False,True,True,True,False,
data/processed/waveforms/us7000pb0j_BODT.mseed,us7000pb0j,BODT,KO,,HHE,broadband,0.00012,0.0055,,,,,,100.0,210.0,0,0.0,False,True,True,False,False,
data/processed/waveforms/us7000pb0j_DIDI.mseed,us7000pb0j,DIDI,KO,,HNE,strong_motion,0.00047,0.0158,,,,,,100.0,210.0,0,0.0,False,True,True,True,False,
data/processed/waveforms/us7000pb0j_YKAV.mseed,us7000pb0j,YKAV,KO,,HNE,strong_motion,0.0001,0.0066,,,,,,100.0,210.0,0,0.0,False,True,True,True,False,
data/processed/waveforms/us7000pb28_BODA.mseed,us7000pb28,BODA,KO,,HNE,strong_motion,0.00026,0.0226,,,,,,100.0,210.0,0,0.0,False,True,True,True,False,
data/processed/waveforms/us7000pb28_BODT.mseed,us7000pb28,BODT,KO,,HHE,broadband,0.00056,0.0229,,,,,,100.0,210.0,0,0.0,False,True,True,False,False,
data/processed/waveforms/us7000pb28_DIDI.mseed,us7000pb28,DIDI,KO,,HNE,strong_motion,0.00059,0.035,,,,,,100.0,210.0,0,0.0,False,True,True,True,False,
data/processed/waveforms/us7000pb28_YKAV.mseed,us7000pb28,YKAV,KO,,HNE,strong_motion,0.00049,0.0242,,,,,,100.0,210.0,0,0.0,False,True,True,True,False,
data/processed/waveforms/us7000pb33_BODA.mseed,us7000pb33,BODA,KO,,HNE,strong_motion,0.00018,0.0105,,,,,,100.0,210.0,0,0.0,False,True,True,True,False,
data/processed/waveforms/us7000pb33_BODT.mseed,us7000pb33,BODT,KO,,HHE,broadband,0.00026,0.0113,,,,,,100.0,210.0,0,0.0,False,True,True,False,False,
data/processed/waveforms/us7000pb33_DIDI.mseed,us7000pb33,DIDI,KO,,HNE,strong_motion,0.00033,0.0182,,,,,,100.0,210.0,0,0.0,False,True,True,True,False,
data/processed/waveforms/us7000pb33_YKAV.mseed,us7000pb33,YKAV,KO,,HNE,strong_motion,0.00021,0.0119,,,,,,100.0,210.0,0,0.0,False,True,True,True,False,
data/processed/waveforms/us7000pb37_BODA.mseed,us7000pb37,BODA,KO,,HNE,strong_motion,0.00024,0.0129,,,,,,100.0,210.0,0,0.0,False,True,True,True,False,
data/processed/waveforms/us7000pb37_BODT.mseed,us7000pb37,BODT,KO,,HHE,broadband,0.00036,0.0164,,,,,,100.0,210.0,0,0.0,False,True,True,False,False,
data/processed/waveforms/us7000pb37_DIDI.mseed,us7000pb37,DIDI,KO,,HNE,strong_motion,0.00044,0.0321,,,,,,100.0,210.0,0,0.0,False,True,True,True,False,
data/processed/waveforms/us7000pb37_YKAV.mseed,us7000pb37,YKAV,KO,,HNE,strong_motion,0.0003,0.0174,,,,,,100.0,210.0,0,0.0,False,True,True,True,False,
data/processed/waveforms/us7000pb5h_BODA.mseed,us7000pb5h,BODA,KO,,HNE,strong_motion,0.00019,0.016,,,,,,100.0,210.0,0,0.0,False,True,True,True,False,
data/processed/waveforms/us7000pb5h_BODT.mseed,us7000pb5h,BODT,KO,,HHE,broadband,0.00026,0.0183,,,,,,100.0,180.0,0,0.0,False,True,True,False,False,
data/processed/waveforms/us7000pb5h_DIDI.mseed,us7000pb5h,DIDI,KO,,HNE,strong_motion,0.00056,0.0479,,,,,,100.0,210.0,0,0.0,False,True,True,True,False,
data/processed/waveforms/us7000pb5h_YKAV.mseed,us7000pb5h,YKAV,KO,,HNE,strong_motion,0.0003,0.0238,,,,,,100.0,180.0,0,0.0,False,True,True,True,False,
data/processed/waveforms/us7000pb69_BODA.mseed,us7000pb69,BODA,KO,,HNE,strong_motion,0.00021,0.0081,,,,,,100.0,210.0,0,0.0,False,True,True,True,False,
data/processed/waveforms/us7000pb69_BODT.mseed,us7000pb69,BODT,KO,,HHE,broadband,0.00017,0.0092,,,,,,100.0,210.0,0,0.0,False,True,True,False,False,
data/processed/waveforms/us7000pb69_DIDI.mseed,us7000pb69,DIDI,KO,,HNE,strong_motion,0.00032,0.018,,,,,,100.0,210.0,0,0.0,False,True,True,True,False,
data/processed/waveforms/us7000pb69_YKAV.mseed,us7000pb69,YKAV,KO,,HNE,strong_motion,0.00019,0.012,,,,,,100.0,210.0,0,0.0,False,True,True,True,False,
data/processed/waveforms/us7000pb6g_BODA.mseed,us7000pb6g,BODA,KO,,HNE,strong_motion,0.00017,0.0197,,,,,,100.0,210.0,1,0.0095,False,True,True,False,False,has_gaps
data/processed/waveforms/us7000pb6g_BODT.mseed,us7000pb6g,BODT,KO,,HHE,broadband,0.00028,0.016,,,,,,100.0,210.0,0,0.0,False,True,True,False,False,
data/processed/waveforms/us7000pb6g_DIDI.mseed,us7000pb6g,DIDI,KO,,HNE,strong_motion,0.00036,0.0288,,,,,,100.0,210.0,0,0.0,False,True,True,True,False,
data/processed/waveforms/us7000pb6g_YKAV.mseed,us7000pb6g,YKAV,KO,,HNE,strong_motion,0.00026,0.0196,,,,,,100.0,210.0,0,0.0,False,True,True,True,False,
data/processed/waveforms/us7000pb7a_BODA.mseed,us7000pb7a,BODA,KO,,HNE,strong_motion,0.00017,0.0349,,,,,,100.0,210.0,0,0.0,False,True,True,True,False,
data/processed/waveforms/us7000pb7a_BODT.mseed,us7000pb7a,BODT,KO,,HHE,broadband,0.00018,0.0086,,,,,,100.0,210.0,0,0.0,False,True,True,False,False,
data/processed/waveforms/us7000pb7a_DIDI.mseed,us7000pb7a,DIDI,KO,,HNE,strong_motion,0.00041,0.0181,,,,,,100.0,210.0,0,0.0,False,True,True,True,False,
data/processed/waveforms/us7000pb7a_YKAV.mseed,us7000pb7a,YKAV,KO,,HNE,strong_motion,0.00014,0.0261,,,,,,100.0,210.0,0,0.0,False,True,True,True,False,
data/processed/waveforms/us7000pb7d_BODA.mseed,us7000pb7d,BODA,KO,,HNE,strong_motion,0.00033,0.0298,,,,,,100.0,210.0,0,0.0,False,True,True,True,False,
data/processed/waveforms/us7000pb7d_BODT.mseed,us7000pb7d,BODT,KO,,HHE,broadband,0.00072,0.0255,,,,,,100.0,210.0,0,0.0,False,True,True,False,False,
data/processed/waveforms/us7000pb7d_DIDI.mseed,us7000pb7d,DIDI,KO,,HNE,strong_motion,0.00063,0.0302,,,,,,100.0,210.0,0,0.0,False,True,True,True,False,
data/processed/waveforms/us7000pb7d_YKAV.mseed,us7000pb7d,YKAV,KO,,HNE,strong_motion,0.00039,0.0297,,,,,,100.0,210.0,0,0.0,False,True,True,True,False,
data/processed/waveforms/us7000pb7g_BODA.mseed,us7000pb7g,BODA,KO,,HNE,strong_motion,0.00016,0.0312,,,,,,100.0,210.0,0,0.0,False,True,True,True,False,
data/processed/waveforms/us7000pb7g_BODT.mseed,us7000pb7g,BODT,KO,,HHE,broadband,0.00015,0.0071,,,,,,100.0,210.0,0,0.0,False,True,True,False,False,
data/processed/waveforms/us7000pb7g_DIDI.mseed,us7000pb7g,DIDI,KO,,HNE,strong_motion,0.0003,0.0116,,,,,,100.0,210.0,0,0.0,False,True,True,True,False,
data/processed/waveforms/us7000pb7g_YKAV.mseed,us7000pb7g,YKAV,KO,,HNE,strong_motion,0.0001,0.0277,,,,,,100.0,210.0,0,0.0,False,True,True,True,False,
data/processed/waveforms/us7000pb7w_BODA.mseed,us7000pb7w,BODA,KO,,HNE,strong_motion,0.00015,0.0137,,,,,,100.0,210.0,0,0.0,False,True,True,True,False,
data/processed/waveforms/us7000pb7w_BODT.mseed,us7000pb7w,BODT,KO,,HHE,broadband,0.00022,0.0127,,,,,,100.0,210.0,0,0.0,False,True,True,False,False,
data/processed/waveforms/us7000pb7w_DIDI.mseed,us7000pb7w,DIDI,KO,,HNE,strong_motion,0.00052,0.0241,,,,,,100.0,210.0,0,0.0,False,True,True,True,False,
data/processed/waveforms/us7000pb7w_YKAV.mseed,us7000pb7w,YKAV,KO,,HNE,strong_motion,0.00017,0.0164,,,,,,100.0,210.0,0,0.0,False,True,True,True,False,
data/processed/waveforms/us7000pb82_BODA.mseed,us7000pb82,BODA,KO,,HNE,strong_motion,0.001,0.0647,,,,,,100.0,210.0,0,0.0,False,True,True,True,False,
data/processed/waveforms/us7000pb82_BODT.mseed,us7000pb82,BODT,KO,,HHE,broadband,0.00127,0.0786,,,,,,100.0,180.0,0,0.0,False,True,True,False,False,
data/processed/waveforms/us7000pb82_DIDI.mseed,us7000pb82,DIDI,KO,,HNE,strong_motion,0.00212,0.1504,,,,,,100.0,210.0,0,0.0,False,True,True,True,False,
data/processed/waveforms/us7000pb82_YKAV.mseed,us7000pb82,YKAV,KO,,HNE,strong_motion,0.00102,0.0672,,,,,,100.0,180.0,0,0.0,False,True,True,True,False,
data/processed/waveforms/us7000pba3_BODA.mseed,us7000pba3,BODA,KO,,HNE,strong_motion,0.00013,0.0299,,,,,,100.0,210.0,0,0.0,False,True,True,True,False,
data/processed/waveforms/us7000pba3_BODT.mseed,us7000pba3,BODT,KO,,HHE,broadband,0.00024,0.0116,,,,,,100.0,210.0,0,0.0,False,True,True,False,False,
data/processed/waveforms/us7000pba3_DIDI.mseed,us7000pba3,DIDI,KO,,HNE,strong_motion,0.00046,0.0332,,,,,,100.0,210.0,0,0.0,False,True,True,True,False,
data/processed/waveforms/us7000pba3_YKAV.mseed,us7000pba3,YKAV,KO,,HNE,strong_motion,0.00015,0.027,,,,,,100.0,210.0,0,0.0,False,True,True,True,False,
data/processed/waveforms/us7000pbba_BODA.mseed,us7000pbba,BODA,KO,,HNE,strong_motion,0.00012,0.0349,,,,,,100.0,209.99,0,0.0,False,True,True,True,False,
data/processed/waveforms/us7000pbba_BODT.mseed,us7000pbba,BODT,KO,,HHE,broadband,0.00019,0.0091,,,,,,100.0,210.0,0,0.0,False,True,True,False,False,
data/processed/waveforms/us7000pbba_DIDI.mseed,us7000pbba,DIDI,KO,,HNE,strong_motion,0.00069,0.0207,,,,,,100.0,209.99,0,0.0,False,True,True,True,False,
data/processed/waveforms/us7000pbba_YKAV.mseed,us7000pbba,YKAV,KO,,HNE,strong_motion,0.00012,0.0233,,,,,,100.0,209.99,0,0.0,False,True,True,True,False,
data/processed/waveforms/us7000pbig_BODA.mseed,us7000pbig,BODA,KO,,HNN,strong_motion,0.00013,0.008,,,,,,100.0,210.0,1,0.0095,False,True,True,False,False,has_gaps
data/processed/waveforms/us7000pbig_BODT.mseed,us7000pbig,BODT,KO,,HHE,broadband,0.00026,0.011,,,,,,100.0,210.0,0,0.0,False,True,True,False,False,
data/processed/waveforms/us7000pbig_DIDI.mseed,us7000pbig,DIDI,KO,,HNE,strong_motion,0.00108,0.7142,,,,,,100.0,210.0,1,0.4286,False,True,True,False,False,has_gaps
data/processed/waveforms/us7000pbig_YKAV.mseed,us7000pbig,YKAV,KO,,HNE,strong_motion,0.00032,0.0265,,,,,,100.0,210.0,0,0.0,False,True,True,True,False,
data/processed/waveforms/us7000pbir_BODA.mseed,us7000pbir,BODA,KO,,HNE,strong_motion,0.00041,0.0256,,,,,,100.0,210.0,0,0.0,False,True,True,True,False,
data/processed/waveforms/us7000pbir_BODT.mseed,us7000pbir,BODT,KO,,HHE,broadband,0.00062,0.0366,,,,,,100.0,210.0,0,0.0,False,True,True,False,False,
data/processed/waveforms/us7000pbir_DIDI.mseed,us7000pbir,DIDI,KO,,HNE,strong_motion,0.00217,0.067,,,,,,100.0,210.0,0,0.0,False,True,True,True,False,
data/processed/waveforms/us7000pbir_YKAV.mseed,us7000pbir,YKAV,KO,,HNE,strong_motion,0.00064,0.0348,,,,,,100.0,210.0,0,0.0,False,True,True,True,False,
data/processed/waveforms/us7000pbiu_BODA.mseed,us7000pbiu,BODA,KO,,HNE,strong_motion,0.00031,0.0173,,,,,,100.0,210.0,0,0.0,False,True,True,True,False,
data/processed/waveforms/us7000pbiu_BODT.mseed,us7000pbiu,BODT,KO,,HHE,broadband,0.0003,0.0198,,,,,,100.0,210.0,0,0.0,False,True,True,False,False,
data/processed/waveforms/us7000pbiu_DIDI.mseed,us7000pbiu,DIDI,KO,,HNE,strong_motion,0.00183,0.0384,,,,,,100.0,210.0,0,0.0,False,True,True,True,False,
data/processed/waveforms/us7000pbiu_YKAV.mseed,us7000pbiu,YKAV,KO,,HNE,strong_motion,0.00026,0.014,,,,,,100.0,210.0,0,0.0,False,True,True,True,False,
data/processed/waveforms/us7000pbj0_BODA.mseed,us7000pbj0,BODA,KO,,HNE,strong_motion,0.00015,0.0146,,,,,,100.0,210.0,0,0.0,False,True,True,True,False,
data/processed/waveforms/us7000pbj0_BODT.mseed,us7000pbj0,BODT,KO,,HHE,broadband,0.00022,0.0078,,,,,,100.0,210.0,0,0.0,False,True,True,False,False,
data/processed/waveforms/us7000pbj0_DIDI.mseed,us7000pbj0,DIDI,KO,,HNE,strong_motion,0.00177,0.0249,,,,,,100.0,210.0,0,0.0,False,True,True,True,False,
data/processed/waveforms/us7000pbj0_YKAV.mseed,us7000pbj0,YKAV,KO,,HNE,strong_motion,0.00028,0.0117,,,,,,100.0,210.0,0,0.0,False,True,True,True,False,
data/processed/waveforms/us7000pbln_BODA.mseed,us7000pbln,BODA,KO,,HNE,strong_motion,0.00026,0.0165,,,,,,100.0,210.0,0,0.0,False,True,True,True,False,
data/processed/waveforms/us7000pbln_BODT.mseed,us7000pbln,BODT,KO,,HHE,broadband,0.00036,0.0236,,,,,,100.0,210.0,0,0.0,False,True,True,False,False,
data/processed/waveforms/us7000pbln_DIDI.mseed,us7000pbln,DIDI,KO,,HNE,strong_motion,0.00128,0.0827,,,,,,100.0,210.0,0,0.0,False,True,True,True,False,
data/processed/waveforms/us7000pbln_YKAV.mseed,us7000pbln,YKAV,KO,,HNE,strong_motion,0.00032,0.0332,,,,,,100.0,210.0,0,0.0,False,True,True,True,False,
data/processed/waveforms/us7000pbmp_BODA.mseed,us7000pbmp,BODA,KO,,HNE,strong_motion,0.00051,0.0451,,,,,,100.0,210.0,0,0.0,False,True,True,True,False,
data/processed/waveforms/us7000pbmp_BODT.mseed,us7000pbmp,BODT,KO,,HHE,broadband,0.00067,0.044,,,,,,100.0,180.0,0,0.0,False,True,True,False,False,
data/processed/waveforms/us7000pbmp_DIDI.mseed,us7000pbmp,DIDI,KO,,HNE,strong_motion,0.00165,0.0614,,,,,,100.0,210.0,0,0.0,False,True,True,True,False,
data/processed/waveforms/us7000pbmp_YKAV.mseed,us7000pbmp,YKAV,KO,,HNE,strong_motion,0.00061,0.2616,,,,,,100.0,84.99,1,0.7648,False,True,True,False,False,has_gaps
data/processed/waveforms/us7000pbq8_BODA.mseed,us7000pbq8,BODA,KO,,HNE,strong_motion,0.00026,0.0392,,,,,,100.0,209.99,0,0.0,False,True,True,True,False,
data/processed/waveforms/us7000pbq8_BODT.mseed,us7000pbq8,BODT,KO,,HHE,broadband,0.00038,0.0176,,,,,,100.0,209.99,0,0.0,False,True,True,False,False,
data/processed/waveforms/us7000pbq8_DIDI.mseed,us7000pbq8,DIDI,KO,,HNE,strong_motion,0.00086,0.0186,,,,,,100.0,209.99,0,0.0,False,True,True,True,False,
data/processed/waveforms/us7000pbq8_YKAV.mseed,us7000pbq8,YKAV,KO,,HNE,strong_motion,0.00037,0.0137,,,,,,100.0,209.99,0,0.0,False,True,True,True,False,
data/processed/waveforms/us7000pbqh_BODA.mseed,us7000pbqh,BODA,KO,,HNE,strong_motion,0.00012,0.0197,,,,,,100.0,210.0,0,0.0,False,True,True,True,False,
data/processed/waveforms/us7000pbqh_BODT.mseed,us7000pbqh,BODT,KO,,HHE,broadband,0.00022,0.0114,,,,,,100.0,210.0,0,0.0,False,True,True,False,False,
data/processed/waveforms/us7000pbqh_DIDI.mseed,us7000pbqh,DIDI,KO,,HNE,strong_motion,0.00151,0.0311,,,,,,100.0,210.0,0,0.0,False,True,True,True,False,
data/processed/waveforms/us7000pbqh_YKAV.mseed,us7000pbqh,YKAV,KO,,HNE,strong_motion,0.00028,0.0323,,,,,,100.0,210.0,0,0.0,False,True,True,True,False,
data/processed/waveforms/us7000pbqp_BODA.mseed,us7000pbqp,BODA,KO,,HNE,strong_motion,0.00014,0.0238,,,,,,100.0,210.0,0,0.0,False,True,True,True,False,
data/processed/waveforms/us7000pbqp_BODT.mseed,us7000pbqp,BODT,KO,,HHE,broadband,0.00027,0.0095,,,,,,100.0,210.0,0,0.0,False,True,True,False,False,
data/processed/waveforms/us7000pbqp_DIDI.mseed,us7000pbqp,DIDI,KO,,HNE,strong_motion,0.00043,0.0157,,,,,,100.0,210.0,0,0.0,False,True,True,True,False,
data/processed/waveforms/us7000pbqp_YKAV.mseed,us7000pbqp,YKAV,KO,,HNE,strong_motion,0.00027,0.0093,,,,,,100.0,210.0,0,0.0,False,True,True,True,False,
data/processed/waveforms/us7000pbrr_BODA.mseed,us7000pbrr,BODA,KO,,HNE,strong_motion,0.00013,0.0306,,,,,,100.0,210.0,0,0.0,False,True,True,True,False,
data/processed/waveforms/us7000pbrr_BODT.mseed,us7000pbrr,BODT,KO,,HHE,broadband,0.00024,0.0113,,,,,,100.0,210.0,0,0.0,False,True,True,False,False,
data/processed/waveforms/us7000pbrr_DIDI.mseed,us7000pbrr,DIDI,KO,,HNE,strong_motion,0.00231,0.0252,,,,,,100.0,210.0,0,0.0,False,True,True,True,False,
data/processed/waveforms/us7000pbrr_YKAV.mseed,us7000pbrr,YKAV,KO,,HNE,strong_motion,0.00032,0.0119,,,,,,100.0,210.0,0,0.0,False,True,True,True,False,
data/processed/waveforms/us7000pbs6_BODA.mseed,us7000pbs6,BODA,KO,,HNE,strong_motion,0.00012,0.032,,,,,,100.0,210.0,0,0.0,False,True,True,True,False,
data/processed/waveforms/us7000pbs6_BODT.mseed,us7000pbs6,BODT,KO,,HHE,broadband,0.00015,0.0054,,,,,,100.0,210.0,0,0.0,False,True,True,False,False,
data/processed/waveforms/us7000pbs6_DIDI.mseed,us7000pbs6,DIDI,KO,,HNE,strong_motion,0.00095,0.0446,,,,,,100.0,210.0,0,0.0,False,True,True,True,False,
data/processed/waveforms/us7000pbs6_YKAV.mseed,us7000pbs6,YKAV,KO,,HNE,strong_motion,0.00025,0.0248,,,,,,100.0,210.0,0,0.0,False,True,True,True,False,
data/processed/waveforms/us7000pc23_BODA.mseed,us7000pc23,BODA,KO,,HNE,strong_motion,0.00018,0.0143,,,,,,100.0,210.0,0,0.0,False,True,True,True,False,
data/processed/waveforms/us7000pc23_BODT.mseed,us7000pc23,BODT,KO,,HHE,broadband,0.00025,0.0189,,,,,,100.0,210.0,0,0.0,False,True,True,False,False,
data/processed/waveforms/us7000pc23_DIDI.mseed,us7000pc23,DIDI,KO,,HNE,strong_motion,0.00083,0.0746,,,,,,100.0,210.0,0,0.0,False,True,True,True,False,
data/processed/waveforms/us7000pc23_YKAV.mseed,us7000pc23,YKAV,KO,,HNE,strong_motion,0.00026,0.0204,,,,,,100.0,210.0,0,0.0,False,True,True,True,False,
data/processed/waveforms/us7000pc4s_BODA.mseed,us7000pc4s,BODA,KO,,HNE,strong_motion,0.0003,0.0177,,,,,,100.0,210.0,0,0.0,False,True,True,True,False,
data/processed/waveforms/us7000pc4s_BODT.mseed,us7000pc4s,BODT,KO,,HHE,broadband,0.0005,0.0199,,,,,,100.0,210.0,0,0.0,False,True,True,False,False,
data/processed/waveforms/us7000pc4s_DIDI.mseed,us7000pc4s,DIDI,KO,,HNE,strong_motion,0.00087,0.0419,,,,,,100.0,210.0,0,0.0,False,True,True,True,False,
data/processed/waveforms/us7000pc4s_YKAV.mseed,us7000pc4s,YKAV,KO,,HNE,strong_motion,0.00037,0.0146,,,,,,100.0,210.0,0,0.0,False,True,True,True,False,
data/processed/waveforms/us7000pc8g_BODA.mseed,us7000pc8g,BODA,KO,,HNE,strong_motion,0.0006,0.028,,,,,,100.0,210.0,0,0.0,False,True,True,True,False,
data/processed/waveforms/us7000pc8g_BODT.mseed,us7000pc8g,BODT,KO,,HHE,broadband,0.0008,0.0313,,,,,,100.0,143.42,7,0.4881,False,True,True,False,False,has_gaps
data/processed/waveforms/us7000pc8g_DIDI.mseed,us7000pc8g,DIDI,KO,,HNE,strong_motion,0.00085,0.0442,,,,,,100.0,210.0,0,0.0,False,True,True,True,False,
data/processed/waveforms/us7000pc8g_YKAV.mseed,us7000pc8g,YKAV,KO,,HNE,strong_motion,0.00046,0.0254,,,,,,100.0,210.0,0,0.0,False,True,True,True,False,
data/processed/waveforms/us7000pcac_BODA.mseed,us7000pcac,BODA,KO,,HNE,strong_motion,0.00012,0.0131,,,,,,100.0,210.0,0,0.0,False,True,True,True,False,
data/processed/waveforms/us7000pcac_BODT.mseed,us7000pcac,BODT,KO,,HHE,broadband,0.00021,0.0074,,,,,,100.0,210.0,0,0.0,False,True,True,False,False,
data/processed/waveforms/us7000pcac_DIDI.mseed,us7000pcac,DIDI,KO,,HNE,strong_motion,0.00279,0.0466,,,,,,100.0,210.0,0,0.0,False,True,True,True,False,
data/processed/waveforms/us7000pcac_YKAV.mseed,us7000pcac,YKAV,KO,,HNE,strong_motion,0.00015,0.0222,,,,,,100.0,210.0,0,0.0,False,True,True,True,False,
data/processed/waveforms/us7000pcah_BODA.mseed,us7000pcah,BODA,KO,,HNE,strong_motion,0.00018,0.013,,,,,,100.0,210.0,0,0.0,False,True,True,True,False,
data/processed/waveforms/us7000pcah_BODT.mseed,us7000pcah,BODT,KO,,HHE,broadband,0.0003,0.0212,,,,,,100.0,210.0,0,0.0,False,True,True,False,False,
data/processed/waveforms/us7000pcah_DIDI.mseed,us7000pcah,DIDI,KO,,HNE,strong_motion,0.00204,0.062,,,,,,100.0,210.0,0,0.0,False,True,True,True,False,
data/processed/waveforms/us7000pcah_YKAV.mseed,us7000pcah,YKAV,KO,,HNE,strong_motion,0.0002,0.0264,,,,,,100.0,210.0,0,0.0,False,True,True,True,False,
data/processed/waveforms/us7000pcan_BODA.mseed,us7000pcan,BODA,KO,,HNE,strong_motion,0.0001,0.0168,,,,,,100.0,210.0,0,0.0,False,True,True,True,False,
data/processed/waveforms/us7000pcan_BODT.mseed,us7000pcan,BODT,KO,,HHE,broadband,7e-05,0.0035,,,,,,100.0,210.0,0,0.0,False,True,True,False,False,
data/processed/waveforms/us7000pcan_DIDI.mseed,us7000pcan,DIDI,KO,,HNE,strong_motion,0.00206,0.0673,,,,,,100.0,210.0,0,0.0,False,True,True,True,False,
data/processed/waveforms/us7000pcan_YKAV.mseed,us7000pcan,YKAV,KO,,HNE,strong_motion,0.00012,0.0254,,,,,,100.0,210.0,0,0.0,False,True,True,True,False,
data/processed/waveforms/us7000pcau_BODA.mseed,us7000pcau,BODA,KO,,HNE,strong_motion,0.00012,0.0116,,,,,,100.0,210.0,0,0.0,False,True,True,True,False,
data/processed/waveforms/us7000pcau_BODT.mseed,us7000pcau,BODT,KO,,HHE,broadband,0.00015,0.0067,,,,,,100.0,210.0,0,0.0,False,True,True,False,False,
data/processed/waveforms/us7000pcau_DIDI.mseed,us7000pcau,DIDI,KO,,HNE,strong_motion,0.00174,0.0542,,,,,,100.0,210.0,0,0.0,False,True,True,True,False,
data/processed/waveforms/us7000pcau_YKAV.mseed,us7000pcau,YKAV,KO,,HNE,strong_motion,9e-05,0.0226,,,,,,100.0,210.0,0,0.0,False,True,True,True,False,
data/processed/waveforms/us7000pce5_BODA.mseed,us7000pce5,BODA,KO,,HNE,strong_motion,0.0001,0.0126,,,,,,100.0,210.0,0,0.0,False,True,True,True,False,
data/processed/waveforms/us7000pce5_BODT.mseed,us7000pce5,BODT,KO,,HHE,broadband,6e-05,0.0027,,,,,,100.0,210.0,0,0.0,False,True,True,False,False,
data/processed/waveforms/us7000pce5_DIDI.mseed,us7000pce5,DIDI,KO,,HNE,strong_motion,0.00149,0.0174,,,,,,100.0,210.0,0,0.0,False,True,True,True,False,
data/processed/waveforms/us7000pce5_YKAV.mseed,us7000pce5,YKAV,KO,,HNE,strong_motion,5e-05,0.0096,,,,,,100.0,210.0,0,0.0,False,True,True,True,False,
data/processed/waveforms/us7000pchj_BODA.mseed,us7000pchj,BODA,KO,,HNE,strong_motion,0.00014,0.0081,,,,,,100.0,210.0,0,0.0,False,True,True,True,False,
data/processed/waveforms/us7000pchj_BODT.mseed,us7000pchj,BODT,KO,,HHE,broadband,0.00017,0.0112,,,,,,100.0,210.0,0,0.0,False,True,True,False,False,
data/processed/waveforms/us7000pchj_DIDI.mseed,us7000pchj,DIDI,KO,,HNE,strong_motion,0.00132,0.0488,,,,,,100.0,210.0,0,0.0,False,True,True,True,False,
data/processed/waveforms/us7000pchj_YKAV.mseed,us7000pchj,YKAV,KO,,HNE,strong_motion,0.0002,0.0069,,,,,,100.0,210.0,0,0.0,False,True,True,True,False,
data/processed/waveforms/us7000pcid_BODA.mseed,us7000pcid,BODA,KO,,HNE,strong_motion,0.00012,0.0302,,,,,,100.0,210.0,0,0.0,False,True,True,True,False,
data/processed/waveforms/us7000pcid_BODT.mseed,us7000pcid,BODT,KO,,HHE,broadband,0.00014,0.0066,,,,,,100.0,210.0,0,0.0,False,True,True,False,False,
data/processed/waveforms/us7000pcid_DIDI.mseed,us7000pcid,DIDI,KO,,HNE,strong_motion,0.00046,0.0172,,,,,,100.0,210.0,0,0.0,False,True,True,True,False,
data/processed/waveforms/us7000pcid_YKAV.mseed,us7000pcid,YKAV,KO,,HNE,strong_motion,0.00014,0.0108,,,,,,100.0,210.0,0,0.0,False,True,True,True,False,
data/processed/waveforms/us7000pcih_BODA.mseed,us7000pcih,BODA,KO,,HNE,strong_motion,0.00103,0.0501,,,,,,100.0,210.0,0,0.0,False,True,True,True,False,
data/processed/waveforms/us7000pcih_BODT.mseed,us7000pcih,BODT,KO,,HHE,broadband,0.00116,0.056,,,,,,100.0,180.0,0,0.0,False,True,True,False,False,
data/processed/waveforms/us7000pcih_DIDI.mseed,us7000pcih,DIDI,KO,,HNE,strong_motion,0.00169,0.0962,,,,,,100.0,210.0,0,0.0,False,True,True,True,False,
data/processed/waveforms/us7000pcih_YKAV.mseed,us7000pcih,YKAV,KO,,HNE,strong_motion,0.00087,0.0478,,,,,,100.0,180.0,0,0.0,False,True,True,True,False,
data/processed/waveforms/us7000pcij_BODA.mseed,us7000pcij,BODA,KO,,HNZ,strong_motion,0.00015,0.0319,,,,,,100.0,210.0,1,0.0095,False,True,True,False,False,has_gaps
data/processed/waveforms/us7000pcij_BODT.mseed,us7000pcij,BODT,KO,,HHE,broadband,0.00018,0.0094,,,,,,100.0,210.0,0,0.0,False,True,True,False,False,
data/processed/waveforms/us7000pcij_DIDI.mseed,us7000pcij,DIDI,KO,,HNE,strong_motion,0.00052,0.028,,,,,,100.0,210.0,0,0.0,False,True,True,True,False,
data/processed/waveforms/us7000pcij_YKAV.mseed,us7000pcij,YKAV,KO,,HNE,strong_motion,0.00014,0.008,,,,,,100.0,210.0,0,0.0,False,True,True,True,False,
data/processed/waveforms/us7000pcil_BODA.mseed,us7000pcil,BODA,KO,,HNZ,strong_motion,0.00015,0.0342,,,,,,100.0,210.0,1,0.0095,False,True,True,False,False,has_gaps
data/processed/waveforms/us7000pcil_BODT.mseed,us7000pcil,BODT,KO,,HHE,broadband,0.00018,0.0094,,,,,,100.0,210.0,0,0.0,False,True,True,False,False,
data/processed/waveforms/us7000pcil_DIDI.mseed,us7000pcil,DIDI,KO,,HNE,strong_motion,0.00052,0.0279,,,,,,100.0,210.0,0,0.0,False,True,True,True,False,
data/processed/waveforms/us7000pcil_YKAV.mseed,us7000pcil,YKAV,KO,,HNE,strong_motion,0.00014,0.0078,,,,,,100.0,210.0,0,0.0,False,True,True,True,False,
data/processed/waveforms/us7000pcmg_BODA.mseed,us7000pcmg,BODA,KO,,HNE,strong_motion,0.00079,0.038,,,,,,100.0,210.0,0,0.0,False,True,True,True,False,
data/processed/waveforms/us7000pcmg_BODT.mseed,us7000pcmg,BODT,KO,,HHE,broadband,0.0013,0.0681,,,,,,100.0,210.0,0,0.0,False,True,True,False,False,
data/processed/waveforms/us7000pcmg_DIDI.mseed,us7000pcmg,DIDI,KO,,HNE,strong_motion,0.0013,0.0978,,,,,,100.0,210.0,0,0.0,False,True,True,True,False,
data/processed/waveforms/us7000pcmg_YKAV.mseed,us7000pcmg,YKAV,KO,,HNE,strong_motion,0.00087,0.0447,,,,,,100.0,210.0,0,0.0,False,True,True,True,False,
data/processed/waveforms/us7000pcr3_BODA.mseed,us7000pcr3,BODA,KO,,HNE,strong_motion,0.00051,0.0403,,,,,,100.0,210.0,0,0.0,False,True,True,True,False,
data/processed/waveforms/us7000pcr3_BODT.mseed,us7000pcr3,BODT,KO,,HHE,broadband,0.00098,0.0561,,,,,,100.0,180.0,0,0.0,False,True,True,False,False,
data/processed/waveforms/us7000pcr3_DIDI.mseed,us7000pcr3,DIDI,KO,,HNE,strong_motion,0.00175,0.1096,,,,,,100.0,210.0,0,0.0,False,True,True,True,False,
data/processed/waveforms/us7000pcr3_YKAV.mseed,us7000pcr3,YKAV,KO,,HNE,strong_motion,0.00054,0.048,,,,,,100.0,180.0,0,0.0,False,True,True,True,False,
data/processed/waveforms/us7000pcs7_BODA.mseed,us7000pcs7,BODA,KO,,HNE,strong_motion,0.00076,0.0391,,,,,,100.0,210.0,0,0.0,False,True,True,True,False,
data/processed/waveforms/us7000pcs7_BODT.mseed,us7000pcs7,BODT,KO,,HHE,broadband,0.00106,0.0542,,,,,,100.0,180.0,0,0.0,False,True,True,False,False,
data/processed/waveforms/us7000pcs7_DIDI.mseed,us7000pcs7,DIDI,KO,,HNE,strong_motion,0.00117,0.079,,,,,,100.0,210.0,0,0.0,False,True,True,True,False,
data/processed/waveforms/us7000pcs7_YKAV.mseed,us7000pcs7,YKAV,KO,,HNE,strong_motion,0.00062,0.0379,,,,,,100.0,180.0,0,0.0,False,True,True,True,False,
data/processed/waveforms/us7000pctn_BODA.mseed,us7000pctn,BODA,KO,,HNE,strong_motion,0.00023,0.0232,,,,,,100.0,210.0,0,0.0,False,True,True,True,False,
data/processed/waveforms/us7000pctn_BODT.mseed,us7000pctn,BODT,KO,,HHE,broadband,0.00044,0.0161,,,,,,100.0,210.0,0,0.0,False,True,True,False,False,
data/processed/waveforms/us7000pctn_DIDI.mseed,us7000pctn,DIDI,KO,,HNE,strong_motion,0.00096,0.0189,,,,,,100.0,210.0,0,0.0,False,True,True,True,False,
data/processed/waveforms/us7000pctn_YKAV.mseed,us7000pctn,YKAV,KO,,HNE,strong_motion,0.00027,0.0159,,,,,,100.0,210.0,0,0.0,False,True,True,True,False,
data/processed/waveforms/us7000pcu0_BODA.mseed,us7000pcu0,BODA,KO,,HNE,strong_motion,0.00063,0.0295,,,,,,100.0,210.0,0,0.0,False,True,True,True,False,
data/processed/waveforms/us7000pcu0_BODT.mseed,us7000pcu0,BODT,KO,,HHE,broadband,0.00103,0.0413,,,,,,100.0,210.0,0,0.0,False,True,True,False,False,
data/processed/waveforms/us7000pcu0_DIDI.mseed,us7000pcu0,DIDI,KO,,HNE,strong_motion,0.0011,0.0606,,,,,,100.0,210.0,0,0.0,False,True,True,True,False,
data/processed/waveforms/us7000pcu0_YKAV.mseed,us7000pcu0,YKAV,KO,,HNE,strong_motion,0.00049,0.0324,,,,,,100.0,210.0,0,0.0,False,True,True,True,False,
data/processed/waveforms/us7000pcu8_BODA.mseed,us7000pcu8,BODA,KO,,HNE,strong_motion,0.00019,0.023,,,,,,100.0,210.0,0,0.0,False,True,True,True,False,
data/processed/waveforms/us7000pcu8_BODT.mseed,us7000pcu8,BODT,KO,,HHE,broadband,0.00044,0.0198,,,,,,100.0,210.0,0,0.0,False,True,True,False,False,
data/processed/waveforms/us7000pcu8_DIDI.mseed,us7000pcu8,DIDI,KO,,HNE,strong_motion,0.00097,0.0412,,,,,,100.0,210.0,0,0.0,False,True,True,True,False,
data/processed/waveforms/us7000pcu8_YKAV.mseed,us7000pcu8,YKAV,KO,,HNE,strong_motion,0.00023,0.0272,,,,,,100.0,210.0,0,0.0,False,True,True,True,False,
data/processed/waveforms/us7000pcuc_BODA.mseed,us7000pcuc,BODA,KO,,HNE,strong_motion,0.00026,0.0632,,,,,,100.0,210.0,0,0.0,False,True,True,True,False,
data/processed/waveforms/us7000pcuc_BODT.mseed,us7000pcuc,BODT,KO,,HHE,broadband,0.00051,0.0197,,,,,,100.0,209.99,0,0.0,False,True,True,False,False,
data/processed/waveforms/us7000pcuc_DIDI.mseed,us7000pcuc,DIDI,KO,,HNE,strong_motion,0.001,0.0659,,,,,,100.0,209.99,0,0.0,False,True,True,True,False,
data/processed/waveforms/us7000pcuc_YKAV.mseed,us7000pcuc,YKAV,KO,,HNE,strong_motion,0.00032,0.0225,,,,,,100.0,209.99,0,0.0,False,True,True,True,False,
data/processed/waveforms/us7000pcv7_BODA.mseed,us7000pcv7,BODA,KO,,HNZ,strong_motion,0.0004,0.0261,,,,,,100.0,210.0,1,0.0095,False,True,True,False,False,has_gaps
data/processed/waveforms/us7000pcv7_BODT.mseed,us7000pcv7,BODT,KO,,HHE,broadband,0.00066,0.0377,,,,,,100.0,210.0,0,0.0,False,True,True,False,False,
data/processed/waveforms/us7000pcv7_DIDI.mseed,us7000pcv7,DIDI,KO,,HNE,strong_motion,0.00085,0.0489,,,,,,100.0,210.0,0,0.0,False,True,True,True,False,
data/processed/waveforms/us7000pcv7_YKAV.mseed,us7000pcv7,YKAV,KO,,HNE,strong_motion,0.00029,0.0236,,,,,,100.0,210.0,0,0.0,False,True,True,True,False,
data/processed/waveforms/us7000pcvr_BODA.mseed,us7000pcvr,BODA,KO,,HNE,strong_motion,0.00014,0.0214,,,,,,100.0,210.0,1,0.0095,False,True,True,False,False,has_gaps
data/processed/waveforms/us7000pcvr_BODT.mseed,us7000pcvr,BODT,KO,,HHE,broadband,0.00028,0.0112,,,,,,100.0,210.0,0,0.0,False,True,True,False,False,
data/processed/waveforms/us7000pcvr_DIDI.mseed,us7000pcvr,DIDI,KO,,HNE,strong_motion,0.00086,0.0373,,,,,,100.0,210.0,0,0.0,False,True,True,True,False,
data/processed/waveforms/us7000pcvr_YKAV.mseed,us7000pcvr,YKAV,KO,,HNE,strong_motion,0.00018,0.0101,,,,,,100.0,210.0,0,0.0,False,True,True,True,False,
data/processed/waveforms/us7000pcwn_BODA.mseed,us7000pcwn,BODA,KO,,HNE,strong_motion,0.00015,0.0241,,,,,,100.0,210.0,0,0.0,False,True,True,True,False,
data/processed/waveforms/us7000pcwn_BODT.mseed,us7000pcwn,BODT,KO,,HHE,broadband,0.00019,0.0314,,,,,,100.0,132.12,5,0.4466,False,True,True,False,False,has_gaps
data/processed/waveforms/us7000pcwn_DIDI.mseed,us7000pcwn,DIDI,KO,,HNE,strong_motion,0.00038,0.0309,,,,,,100.0,210.0,0,0.0,False,True,True,True,False,
data/processed/waveforms/us7000pcwn_YKAV.mseed,us7000pcwn,YKAV,KO,,HNE,strong_motion,0.00016,0.0103,,,,,,100.0,210.0,0,0.0,False,True,True,True,False,
data/processed/waveforms/us7000pcww_BODA.mseed,us7000pcww,BODA,KO,,HNE,strong_motion,0.0002,0.0181,,,,,,100.0,210.0,0,0.0,False,True,True,True,False,
data/processed/waveforms/us7000pcww_BODT.mseed,us7000pcww,BODT,KO,,HHE,broadband,6e-05,0.0024,,,,,,100.0,210.0,0,0.0,False,True,True,False,False,
data/processed/waveforms/us7000pcww_DIDI.mseed,us7000pcww,DIDI,KO,,HNE,strong_motion,0.00041,0.0138,,,,,,100.0,210.0,0,0.0,False,True,True,True,False,
data/processed/waveforms/us7000pcww_YKAV.mseed,us7000pcww,YKAV,KO,,HNE,strong_motion,8e-05,0.0072,,,,,,100.0,210.0,0,0.0,False,True,True,True,False,
data/processed/waveforms/us7000pcx4_BODA.mseed,us7000pcx4,BODA,KO,,HNE,strong_motion,0.00027,0.0343,,,,,,100.0,210.0,0,0.0,False,True,True,True,False,
data/processed/waveforms/us7000pcx4_BODT.mseed,us7000pcx4,BODT,KO,,HHE,broadband,8e-05,0.004,,,,,,100.0,210.0,0,0.0,False,True,True,False,False,
data/processed/waveforms/us7000pcx4_DAT.mseed,us7000pcx4,DAT,KO,,HHE,broadband,2e-05,0.0011,,,,,,100.0,210.0,0,0.0,True,True,True,False,False,clipping_şüphesi
data/processed/waveforms/us7000pcx4_YKAV.mseed,us7000pcx4,YKAV,KO,,HNE,strong_motion,7e-05,0.0354,,,,,,100.0,210.0,0,0.0,False,True,True,True,False,
data/processed/waveforms/us7000pd1i_BODA.mseed,us7000pd1i,BODA,KO,,HNE,strong_motion,0.00021,0.0147,,,,,,100.0,210.0,0,0.0,False,True,True,True,False,
data/processed/waveforms/us7000pd1i_BODT.mseed,us7000pd1i,BODT,KO,,HHE,broadband,0.00038,0.0246,,,,,,100.0,92.69,3,0.1618,False,True,True,False,False,has_gaps
data/processed/waveforms/us7000pd1i_DIDI.mseed,us7000pd1i,DIDI,KO,,HNE,strong_motion,0.00057,0.2269,,,,,,100.0,113.3,6,0.3972,False,True,True,False,False,has_gaps
data/processed/waveforms/us7000pd1i_YKAV.mseed,us7000pd1i,YKAV,KO,,HNE,strong_motion,0.00022,0.0196,,,,,,100.0,180.0,0,0.0,False,True,True,True,False,
data/processed/waveforms/us7000pd1u_BODA.mseed,us7000pd1u,BODA,KO,,HNE,strong_motion,6e-05,0.0171,,,,,,100.0,210.0,0,0.0,False,True,True,True,False,
data/processed/waveforms/us7000pd1u_BODT.mseed,us7000pd1u,BODT,KO,,HHE,broadband,8e-05,0.0046,,,,,,100.0,210.0,0,0.0,False,True,True,False,False,
data/processed/waveforms/us7000pd1u_DIDI.mseed,us7000pd1u,DIDI,KO,,HNE,strong_motion,0.00047,0.0084,,,,,,100.0,210.0,0,0.0,False,True,True,True,False,
data/processed/waveforms/us7000pd1u_YKAV.mseed,us7000pd1u,YKAV,KO,,HNE,strong_motion,0.00014,0.0184,,,,,,100.0,210.0,0,0.0,False,True,True,True,False,
data/processed/waveforms/us7000pd2t_BODA.mseed,us7000pd2t,BODA,KO,,HNE,strong_motion,0.0002,0.0209,,,,,,100.0,209.99,0,0.0,False,True,True,True,False,
data/processed/waveforms/us7000pd2t_BODT.mseed,us7000pd2t,BODT,KO,,HHE,broadband,0.00019,0.0146,,,,,,100.0,209.99,0,0.0,False,True,True,False,False,
data/processed/waveforms/us7000pd2t_DIDI.mseed,us7000pd2t,DIDI,KO,,HNE,strong_motion,0.00094,0.0392,,,,,,100.0,210.0,0,0.0,False,True,True,True,False,
data/processed/waveforms/us7000pd2t_YKAV.mseed,us7000pd2t,YKAV,KO,,HNE,strong_motion,0.00015,0.0173,,,,,,100.0,209.99,0,0.0,False,True,True,True,False,
data/processed/waveforms/us7000pd30_BODA.mseed,us7000pd30,BODA,KO,,HNE,strong_motion,0.00016,0.0298,,,,,,100.0,210.0,0,0.0,False,True,True,True,False,
data/processed/waveforms/us7000pd30_BODT.mseed,us7000pd30,BODT,KO,,HHE,broadband,0.00034,0.0275,,,,,,100.0,210.0,0,0.0,False,True,True,False,False,
data/processed/waveforms/us7000pd30_DIDI.mseed,us7000pd30,DIDI,KO,,HNE,strong_motion,0.00114,0.0706,,,,,,100.0,210.0,0,0.0,False,True,True,True,False,
data/processed/waveforms/us7000pd30_YKAV.mseed,us7000pd30,YKAV,KO,,HNE,strong_motion,0.00024,0.0287,,,,,,100.0,210.0,0,0.0,False,True,True,True,False,
data/processed/waveforms/us7000pd31_BODA.mseed,us7000pd31,BODA,KO,,HNZ,strong_motion,0.00017,0.0329,,,,,,100.0,210.0,1,0.0095,False,True,True,False,False,has_gaps
data/processed/waveforms/us7000pd31_BODT.mseed,us7000pd31,BODT,KO,,HHE,broadband,0.0002,0.0095,,,,,,100.0,210.0,0,0.0,False,True,True,False,False,
data/processed/waveforms/us7000pd31_DAT.mseed,us7000pd31,DAT,KO,,HHE,broadband,5e-05,0.005,,,,,,100.0,210.0,0,0.0,True,True,True,False,False,clipping_şüphesi
data/processed/waveforms/us7000pd31_YKAV.mseed,us7000pd31,YKAV,KO,,HNE,strong_motion,0.00012,0.0294,,,,,,100.0,210.0,0,0.0,False,True,True,True,False,
data/processed/waveforms/us7000pd6f_BODA.mseed,us7000pd6f,BODA,KO,,HNE,strong_motion,0.00017,0.0168,,,,,,100.0,210.0,0,0.0,False,True,True,True,False,
data/processed/waveforms/us7000pd6f_BODT.mseed,us7000pd6f,BODT,KO,,HHE,broadband,0.00011,0.0057,,,,,,100.0,206.7,3,0.0726,False,True,True,False,False,has_gaps
data/processed/waveforms/us7000pd6f_DAT.mseed,us7000pd6f,DAT,KO,,HHE,broadband,4e-05,0.0021,,,,,,100.0,210.0,0,0.0,True,True,True,False,False,clipping_şüphesi
data/processed/waveforms/us7000pd6f_YKAV.mseed,us7000pd6f,YKAV,KO,,HNE,strong_motion,0.00011,0.0232,,,,,,100.0,210.0,0,0.0,False,True,True,True,False,
data/processed/waveforms/us7000pd76_BODA.mseed,us7000pd76,BODA,KO,,HNZ,strong_motion,0.00017,0.0205,,,,,,100.0,210.0,1,0.0095,False,True,True,False,False,has_gaps
data/processed/waveforms/us7000pd76_BODT.mseed,us7000pd76,BODT,KO,,HHE,broadband,0.00011,0.0054,,,,,,100.0,130.27,8,0.5757,False,True,True,False,False,has_gaps
data/processed/waveforms/us7000pd76_DIDI.mseed,us7000pd76,DIDI,KO,,HNE,strong_motion,0.00066,0.0167,,,,,,100.0,210.0,0,0.0,False,True,True,True,False,
data/processed/waveforms/us7000pd76_YKAV.mseed,us7000pd76,YKAV,KO,,HNE,strong_motion,0.00011,0.0202,,,,,,100.0,210.0,0,0.0,False,True,True,True,False,
data/processed/waveforms/us7000pd7j_BODA.mseed,us7000pd7j,BODA,KO,,HNE,strong_motion,0.00014,0.0462,,,,,,100.0,210.0,0,0.0,False,True,True,True,False,
data/processed/waveforms/us7000pd7j_BODT.mseed,us7000pd7j,BODT,KO,,HHE,broadband,0.00012,0.0067,,,,,,100.0,210.0,0,0.0,False,True,True,False,False,
data/processed/waveforms/us7000pd7j_DIDI.mseed,us7000pd7j,DIDI,KO,,HNE,strong_motion,0.00053,0.0225,,,,,,100.0,210.0,0,0.0,False,True,True,True,False,
data/processed/waveforms/us7000pd7j_YKAV.mseed,us7000pd7j,YKAV,KO,,HNE,strong_motion,0.0002,0.0099,,,,,,100.0,210.0,0,0.0,False,True,True,True,False,
data/processed/waveforms/us7000pde0_BODA.mseed,us7000pde0,BODA,KO,,HNE,strong_motion,0.00013,0.0228,,,,,,100.0,210.0,0,0.0,False,True,True,True,False,
data/processed/waveforms/us7000pde0_BODT.mseed,us7000pde0,BODT,KO,,HHE,broadband,8e-05,0.0058,,,,,,100.0,210.0,0,0.0,False,True,True,False,False,
data/processed/waveforms/us7000pde0_DIDI.mseed,us7000pde0,DIDI,KO,,HNE,strong_motion,0.00052,0.0582,,,,,,100.0,210.0,0,0.0,False,True,True,True,False,
data/processed/waveforms/us7000pde0_YKAV.mseed,us7000pde0,YKAV,KO,,HNE,strong_motion,6e-05,0.0062,,,,,,100.0,210.0,0,0.0,False,True,True,True,False,
data/processed/waveforms/us7000pdf3_BODA.mseed,us7000pdf3,BODA,KO,,HNE,strong_motion,0.00021,0.0087,,,,,,100.0,210.0,0,0.0,False,True,True,True,False,
data/processed/waveforms/us7000pdf3_BODT.mseed,us7000pdf3,BODT,KO,,HHE,broadband,0.00019,0.0075,,,,,,100.0,210.0,0,0.0,False,True,True,False,False,
data/processed/waveforms/us7000pdf3_DIDI.mseed,us7000pdf3,DIDI,KO,,HNE,strong_motion,0.00175,0.0237,,,,,,100.0,210.0,0,0.0,False,True,True,True,False,
data/processed/waveforms/us7000pdf3_YKAV.mseed,us7000pdf3,YKAV,KO,,HNE,strong_motion,0.00026,0.0129,,,,,,100.0,210.0,0,0.0,False,True,True,True,False,
data/processed/waveforms/us7000pdfj_BODA.mseed,us7000pdfj,BODA,KO,,HNE,strong_motion,0.0002,0.0124,,,,,,100.0,210.0,0,0.0,False,True,True,True,False,
data/processed/waveforms/us7000pdfj_BODT.mseed,us7000pdfj,BODT,KO,,HHE,broadband,0.00029,0.0116,,,,,,100.0,210.0,0,0.0,False,True,True,False,False,
data/processed/waveforms/us7000pdfj_DAT.mseed,us7000pdfj,DAT,KO,,HHE,broadband,6e-05,0.004,,,,,,100.0,210.0,0,0.0,True,True,True,False,False,clipping_şüphesi
data/processed/waveforms/us7000pdfj_YKAV.mseed,us7000pdfj,YKAV,KO,,HNE,strong_motion,0.00028,0.0086,,,,,,100.0,210.0,0,0.0,False,True,True,True,False,
data/processed/waveforms/us7000pdft_BODA.mseed,us7000pdft,BODA,KO,,HNE,strong_motion,0.00041,0.0256,,,,,,100.0,210.0,0,0.0,False,True,True,True,False,
data/processed/waveforms/us7000pdft_BODT.mseed,us7000pdft,BODT,KO,,HHE,broadband,0.00062,0.0357,,,,,,100.0,210.0,0,0.0,False,True,True,False,False,
data/processed/waveforms/us7000pdft_DIDI.mseed,us7000pdft,DIDI,KO,,HNE,strong_motion,0.00206,0.0659,,,,,,100.0,210.0,0,0.0,False,True,True,True,False,
data/processed/waveforms/us7000pdft_YKAV.mseed,us7000pdft,YKAV,KO,,HNE,strong_motion,0.00063,0.0334,,,,,,100.0,210.0,0,0.0,False,True,True,True,False,
data/processed/waveforms/us7000pdgq_BODA.mseed,us7000pdgq,BODA,KO,,HNE,strong_motion,0.00041,0.0252,,,,,,100.0,210.0,0,0.0,False,True,True,True,False,
data/processed/waveforms/us7000pdgq_BODT.mseed,us7000pdgq,BODT,KO,,HHE,broadband,0.00062,0.0365,,,,,,100.0,210.0,0,0.0,False,True,True,False,False,
data/processed/waveforms/us7000pdgq_DIDI.mseed,us7000pdgq,DIDI,KO,,HNE,strong_motion,0.00206,0.0664,,,,,,100.0,210.0,0,0.0,False,True,True,True,False,
data/processed/waveforms/us7000pdgq_YKAV.mseed,us7000pdgq,YKAV,KO,,HNE,strong_motion,0.00064,0.0342,,,,,,100.0,210.0,0,0.0,False,True,True,True,False,
data/processed/waveforms/us7000pdlv_BODA.mseed,us7000pdlv,BODA,KO,,HNE,strong_motion,0.00015,0.019,,,,,,100.0,209.99,0,0.0,False,True,True,True,False,
data/processed/waveforms/us7000pdlv_BODT.mseed,us7000pdlv,BODT,KO,,HHE,broadband,0.00038,0.0131,,,,,,100.0,210.0,0,0.0,False,True,True,False,False,
data/processed/waveforms/us7000pdlv_DAT.mseed,us7000pdlv,DAT,KO,,HHE,broadband,7e-05,0.0059,,,,,,100.0,209.99,0,0.0,True,True,True,False,False,clipping_şüphesi
data/processed/waveforms/us7000pdlv_YKAV.mseed,us7000pdlv,YKAV,KO,,HNE,strong_motion,0.00028,0.0385,,,,,,100.0,209.99,0,0.0,False,True,True,True,False,
data/processed/waveforms/us7000pdr4_BODA.mseed,us7000pdr4,BODA,KO,,HNE,strong_motion,0.0003,0.0193,,,,,,100.0,210.0,0,0.0,False,True,True,True,False,
data/processed/waveforms/us7000pdr4_BODT.mseed,us7000pdr4,BODT,KO,,HHE,broadband,0.0005,0.0198,,,,,,100.0,210.0,0,0.0,False,True,True,False,False,
data/processed/waveforms/us7000pdr4_DIDI.mseed,us7000pdr4,DIDI,KO,,HNE,strong_motion,0.00076,0.0381,,,,,,100.0,210.0,0,0.0,False,True,True,True,False,
data/processed/waveforms/us7000pdr4_YKAV.mseed,us7000pdr4,YKAV,KO,,HNE,strong_motion,0.00037,0.0145,,,,,,100.0,210.0,0,0.0,False,True,True,True,False,
data/processed/waveforms/us7000pe15_BNGB.mseed,us7000pe15,BNGB,KO,,HHE,broadband,0.00248,0.0976,21.55,2025-02-15T23:24:53.730000Z,,0.519,,100.0,210.0,0,0.0,False,True,True,False,True,
data/processed/waveforms/us7000pe15_KARO.mseed,us7000pe15,KARO,KO,,HHE,broadband,0.00592,0.3631,14.87,2025-02-15T23:24:52.400000Z,,0.337,,100.0,210.0,0,0.0,False,True,True,False,True,
data/processed/waveforms/us7000pe15_VRTB.mseed,us7000pe15,VRTB,KO,,HHE,broadband,0.00031,0.0653,,,,,,100.0,210.0,0,0.0,False,True,True,False,False,
data/processed/waveforms/us7000pe15_YEDI.mseed,us7000pe15,YEDI,KO,,HHE,broadband,0.05769,1.2763,,,,,,100.0,196.65,0,0.0,False,True,True,False,False,
data/processed/waveforms/us7000pe7i_BODA.mseed,us7000pe7i,BODA,KO,,HNE,strong_motion,0.00013,0.0239,,,,,,100.0,210.0,0,0.0,False,True,True,True,False,
data/processed/waveforms/us7000pe7i_BODT.mseed,us7000pe7i,BODT,KO,,HHE,broadband,0.00025,0.0088,,,,,,100.0,103.31,3,0.242,False,True,True,False,False,has_gaps
data/processed/waveforms/us7000pe7i_DIDI.mseed,us7000pe7i,DIDI,KO,,HNN,strong_motion,0.00098,0.0764,,,,,,100.0,210.0,1,0.0238,False,True,True,False,False,has_gaps
data/processed/waveforms/us7000pe7i_YKAV.mseed,us7000pe7i,YKAV,KO,,HNE,strong_motion,0.00014,0.0251,,,,,,100.0,210.0,0,0.0,False,True,True,True,False,
data/processed/waveforms/us7000pe7k_BODA.mseed,us7000pe7k,BODA,KO,,HNZ,strong_motion,0.00051,0.0262,,,,,,100.0,210.0,1,0.0095,False,True,True,False,False,has_gaps
data/processed/waveforms/us7000pe7k_BODT.mseed,us7000pe7k,BODT,KO,,HHE,broadband,0.00079,0.033,,,,,,100.0,180.0,0,0.0,False,True,True,False,False,
data/processed/waveforms/us7000pe7k_DIDI.mseed,us7000pe7k,DIDI,KO,,HNE,strong_motion,0.0008,0.0596,,,,,,100.0,210.0,0,0.0,False,True,True,True,False,
data/processed/waveforms/us7000pe7k_YKAV.mseed,us7000pe7k,YKAV,KO,,HNE,strong_motion,0.00053,0.0316,,,,,,100.0,180.0,0,0.0,False,True,True,True,False,
data/processed/waveforms/us7000peff_BODA.mseed,us7000peff,BODA,KO,,HNE,strong_motion,7e-05,0.0159,,,,,,100.0,210.0,0,0.0,False,True,True,True,False,
data/processed/waveforms/us7000peff_BODT.mseed,us7000peff,BODT,KO,,HHE,broadband,0.00011,0.0047,,,,,,100.0,210.0,0,0.0,False,True,True,False,False,
data/processed/waveforms/us7000peff_DIDI.mseed,us7000peff,DIDI,KO,,HNE,strong_motion,0.0005,0.0187,,,,,,100.0,210.0,0,0.0,False,True,True,True,False,
data/processed/waveforms/us7000peff_YKAV.mseed,us7000peff,YKAV,KO,,HNE,strong_motion,0.00011,0.0094,,,,,,100.0,210.0,0,0.0,False,True,True,True,False,
data/processed/waveforms/us7000pefq_BODA.mseed,us7000pefq,BODA,KO,,HNE,strong_motion,0.00017,0.0142,,,,,,100.0,210.0,0,0.0,False,True,True,True,False,
data/processed/waveforms/us7000pefq_BODT.mseed,us7000pefq,BODT,KO,,HHE,broadband,0.00037,0.0163,,,,,,100.0,180.0,0,0.0,False,True,True,False,False,
data/processed/waveforms/us7000pefq_DIDI.mseed,us7000pefq,DIDI,KO,,HNE,strong_motion,0.00049,0.0356,,,,,,100.0,210.0,0,0.0,False,True,True,True,False,
data/processed/waveforms/us7000pefq_YKAV.mseed,us7000pefq,YKAV,KO,,HNE,strong_motion,0.00013,0.0132,,,,,,100.0,180.0,0,0.0,False,True,True,True,False,
data/processed/waveforms/us7000pefy_BODA.mseed,us7000pefy,BODA,KO,,HNE,strong_motion,0.00015,0.0114,,,,,,100.0,210.0,0,0.0,False,True,True,True,False,
data/processed/waveforms/us7000pefy_BODT.mseed,us7000pefy,BODT,KO,,HHE,broadband,0.00013,0.0128,,,,,,100.0,210.0,0,0.0,False,True,True,False,False,
data/processed/waveforms/us7000pefy_DIDI.mseed,us7000pefy,DIDI,KO,,HNE,strong_motion,0.00036,0.0298,,,,,,100.0,210.0,0,0.0,False,True,True,True,False,
data/processed/waveforms/us7000pefy_YKAV.mseed,us7000pefy,YKAV,KO,,HNE,strong_motion,0.00011,0.0146,,,,,,100.0,210.0,0,0.0,False,True,True,True,False,
data/processed/waveforms/us7000pesp_BODA.mseed,us7000pesp,BODA,KO,,HNE,strong_motion,0.00015,0.0073,,,,,,100.0,210.0,0,0.0,False,True,True,True,False,
data/processed/waveforms/us7000pesp_BODT.mseed,us7000pesp,BODT,KO,,HHE,broadband,0.00034,0.0203,,,,,,100.0,210.0,0,0.0,False,True,True,False,False,
data/processed/waveforms/us7000pesp_DIDI.mseed,us7000pesp,DIDI,KO,,HNE,strong_motion,0.00081,0.0173,,,,,,100.0,210.0,0,0.0,False,True,True,True,False,
data/processed/waveforms/us7000pesp_YKAV.mseed,us7000pesp,YKAV,KO,,HNE,strong_motion,0.0002,0.0152,,,,,,100.0,210.0,0,0.0,False,True,True,True,False,
data/processed/waveforms/us7000pf0h_BODA.mseed,us7000pf0h,BODA,KO,,HNZ,strong_motion,0.00021,0.0281,,,,,,100.0,210.0,1,0.0095,False,True,True,False,False,has_gaps
data/processed/waveforms/us7000pf0h_BODT.mseed,us7000pf0h,BODT,KO,,HHE,broadband,6e-05,0.0034,,,,,,100.0,210.0,0,0.0,False,True,True,False,False,
data/processed/waveforms/us7000pf0h_DAT.mseed,us7000pf0h,DAT,KO,,HHE,broadband,2e-05,0.002,,,,,,100.0,210.0,0,0.0,True,True,True,False,False,clipping_şüphesi
data/processed/waveforms/us7000pf0h_YKAV.mseed,us7000pf0h,YKAV,KO,,HNE,strong_motion,0.00011,0.0249,,,,,,100.0,210.0,0,0.0,False,True,True,True,False,
data/processed/waveforms/us7000pf7u_GURO.mseed,us7000pf7u,GURO,KO,,HHE,broadband,0.00029,0.0115,,,,,,100.0,210.0,0,0.0,False,True,True,False,False,
data/processed/waveforms/us7000pf7u_KARO.mseed,us7000pf7u,KARO,KO,,HHE,broadband,0.00187,0.1147,7.42,2025-02-21T12:27:48.840000Z,,0.285,,100.0,210.0,0,0.0,False,True,True,False,True,
data/processed/waveforms/us7000pf7u_MLAZ.mseed,us7000pf7u,MLAZ,KO,,HHE,broadband,0.00069,0.0319,3.45,2025-02-21T12:27:51.400000Z,2025-02-21T12:28:01.930000Z,0.136,0.251,100.0,142.94,0,0.0,False,True,True,False,True,
data/processed/waveforms/us7000pf7u_VRTB.mseed,us7000pf7u,VRTB,KO,,HHE,broadband,0.00102,0.3988,,,,,,100.0,209.99,0,0.0,False,True,True,False,False,
data/processed/waveforms/us7000pfs8_BODA.mseed,us7000pfs8,BODA,KO,,HNN,strong_motion,0.00012,0.0303,,,,,,100.0,209.99,1,0.0095,False,True,True,False,False,has_gaps
data/processed/waveforms/us7000pfs8_BODT.mseed,us7000pfs8,BODT,KO,,HHE,broadband,0.00023,0.0109,,,,,,100.0,209.99,0,0.0,False,True,True,False,False,
data/processed/waveforms/us7000pfs8_DIDI.mseed,us7000pfs8,DIDI,KO,,HNE,strong_motion,0.00054,0.043,,,,,,100.0,210.0,0,0.0,False,True,True,True,False,
data/processed/waveforms/us7000pfs8_YKAV.mseed,us7000pfs8,YKAV,KO,,HNE,strong_motion,0.00015,0.0167,,,,,,100.0,209.99,0,0.0,False,True,True,True,False,
data/processed/waveforms/us7000pn53_BODA.mseed,us7000pn53,BODA,KO,,HNE,strong_motion,0.00014,0.0048,,,,,,100.0,210.0,0,0.0,False,True,True,True,False,
data/processed/waveforms/us7000pn53_BODT.mseed,us7000pn53,BODT,KO,,HHE,broadband,0.0002,0.0091,,,,,,100.0,210.0,0,0.0,False,True,True,False,False,
data/processed/waveforms/us7000pn53_DIDI.mseed,us7000pn53,DIDI,KO,,HNE,strong_motion,0.0012,0.0191,,,,,,100.0,210.0,0,0.0,False,True,True,True,False,
data/processed/waveforms/us7000pn53_YKAV.mseed,us7000pn53,YKAV,KO,,HNE,strong_motion,0.0002,0.0094,,,,,,100.0,210.0,0,0.0,False,True,True,True,False,
data/processed/waveforms/us7000pufs_BOTS.mseed,us7000pufs,BOTS,KO,,HNE,strong_motion,0.09303,6.7968,68.47,2025-04-23T09:49:16.110000Z,2025-04-23T09:50:45.470000Z,0.565,0.005,100.0,180.0,0,0.0,False,True,True,True,True,
data/processed/waveforms/us7000pufs_GUZE.mseed,us7000pufs,GUZE,KO,,HNE,strong_motion,0.16845,13.3387,3.59,2025-04-23T09:49:17.710000Z,,0.147,,100.0,210.0,0,0.0,False,True,True,True,True,
data/processed/waveforms/us7000pufs_MAEG.mseed,us7000pufs,MAEG,KO,,HNE,strong_motion,0.08463,3.6172,,,,,,100.0,180.0,0,0.0,False,True,True,True,False,
data/processed/waveforms/us7000pufs_SILV.mseed,us7000pufs,SILV,KO,,HNN,strong_motion,0.05601,6.6482,,,,,,100.0,210.0,2,0.019,False,True,True,False,False,has_gaps
data/processed/waveforms/us7000pufv_BOTS.mseed,us7000pufv,BOTS,KO,,HNE,strong_motion,0.01906,1.3345,16.67,2025-04-23T10:02:18.410000Z,2025-04-23T10:02:46.250000Z,0.539,0.536,100.0,210.0,1,0.0095,False,True,True,False,False,has_gaps
data/processed/waveforms/us7000pufv_GUZE.mseed,us7000pufv,GUZE,KO,,HNE,strong_motion,0.15913,11.7212,,,,,,100.0,210.0,0,0.0,False,True,True,True,False,
data/processed/waveforms/us7000pufv_MAEG.mseed,us7000pufv,MAEG,KO,,HNE,strong_motion,0.0111,0.6833,,,,,,100.0,210.0,0,0.0,False,True,True,True,False,
data/processed/waveforms/us7000pufv_SILV.mseed,us7000pufv,SILV,KO,,HNE,strong_motion,0.02581,0.941,,,,,,100.0,210.0,0,0.0,False,True,True,True,False,
data/processed/waveforms/us7000pufy_BUYK.mseed,us7000pufy,BUYK,KO,,HNE,strong_motion,0.02776,5.5351,20.17,2025-04-23T10:02:38.090000Z,,0.503,,100.0,125.99,13,0.2064,False,True,True,False,False,has_gaps
data/processed/waveforms/us7000pufy_GUZE.mseed,us7000pufy,GUZE,KO,,HNE,strong_motion,0.15915,11.6322,,,,,,100.0,180.0,0,0.0,False,True,True,True,False,
data/processed/waveforms/us7000pufy_SINB.mseed,us7000pufy,SINB,KO,,HNE,strong_motion,0.06905,4.465,28.59,2025-04-23T10:02:37.820000Z,2025-04-23T10:04:26.840000Z,0.555,0.377,100.0,89.62,0,0.0,False,True,True,True,True,
data/processed/waveforms/us7000pufy_YKBL.mseed,us7000pufy,YKBL,KO,,HNE,strong_motion,0.0165,1.1535,21.96,2025-04-23T10:02:38.850000Z,2025-04-23T10:04:40.880000Z,0.546,0.219,100.0,183.62,1,0.049,False,True,True,False,False,has_gaps
data/processed/waveforms/us7000pugj_BOTS.mseed,us7000pugj,BOTS,KO,,HNE,strong_motion,0.00862,0.2779,50.02,2025-04-23T12:13:04.510000Z,,0.565,,100.0,210.0,1,0.0095,False,True,True,False,False,has_gaps
data/processed/waveforms/us7000pugj_GUZE.mseed,us7000pugj,GUZE,KO,,HNE,strong_motion,0.04122,1.8453,,,,,,100.0,210.0,0,0.0,False,True,True,True,False,
data/processed/waveforms/us7000pugj_SILV.mseed,us7000pugj,SILV,KO,,HNE,strong_motion,0.03838,1.9717,,,,,,100.0,115.95,3,0.0517,False,True,True,False,False,has_gaps
data/processed/waveforms/us7000pugj_SINB.mseed,us7000pugj,SINB,KO,,HNE,strong_motion,0.02837,1.1373,46.18,2025-04-23T12:13:03.500000Z,2025-04-23T12:14:57.190000Z,0.565,0.25,100.0,210.0,0,0.0,False,True,True,True,True,
data/processed/waveforms/us7000puz4_GEDZ.mseed,us7000puz4,GEDZ,KO,,HHE,broadband,0.0089,0.4185,21.67,2025-04-25T07:20:10.570000Z,,0.537,,100.0,174.98,5,0.0571,False,True,True,False,False,has_gaps
data/processed/waveforms/us7000puz4_SHAP.mseed,us7000puz4,SHAP,KO,,HNE,strong_motion,0.02036,0.5377,,,,,,100.0,210.0,0,0.0,False,True,True,True,False,
data/processed/waveforms/us7000puz4_SIMA.mseed,us7000puz4,SIMA,KO,,HHE,broadband,0.0237,0.3457,60.07,2025-04-25T07:20:06.250000Z,2025-04-25T07:22:39.050000Z,0.565,0.39,100.0,174.98,3,0.0343,False,True,True,False,False,has_gaps
data/processed/waveforms/us7000puz4_SMAA.mseed,us7000puz4,SMAA,KO,,HNE,strong_motion,0.03197,1.5231,6.45,2025-04-25T07:20:06.510000Z,2025-04-25T07:20:09.320000Z,0.276,0.202,100.0,210.0,0,0.0,False,True,True,True,True,
data/processed/waveforms/us7000pvfk_KBAN.mseed,us7000pvfk,KBAN,KO,,HHE,broadband,0.03413,0.3727,26.0,2025-04-27T18:09:45.740000Z,,0.554,,100.0,209.99,0,0.0,False,True,True,False,True,
data/processed/waveforms/us7000pvfk_SVRC.mseed,us7000pvfk,SVRC,KO,,HHE,broadband,0.00454,0.181,31.03,2025-04-27T18:09:43.280000Z,,0.56,,100.0,210.0,0,0.0,False,True,True,False,True,
data/processed/waveforms/us7000pw15_BODT.mseed,us7000pw15,BODT,KO,,HHE,broadband,3e-05,0.0017,,,,,,100.0,210.0,0,0.0,False,True,True,False,False,
data/processed/waveforms/us7000pw15_DAT.mseed,us7000pw15,DAT,KO,,HHE,broadband,0.00016,0.0062,,,,,,100.0,210.0,0,0.0,True,True,True,False,False,clipping_şüphesi
data/processed/waveforms/us7000pw15_DATC.mseed,us7000pw15,DATC,KO,,HNE,strong_motion,0.00053,0.0409,,,,,,100.0,210.0,0,0.0,False,True,True,True,False,
data/processed/waveforms/us7000py7q_BUYK.mseed,us7000py7q,BUYK,KO,,HNE,strong_motion,0.02776,5.5906,20.4,2025-04-23T10:02:15.410000Z,,0.535,,100.0,125.99,13,0.2064,False,True,True,False,False,has_gaps
data/processed/waveforms/us7000py7q_GUZE.mseed,us7000py7q,GUZE,KO,,HNE,strong_motion,0.15915,11.6793,,,,,,100.0,209.99,0,0.0,False,True,True,True,False,
data/processed/waveforms/us7000py7q_SINB.mseed,us7000py7q,SINB,KO,,HNE,strong_motion,0.06905,4.4654,3.11,2025-04-23T10:02:15.990000Z,2025-04-23T10:02:24.340000Z,0.556,0.011,100.0,102.99,0,0.0,False,True,True,True,True,
data/processed/waveforms/us7000py7q_YKBL.mseed,us7000py7q,YKBL,KO,,HNE,strong_motion,0.0165,1.1539,32.45,2025-04-23T10:02:15.840000Z,2025-04-23T10:02:39.480000Z,0.562,0.471,100.0,161.28,0,0.0,False,True,True,True,True,
data/processed/waveforms/us7000pyx9_BODA.mseed,us7000pyx9,BODA,KO,,HNE,strong_motion,0.00039,0.0257,,,,,,100.0,210.0,0,0.0,False,True,True,True,False,
data/processed/waveforms/us7000pyx9_BODT.mseed,us7000pyx9,BODT,KO,,HHE,broadband,0.00055,0.0399,,,,,,100.0,210.0,0,0.0,False,True,True,False,False,
data/processed/waveforms/us7000pyx9_DIDI.mseed,us7000pyx9,DIDI,KO,,HNE,strong_motion,0.0011,0.0968,,,,,,100.0,210.0,0,0.0,False,True,True,True,False,
data/processed/waveforms/us7000pyx9_YKAV.mseed,us7000pyx9,YKAV,KO,,HNE,strong_motion,0.00051,0.0465,,,,,,100.0,210.0,0,0.0,False,True,True,True,False,
data/processed/waveforms/us7000pz2p_DAT.mseed,us7000pz2p,DAT,KO,,HHE,broadband,0.00229,0.1554,,,,,,100.0,180.0,0,0.0,True,True,True,False,False,clipping_şüphesi
data/processed/waveforms/us7000pz2p_DATC.mseed,us7000pz2p,DATC,KO,,HNE,strong_motion,0.00513,0.3852,,,,,,100.0,180.0,0,0.0,False,True,True,True,False,
data/processed/waveforms/us7000pzcl_AFSR.mseed,us7000pzcl,AFSR,KO,,HHE,broadband,0.00198,4.6591,33.72,2025-05-15T12:46:45.100000Z,,0.562,,100.0,129.44,3,1.3597,False,True,True,False,False,has_gaps
data/processed/waveforms/us7000pzcl_KAMT.mseed,us7000pzcl,KAMT,KO,,HHE,broadband,0.00113,0.0578,13.93,2025-05-15T12:46:45.830000Z,,0.499,,100.0,128.44,3,1.3859,False,True,True,False,False,has_gaps
data/processed/waveforms/us7000pzcl_KULU.mseed,us7000pzcl,KULU,KO,,HHE,broadband,0.00498,0.2804,67.55,2025-05-15T12:46:41.210000Z,,0.565,,100.0,96.44,3,1.7939,False,True,True,False,False,has_gaps
data/processed/waveforms/us7000q0pq_BODT.mseed,us7000q0pq,BODT,KO,,HHE,broadband,0.00323,0.1853,3.73,2025-05-22T03:20:28.790000Z,,0.013,,100.0,180.0,0,0.0,False,True,True,False,True,
data/processed/waveforms/us7000q0pq_DAT.mseed,us7000q0pq,DAT,KO,,HHE,broadband,0.00302,0.3224,,,,,,100.0,180.0,0,0.0,True,True,True,False,False,clipping_şüphesi
data/processed/waveforms/us7000q0pq_DATC.mseed,us7000q0pq,DATC,KO,,HNE,strong_motion,0.00508,0.708,,,,,,100.0,210.0,0,0.0,False,True,True,True,False,
data/processed/waveforms/us7000q0pq_YKAV.mseed,us7000q0pq,YKAV,KO,,HNE,strong_motion,0.0017,0.1532,,,,,,100.0,210.0,0,0.0,False,True,True,True,False,
data/processed/waveforms/us7000qbpg_BODT.mseed,us7000qbpg,BODT,KO,,HHE,broadband,0.00021,0.0116,,,,,,100.0,210.0,0,0.0,False,True,True,False,False,
data/processed/waveforms/us7000qbpg_DIDI.mseed,us7000qbpg,DIDI,KO,,HNE,strong_motion,0.00037,0.0224,,,,,,100.0,210.0,0,0.0,False,True,True,True,False,
data/processed/waveforms/us7000quja_AKS.mseed,us7000quja,AKS,KO,,HNE,strong_motion,0.00747,0.1916,12.21,2025-09-07T09:35:17.840000Z,,0.368,,100.0,129.69,0,0.0,False,True,True,True,True,
data/processed/waveforms/us7000quja_BALB.mseed,us7000quja,BALB,KO,,HNE,strong_motion,0.00344,0.2651,18.34,2025-09-07T09:35:20.540000Z,,0.519,,100.0,210.0,0,0.0,False,True,True,True,True,
data/processed/waveforms/us7000quja_GORD.mseed,us7000quja,GORD,KO,,HNE,strong_motion,0.00502,0.5118,23.44,2025-09-07T09:35:14.370000Z,,0.537,,100.0,210.0,0,0.0,False,True,True,True,True,
data/processed/waveforms/us7000quja_SOMA.mseed,us7000quja,SOMA,KO,,HNE,strong_motion,0.00437,0.237,12.81,2025-09-07T09:35:19.870000Z,,0.352,,100.0,210.0,0,0.0,False,True,True,True,True,
data/processed/waveforms/us7000qxqv_AKS.mseed,us7000qxqv,AKS,KO,,HNE,strong_motion,0.00511,0.1825,4.12,2025-09-21T21:05:57.970000Z,,0.0,,100.0,180.0,0,0.0,False,True,True,True,True,
data/processed/waveforms/us7000qxqv_GOMA.mseed,us7000qxqv,GOMA,KO,,HNE,strong_motion,0.00865,0.393,,,,,,100.0,210.0,0,0.0,False,True,True,True,False,
data/processed/waveforms/us7000qxqv_GORD.mseed,us7000qxqv,GORD,KO,,HNE,strong_motion,0.00531,0.3421,22.67,2025-09-21T21:05:52.800000Z,,0.522,,100.0,180.0,0,0.0,False,True,True,True,True,
data/processed/waveforms/us7000qxqv_SOMA.mseed,us7000qxqv,SOMA,KO,,HNE,strong_motion,0.00303,0.1223,12.22,2025-09-21T21:05:57.900000Z,,0.224,,100.0,210.0,0,0.0,False,True,True,True,True,
data/processed/waveforms/us7000rey2_AKDN.mseed,us7000rey2,AKDN,KO,,HNE,strong_motion,0.00015,0.0344,,,,,,100.0,210.0,0,0.0,False,True,True,True,False,
data/processed/waveforms/us7000rey2_AKIN.mseed,us7000rey2,AKIN,KO,,HNN,strong_motion,0.00046,0.0317,,,,,,100.0,210.0,1,0.2381,False,True,True,False,False,has_gaps
data/processed/waveforms/us7000rey2_HSY.mseed,us7000rey2,HSY,KO,,HHE,broadband,0.00121,0.047,0.56,2025-11-12T14:26:17.290000Z,2025-11-12T14:28:16.270000Z,0.1,0.007,100.0,210.0,0,0.0,False,True,True,False,True,
data/processed/waveforms/us7000rey2_LEF.mseed,us7000rey2,LEF,KO,,HHE,broadband,0.0004,0.03,2.21,2025-11-12T14:26:26.410000Z,2025-11-12T14:26:29.980000Z,0.149,0.004,100.0,210.0,0,0.0,False,True,True,False,True,
data/processed/waveforms/us7000rmaa_KBAN.mseed,us7000rmaa,KBAN,KO,,HHE,broadband,0.00746,0.2209,16.35,2026-01-03T17:27:35.090000Z,,0.473,,100.0,210.0,0,0.0,False,True,True,False,True,
data/processed/waveforms/us7000rmaa_MLTY.mseed,us7000rmaa,MLTY,KO,,HHE,broadband,0.00825,0.1534,25.54,2026-01-03T17:27:34.190000Z,,0.561,,100.0,210.0,0,0.0,False,True,True,False,True,
data/processed/waveforms/us7000rmaa_SVRC.mseed,us7000rmaa,SVRC,KO,,HHE,broadband,0.00469,0.1919,36.64,2026-01-03T17:27:32.540000Z,,0.561,,100.0,210.0,0,0.0,False,True,True,False,True,
data/processed/waveforms/us7000rr4f_AKS.mseed,us7000rr4f,AKS,KO,,HNE,strong_motion,0.00297,0.1043,,,,,,100.0,210.0,0,0.0,False,True,True,True,False,
data/processed/waveforms/us7000rr4f_DST.mseed,us7000rr4f,DST,KO,,HNE,strong_motion,0.00167,0.06,,,,,,100.0,210.0,0,0.0,False,True,True,True,False,
data/processed/waveforms/us7000rr4f_GOMA.mseed,us7000rr4f,GOMA,KO,,HNE,strong_motion,0.00365,0.1379,,,,,,100.0,210.0,0,0.0,False,True,True,True,False,
data/processed/waveforms/us7000rr4f_GORD.mseed,us7000rr4f,GORD,KO,,HNE,strong_motion,0.00318,0.1195,22.56,2026-01-21T15:11:55.670000Z,,0.552,,100.0,210.0,0,0.0,False,True,True,True,True,
data/processed/waveforms/us7000rr79_AKS.mseed,us7000rr79,AKS,KO,,HNE,strong_motion,0.00172,0.0414,,,,,,100.0,210.0,0,0.0,False,True,True,True,False,
data/processed/waveforms/us7000rr79_DST.mseed,us7000rr79,DST,KO,,HNE,strong_motion,0.00156,0.0665,,,,,,100.0,210.0,0,0.0,False,True,True,True,False,
data/processed/waveforms/us7000rr79_GOMA.mseed,us7000rr79,GOMA,KO,,HNE,strong_motion,0.00178,0.0718,,,,,,100.0,210.0,0,0.0,False,True,True,True,False,
data/processed/waveforms/us7000rr79_GORD.mseed,us7000rr79,GORD,KO,,HNE,strong_motion,0.00123,0.0886,15.82,2026-01-21T20:29:01.870000Z,,0.484,,100.0,210.0,0,0.0,False,True,True,True,True,
data/processed/waveforms/us7000rrq9_AKS.mseed,us7000rrq9,AKS,KO,,HNE,strong_motion,0.00428,0.1972,20.06,2026-01-23T21:24:47.330000Z,,0.533,,100.0,210.0,0,0.0,False,True,True,True,True,
data/processed/waveforms/us7000rrq9_DST.mseed,us7000rrq9,DST,KO,,HNE,strong_motion,0.00226,0.1455,,,,,,100.0,210.0,0,0.0,False,True,True,True,False,
data/processed/waveforms/us7000rrq9_GORD.mseed,us7000rrq9,GORD,KO,,HNE,strong_motion,0.00356,0.2927,29.26,2026-01-23T21:24:43.750000Z,,0.561,,100.0,210.0,0,0.0,False,True,True,True,True,
data/processed/waveforms/us7000rrq9_SMAA.mseed,us7000rrq9,SMAA,KO,,HNE,strong_motion,0.00382,0.1962,,,,,,100.0,210.0,0,0.0,False,True,True,True,False,
data/processed/waveforms/us7000s0ij_AKDG.mseed,us7000s0ij,AKDG,KO,,HHZ,broadband,0.00385,0.3124,35.03,2026-02-26T17:17:19.530000Z,2026-02-26T17:17:28.950000Z,0.563,0.532,100.0,210.0,1,0.0238,False,True,True,False,False,has_gaps
data/processed/waveforms/us7000s0ij_KMRS.mseed,us7000s0ij,KMRS,KO,,HHE,broadband,0.00188,0.108,16.94,2026-02-26T17:17:21.930000Z,,0.356,,100.0,210.0,0,0.0,False,True,True,False,True,
data/processed/waveforms/us7000s0ij_NURH.mseed,us7000s0ij,NURH,KO,,HHE,broadband,0.00929,0.3001,50.9,2026-02-26T17:17:11.940000Z,,0.565,,100.0,210.0,0,0.0,False,True,True,False,True,
data/processed/waveforms/us7000s33s_BABD.mseed,us7000s33s,BABD,KO,,HHE,broadband,0.01136,0.2103,19.95,2026-03-09T06:21:10.990000Z,,0.506,,100.0,180.0,0,0.0,False,True,True,False,True,
data/processed/waveforms/us7000s33s_KHL.mseed,us7000s33s,KHL,KO,,HNE,strong_motion,0.00538,0.2484,,,,,,100.0,210.0,0,0.0,False,True,True,True,False,
data/processed/waveforms/us7000s33s_KULA.mseed,us7000s33s,KULA,KO,,HHE,broadband,0.00599,0.2764,20.67,2026-03-09T06:21:17.770000Z,2026-03-09T06:22:56.020000Z,0.483,0.0,100.0,210.0,0,0.0,False,True,True,False,True,
data/processed/waveforms/us7000sskd_GAZ.mseed,us7000sskd,GAZ,KO,,HHE,broadband,0.00287,0.1248,23.02,2026-06-12T21:08:52.110000Z,,0.397,,100.0,210.0,0,0.0,False,True,True,False,True,
data/processed/waveforms/us7000sskd_KHMN.mseed,us7000sskd,KHMN,KO,,HNE,strong_motion,0.00182,0.066,,,,,,100.0,210.0,0,0.0,False,True,True,True,False,
data/processed/waveforms/us7000t1j0_AKDG.mseed,us7000t1j0,AKDG,KO,,HHE,broadband,0.00823,0.4665,50.75,2026-07-18T03:21:08.110000Z,2026-07-18T03:22:27.690000Z,0.565,0.004,100.0,210.0,0,0.0,False,True,True,False,True,
data/processed/waveforms/us7000t1j0_ARGN.mseed,us7000t1j0,ARGN,KO,,HHE,broadband,0.00647,0.289,24.68,2026-07-18T03:21:10.830000Z,2026-07-18T03:21:52.670000Z,0.546,0.003,100.0,210.0,0,0.0,False,True,True,False,True,
data/processed/waveforms/us7000t1j0_MLTY.mseed,us7000t1j0,MLTY,KO,,HHE,broadband,0.06591,0.5427,60.17,2026-07-18T03:21:02.590000Z,,0.565,,100.0,180.0,0,0.0,False,True,True,False,True,
data/processed/waveforms/us7000tctp_DAT.mseed,us7000tctp,DAT,KO,,HHE,broadband,0.00097,0.0289,,,,,,100.0,210.0,0,0.0,True,True,True,False,False,clipping_şüphesi
data/processed/waveforms/us7000tctp_DATC.mseed,us7000tctp,DATC,KO,,HNE,strong_motion,0.00199,0.0415,,,,,,100.0,210.0,0,0.0,False,True,True,True,False,
data/processed/waveforms/usb000fisx_AKDM.mseed,usb000fisx,AKDM,KO,,HHE,broadband,0.0002,0.0502,17.93,2013-03-11T14:57:40.230000Z,2013-03-11T14:58:05.540000Z,0.378,0.259,100.0,210.0,0,0.0,False,True,True,False,True,
data/processed/waveforms/usb000fisx_CUKT.mseed,usb000fisx,CUKT,KO,,BHE,broadband,0.00194,0.1093,19.45,2013-03-11T14:57:18.940000Z,,0.4,,50.0,210.0,0,0.0,False,True,True,False,True,
data/processed/waveforms/usb000fisx_SIRT.mseed,usb000fisx,SIRT,KO,,BHE,broadband,0.00397,0.2278,15.17,2013-03-11T14:57:30.060000Z,2013-03-11T14:57:47.380000Z,0.336,0.503,50.0,210.0,0,0.0,False,True,True,False,True,
data/processed/waveforms/usb000fisx_VANB.mseed,usb000fisx,VANB,KO,,BHE,broadband,0.00011,0.0202,13.71,2013-03-11T14:57:42.880000Z,2013-03-11T14:58:10.500000Z,0.268,0.09,50.0,210.0,0,0.0,False,True,True,False,True,
data/processed/waveforms/usb000gac8_CLDR.mseed,usb000gac8,CLDR,KO,,BHE,broadband,0.00017,0.0192,5.4,2013-04-18T10:40:05.220000Z,,0.096,,50.0,209.98,0,0.0,False,True,True,False,True,
data/processed/waveforms/usb000gac8_ERCV.mseed,usb000gac8,ERCV,KO,,HNE,strong_motion,0.00075,0.1348,,,,,,100.0,210.0,6,0.1429,False,True,True,False,False,has_gaps
data/processed/waveforms/usb000gac8_TASB.mseed,usb000gac8,TASB,KO,,HHE,broadband,7e-05,0.015,-1.69,2013-04-18T10:40:51.630000Z,,0.0,,100.0,210.0,0,0.0,False,True,True,False,True,
data/processed/waveforms/usb000gac8_VANB.mseed,usb000gac8,VANB,KO,,BHE,broadband,6e-05,0.0143,24.96,2013-04-18T10:40:07.960000Z,2013-04-18T10:40:09.800000Z,0.538,0.303,50.0,209.98,0,0.0,False,True,True,False,True,
data/processed/waveforms/usb000gh38_BBRN.mseed,usb000gh38,BBRN,KO,,HNE,strong_motion,0.00627,0.1404,,,,,,100.0,210.0,0,0.0,False,True,True,True,False,
data/processed/waveforms/usb000gh38_DAT.mseed,usb000gh38,DAT,KO,,BHE,broadband,0.00174,0.0589,7.08,2013-04-28T16:31:00.940000Z,,0.108,,50.0,210.0,0,0.0,False,True,True,False,True,
data/processed/waveforms/usb000gh38_DATC.mseed,usb000gh38,DATC,KO,,HNE,strong_motion,0.00357,0.1078,,,,,,100.0,210.0,0,0.0,False,True,True,True,False,
data/processed/waveforms/usb000gwsz_BBRN.mseed,usb000gwsz,BBRN,KO,,HNE,strong_motion,0.00344,0.0961,,,,,,100.0,210.0,0,0.0,False,True,True,True,False,
data/processed/waveforms/usb000gwsz_DALY.mseed,usb000gwsz,DALY,KO,,BHE,broadband,0.00466,0.2605,30.62,2013-05-16T03:02:07.900000Z,2013-05-16T03:04:05.040000Z,0.528,0.04,50.0,209.98,0,0.0,False,True,True,False,True,
data/processed/waveforms/usb000gwsz_MRSB.mseed,usb000gwsz,MRSB,KO,,HNE,strong_motion,0.00422,0.195,,,,,,100.0,210.0,0,0.0,False,True,True,True,False,
data/processed/waveforms/usb000h85k_GEDZ.mseed,usb000h85k,GEDZ,KO,,HHE,broadband,0.0016,0.0467,14.63,2013-05-29T14:43:38.660000Z,,0.218,,100.0,210.0,0,0.0,False,True,True,False,True,
data/processed/waveforms/usb000h85k_SHAP.mseed,usb000h85k,SHAP,KO,,HNE,strong_motion,0.02185,0.3793,,,,,,100.0,210.0,0,0.0,False,True,True,True,False,
data/processed/waveforms/usb000ijb0_BZK.mseed,usb000ijb0,BZK,KO,,BHE,broadband,0.00035,0.0168,8.41,2013-07-21T21:44:01.060000Z,,0.162,,50.0,209.98,0,0.0,False,True,True,False,True,
data/processed/waveforms/usb000ijb0_CANT.mseed,usb000ijb0,CANT,KO,,BHE,broadband,0.00077,0.0353,10.87,2013-07-21T21:43:53.020000Z,,0.267,,50.0,209.98,0,0.0,False,True,True,False,True,
data/processed/waveforms/usb000ijb0_SAFT.mseed,usb000ijb0,SAFT,KO,,HNE,strong_motion,0.00066,0.0204,,,,,,100.0,210.0,0,0.0,False,True,True,True,False,
data/processed/waveforms/usb000ijb0_TOS.mseed,usb000ijb0,TOS,KO,,HNE,strong_motion,0.00114,0.0425,11.0,2013-07-21T21:43:50.350000Z,,0.345,,100.0,210.0,0,0.0,False,True,True,True,True,
data/processed/waveforms/usb000k0xu_AKDM.mseed,usb000k0xu,AKDM,KO,,HHE,broadband,3e-05,0.0092,7.68,2013-09-27T10:03:19.260000Z,2013-09-27T10:03:49.140000Z,0.317,0.249,100.0,210.0,0,0.0,False,True,True,False,True,
data/processed/waveforms/usb000k0xu_CLDR.mseed,usb000k0xu,CLDR,KO,,BHE,broadband,3e-05,0.0037,1.04,2013-09-27T10:03:57.740000Z,,0.019,,50.0,210.0,0,0.0,False,True,True,False,True,
data/processed/waveforms/usb000k0xu_CUKT.mseed,usb000k0xu,CUKT,KO,,BHE,broadband,0.00029,0.0354,11.11,2013-09-27T10:03:03.740000Z,2013-09-27T10:03:20.620000Z,0.274,0.203,50.0,210.0,0,0.0,False,True,True,False,True,
data/processed/waveforms/usb000k0xu_VANB.mseed,usb000k0xu,VANB,KO,,HHE,broadband,4e-05,0.0071,11.13,2013-09-27T10:03:17.720000Z,2013-09-27T10:03:46.470000Z,0.39,0.002,100.0,210.0,0,0.0,False,True,True,False,True,
data/processed/waveforms/usb000kj64_EREN.mseed,usb000kj64,EREN,KO,,HHE,broadband,0.00036,0.0258,5.89,2013-10-23T12:24:42.430000Z,2013-10-23T12:24:44.390000Z,0.039,0.119,100.0,210.0,0,0.0,False,True,True,False,True,
data/processed/waveforms/usb000kj64_IKL.mseed,usb000kj64,IKL,KO,,BHE,broadband,0.00328,0.0738,27.76,2013-10-23T12:24:34.100000Z,2013-10-23T12:24:42.500000Z,0.53,0.446,50.0,209.98,0,0.0,False,True,True,False,True,
data/processed/waveforms/usb000kj64_MERS.mseed,usb000kj64,MERS,KO,,BHE,broadband,0.00167,0.0658,18.3,2013-10-23T12:24:34.640000Z,2013-10-23T12:25:28.960000Z,0.466,0.184,50.0,209.98,0,0.0,False,True,True,False,True,
data/processed/waveforms/usb000kj64_SLFK.mseed,usb000kj64,SLFK,KO,,HNE,strong_motion,0.01912,0.2833,,,,,,100.0,210.0,0,0.0,False,True,True,True,False,
data/processed/waveforms/usb000l5v1_GRDE.mseed,usb000l5v1,GRDE,KO,,HNE,strong_motion,0.00951,0.625,,,,,,100.0,180.0,0,0.0,False,True,True,True,False,
data/processed/waveforms/usb000l5v1_KDZE.mseed,usb000l5v1,KDZE,KO,,BHE,broadband,0.00113,0.0797,31.37,2013-11-24T20:49:49.760000Z,,0.559,,50.0,209.98,0,0.0,True,True,True,False,True,clipping_şüphesi
data/processed/waveforms/usb000l5v1_YUVA.mseed,usb000l5v1,YUVA,KO,,HNE,strong_motion,0.00405,0.1835,,,,,,100.0,180.0,0,0.0,False,True,True,True,False,
data/processed/waveforms/usb000l74s_BOTS.mseed,usb000l74s,BOTS,KO,,HNE,strong_motion,0.01105,0.4424,48.08,2013-11-27T04:13:42.000000Z,,0.565,,100.0,210.0,0,0.0,False,True,True,True,True,
data/processed/waveforms/usb000l74s_MRMT.mseed,usb000l74s,MRMT,KO,,HHE,broadband,0.00107,0.0687,11.41,2013-11-27T04:13:45.400000Z,2013-11-27T04:13:49.810000Z,0.263,0.381,100.0,210.0,0,0.0,False,True,True,False,True,
data/processed/waveforms/usb000l74s_TKR.mseed,usb000l74s,TKR,KO,,HNE,strong_motion,0.01581,0.5609,,,,,,100.0,210.0,0,0.0,False,True,True,True,False,
data/processed/waveforms/usb000lacc_DAT.mseed,usb000lacc,DAT,KO,,BHE,broadband,0.00022,0.0085,,,,,,50.0,210.0,0,0.0,False,True,True,False,False,
data/processed/waveforms/usb000lacc_DATC.mseed,usb000lacc,DATC,KO,,HNE,strong_motion,0.00021,0.0318,,,,,,100.0,210.0,0,0.0,False,True,True,True,False,
data/processed/waveforms/usb000lacc_MRSB.mseed,usb000lacc,MRSB,KO,,HNE,strong_motion,0.00019,0.0576,,,,,,100.0,210.0,0,0.0,False,True,True,True,False,
data/processed/waveforms/usb000ldsa_ALAN.mseed,usb000ldsa,ALAN,KO,,HNE,strong_motion,0.00753,0.1744,,,,,,100.0,210.0,0,0.0,False,True,True,True,False,
data/processed/waveforms/usb000ldsa_ANTB.mseed,usb000ldsa,ANTB,KO,,BHE,broadband,0.00097,0.0765,,,,,,50.0,210.0,0,0.0,False,True,True,False,False,
data/processed/waveforms/usb000q4uy_CESE.mseed,usb000q4uy,CESE,KO,,HNE,strong_motion,0.00076,0.2256,,,,,,100.0,89.99,15,0.8334,False,True,True,False,False,has_gaps
data/processed/waveforms/usb000q4uy_KRBN.mseed,usb000q4uy,KRBN,KO,,HNE,strong_motion,0.00062,0.0934,,,,,,100.0,210.0,0,0.0,False,True,True,True,False,
data/processed/waveforms/usb000qa6c_KEMT.mseed,usb000qa6c,KEMT,KO,,HNE,strong_motion,0.00072,0.0357,,,,,,100.0,210.0,0,0.0,False,True,True,True,False,
data/processed/waveforms/usb000r2hc_ENEZ.mseed,usb000r2hc,ENEZ,KO,,HHE,broadband,0.03064,0.9019,44.44,2014-05-24T09:25:16.190000Z,2014-05-24T09:28:10.830000Z,0.564,0.236,100.0,133.55,3,1.4826,False,True,True,False,False,has_gaps
data/processed/waveforms/usb000r2hc_GADA.mseed,usb000r2hc,GADA,KO,,HHE,broadband,0.02945,0.5071,45.56,2014-05-24T09:25:09.950000Z,,0.565,,100.0,134.55,0,0.0,False,True,True,False,True,
data/processed/waveforms/usb000r2ht_GADA.mseed,usb000r2ht,GADA,KO,,HHE,broadband,0.00101,0.0416,21.44,2014-05-24T10:11:47.110000Z,2014-05-24T10:14:45.650000Z,0.542,0.0,100.0,210.0,0,0.0,False,True,True,False,True,
data/processed/waveforms/usb000r2ht_GELI.mseed,usb000r2ht,GELI,KO,,HHE,broadband,0.00171,0.0428,19.84,2014-05-24T10:11:46.560000Z,,0.458,,100.0,210.0,0,0.0,False,True,True,False,True,
data/processed/waveforms/usb000r2nx_ENEZ.mseed,usb000r2nx,ENEZ,KO,,HHE,broadband,0.001,0.139,18.45,2014-05-24T14:49:23.250000Z,2014-05-24T14:50:10.630000Z,0.34,0.002,100.0,210.0,0,0.0,False,True,True,False,True,
data/processed/waveforms/usb000r2nx_GADA.mseed,usb000r2nx,GADA,KO,,HHE,broadband,0.00089,0.0992,25.77,2014-05-24T14:49:20.580000Z,2014-05-24T14:51:13.530000Z,0.494,0.06,100.0,210.0,0,0.0,False,True,True,False,True,
data/processed/waveforms/usb000rh6j_AKDN.mseed,usb000rh6j,AKDN,KO,,HNZ,strong_motion,0.00145,0.0785,,,,,,100.0,210.0,1,0.0476,False,True,True,False,False,has_gaps
data/processed/waveforms/usb000rh6j_ALAN.mseed,usb000rh6j,ALAN,KO,,HNE,strong_motion,0.00171,0.0626,,,,,,100.0,210.0,0,0.0,False,True,True,True,False,
data/processed/waveforms/usb000rh6j_BOZY.mseed,usb000rh6j,BOZY,KO,,HNE,strong_motion,0.00337,0.1089,,,,,,100.0,210.0,0,0.0,False,True,True,True,False,
data/processed/waveforms/usb000rh6j_LEF.mseed,usb000rh6j,LEF,KO,,BHE,broadband,0.00147,0.0342,11.59,2014-06-19T20:31:05.280000Z,2014-06-19T20:31:17.180000Z,0.35,0.343,50.0,210.0,0,0.0,False,True,True,False,True,
data/processed/waveforms/usb000s5w4_ANTB.mseed,usb000s5w4,ANTB,KO,,BHE,broadband,0.0009,0.1409,,,,,,50.0,209.98,0,0.0,False,True,True,False,False,
data/processed/waveforms/usb000s5w4_BASM.mseed,usb000s5w4,BASM,KO,,HNE,strong_motion,0.0041,0.2973,,,,,,100.0,210.0,0,0.0,False,True,True,True,False,
data/processed/waveforms/usb000s5w4_BCK.mseed,usb000s5w4,BCK,KO,,BHE,broadband,0.01791,0.3029,38.8,2014-08-24T19:43:35.540000Z,2014-08-24T19:43:52.440000Z,0.556,0.006,50.0,179.98,0,0.0,False,True,True,False,True,
data/processed/waveforms/usb000s99n_ANTB.mseed,usb000s99n,ANTB,KO,,BHE,broadband,0.00186,0.1579,,,,,,50.0,180.0,0,0.0,False,True,True,False,False,
data/processed/waveforms/usb000s99n_DEMR.mseed,usb000s99n,DEMR,KO,,HNE,strong_motion,0.0009,0.1078,,,,,,100.0,210.0,0,0.0,False,True,True,True,False,
data/processed/waveforms/usb000s99n_KEMT.mseed,usb000s99n,KEMT,KO,,HNE,strong_motion,0.01252,0.5578,8.54,2014-09-04T21:00:15.300000Z,2014-09-04T21:00:23.980000Z,0.203,0.034,100.0,180.0,0,0.0,False,True,True,True,True,
data/processed/waveforms/usb000sirk_BODT.mseed,usb000sirk,BODT,KO,,BHE,broadband,2e-05,0.0019,3.35,2014-10-04T12:28:30.380000Z,,0.068,,50.0,184.04,0,0.0,False,True,True,False,True,
data/processed/waveforms/usb000sirk_DATC.mseed,usb000sirk,DATC,KO,,HNE,strong_motion,0.00031,0.0272,,,,,,100.0,210.0,0,0.0,False,True,True,True,False,
data/processed/waveforms/usb000smqw_BODT.mseed,usb000smqw,BODT,KO,,BHE,broadband,0.00012,0.0054,15.26,2014-10-16T06:48:54.860000Z,2014-10-16T06:49:14.020000Z,0.472,0.22,50.0,210.0,0,0.0,False,True,True,False,True,
data/processed/waveforms/usb000smqw_DATC.mseed,usb000smqw,DATC,KO,,HNE,strong_motion,0.00077,0.0448,,,,,,100.0,210.0,0,0.0,False,True,True,True,False,
data/processed/waveforms/usb000t0sw_SHAP.mseed,usb000t0sw,SHAP,KO,,HNE,strong_motion,0.00705,0.1503,,,,,,100.0,210.0,0,0.0,False,True,True,True,False,
data/processed/waveforms/usb000t0sw_SIMA.mseed,usb000t0sw,SIMA,KO,,HHE,broadband,0.00323,0.1039,55.0,2014-11-28T02:30:12.960000Z,,0.565,,100.0,138.39,3,0.1806,False,True,True,False,False,has_gaps
data/processed/waveforms/usb000t0sw_TVSB.mseed,usb000t0sw,TVSB,KO,,HHE,broadband,0.00185,0.0451,7.43,2014-11-28T02:30:17.880000Z,2014-11-28T02:30:19.320000Z,0.102,0.318,100.0,210.0,0,0.0,False,True,True,False,True,
data/processed/waveforms/usb000tpmv_ANTB.mseed,usb000tpmv,ANTB,KO,,BHE,broadband,0.00064,0.0961,,,,,,50.0,209.98,0,0.0,False,True,True,False,False,
data/processed/waveforms/usb000tpmv_BCK.mseed,usb000tpmv,BCK,KO,,BHE,broadband,0.0007,0.0457,16.47,2015-02-16T11:52:54.600000Z,,0.348,,50.0,209.98,0,0.0,False,True,True,False,True,
data/processed/waveforms/usb000tpmv_ELL.mseed,usb000tpmv,ELL,KO,,BHE,broadband,0.0024,0.1688,19.19,2015-02-16T11:52:53.400000Z,,0.401,,50.0,209.98,0,0.0,True,True,True,False,True,clipping_şüphesi
data/processed/waveforms/usc000fayn_BODT.mseed,usc000fayn,BODT,KO,,BHE,broadband,0.00413,0.1751,33.74,2013-02-21T10:19:00.340000Z,,0.555,,50.0,210.0,0,0.0,False,True,True,False,True,
data/processed/waveforms/usc000fayn_DIDI.mseed,usc000fayn,DIDI,KO,,HNE,strong_motion,0.02045,0.6846,6.42,2013-02-21T10:18:57.840000Z,2013-02-21T10:19:02.400000Z,0.029,0.008,100.0,210.0,0,0.0,False,True,True,True,True,
data/processed/waveforms/usc000fayn_YKAV.mseed,usc000fayn,YKAV,KO,,HNE,strong_motion,0.00617,0.3117,,,,,,100.0,210.0,0,0.0,False,True,True,True,False,
data/processed/waveforms/usc000hnc9_AKDM.mseed,usc000hnc9,AKDM,KO,,HHE,broadband,0.00021,0.027,12.34,2013-06-12T19:03:04.280000Z,,0.395,,100.0,210.0,0,0.0,False,True,True,False,True,
data/processed/waveforms/usc000hnc9_CLDR.mseed,usc000hnc9,CLDR,KO,,BHE,broadband,0.00071,0.0583,10.34,2013-06-12T19:03:04.080000Z,,0.141,,50.0,209.98,0,0.0,False,True,True,False,True,
data/processed/waveforms/usc000hnc9_ERCV.mseed,usc000hnc9,ERCV,KO,,HNE,strong_motion,0.00277,0.2611,,,,,,100.0,210.0,0,0.0,False,True,True,True,False,
data/processed/waveforms/usc000hnc9_VANB.mseed,usc000hnc9,VANB,KO,,BHE,broadband,0.00188,0.2059,,,,,,50.0,210.0,0,0.0,False,True,True,False,False,
data/processed/waveforms/usc000isd7_GADA.mseed,usc000isd7,GADA,KO,,BHE,broadband,0.00916,0.2967,44.97,2013-07-30T05:33:12.140000Z,,0.564,,50.0,210.0,0,0.0,False,True,True,False,True,
data/processed/waveforms/usc000isd7_GELI.mseed,usc000isd7,GELI,KO,,BHE,broadband,0.00349,0.2754,23.85,2013-07-30T05:33:18.920000Z,,0.541,,50.0,210.0,0,0.0,False,True,True,False,True,
data/processed/waveforms/usc000jwi4_BNGB.mseed,usc000jwi4,BNGB,KO,,BHE,broadband,0.00153,0.0692,26.68,2013-09-17T20:41:01.500000Z,2013-09-17T20:41:11.820000Z,0.55,0.197,50.0,210.0,0,0.0,False,True,True,False,True,
data/processed/waveforms/usc000jwi4_GURO.mseed,usc000jwi4,GURO,KO,,HHE,broadband,0.00374,2.0379,11.69,2013-09-17T20:41:03.860000Z,2013-09-17T20:41:13.400000Z,0.437,0.505,100.0,210.0,0,0.0,False,True,True,False,True,
data/processed/waveforms/usc000jwi4_KARO.mseed,usc000jwi4,KARO,KO,,HHE,broadband,0.01635,0.9005,17.09,2013-09-17T20:40:58.480000Z,,0.45,,100.0,180.0,0,0.0,False,True,True,False,True,
data/processed/waveforms/usc000jwi4_VRTB.mseed,usc000jwi4,VRTB,KO,,BHE,broadband,0.02053,1.0145,48.93,2013-09-17T20:40:54.300000Z,,0.565,,50.0,180.0,0,0.0,False,True,True,False,True,
data/processed/waveforms/usc000lrgn_KEMT.mseed,usc000lrgn,KEMT,KO,,HNE,strong_motion,0.00109,0.0542,,,,,,100.0,210.0,0,0.0,False,True,True,True,False,
data/processed/waveforms/usc000ltax_ALAN.mseed,usc000ltax,ALAN,KO,,HNE,strong_motion,0.01994,0.7433,0.98,2013-12-28T15:21:20.800000Z,,0.097,,100.0,180.0,0,0.0,False,True,True,True,True,
data/processed/waveforms/usc000ltax_KEMT.mseed,usc000ltax,KEMT,KO,,HNE,strong_motion,0.01707,0.8603,,,,,,100.0,210.0,0,0.0,False,True,True,True,False,
data/processed/waveforms/usc000ltdi_ALAN.mseed,usc000ltdi,ALAN,KO,,HNE,strong_motion,0.00071,0.0196,,,,,,100.0,210.0,0,0.0,False,True,True,True,False,
data/processed/waveforms/usc000ltdi_DEMR.mseed,usc000ltdi,DEMR,KO,,HNE,strong_motion,0.0001,0.0045,,,,,,100.0,210.0,0,0.0,False,True,True,True,False,
data/processed/waveforms/usc000ltdi_KEMT.mseed,usc000ltdi,KEMT,KO,,HNE,strong_motion,0.00026,0.0151,,,,,,100.0,210.0,0,0.0,False,True,True,True,False,
data/processed/waveforms/usc000mq8w_CEYT.mseed,usc000mq8w,CEYT,KO,,BHE,broadband,0.00077,0.0466,,,,,,50.0,210.0,0,0.0,False,True,True,False,False,
data/processed/waveforms/usc000mq8w_KRTD.mseed,usc000mq8w,KRTD,KO,,HNE,strong_motion,0.00063,0.0392,,,,,,100.0,210.0,0,0.0,False,True,True,True,False,
data/processed/waveforms/usc000mq8w_KRTS.mseed,usc000mq8w,KRTS,KO,,BHE,broadband,0.00054,0.0321,,,,,,50.0,210.0,0,0.0,False,True,True,False,False,
data/processed/waveforms/usc000mq8w_TAHT.mseed,usc000mq8w,TAHT,KO,,BHE,broadband,0.01813,0.3078,31.75,2014-02-14T00:33:46.320000Z,,0.562,,50.0,210.0,0,0.0,False,True,True,False,True,
data/processed/waveforms/usc000mt3m_ERCV.mseed,usc000mt3m,ERCV,KO,,HNE,strong_motion,0.01546,0.767,,,,,,100.0,210.0,0,0.0,False,True,True,True,False,
data/processed/waveforms/usc000n43d_ALAN.mseed,usc000n43d,ALAN,KO,,HNE,strong_motion,0.00346,0.1013,,,,,,100.0,210.0,0,0.0,False,True,True,True,False,
data/processed/waveforms/usc000n43d_ANTB.mseed,usc000n43d,ANTB,KO,,BHE,broadband,9e-05,0.0066,,,,,,50.0,209.98,0,0.0,False,True,True,False,False,
data/processed/waveforms/usc000n43d_KEMT.mseed,usc000n43d,KEMT,KO,,HNE,strong_motion,0.0009,0.0424,,,,,,100.0,210.0,0,0.0,False,True,True,True,False,
data/processed/waveforms/usc000rctx_CEYT.mseed,usc000rctx,CEYT,KO,,BHE,broadband,0.00112,0.0577,,,,,,50.0,210.0,0,0.0,False,True,True,False,False,
data/processed/waveforms/usc000rctx_KRTD.mseed,usc000rctx,KRTD,KO,,HNE,strong_motion,0.00086,0.0507,,,,,,100.0,210.0,0,0.0,False,True,True,True,False,
data/processed/waveforms/usc000rctx_KRTS.mseed,usc000rctx,KRTS,KO,,BHE,broadband,0.00052,0.0336,,,,,,50.0,210.0,0,0.0,False,True,True,False,False,
data/processed/waveforms/usc000rctx_TAHT.mseed,usc000rctx,TAHT,KO,,BHE,broadband,0.01207,0.288,24.99,2014-06-09T03:38:43.400000Z,,0.537,,50.0,210.0,0,0.0,False,True,True,False,True,
data/processed/waveforms/usc000retx_DAT.mseed,usc000retx,DAT,KO,,BHE,broadband,0.00096,0.0388,,,,,,50.0,210.0,0,0.0,False,True,True,False,False,
data/processed/waveforms/usc000retx_DATC.mseed,usc000retx,DATC,KO,,HNE,strong_motion,0.00127,0.093,,,,,,100.0,210.0,0,0.0,False,True,True,True,False,
data/processed/waveforms/usc000retx_MRSB.mseed,usc000retx,MRSB,KO,,HNE,strong_motion,0.0016,0.0864,,,,,,100.0,210.0,0,0.0,False,True,True,True,False,
data/processed/waveforms/usc000riqb_FETY.mseed,usc000riqb,FETY,KO,,BHE,broadband,0.00203,0.1017,15.68,2014-06-20T13:59:54.520000Z,2014-06-20T14:02:21.580000Z,0.495,0.008,50.0,210.0,0,0.0,False,True,True,False,True,
data/processed/waveforms/usc000riqb_MRSB.mseed,usc000riqb,MRSB,KO,,HNE,strong_motion,0.00197,0.0549,,,,,,100.0,210.0,0,0.0,False,True,True,True,False,
data/processed/waveforms/usc000rmvt_KRBN.mseed,usc000rmvt,KRBN,KO,,HNE,strong_motion,0.00039,0.0812,,,,,,100.0,210.0,0,0.0,False,True,True,True,False,
data/processed/waveforms/usc000rpuu_EDC.mseed,usc000rpuu,EDC,KO,,HHE,broadband,0.00892,0.2788,31.78,2014-07-03T05:04:50.350000Z,,0.561,,100.0,210.0,0,0.0,False,True,True,False,True,
data/processed/waveforms/usc000rpuu_GONE.mseed,usc000rpuu,GONE,KO,,HNE,strong_motion,0.00812,0.1427,,,,,,100.0,210.0,0,0.0,False,True,True,True,False,
data/processed/waveforms/usc000rpuu_KCTX.mseed,usc000rpuu,KCTX,KO,,HHE,broadband,0.00523,0.1395,27.7,2014-07-03T05:04:53.350000Z,,0.501,,100.0,210.0,0,0.0,False,True,True,False,True,
data/processed/waveforms/usc000rpuu_MRMT.mseed,usc000rpuu,MRMT,KO,,HHE,broadband,0.00123,0.032,4.87,2014-07-03T05:04:56.190000Z,2014-07-03T05:05:03.050000Z,0.109,0.218,100.0,210.0,0,0.0,False,True,True,False,True,
data/processed/waveforms/usc000s9uu_MASR.mseed,usc000s9uu,MASR,KO,,HNE,strong_motion,0.01827,0.2797,10.1,2014-09-04T03:53:04.770000Z,,0.381,,100.0,210.0,0,0.0,False,True,True,True,True,
data/processed/waveforms/usc000s9uu_SAFT.mseed,usc000s9uu,SAFT,KO,,HNE,strong_motion,0.00041,0.0199,,,,,,100.0,210.0,0,0.0,False,True,True,True,False,
data/processed/waveforms/usc000svyz_DALY.mseed,usc000svyz,DALY,KO,,BHE,broadband,0.00146,0.1138,29.43,2014-11-10T06:16:47.400000Z,,0.561,,50.0,210.0,0,0.0,False,True,True,False,True,
data/processed/waveforms/usc000svyz_YER.mseed,usc000svyz,YER,KO,,BHE,broadband,0.00201,0.1108,9.86,2014-11-10T06:16:49.740000Z,,0.174,,50.0,210.0,0,0.0,False,True,True,False,True,
data/processed/waveforms/usc000t478_DKL.mseed,usc000t478,DKL,KO,,BHE,broadband,0.0031,0.2007,17.57,2014-12-06T01:45:17.940000Z,,0.503,,50.0,210.0,0,0.0,False,True,True,False,True,
data/processed/waveforms/usc000t486_DKL.mseed,usc000t486,DKL,KO,,BHE,broadband,0.00345,0.1597,16.03,2014-12-06T06:21:05.060000Z,,0.418,,50.0,210.0,0,0.0,False,True,True,False,True,
data/processed/waveforms/usc000thtl_AKDM.mseed,usc000thtl,AKDM,KO,,HHE,broadband,0.01885,0.3071,40.71,2015-01-21T13:58:07.890000Z,2015-01-21T13:59:40.760000Z,0.564,0.452,100.0,210.0,0,0.0,False,True,True,False,True,
data/processed/waveforms/usc000thtl_GURO.mseed,usc000thtl,GURO,KO,,HHE,broadband,0.00123,0.0425,7.8,2015-01-21T13:58:18.380000Z,2015-01-21T13:58:27.120000Z,0.114,0.182,100.0,210.0,0,0.0,False,True,True,False,True,
data/processed/waveforms/usc000thtl_SIRT.mseed,usc000thtl,SIRT,KO,,BHE,broadband,0.00115,0.1019,14.26,2015-01-21T13:58:21.460000Z,2015-01-21T13:58:22.600000Z,0.412,0.408,50.0,210.0,0,0.0,False,True,True,False,True,
data/processed/waveforms/usc000thtl_VANB.mseed,usc000thtl,VANB,KO,,HHE,broadband,0.00041,0.0557,26.37,2015-01-21T13:58:14.220000Z,,0.559,,100.0,210.0,0,0.0,False,True,True,False,True,
data/processed/waveforms/usc000tnmn_ANTB.mseed,usc000tnmn,ANTB,KO,,BHE,broadband,0.00021,0.0342,,,,,,50.0,210.0,0,0.0,False,True,True,False,False,
data/processed/waveforms/usc000tnmn_BCK.mseed,usc000tnmn,BCK,KO,,BHE,broadband,0.00073,0.029,15.22,2015-02-10T08:56:40.640000Z,,0.358,,50.0,210.0,0,0.0,False,True,True,False,True,
data/processed/waveforms/usc000tnmn_ELL.mseed,usc000tnmn,ELL,KO,,BHE,broadband,0.00146,0.0555,14.71,2015-02-10T08:56:39.860000Z,,0.381,,50.0,210.0,0,0.0,True,True,True,False,True,clipping_şüphesi
data/processed/waveforms/usp000gshs_YER.mseed,usp000gshs,YER,KO,,BHE,broadband,0.00018,0.0315,12.73,2009-01-13T06:13:20.080000Z,2009-01-13T06:13:44.500000Z,0.391,0.434,50.0,210.0,0,0.0,False,True,True,False,True,
data/processed/waveforms/usp000gsqz_CEYT.mseed,usp000gsqz,CEYT,KO,,BHE,broadband,0.00082,0.0438,,,,,,50.0,210.0,0,0.0,False,True,True,False,False,
data/processed/waveforms/usp000gsqz_KMRS.mseed,usp000gsqz,KMRS,KO,,BHE,broadband,0.00061,0.0307,9.47,2009-01-17T07:45:37.740000Z,2009-01-17T07:45:39.820000Z,0.111,0.349,50.0,210.0,0,0.0,False,True,True,False,True,
data/processed/waveforms/usp000gsqz_KOZT.mseed,usp000gsqz,KOZT,KO,,BHE,broadband,0.00065,0.046,12.17,2009-01-17T07:45:37.520000Z,,0.313,,50.0,210.0,0,0.0,False,True,True,False,True,
data/processed/waveforms/usp000gt21_CRLT.mseed,usp000gt21,CRLT,KO,,BHE,broadband,0.00163,0.0502,19.71,2009-01-24T15:58:47.660000Z,2009-01-24T15:58:53.160000Z,0.54,0.138,50.0,210.0,0,0.0,False,True,True,False,True,
data/processed/waveforms/usp000gt21_EDC.mseed,usp000gt21,EDC,KO,,BHE,broadband,0.00159,0.04,11.68,2009-01-24T15:58:49.220000Z,,0.346,,50.0,210.0,0,0.0,False,True,True,False,True,
data/processed/waveforms/usp000gt7f_YER.mseed,usp000gt7f,YER,KO,,BHE,broadband,0.00028,0.0174,3.66,2009-01-28T23:59:35.480000Z,2009-01-28T23:59:52.680000Z,0.105,0.267,50.0,210.0,0,0.0,False,True,True,False,True,
data/processed/waveforms/usp000gu3g_KULA.mseed,usp000gu3g,KULA,KO,,BHE,broadband,0.00324,0.1081,23.19,2009-02-17T05:28:33.620000Z,,0.552,,50.0,210.0,0,0.0,False,True,True,False,True,
data/processed/waveforms/usp000gu3g_TVSB.mseed,usp000gu3g,TVSB,KO,,BHE,broadband,0.00747,0.2346,34.89,2009-02-17T05:28:29.300000Z,2009-02-17T05:30:01.840000Z,0.562,0.211,50.0,180.0,0,0.0,False,True,True,False,True,
data/processed/waveforms/usp000gujh_YER.mseed,usp000gujh,YER,KO,,BHE,broadband,4e-05,0.0028,-1.08,2009-03-02T22:03:08.740000Z,,0.026,,50.0,210.0,0,0.0,False,True,True,False,True,
data/processed/waveforms/usp000gy9p_CEYT.mseed,usp000gy9p,CEYT,KO,,BHE,broadband,0.00047,0.0406,,,,,,50.0,180.0,0,0.0,False,True,True,False,False,
data/processed/waveforms/usp000gy9p_KOZT.mseed,usp000gy9p,KOZT,KO,,BHE,broadband,0.00014,0.01,3.71,2009-06-17T04:29:44.820000Z,2009-06-17T04:29:59.860000Z,0.22,0.062,50.0,210.0,0,0.0,False,True,True,False,True,
data/processed/waveforms/usp000gy9p_KRTS.mseed,usp000gy9p,KRTS,KO,,BHE,broadband,0.00099,0.0708,,,,,,50.0,180.0,0,0.0,False,True,True,False,False,
data/processed/waveforms/usp000gybc_DALY.mseed,usp000gybc,DALY,KO,,BHE,broadband,4e-05,0.0046,0.68,2009-06-18T14:04:30.280000Z,,0.081,,50.0,210.0,0,0.0,False,True,True,False,True,
data/processed/waveforms/usp000gybc_YER.mseed,usp000gybc,YER,KO,,BHE,broadband,4e-05,0.0045,,,,,,50.0,210.0,0,0.0,False,True,True,False,False,
data/processed/waveforms/usp000gych_DALY.mseed,usp000gych,DALY,KO,,BHE,broadband,0.00089,0.0835,12.44,2009-06-19T14:05:26.460000Z,2009-06-19T14:05:37.280000Z,0.305,0.036,50.0,180.02,11,0.4655,False,True,True,False,False,has_gaps
data/processed/waveforms/usp000gych_YER.mseed,usp000gych,YER,KO,,BHE,broadband,0.00069,0.0803,15.58,2009-06-19T14:05:31.700000Z,2009-06-19T14:06:09.860000Z,0.269,0.062,50.0,209.98,0,0.0,False,True,True,False,True,
data/processed/waveforms/usp000gycm_DALY.mseed,usp000gycm,DALY,KO,,BHZ,broadband,3e-05,0.0026,,,,,,50.0,210.0,12,0.5704,False,True,True,False,False,has_gaps
data/processed/waveforms/usp000gycm_ELL.mseed,usp000gycm,ELL,KO,,BHE,broadband,1e-05,0.0014,,,,,,50.0,210.0,0,0.0,False,True,True,False,False,
data/processed/waveforms/usp000gyh9_DALY.mseed,usp000gyh9,DALY,KO,,BHE,broadband,0.00012,0.0093,,,,,,50.0,210.0,11,0.8181,False,False,True,False,False,"has_gaps,eksik_bileşen"
data/processed/waveforms/usp000gyh9_ELL.mseed,usp000gyh9,ELL,KO,,BHE,broadband,7e-05,0.0067,3.67,2009-06-23T04:49:38.320000Z,,0.017,,50.0,210.0,0,0.0,False,False,True,False,True,eksik_bileşen
data/processed/waveforms/usp000gze0_CUKT.mseed,usp000gze0,CUKT,KO,,BHE,broadband,0.00188,0.2015,29.97,2009-07-18T20:32:53.700000Z,2009-07-18T20:33:13.850000Z,0.562,0.262,20.0,180.0,0,0.0,False,True,True,False,True,
data/processed/waveforms/usp000gze0_MAZI.mseed,usp000gze0,MAZI,KO,,BHE,broadband,0.00102,0.0942,13.34,2009-07-18T20:33:17.840000Z,2009-07-18T20:33:20.560000Z,0.17,0.303,50.0,209.98,0,0.0,False,True,True,False,True,
data/processed/waveforms/usp000gze0_SIRT.mseed,usp000gze0,SIRT,KO,,BHE,broadband,0.00329,0.2341,21.11,2009-07-18T20:32:59.620000Z,2009-07-18T20:33:23.180000Z,0.486,0.462,50.0,179.98,0,0.0,False,True,True,False,True,
data/processed/waveforms/usp000gzju_CEYT.mseed,usp000gzju,CEYT,KO,,BHE,broadband,0.00145,0.0843,,,,,,50.0,210.0,0,0.0,False,True,True,False,False,
data/processed/waveforms/usp000gzju_KARA.mseed,usp000gzju,KARA,KO,,BHE,broadband,0.00055,0.0251,15.6,2009-07-24T05:48:30.680000Z,,0.477,,50.0,210.0,0,0.0,False,True,True,False,True,
data/processed/waveforms/usp000gzju_KMRS.mseed,usp000gzju,KMRS,KO,,BHE,broadband,0.00043,0.03,14.34,2009-07-24T05:48:38.840000Z,,0.459,,50.0,210.0,0,0.0,False,True,True,False,True,
data/processed/waveforms/usp000gzju_KOZT.mseed,usp000gzju,KOZT,KO,,BHE,broadband,0.01148,0.3165,47.05,2009-07-24T05:48:23.620000Z,,0.565,,50.0,210.0,0,0.0,False,True,True,False,True,
data/processed/waveforms/usp000gzru_DALY.mseed,usp000gzru,DALY,KO,,BHE,broadband,0.00062,0.047,15.98,2009-07-28T17:39:09.780000Z,2009-07-28T17:39:24.800000Z,0.525,0.366,50.0,209.98,0,0.0,False,True,True,False,True,
data/processed/waveforms/usp000gzru_ELL.mseed,usp000gzru,ELL,KO,,BHE,broadband,0.00047,0.0398,17.94,2009-07-28T17:39:02.680000Z,,0.479,,50.0,157.24,0,0.0,False,True,True,False,True,
data/processed/waveforms/usp000gztb_BAYT.mseed,usp000gztb,BAYT,KO,,BHE,broadband,0.00063,0.0475,14.23,2009-07-30T07:38:07.100000Z,2009-07-30T07:40:28.640000Z,0.455,0.005,50.0,210.0,0,0.0,False,True,True,False,True,
data/processed/waveforms/usp000gztb_ERZN.mseed,usp000gztb,ERZN,KO,,BHE,broadband,0.04118,2.3779,18.29,2009-07-30T07:37:51.700000Z,2009-07-30T07:39:59.740000Z,0.565,0.563,50.0,180.0,0,0.0,False,True,True,False,True,
data/processed/waveforms/usp000gztb_PTK.mseed,usp000gztb,PTK,KO,,BHE,broadband,0.0008,0.0881,14.72,2009-07-30T07:38:05.000000Z,,0.277,,50.0,180.0,0,0.0,False,True,True,False,True,
data/processed/waveforms/usp000h0wb_DALY.mseed,usp000h0wb,DALY,KO,,BHE,broadband,3e-05,0.0035,,,,,,50.0,209.98,0,0.0,False,True,True,False,False,
data/processed/waveforms/usp000h0wb_ELL.mseed,usp000h0wb,ELL,KO,,BHE,broadband,1e-05,0.0005,,,,,,50.0,79.22,0,0.0,False,True,True,False,False,
data/processed/waveforms/usp000h1ar_AGRB.mseed,usp000h1ar,AGRB,KO,,BHE,broadband,0.00016,0.0757,9.01,2009-09-07T22:42:27.060000Z,2009-09-07T22:42:33.020000Z,0.35,0.2,50.0,210.0,0,0.0,False,True,True,False,True,
data/processed/waveforms/usp000h1ar_BCA.mseed,usp000h1ar,BCA,KO,,BHE,broadband,0.00357,0.2402,24.53,2009-09-07T22:42:07.140000Z,2009-09-07T22:42:32.300000Z,0.537,0.241,50.0,106.62,6,0.2251,False,True,True,False,False,has_gaps
data/processed/waveforms/usp000h1as_AGRB.mseed,usp000h1as,AGRB,KO,,BHE,broadband,1e-05,0.0025,0.68,2009-09-07T22:51:06.780000Z,2009-09-07T22:51:31.440000Z,0.045,0.037,50.0,209.98,0,0.0,False,True,True,False,True,
data/processed/waveforms/usp000h1as_BCA.mseed,usp000h1as,BCA,KO,,BHZ,broadband,0.0004,0.0185,2.66,2009-09-07T22:49:38.300000Z,2009-09-07T22:50:02.320000Z,0.028,0.001,50.0,134.52,8,0.4163,False,True,True,False,False,has_gaps
data/processed/waveforms/usp000h1av_AGRB.mseed,usp000h1av,AGRB,KO,,BHE,broadband,0.0,0.0002,,,,,,50.0,209.98,0,0.0,False,True,True,False,False,
data/processed/waveforms/usp000h1av_BCA.mseed,usp000h1av,BCA,KO,,BHE,broadband,0.00025,0.0057,,,,,,50.0,184.6,5,0.2167,False,True,True,False,False,has_gaps
data/processed/waveforms/usp000h1ca_AGRB.mseed,usp000h1ca,AGRB,KO,,BHE,broadband,0.0,0.0008,,,,,,50.0,210.0,0,0.0,False,True,True,False,False,
data/processed/waveforms/usp000h1ca_BCA.mseed,usp000h1ca,BCA,KO,,BHZ,broadband,0.00031,0.0053,,,,,,50.0,167.12,6,0.2872,False,True,True,False,False,has_gaps
data/processed/waveforms/usp000h1ca_KARS.mseed,usp000h1ca,KARS,KO,,BHE,broadband,4e-05,0.004,2.03,2009-09-09T08:36:54.840000Z,2009-09-09T08:37:19.480000Z,0.025,0.063,50.0,210.0,0,0.0,False,True,True,False,True,
data/processed/waveforms/usp000h1ca_KTUT.mseed,usp000h1ca,KTUT,KO,,BHE,broadband,2e-05,0.0012,,,,,,50.0,80.86,1,1.583,False,True,True,False,False,has_gaps
data/processed/waveforms/usp000h1da_KONT.mseed,usp000h1da,KONT,KO,,BHE,broadband,0.02315,0.3356,46.49,2009-09-10T18:29:56.500000Z,2009-09-10T18:31:29.960000Z,0.565,0.066,50.0,210.0,0,0.0,False,True,True,False,True,
data/processed/waveforms/usp000h1da_LADK.mseed,usp000h1da,LADK,KO,,BHE,broadband,0.00287,0.1003,22.12,2009-09-10T18:29:59.440000Z,,0.521,,50.0,210.0,0,0.0,False,True,True,False,True,
data/processed/waveforms/usp000h1da_SULT.mseed,usp000h1da,SULT,KO,,BHE,broadband,0.00012,0.0178,10.53,2009-09-10T18:30:11.800000Z,2009-09-10T18:30:17.560000Z,0.246,0.037,50.0,210.0,0,0.0,False,True,True,False,True,
data/processed/waveforms/usp000h1dp_KONT.mseed,usp000h1dp,KONT,KO,,BHE,broadband,0.02494,0.5974,43.24,2009-09-11T01:58:33.740000Z,2009-09-11T02:00:28.640000Z,0.565,0.029,50.0,210.0,0,0.0,False,True,True,False,True,
data/processed/waveforms/usp000h1dp_LADK.mseed,usp000h1dp,LADK,KO,,BHE,broadband,0.00935,0.2811,35.34,2009-09-11T01:58:36.680000Z,,0.562,,50.0,210.0,0,0.0,False,True,True,False,True,
data/processed/waveforms/usp000h1dp_SULT.mseed,usp000h1dp,SULT,KO,,BHE,broadband,0.00027,0.0284,14.77,2009-09-11T01:58:46.480000Z,2009-09-11T02:00:52.260000Z,0.314,0.007,50.0,210.0,0,0.0,False,True,True,False,True,
data/processed/waveforms/usp000h3tw_ANTB.mseed,usp000h3tw,ANTB,KO,,BHE,broadband,0.00011,0.0102,,,,,,50.0,210.0,0,0.0,False,True,True,False,False,
data/processed/waveforms/usp000h3tw_LEF.mseed,usp000h3tw,LEF,KO,,BHE,broadband,0.00078,0.0178,30.56,2009-11-07T03:14:05.060000Z,2009-11-07T03:14:21.240000Z,0.562,0.238,50.0,210.0,0,0.0,False,True,True,False,True,
data/processed/waveforms/usp000h43p_BODT.mseed,usp000h43p,BODT,KO,,BHE,broadband,2e-05,0.0017,1.32,2009-11-16T11:31:56.040000Z,,0.023,,50.0,210.0,0,0.0,False,True,True,False,True,
data/processed/waveforms/usp000h43p_DALY.mseed,usp000h43p,DALY,KO,,BHE,broadband,2e-05,0.016,,,,,,50.0,210.0,0,0.0,False,True,True,False,False,
data/processed/waveforms/usp000h4a1_BZK.mseed,usp000h4a1,BZK,KO,,BHE,broadband,0.00088,0.074,10.72,2009-11-22T02:02:04.460000Z,2009-11-22T02:02:05.700000Z,0.228,0.362,50.0,210.0,0,0.0,False,True,True,False,True,
data/processed/waveforms/usp000h4a1_CANT.mseed,usp000h4a1,CANT,KO,,BHE,broadband,0.00119,0.0533,12.99,2009-11-22T02:02:02.320000Z,,0.466,,50.0,210.0,0,0.0,False,True,True,False,True,
data/processed/waveforms/usp000h4c9_ANTB.mseed,usp000h4c9,ANTB,KO,,BHE,broadband,7e-05,0.0085,,,,,,50.0,210.0,0,0.0,False,True,True,False,False,
data/processed/waveforms/usp000h4c9_DALY.mseed,usp000h4c9,DALY,KO,,BHE,broadband,0.00023,0.0164,,,,,,50.0,210.0,0,0.0,False,True,True,False,False,
data/processed/waveforms/usp000h4c9_ELL.mseed,usp000h4c9,ELL,KO,,BHE,broadband,0.00019,0.0155,4.34,2009-11-24T02:00:19.280000Z,2009-11-24T02:00:22.060000Z,0.075,0.107,50.0,210.0,0,0.0,False,True,True,False,True,
data/processed/waveforms/usp000h4dp_AYDB.mseed,usp000h4dp,AYDB,KO,,BHE,broadband,0.00036,0.0172,4.09,2009-11-25T10:53:59.160000Z,,0.017,,50.0,210.0,0,0.0,False,True,True,False,True,
data/processed/waveforms/usp000h4dp_KULA.mseed,usp000h4dp,KULA,KO,,BHE,broadband,0.00081,0.018,8.32,2009-11-25T10:53:55.220000Z,,0.24,,50.0,210.0,0,0.0,False,True,True,False,True,
data/processed/waveforms/usp000h4qu_AYDB.mseed,usp000h4qu,AYDB,KO,,BHE,broadband,0.00607,0.2125,22.63,2009-12-04T06:02:35.120000Z,2009-12-04T06:02:46.500000Z,0.517,0.387,50.0,210.0,0,0.0,False,True,True,False,True,
data/processed/waveforms/usp000h4qu_KULA.mseed,usp000h4qu,KULA,KO,,BHE,broadband,0.00174,0.0657,19.87,2009-12-04T06:02:32.620000Z,,0.502,,50.0,210.0,0,0.0,False,True,True,False,True,
data/processed/waveforms/usp000h4r1_BCK.mseed,usp000h4r1,BCK,KO,,BHE,broadband,0.00138,0.0747,14.98,2009-12-04T17:20:03.820000Z,2009-12-04T17:20:17.000000Z,0.512,0.391,50.0,102.68,3,2.8048,False,True,True,False,False,has_gaps
data/processed/waveforms/usp000h4r1_ELL.mseed,usp000h4r1,ELL,KO,,BHE,broadband,0.00047,0.0365,11.72,2009-12-04T17:20:01.800000Z,,0.213,,50.0,209.98,0,0.0,False,True,True,False,True,
data/processed/waveforms/usp000h4r1_FETY.mseed,usp000h4r1,FETY,KO,,BHE,broadband,0.00037,0.0222,6.4,2009-12-04T17:20:04.680000Z,,0.133,,50.0,209.98,0,0.0,False,True,True,False,True,
data/processed/waveforms/usp000h565_BODT.mseed,usp000h565,BODT,KO,,BHE,broadband,0.00051,0.0265,23.19,2009-12-19T06:26:21.740000Z,2009-12-19T06:26:37.220000Z,0.559,0.45,50.0,210.0,2,0.0002,False,True,True,False,False,has_gaps
data/processed/waveforms/usp000h58s_ANTB.mseed,usp000h58s,ANTB,KO,,BHE,broadband,0.00061,0.0431,,,,,,50.0,210.0,0,0.0,False,True,True,False,False,
data/processed/waveforms/usp000h58s_LEF.mseed,usp000h58s,LEF,KO,,BHE,broadband,0.0015,0.0747,33.63,2009-12-22T06:06:41.980000Z,2009-12-22T06:07:00.940000Z,0.529,0.001,50.0,179.98,0,0.0,False,True,True,False,True,
data/processed/waveforms/usp000h59e_AYDB.mseed,usp000h59e,AYDB,KO,,BHE,broadband,0.0002,0.0114,,,,,,50.0,210.0,0,0.0,False,True,True,False,False,
data/processed/waveforms/usp000h59e_BLCB.mseed,usp000h59e,BLCB,KO,,BHE,broadband,0.0005,0.0261,12.78,2009-12-23T04:44:57.760000Z,2009-12-23T04:45:09.280000Z,0.308,0.24,25.0,209.96,0,0.0,False,True,True,False,True,
data/processed/waveforms/usp000h59e_BODT.mseed,usp000h59e,BODT,KO,,BHE,broadband,0.00063,0.0303,22.9,2009-12-23T04:44:56.900000Z,2009-12-23T04:44:58.120000Z,0.502,0.342,50.0,210.0,0,0.0,False,True,True,False,True,
data/processed/waveforms/usp000h5r4_BODT.mseed,usp000h5r4,BODT,KO,,BHE,broadband,1e-05,0.001,-0.45,2010-01-05T02:48:11.900000Z,,0.018,,50.0,210.0,0,0.0,False,True,True,False,True,
data/processed/waveforms/usp000h68q_BODT.mseed,usp000h68q,BODT,KO,,BHE,broadband,0.00014,0.0144,18.49,2010-01-17T20:16:36.160000Z,2010-01-17T20:16:39.540000Z,0.404,0.261,50.0,210.0,0,0.0,False,True,True,False,True,
data/processed/waveforms/usp000h68q_DALY.mseed,usp000h68q,DALY,KO,,BHE,broadband,0.0001,0.009,6.63,2010-01-17T20:17:06.360000Z,,0.064,,50.0,210.0,0,0.0,False,True,True,False,True,
data/processed/waveforms/usp000h68q_FETY.mseed,usp000h68q,FETY,KO,,BHE,broadband,9e-05,0.0081,4.2,2010-01-17T20:16:37.940000Z,2010-01-17T20:17:07.820000Z,0.038,0.013,50.0,210.0,0,0.0,False,True,True,False,True,
data/processed/waveforms/usp000h8x1_BNGB.mseed,usp000h8x1,BNGB,KO,,BHE,broadband,0.01297,0.6965,40.82,2010-03-08T02:32:40.580000Z,,0.562,,50.0,179.98,0,0.0,False,True,True,False,True,
data/processed/waveforms/usp000h8xh_BNGB.mseed,usp000h8xh,BNGB,KO,,BHE,broadband,0.00256,0.3085,30.38,2010-03-08T07:47:49.420000Z,,0.554,,50.0,180.0,0,0.0,False,True,True,False,True,
data/processed/waveforms/usp000h8xn_BNGB.mseed,usp000h8xn,BNGB,KO,,BHE,broadband,0.00022,0.0194,10.21,2010-03-08T08:11:32.580000Z,,0.343,,50.0,210.0,0,0.0,False,True,True,False,True,
data/processed/waveforms/usp000h8xr_BNGB.mseed,usp000h8xr,BNGB,KO,,BHE,broadband,0.00079,0.0429,12.89,2010-03-08T09:00:56.980000Z,,0.242,,50.0,210.0,0,0.0,False,True,True,False,True,
data/processed/waveforms/usp000h8xy_BNGB.mseed,usp000h8xy,BNGB,KO,,BHE,broadband,0.00322,0.1289,21.84,2010-03-08T10:14:33.180000Z,,0.542,,50.0,180.0,0,0.0,False,True,True,False,True,
data/processed/waveforms/usp000h8y1_BNGB.mseed,usp000h8y1,BNGB,KO,,BHE,broadband,0.00178,0.1339,23.19,2010-03-08T11:12:21.460000Z,,0.523,,50.0,180.0,0,0.0,False,True,True,False,True,
data/processed/waveforms/usp000h8yh_BNGB.mseed,usp000h8yh,BNGB,KO,,BHE,broadband,0.00102,0.0599,15.16,2010-03-08T15:05:02.000000Z,,0.471,,50.0,209.98,0,0.0,False,True,True,False,True,
data/processed/waveforms/usp000h9xv_BNGB.mseed,usp000h9xv,BNGB,KO,,BHE,broadband,0.00313,0.1786,26.15,2010-03-24T14:11:41.160000Z,,0.556,,50.0,180.0,0,0.0,False,True,True,False,True,
data/processed/waveforms/usp000h9xv_PTK.mseed,usp000h9xv,PTK,KO,,BHE,broadband,0.0027,0.213,18.73,2010-03-24T14:11:42.280000Z,,0.481,,50.0,180.0,0,0.0,False,True,True,False,True,
data/processed/waveforms/usp000h9xv_SVRC.mseed,usp000h9xv,SVRC,KO,,BHE,broadband,0.00128,0.1009,13.23,2010-03-24T14:11:46.660000Z,,0.229,,50.0,210.0,0,0.0,False,True,True,False,True,
data/processed/waveforms/usp000ha0f_AYDB.mseed,usp000ha0f,AYDB,KO,,BHE,broadband,0.00038,0.0335,8.19,2010-03-26T18:36:20.680000Z,2010-03-26T18:36:40.340000Z,0.311,0.154,50.0,210.0,2,0.0762,False,True,True,False,False,has_gaps
data/processed/waveforms/usp000ha0f_BODT.mseed,usp000ha0f,BODT,KO,,BHE,broadband,0.00033,0.0278,14.03,2010-03-26T18:36:18.900000Z,2010-03-26T18:36:22.400000Z,0.288,0.325,50.0,210.0,0,0.0,False,True,True,False,True,
data/processed/waveforms/usp000hfbp_BODT.mseed,usp000hfbp,BODT,KO,,BHE,broadband,0.00057,0.0701,31.44,2010-07-16T08:11:25.600000Z,2010-07-16T08:11:42.420000Z,0.564,0.553,50.0,180.0,0,0.0,False,True,True,False,True,
data/processed/waveforms/usp000hfbp_YER.mseed,usp000hfbp,YER,KO,,BHZ,broadband,0.00033,0.0255,19.33,2010-07-16T08:11:30.840000Z,2010-07-16T08:11:51.580000Z,0.551,0.396,50.0,210.0,1,0.0381,False,True,True,False,False,has_gaps
data/processed/waveforms/usp000hkuk_PTK.mseed,usp000hkuk,PTK,KO,,BHE,broadband,0.00015,0.0219,6.87,2010-09-17T10:17:25.800000Z,,0.233,,50.0,209.98,0,0.0,False,True,True,False,True,
data/processed/waveforms/usp000hkuk_SVRC.mseed,usp000hkuk,SVRC,KO,,BHE,broadband,0.00779,0.2842,27.37,2010-09-17T10:17:12.920000Z,,0.547,,50.0,209.98,0,0.0,False,True,True,False,True,
data/processed/waveforms/usp000hkuk_URFA.mseed,usp000hkuk,URFA,KO,,BHE,broadband,0.00192,0.0716,,,,,,50.0,43.24,0,0.0,True,False,True,False,False,"eksik_bileşen,clipping_şüphesi"
data/processed/waveforms/usp000hn37_ANTB.mseed,usp000hn37,ANTB,KO,,BHE,broadband,0.00027,0.0352,,,,,,50.0,210.0,0,0.0,False,True,True,False,False,
data/processed/waveforms/usp000hn37_DALY.mseed,usp000hn37,DALY,KO,,BHE,broadband,0.00135,0.0548,9.43,2010-10-14T09:08:41.740000Z,,0.382,,50.0,210.0,0,0.0,False,True,True,False,True,
data/processed/waveforms/usp000hn37_ELL.mseed,usp000hn37,ELL,KO,,BHE,broadband,0.00071,0.0409,,,,,,50.0,210.0,0,0.0,False,False,True,False,False,"eksik_bileşen,Z_bileşeni_yok_veya_kısa"
data/processed/waveforms/usp000hn37_FETY.mseed,usp000hn37,FETY,KO,,BHE,broadband,0.003,0.1072,20.15,2010-10-14T09:08:35.640000Z,,0.512,,50.0,210.0,0,0.0,False,True,True,False,True,
data/processed/waveforms/usp000hnya_ERIK.mseed,usp000hnya,ERIK,KO,,BHE,broadband,0.02621,0.3938,52.81,2010-11-03T02:51:33.800000Z,,0.565,,50.0,180.0,0,0.0,False,True,True,False,True,
data/processed/waveforms/usp000hnya_GELI.mseed,usp000hnya,GELI,KO,,BHE,broadband,0.02557,1.0172,51.54,2010-11-03T02:51:31.540000Z,,0.565,,50.0,180.0,0,0.0,False,True,True,False,True,
data/processed/waveforms/usp000hpe2_AYDB.mseed,usp000hpe2,AYDB,KO,,BHE,broadband,0.00728,0.2002,25.9,2010-11-11T20:08:09.780000Z,,0.54,,50.0,179.98,0,0.0,False,True,True,False,True,
data/processed/waveforms/usp000hpe2_BLCB.mseed,usp000hpe2,BLCB,KO,,BHE,broadband,0.00403,0.214,22.86,2010-11-11T20:08:06.460000Z,2010-11-11T20:08:14.900000Z,0.508,0.341,50.0,179.98,0,0.0,False,True,True,False,True,
data/processed/waveforms/usp000hpe2_MLSB.mseed,usp000hpe2,MLSB,KO,,BHE,broadband,0.00252,0.1708,14.98,2010-11-11T20:08:14.120000Z,2010-11-11T20:09:46.280000Z,0.358,0.119,50.0,209.98,0,0.0,False,True,True,False,True,
data/processed/waveforms/usp000hpnf_CEYT.mseed,usp000hpnf,CEYT,KO,,BHE,broadband,0.00128,0.0842,,,,,,50.0,210.0,0,0.0,False,True,True,False,False,
data/processed/waveforms/usp000hpnf_KRTS.mseed,usp000hpnf,KRTS,KO,,BHE,broadband,0.00165,0.102,,,,,,50.0,210.0,0,0.0,False,True,True,False,False,
data/processed/waveforms/usp000hpnf_TAHT.mseed,usp000hpnf,TAHT,KO,,BHE,broadband,0.01846,0.3307,37.47,2010-11-14T23:08:31.640000Z,,0.563,,50.0,210.0,0,0.0,False,True,True,False,True,
data/processed/waveforms/usp000hpr2_CEYT.mseed,usp000hpr2,CEYT,KO,,BHE,broadband,0.00012,0.0215,,,,,,50.0,210.0,0,0.0,False,True,True,False,False,
data/processed/waveforms/usp000hpr2_KMRS.mseed,usp000hpr2,KMRS,KO,,BHE,broadband,0.0007,0.0539,21.42,2010-11-16T10:50:40.860000Z,,0.526,,50.0,210.0,0,0.0,False,True,True,False,True,
data/processed/waveforms/usp000hpr2_KOZT.mseed,usp000hpr2,KOZT,KO,,BHE,broadband,0.00035,0.0416,,,,,,50.0,210.0,0,0.0,False,False,True,False,False,"eksik_bileşen,Z_bileşeni_yok_veya_kısa"
data/processed/waveforms/usp000hqg2_MLSB.mseed,usp000hqg2,MLSB,KO,,BHE,broadband,5e-05,0.0313,,,,,,50.0,210.0,0,0.0,False,True,True,False,False,
data/processed/waveforms/usp000hqjn_FETY.mseed,usp000hqjn,FETY,KO,,BHE,broadband,0.00011,0.0095,7.02,2010-12-05T23:21:11.960000Z,,0.149,,50.0,209.98,0,0.0,False,True,True,False,True,
data/processed/waveforms/usp000hs0j_ERIK.mseed,usp000hs0j,ERIK,KO,,BHE,broadband,0.00057,0.0219,10.57,2010-12-26T05:08:32.160000Z,2010-12-26T05:08:40.020000Z,0.248,0.404,50.0,209.98,0,0.0,False,True,True,False,True,
data/processed/waveforms/usp000hs0j_GELI.mseed,usp000hs0j,GELI,KO,,BHE,broadband,0.00032,0.0156,7.56,2010-12-26T05:08:30.400000Z,2010-12-26T05:08:36.300000Z,0.374,0.35,50.0,209.98,0,0.0,False,True,True,False,True,
data/processed/waveforms/usp000htbr_AGRB.mseed,usp000htbr,AGRB,KO,,BHE,broadband,7e-05,0.0213,10.94,2011-01-19T09:18:33.940000Z,2011-01-19T09:19:08.580000Z,0.329,0.153,50.0,209.98,0,0.0,False,True,True,False,True,
data/processed/waveforms/usp000htbr_KARS.mseed,usp000htbr,KARS,KO,,BHE,broadband,0.00137,0.0971,23.31,2011-01-19T09:18:14.460000Z,2011-01-19T09:18:33.640000Z,0.523,0.324,50.0,179.98,0,0.0,False,True,True,False,True,
data/processed/waveforms/usp000htbr_KTUT.mseed,usp000htbr,KTUT,KO,,BHE,broadband,0.00013,0.0114,4.11,2011-01-19T09:18:30.540000Z,,0.003,,50.0,209.98,0,0.0,False,True,True,False,True,
data/processed/waveforms/usp000hu73_YER.mseed,usp000hu73,YER,KO,,BHE,broadband,4e-05,0.0017,,,,,,50.0,210.0,0,0.0,False,True,True,False,False,
data/processed/waveforms/usp000hux6_AGRB.mseed,usp000hux6,AGRB,KO,,BHE,broadband,0.00077,0.0612,8.59,2011-02-22T09:12:00.420000Z,2011-02-22T09:12:02.620000Z,0.137,0.409,50.0,210.0,0,0.0,False,True,True,False,True,
data/processed/waveforms/usp000hux6_SVAN.mseed,usp000hux6,SVAN,KO,,BHE,broadband,8e-05,0.0117,6.03,2011-02-22T09:12:08.260000Z,2011-02-22T09:12:24.680000Z,0.247,0.206,50.0,210.0,0,0.0,False,True,True,False,True,
data/processed/waveforms/usp000hux6_VRTB.mseed,usp000hux6,VRTB,KO,,BHE,broadband,0.00129,0.0929,16.39,2011-02-22T09:11:58.300000Z,2011-02-22T09:12:39.600000Z,0.519,0.011,50.0,210.0,0,0.0,False,True,True,False,True,
data/processed/waveforms/usp000huxz_AGRB.mseed,usp000huxz,AGRB,KO,,BHE,broadband,0.00054,0.033,4.95,2011-02-22T18:16:09.960000Z,2011-02-22T18:16:19.340000Z,0.032,0.324,50.0,210.0,0,0.0,False,True,True,False,True,
data/processed/waveforms/usp000huxz_SVAN.mseed,usp000huxz,SVAN,KO,,BHE,broadband,8e-05,0.0099,6.56,2011-02-22T18:16:16.140000Z,2011-02-22T18:16:33.040000Z,0.311,0.16,50.0,210.0,0,0.0,False,True,True,False,True,
data/processed/waveforms/usp000huxz_VRTB.mseed,usp000huxz,VRTB,KO,,BHE,broadband,0.00123,0.0914,11.96,2011-02-22T18:16:06.680000Z,2011-02-22T18:16:08.840000Z,0.399,0.414,50.0,210.0,0,0.0,False,True,True,False,True,
data/processed/waveforms/usp000hv2p_YER.mseed,usp000hv2p,YER,KO,,BHE,broadband,0.00016,0.0033,,,,,,50.0,209.98,0,0.0,False,True,True,False,False,
data/processed/waveforms/usp000hx7m_AGRB.mseed,usp000hx7m,AGRB,KO,,BHE,broadband,8e-05,0.0172,5.7,2011-03-14T18:57:37.560000Z,,0.099,,50.0,209.98,0,0.0,False,True,True,False,True,
data/processed/waveforms/usp000hx7m_CUKT.mseed,usp000hx7m,CUKT,KO,,BHE,broadband,0.00021,0.0242,6.25,2011-03-14T18:57:40.800000Z,2011-03-14T18:58:01.900000Z,0.151,0.093,50.0,209.98,0,0.0,False,True,True,False,True,
data/processed/waveforms/usp000hz2h_YER.mseed,usp000hz2h,YER,KO,,BHE,broadband,0.00339,0.2946,30.03,2011-04-01T13:29:44.620000Z,2011-04-01T13:30:08.340000Z,0.564,0.519,50.0,209.98,0,0.0,False,True,True,False,True,
data/processed/waveforms/usp000j0ek_KOZT.mseed,usp000j0ek,KOZT,KO,,BHE,broadband,0.00074,0.0347,28.51,2011-04-23T05:22:13.460000Z,2011-04-23T05:22:16.420000Z,0.557,0.503,50.0,210.0,0,0.0,False,True,True,False,True,
data/processed/waveforms/usp000j0ek_KRTS.mseed,usp000j0ek,KRTS,KO,,BHE,broadband,0.00012,0.0117,,,,,,50.0,197.92,3,0.1516,False,True,True,False,False,has_gaps
data/processed/waveforms/usp000j161_DALY.mseed,usp000j161,DALY,KO,,BHE,broadband,0.00054,0.0188,10.03,2011-05-07T18:01:04.060000Z,,0.294,,50.0,210.0,0,0.0,False,True,True,False,True,
data/processed/waveforms/usp000j161_YER.mseed,usp000j161,YER,KO,,BHE,broadband,0.00417,0.1906,26.37,2011-05-07T18:00:53.160000Z,,0.526,,50.0,210.0,0,0.0,False,True,True,False,True,
data/processed/waveforms/usp000j16w_DATC.mseed,usp000j16w,DATC,KO,,HNE,strong_motion,0.00999,0.6942,,,,,,100.0,180.0,3,0.2695,False,True,True,False,False,has_gaps
data/processed/waveforms/usp000j16w_YKAV.mseed,usp000j16w,YKAV,KO,,HNE,strong_motion,0.01166,0.5746,,,,,,100.0,210.0,0,0.0,False,True,True,True,False,
data/processed/waveforms/usp000j1up_KULA.mseed,usp000j1up,KULA,KO,,BHE,broadband,0.00931,0.318,34.39,2011-05-19T20:15:37.180000Z,2011-05-19T20:15:47.620000Z,0.561,0.085,50.0,210.0,0,0.0,False,True,True,False,True,
data/processed/waveforms/usp000j1up_TVSB.mseed,usp000j1up,TVSB,KO,,BHE,broadband,0.01766,0.4744,48.73,2011-05-19T20:15:31.880000Z,2011-05-19T20:17:30.120000Z,0.557,0.474,50.0,180.0,0,0.0,False,True,True,False,True,
data/processed/waveforms/usp000j1uq_KULA.mseed,usp000j1uq,KULA,KO,,BHE,broadband,0.00053,0.0297,0.87,2011-05-19T20:25:40.700000Z,2011-05-19T20:25:46.420000Z,0.03,0.375,50.0,210.0,0,0.0,False,True,True,False,True,
data/processed/waveforms/usp000j1uq_TVSB.mseed,usp000j1uq,TVSB,KO,,BHE,broadband,0.00718,0.1777,14.72,2011-05-19T20:25:41.120000Z,2011-05-19T20:28:44.860000Z,0.453,0.042,50.0,210.0,0,0.0,False,True,True,False,True,
data/processed/waveforms/usp000j1v9_KULA.mseed,usp000j1v9,KULA,KO,,BHE,broadband,0.00036,0.0185,7.35,2011-05-20T00:58:56.280000Z,,0.257,,50.0,210.0,0,0.0,False,True,True,False,True,
data/processed/waveforms/usp000j1v9_TVSB.mseed,usp000j1v9,TVSB,KO,,BHE,broadband,0.00316,0.0945,23.14,2011-05-20T00:58:42.160000Z,,0.529,,50.0,210.0,0,0.0,False,True,True,False,True,
data/processed/waveforms/usp000j2b5_KULA.mseed,usp000j2b5,KULA,KO,,BHE,broadband,0.00139,0.0535,17.71,2011-05-28T05:47:30.440000Z,,0.519,,50.0,210.0,0,0.0,False,True,True,False,True,
data/processed/waveforms/usp000j2b5_TVSB.mseed,usp000j2b5,TVSB,KO,,BHE,broadband,0.00507,0.2188,38.08,2011-05-28T05:47:26.680000Z,2011-05-28T05:50:06.780000Z,0.564,0.026,50.0,210.0,0,0.0,False,True,True,False,True,
data/processed/waveforms/usp000j2dm_CUKT.mseed,usp000j2dm,CUKT,KO,,BHE,broadband,0.00081,0.041,14.85,2011-05-29T11:02:22.640000Z,,0.393,,50.0,210.0,0,0.0,False,True,True,False,True,
data/processed/waveforms/usp000j2dm_SIRT.mseed,usp000j2dm,SIRT,KO,,BHE,broadband,0.01728,0.3037,,,,,,50.0,210.0,0,0.0,True,True,True,False,False,clipping_şüphesi
data/processed/waveforms/usp000j2dm_SVAN.mseed,usp000j2dm,SVAN,KO,,BHE,broadband,0.00022,0.0133,15.22,2011-05-29T11:02:31.120000Z,2011-05-29T11:02:49.460000Z,0.504,0.411,50.0,210.0,0,0.0,False,True,True,False,True,
data/processed/waveforms/usp000j3cp_DALY.mseed,usp000j3cp,DALY,KO,,BHE,broadband,0.00013,0.0132,1.97,2011-06-18T14:57:52.600000Z,2011-06-18T14:58:15.000000Z,0.018,0.037,50.0,210.0,0,0.0,False,True,True,False,True,
data/processed/waveforms/usp000j3cp_DATC.mseed,usp000j3cp,DATC,KO,,HNE,strong_motion,0.00095,0.0434,,,,,,100.0,210.0,10,0.8411,False,True,True,False,False,has_gaps
data/processed/waveforms/usp000j3ku_PTK.mseed,usp000j3ku,PTK,KO,,BHE,broadband,0.00683,0.315,35.48,2011-06-23T07:34:51.080000Z,,0.562,,50.0,180.0,0,0.0,False,True,True,False,True,
data/processed/waveforms/usp000j3ku_SVRC.mseed,usp000j3ku,SVRC,KO,,BHE,broadband,0.0143,0.2913,40.14,2011-06-23T07:34:49.600000Z,,0.565,,50.0,180.0,0,0.0,False,True,True,False,True,
data/processed/waveforms/usp000j3ur_GEDZ.mseed,usp000j3ur,GEDZ,KO,,HHE,broadband,0.03903,0.4803,31.4,2011-06-27T21:14:05.630000Z,,0.552,,100.0,210.0,0,0.0,False,True,True,False,True,
data/processed/waveforms/usp000j3ur_KULA.mseed,usp000j3ur,KULA,KO,,BHE,broadband,0.00174,0.0582,14.76,2011-06-27T21:14:12.220000Z,,0.458,,50.0,210.0,0,0.0,False,True,True,False,True,
data/processed/waveforms/usp000j3ur_TVSB.mseed,usp000j3ur,TVSB,KO,,BHE,broadband,0.00522,0.198,33.83,2011-06-27T21:14:08.320000Z,,0.561,,50.0,209.98,0,0.0,False,True,True,False,True,
data/processed/waveforms/usp000j3yg_KMRS.mseed,usp000j3yg,KMRS,KO,,BHE,broadband,0.0008,0.0417,15.83,2011-06-29T19:48:24.300000Z,,0.373,,50.0,210.0,0,0.0,False,True,True,False,True,
data/processed/waveforms/usp000j3yg_KOZT.mseed,usp000j3yg,KOZT,KO,,BHE,broadband,0.00805,0.2894,44.62,2011-06-29T19:48:10.160000Z,,0.565,,50.0,210.0,0,0.0,False,True,True,False,True,
data/processed/waveforms/usp000j42p_DATC.mseed,usp000j42p,DATC,KO,,HNE,strong_motion,0.00038,0.039,,,,,,100.0,210.0,21,1.9277,False,True,True,False,False,has_gaps
data/processed/waveforms/usp000j42p_YKAV.mseed,usp000j42p,YKAV,KO,,HNE,strong_motion,8e-05,0.0381,,,,,,100.0,210.0,0,0.0,False,True,True,True,False,
data/processed/waveforms/usp000j4ns_ADVT.mseed,usp000j4ns,ADVT,KO,,BHE,broadband,0.00145,0.0675,27.08,2011-07-11T16:09:19.840000Z,,0.56,,50.0,210.0,0,0.0,False,True,True,False,True,
data/processed/waveforms/usp000j5g9_CRLT.mseed,usp000j5g9,CRLT,KO,,BHE,broadband,0.00491,0.3081,32.54,2011-07-25T17:57:28.460000Z,,0.555,,50.0,209.98,0,0.0,False,True,True,False,True,
data/processed/waveforms/usp000j5g9_MRMT.mseed,usp000j5g9,MRMT,KO,,BHE,broadband,0.00635,0.2324,41.29,2011-07-25T17:57:26.340000Z,2011-07-25T17:59:27.500000Z,0.565,0.025,50.0,180.0,0,0.0,False,True,True,False,True,
data/processed/waveforms/usp000j5js_CHBY.mseed,usp000j5js,CHBY,KO,,HHE,broadband,0.0006,0.0442,15.63,2011-07-27T09:58:29.940000Z,,0.369,,100.0,210.0,0,0.0,False,True,True,False,True,
data/processed/waveforms/usp000j5js_KONT.mseed,usp000j5js,KONT,KO,,BHE,broadband,0.00528,0.1417,22.74,2011-07-27T09:58:24.660000Z,,0.54,,50.0,210.0,0,0.0,False,True,True,False,True,
data/processed/waveforms/usp000j5js_LADK.mseed,usp000j5js,LADK,KO,,BHE,broadband,0.00339,0.1334,24.48,2011-07-27T09:58:22.060000Z,,0.539,,50.0,210.0,0,0.0,False,True,True,False,True,
data/processed/waveforms/usp000j6mw_KARS.mseed,usp000j6mw,KARS,KO,,BHE,broadband,0.00026,0.0416,17.2,2011-08-18T11:58:17.980000Z,2011-08-18T11:58:45.400000Z,0.426,0.314,50.0,209.98,0,0.0,False,True,True,False,True,
data/processed/waveforms/usp000j6mw_KTUT.mseed,usp000j6mw,KTUT,KO,,BHE,broadband,6e-05,0.0049,-0.4,2011-08-18T11:59:50.580000Z,,0.01,,50.0,209.98,0,0.0,False,True,True,False,True,
data/processed/waveforms/usp000j6mw_SENK.mseed,usp000j6mw,SENK,KO,,BHE,broadband,0.00023,0.0264,2.07,2011-08-18T11:58:22.320000Z,2011-08-18T11:58:23.660000Z,0.018,0.067,50.0,209.98,0,0.0,False,True,True,False,True,
data/processed/waveforms/usp000j8cv_ERZN.mseed,usp000j8cv,ERZN,KO,,BHE,broadband,0.00244,0.1824,24.32,2011-09-22T03:22:49.960000Z,2011-09-22T03:23:04.000000Z,0.49,0.194,50.0,179.98,0,0.0,False,True,True,False,True,
data/processed/waveforms/usp000j8cv_PTK.mseed,usp000j8cv,PTK,KO,,BHE,broadband,0.00225,0.2929,23.39,2011-09-22T03:22:52.620000Z,2011-09-22T03:24:39.780000Z,0.396,0.004,50.0,210.0,0,0.0,False,True,True,False,True,
data/processed/waveforms/usp000j9rr_AGRB.mseed,usp000j9rr,AGRB,KO,,BHE,broadband,0.01994,0.3919,49.73,2011-10-23T10:41:38.900000Z,,0.565,,50.0,209.98,0,0.0,False,True,True,False,True,
data/processed/waveforms/usp000j9rr_CUKT.mseed,usp000j9rr,CUKT,KO,,BHE,broadband,0.00653,1.9532,37.76,2011-10-23T10:41:50.260000Z,2011-10-23T10:44:00.200000Z,0.542,0.043,50.0,209.98,0,0.0,True,True,True,False,True,clipping_şüphesi
data/processed/waveforms/usp000j9rr_VANB.mseed,usp000j9rr,VANB,KO,,BHE,broadband,0.0,0.0,,,,,,50.0,28.72,0,0.0,True,True,True,False,False,clipping_şüphesi
data/processed/waveforms/usp000j9rs_AGRB.mseed,usp000j9rs,AGRB,KO,,BHE,broadband,0.00118,0.0903,7.79,2011-10-23T10:48:45.680000Z,2011-10-23T10:50:42.920000Z,0.137,0.079,50.0,210.0,0,0.0,False,True,True,False,True,
data/processed/waveforms/usp000j9rs_CUKT.mseed,usp000j9rs,CUKT,KO,,BHE,broadband,0.00019,0.0725,2.92,2011-10-23T10:48:22.080000Z,2011-10-23T10:48:53.560000Z,0.038,0.098,50.0,210.0,0,0.0,False,True,True,False,True,
data/processed/waveforms/usp000j9rt_AGRB.mseed,usp000j9rt,AGRB,KO,,BHE,broadband,0.00076,0.0551,3.89,2011-10-23T10:52:11.320000Z,2011-10-23T10:52:33.960000Z,0.037,0.056,50.0,210.0,0,0.0,False,True,True,False,True,
data/processed/waveforms/usp000j9rv_AGRB.mseed,usp000j9rv,AGRB,KO,,BHE,broadband,0.00213,0.2807,16.03,2011-10-23T10:57:04.960000Z,2011-10-23T10:57:08.520000Z,0.332,0.039,50.0,210.0,0,0.0,False,True,True,False,True,
data/processed/waveforms/usp000j9rw_AGRB.mseed,usp000j9rw,AGRB,KO,,BHE,broadband,0.00202,0.1161,2.02,2011-10-23T11:00:17.380000Z,2011-10-23T11:00:25.560000Z,0.045,0.044,50.0,210.0,0,0.0,False,True,True,False,True,
data/processed/waveforms/usp000j9rw_CUKT.mseed,usp000j9rw,CUKT,KO,,BHE,broadband,0.00029,0.0603,3.36,2011-10-23T11:00:14.280000Z,2011-10-23T11:01:09.100000Z,0.138,0.079,50.0,210.0,0,0.0,False,True,True,False,True,
data/processed/waveforms/usp000j9rx_AGRB.mseed,usp000j9rx,AGRB,KO,,BHE,broadband,0.00202,0.1154,-0.11,2011-10-23T11:00:29.120000Z,2011-10-23T11:00:48.040000Z,0.081,0.119,50.0,210.0,0,0.0,False,True,True,False,True,
data/processed/waveforms/usp000j9ry_AGRB.mseed,usp000j9ry,AGRB,KO,,BHE,broadband,0.00015,0.0095,-0.11,2011-10-23T11:07:54.540000Z,,0.013,,50.0,210.0,0,0.0,False,True,True,False,True,
data/processed/waveforms/usp000j9rz_SVAN.mseed,usp000j9rz,SVAN,KO,,BHE,broadband,4e-05,0.0101,5.22,2011-10-23T11:11:18.660000Z,2011-10-23T11:12:56.760000Z,0.084,0.136,50.0,209.98,0,0.0,False,True,True,False,True,
data/processed/waveforms/usp000j9rz_VRTB.mseed,usp000j9rz,VRTB,KO,,BHN,broadband,0.0001,0.03,7.25,2011-10-23T11:10:50.440000Z,2011-10-23T11:11:27.180000Z,0.07,0.079,50.0,209.98,1,0.0381,False,True,True,False,False,has_gaps
data/processed/waveforms/usp000j9s0_AGRB.mseed,usp000j9s0,AGRB,KO,,BHE,broadband,0.00021,0.0111,7.1,2011-10-23T11:16:31.160000Z,,0.032,,50.0,209.98,0,0.0,False,True,True,False,True,
data/processed/waveforms/usp000j9s1_AGRB.mseed,usp000j9s1,AGRB,KO,,BHE,broadband,0.00014,0.0089,5.26,2011-10-23T11:19:06.460000Z,2011-10-23T11:20:25.020000Z,0.12,0.04,50.0,210.0,0,0.0,False,True,True,False,True,
data/processed/waveforms/usp000j9s1_CUKT.mseed,usp000j9s1,CUKT,KO,,BHE,broadband,7e-05,0.0086,1.35,2011-10-23T11:19:06.740000Z,2011-10-23T11:20:47.020000Z,0.073,0.008,50.0,209.98,0,0.0,False,True,True,False,True,
data/processed/waveforms/usp000j9s2_AGRB.mseed,usp000j9s2,AGRB,KO,,BHE,broadband,0.00484,0.2872,5.25,2011-10-23T11:32:49.020000Z,2011-10-23T11:32:56.780000Z,0.053,0.493,50.0,210.0,0,0.0,False,True,True,False,True,
data/processed/waveforms/usp000j9s6_AGRB.mseed,usp000j9s6,AGRB,KO,,BHE,broadband,0.0002,0.0124,5.3,2011-10-23T12:03:26.480000Z,,0.104,,50.0,210.0,0,0.0,False,True,True,False,True,
data/processed/waveforms/usp000j9s8_AGRB.mseed,usp000j9s8,AGRB,KO,,BHE,broadband,0.0002,0.0102,5.27,2011-10-23T12:13:38.800000Z,,0.057,,50.0,209.98,0,0.0,False,True,True,False,True,
data/processed/waveforms/usp000j9s8_VRTB.mseed,usp000j9s8,VRTB,KO,,BHE,broadband,0.00048,0.0064,2.67,2011-10-23T12:15:38.420000Z,2011-10-23T12:16:00.940000Z,0.027,0.001,50.0,209.98,0,0.0,False,True,True,False,True,
data/processed/waveforms/usp000j9sc_AGRB.mseed,usp000j9sc,AGRB,KO,,BHE,broadband,0.00028,0.016,8.52,2011-10-23T12:42:26.740000Z,2011-10-23T12:42:28.620000Z,0.188,0.049,50.0,209.98,0,0.0,False,True,True,False,True,
data/processed/waveforms/usp000j9se_AGRB.mseed,usp000j9se,AGRB,KO,,BHE,broadband,0.00026,0.0163,5.19,2011-10-23T12:57:10.200000Z,2011-10-23T12:57:15.700000Z,0.104,0.356,50.0,210.0,0,0.0,False,True,True,False,True,
data/processed/waveforms/usp000j9sq_AGRB.mseed,usp000j9sq,AGRB,KO,,BHE,broadband,0.00036,0.0298,10.64,2011-10-23T15:24:48.400000Z,2011-10-23T15:24:49.500000Z,0.152,0.276,50.0,209.98,0,0.0,False,True,True,False,True,
data/processed/waveforms/usp000j9st_AGRB.mseed,usp000j9st,AGRB,KO,,BHE,broadband,0.00022,0.0246,11.12,2011-10-23T15:58:16.620000Z,2011-10-23T15:58:18.380000Z,0.186,0.125,50.0,129.7,0,0.0,False,True,True,False,True,
data/processed/waveforms/usp000j9st_VANB.mseed,usp000j9st,VANB,KO,,BHE,broadband,0.0,0.0,,,,,,50.0,210.0,0,0.0,True,True,True,False,False,clipping_şüphesi
data/processed/waveforms/usp000j9su_CUKT.mseed,usp000j9su,CUKT,KO,,BHE,broadband,0.00016,0.0248,12.1,2011-10-23T16:05:40.660000Z,2011-10-23T16:05:41.840000Z,0.4,0.436,50.0,210.0,0,0.0,False,True,True,False,True,
data/processed/waveforms/usp000j9su_VANB.mseed,usp000j9su,VANB,KO,,BHE,broadband,0.0,0.0,,,,,,50.0,210.0,0,0.0,True,True,True,False,False,clipping_şüphesi
data/processed/waveforms/usp000j9t0_AGRB.mseed,usp000j9t0,AGRB,KO,,BHE,broadband,0.00147,0.082,20.89,2011-10-23T18:11:02.600000Z,2011-10-23T18:12:49.900000Z,0.526,0.099,50.0,210.0,0,0.0,False,True,True,False,True,
data/processed/waveforms/usp000j9t0_VANB.mseed,usp000j9t0,VANB,KO,,BHE,broadband,0.00456,0.2484,7.4,2011-10-23T18:10:52.120000Z,,0.251,,50.0,180.0,0,0.0,False,True,True,False,True,
data/processed/waveforms/usp000j9t2_AGRB.mseed,usp000j9t2,AGRB,KO,,BHE,broadband,0.00103,0.0533,10.76,2011-10-23T18:54:05.380000Z,,0.204,,50.0,210.0,0,0.0,False,True,True,False,True,
data/processed/waveforms/usp000j9t4_AGRB.mseed,usp000j9t4,AGRB,KO,,BHE,broadband,0.00131,0.0962,11.63,2011-10-23T19:06:23.800000Z,2011-10-23T19:06:25.020000Z,0.35,0.472,50.0,210.0,0,0.0,False,True,True,False,True,
data/processed/waveforms/usp000j9t8_AGRB.mseed,usp000j9t8,AGRB,KO,,BHE,broadband,0.00262,0.3052,28.74,2011-10-23T20:45:52.760000Z,,0.52,,50.0,210.0,0,0.0,False,True,True,False,True,
data/processed/waveforms/usp000j9t9_AGRB.mseed,usp000j9t9,AGRB,KO,,BHE,broadband,0.00014,0.0128,6.93,2011-10-23T20:56:57.500000Z,2011-10-23T20:58:30.960000Z,0.064,0.061,50.0,209.98,0,0.0,False,True,True,False,True,
data/processed/waveforms/usp000j9th_AGRB.mseed,usp000j9th,AGRB,KO,,BHE,broadband,0.00025,0.0213,7.23,2011-10-23T22:21:48.560000Z,2011-10-23T22:21:50.300000Z,0.154,0.09,50.0,210.0,0,0.0,False,True,True,False,True,
data/processed/waveforms/usp000j9u0_AGRB.mseed,usp000j9u0,AGRB,KO,,BHE,broadband,0.00018,0.0148,3.67,2011-10-24T04:43:22.340000Z,2011-10-24T04:43:34.740000Z,0.06,0.004,50.0,209.98,0,0.0,False,True,True,False,True,
data/processed/waveforms/usp000j9u2_AGRB.mseed,usp000j9u2,AGRB,KO,,BHE,broadband,0.00094,0.0465,9.38,2011-10-24T05:55:15.180000Z,,0.156,,50.0,210.0,0,0.0,False,True,True,False,True,
data/processed/waveforms/usp000j9u8_AGRB.mseed,usp000j9u8,AGRB,KO,,BHE,broadband,0.00016,0.0115,7.93,2011-10-24T08:12:28.940000Z,,0.181,,50.0,210.0,0,0.0,False,True,True,False,True,
data/processed/waveforms/usp000j9u9_CUKT.mseed,usp000j9u9,CUKT,KO,,BHE,broadband,0.00014,0.0187,8.29,2011-10-24T08:28:58.520000Z,2011-10-24T08:29:19.660000Z,0.099,0.11,50.0,209.98,0,0.0,False,True,True,False,True,
data/processed/waveforms/usp000j9ub_CUKT.mseed,usp000j9ub,CUKT,KO,,BHE,broadband,0.00017,0.0266,10.09,2011-10-24T08:49:51.940000Z,2011-10-24T08:50:12.440000Z,0.163,0.163,50.0,209.98,0,0.0,False,True,True,False,True,
data/processed/waveforms/usp000j9ur_AGRB.mseed,usp000j9ur,AGRB,KO,,BHE,broadband,0.00086,0.0476,18.81,2011-10-24T15:28:23.560000Z,2011-10-24T15:31:08.100000Z,0.512,0.009,50.0,209.98,0,0.0,False,True,True,False,True,
data/processed/waveforms/usp000j9v8_AGRB.mseed,usp000j9v8,AGRB,KO,,BHE,broadband,0.00024,0.0266,11.81,2011-10-24T23:55:32.580000Z,,0.341,,50.0,210.0,0,0.0,False,True,True,False,True,
data/processed/waveforms/usp000j9v8_CUKT.mseed,usp000j9v8,CUKT,KO,,BHE,broadband,8e-05,0.0102,2.73,2011-10-24T23:55:51.140000Z,,0.096,,50.0,210.0,0,0.0,False,True,True,False,True,
data/processed/waveforms/usp000j9vg_AGRB.mseed,usp000j9vg,AGRB,KO,,BHE,broadband,0.00046,0.014,7.81,2011-10-25T02:34:10.260000Z,2011-10-25T02:34:11.820000Z,0.116,0.065,50.0,209.98,0,0.0,False,True,True,False,True,
data/processed/waveforms/usp000j9w5_AGRB.mseed,usp000j9w5,AGRB,KO,,BHE,broadband,0.00215,0.2203,27.65,2011-10-25T14:55:23.560000Z,,0.552,,50.0,210.0,0,0.0,False,True,True,False,True,
data/processed/waveforms/usp000j9x9_AGRB.mseed,usp000j9x9,AGRB,KO,,BHE,broadband,0.0002,0.0152,-0.45,2011-10-26T03:02:28.200000Z,,0.02,,50.0,210.0,0,0.0,False,True,True,False,True,
data/processed/waveforms/usp000j9xd_AGRB.mseed,usp000j9xd,AGRB,KO,,BHE,broadband,0.00093,0.0373,11.23,2011-10-26T03:16:35.980000Z,,0.264,,50.0,210.0,0,0.0,False,True,True,False,True,
data/processed/waveforms/usp000j9yk_AGRB.mseed,usp000j9yk,AGRB,KO,,BHE,broadband,0.00022,0.0178,9.59,2011-10-26T23:42:45.080000Z,2011-10-26T23:42:47.120000Z,0.128,0.158,50.0,209.98,0,0.0,False,True,True,False,True,
data/processed/waveforms/usp000j9z9_CUKT.mseed,usp000j9z9,CUKT,KO,,BHE,broadband,0.0252,0.5917,47.13,2011-10-27T08:04:27.520000Z,,0.565,,50.0,180.0,0,0.0,False,True,True,False,True,
data/processed/waveforms/usp000ja0r_AGRB.mseed,usp000ja0r,AGRB,KO,,BHE,broadband,9e-05,0.0096,2.57,2011-10-28T08:48:49.000000Z,2011-10-28T08:48:51.180000Z,0.107,0.021,50.0,210.0,0,0.0,False,True,True,False,True,
data/processed/waveforms/usp000ja3h_AGRB.mseed,usp000ja3h,AGRB,KO,,BHE,broadband,0.001,0.1104,16.64,2011-10-29T22:24:38.260000Z,,0.438,,50.0,210.0,0,0.0,False,True,True,False,True,
data/processed/waveforms/usp000ja3q_AGRB.mseed,usp000ja3q,AGRB,KO,,BHE,broadband,0.00036,0.0211,9.42,2011-10-30T01:55:24.820000Z,2011-10-30T01:55:39.300000Z,0.294,0.204,50.0,209.98,0,0.0,False,True,True,False,True,
data/processed/waveforms/usp000ja7v_AGRB.mseed,usp000ja7v,AGRB,KO,,BHE,broadband,0.0003,0.018,10.12,2011-11-02T04:34:37.680000Z,2011-11-02T04:34:39.360000Z,0.16,0.122,50.0,210.0,0,0.0,False,True,True,False,True,
data/processed/waveforms/usp000jacw_AGRB.mseed,usp000jacw,AGRB,KO,,BHE,broadband,0.00061,0.0253,6.89,2011-11-05T19:19:34.260000Z,,0.208,,50.0,209.98,0,0.0,False,True,True,False,True,
data/processed/waveforms/usp000jadk_AGRB.mseed,usp000jadk,AGRB,KO,,BHE,broadband,0.00063,0.042,15.41,2011-11-06T02:43:27.620000Z,2011-11-06T02:43:40.900000Z,0.376,0.121,50.0,210.0,0,0.0,False,True,True,False,True,
data/processed/waveforms/usp000jahb_AGRB.mseed,usp000jahb,AGRB,KO,,BHE,broadband,0.00017,0.0186,6.89,2011-11-07T15:54:12.380000Z,2011-11-07T15:57:01.060000Z,0.169,0.059,50.0,209.98,0,0.0,False,True,True,False,True,
data/processed/waveforms/usp000jaj1_AGRB.mseed,usp000jaj1,AGRB,KO,,BHE,broadband,0.00034,0.0261,9.5,2011-11-07T22:14:28.960000Z,,0.208,,50.0,209.98,0,0.0,False,True,True,False,True,
data/processed/waveforms/usp000jak5_AGRB.mseed,usp000jak5,AGRB,KO,,BHE,broadband,0.0001,0.0119,4.59,2011-11-08T14:35:57.120000Z,2011-11-08T14:36:16.260000Z,0.043,0.116,50.0,210.0,0,0.0,False,True,True,False,True,
data/processed/waveforms/usp000jakm_AGRB.mseed,usp000jakm,AGRB,KO,,BHE,broadband,0.00046,0.0274,6.25,2011-11-08T19:34:43.940000Z,2011-11-08T19:34:47.940000Z,0.171,0.349,50.0,210.0,0,0.0,False,True,True,False,True,
data/processed/waveforms/usp000jakt_AGRB.mseed,usp000jakt,AGRB,KO,,BHE,broadband,0.00564,0.2666,32.94,2011-11-08T22:06:07.240000Z,,0.564,,50.0,210.0,0,0.0,False,True,True,False,True,
data/processed/waveforms/usp000jamt_DALY.mseed,usp000jamt,DALY,KO,,BHE,broadband,3e-05,0.003,,,,,,50.0,210.0,0,0.0,False,True,True,False,False,
data/processed/waveforms/usp000javr_CLDR.mseed,usp000javr,CLDR,KO,,BHE,broadband,0.00045,0.0248,7.23,2011-11-14T16:31:52.360000Z,,0.126,,50.0,210.0,0,0.0,False,True,True,False,True,
data/processed/waveforms/usp000javs_CLDR.mseed,usp000javs,CLDR,KO,,BHE,broadband,0.00013,0.134,-3.18,2011-11-14T16:48:18.040000Z,,0.005,,50.0,162.2,4,0.746,False,True,True,False,False,has_gaps
data/processed/waveforms/usp000javz_CLDR.mseed,usp000javz,CLDR,KO,,BHE,broadband,0.00134,0.1373,17.69,2011-11-14T22:08:29.700000Z,2011-11-14T22:11:28.460000Z,0.415,0.003,50.0,209.98,0,0.0,False,True,True,False,True,
data/processed/waveforms/usp000jayw_VRTB.mseed,usp000jayw,VRTB,KO,,BHE,broadband,0.02807,3.1549,49.08,2011-11-17T02:37:21.280000Z,2011-11-17T02:39:35.200000Z,0.565,0.04,50.0,40.58,21,8.2799,False,True,True,False,False,has_gaps
data/processed/waveforms/usp000jayw_YEDI.mseed,usp000jayw,YEDI,KO,,BHE,broadband,0.00034,0.0272,1.77,2011-11-17T02:37:49.500000Z,,0.014,,50.0,210.0,0,0.0,False,True,True,False,True,
data/processed/waveforms/usp000jb2m_AGRB.mseed,usp000jb2m,AGRB,KO,,BHE,broadband,0.00018,0.0335,10.21,2011-11-18T17:39:58.280000Z,2011-11-18T17:40:15.240000Z,0.273,0.03,50.0,209.98,0,0.0,False,True,True,False,True,
data/processed/waveforms/usp000jb2m_CLDR.mseed,usp000jb2m,CLDR,KO,,BHE,broadband,0.00171,0.2381,29.89,2011-11-18T17:39:46.580000Z,2011-11-18T17:42:06.200000Z,0.56,0.016,50.0,209.98,0,0.0,False,True,True,False,True,
data/processed/waveforms/usp000jb8a_CLDR.mseed,usp000jb8a,CLDR,KO,,BHE,broadband,0.00026,0.0252,7.16,2011-11-22T03:30:52.560000Z,,0.115,,50.0,210.0,0,0.0,False,True,True,False,True,
data/processed/waveforms/usp000jbkq_DALY.mseed,usp000jbkq,DALY,KO,,BHE,broadband,0.00024,0.0074,8.26,2011-11-29T14:07:37.180000Z,,0.378,,50.0,210.0,0,0.0,False,True,True,False,True,
data/processed/waveforms/usp000jbkq_FETY.mseed,usp000jbkq,FETY,KO,,BHE,broadband,0.00029,0.0114,7.0,2011-11-29T14:07:37.080000Z,2011-11-29T14:07:50.140000Z,0.141,0.077,50.0,210.0,0,0.0,False,True,True,False,True,
data/processed/waveforms/usp000jbmn_CLDR.mseed,usp000jbmn,CLDR,KO,,BHE,broadband,0.00106,0.0957,18.94,2011-11-30T00:47:37.400000Z,,0.458,,50.0,210.0,0,0.0,False,True,True,False,True,
data/processed/waveforms/usp000jbrf_AGRB.mseed,usp000jbrf,AGRB,KO,,BHE,broadband,7e-05,0.0099,3.26,2011-12-03T01:31:13.800000Z,,0.068,,50.0,209.98,0,0.0,False,True,True,False,True,
data/processed/waveforms/usp000jbrf_CLDR.mseed,usp000jbrf,CLDR,KO,,BHE,broadband,0.00074,0.0775,23.55,2011-12-03T01:31:00.820000Z,,0.462,,50.0,209.98,0,0.0,False,True,True,False,True,
data/processed/waveforms/usp000jbvv_AGRB.mseed,usp000jbvv,AGRB,KO,,BHE,broadband,0.00028,0.0175,10.06,2011-12-06T02:56:16.540000Z,2011-12-06T02:56:18.060000Z,0.31,0.186,50.0,210.02,0,0.0,False,True,True,False,True,
data/processed/waveforms/usp000jbvv_CLDR.mseed,usp000jbvv,CLDR,KO,,BHE,broadband,0.00092,0.0695,20.76,2011-12-06T02:56:07.880000Z,,0.515,,50.0,209.98,0,0.0,False,True,True,False,True,
data/processed/waveforms/usp000jbw9_CUKT.mseed,usp000jbw9,CUKT,KO,,BHE,broadband,9e-05,0.009,,,,,,50.0,146.88,0,0.0,False,True,True,False,False,
data/processed/waveforms/usp000jbw9_SIRT.mseed,usp000jbw9,SIRT,KO,,BHE,broadband,0.00073,0.0487,12.64,2011-12-06T15:46:48.980000Z,2011-12-06T15:47:08.640000Z,0.308,0.295,50.0,210.0,0,0.0,False,True,True,False,True,
data/processed/waveforms/usp000jcqj_AGRB.mseed,usp000jcqj,AGRB,KO,,BHE,broadband,0.00011,0.033,4.57,2011-12-27T19:19:09.420000Z,2011-12-27T19:19:12.600000Z,0.032,0.193,50.0,210.0,0,0.0,False,True,True,False,True,
data/processed/waveforms/usp000jcqj_CLDR.mseed,usp000jcqj,CLDR,KO,,BHE,broadband,0.00091,0.2453,23.51,2011-12-27T19:18:59.100000Z,,0.507,,50.0,210.0,0,0.0,False,True,True,False,True,
data/processed/waveforms/usp000jd3j_AGRB.mseed,usp000jd3j,AGRB,KO,,BHE,broadband,0.00011,0.0077,0.37,2012-01-06T00:17:29.300000Z,,0.133,,50.0,210.0,0,0.0,False,True,True,False,True,
data/processed/waveforms/usp000jd3j_CLDR.mseed,usp000jd3j,CLDR,KO,,BHE,broadband,0.00063,0.0485,13.08,2012-01-06T00:16:59.640000Z,,0.347,,50.0,210.0,0,0.0,False,True,True,False,True,
data/processed/waveforms/usp000jd3j_ERCV.mseed,usp000jd3j,ERCV,KO,,HNE,strong_motion,0.00312,0.1575,,,,,,100.0,210.0,0,0.0,False,True,True,True,False,
data/processed/waveforms/usp000jd4z_DEMR.mseed,usp000jd4z,DEMR,KO,,HNE,strong_motion,0.00044,0.0079,,,,,,100.0,210.0,0,0.0,False,True,True,True,False,
data/processed/waveforms/usp000jd4z_FETI.mseed,usp000jd4z,FETI,KO,,HNE,strong_motion,0.00183,0.0165,,,,,,100.0,210.0,0,0.0,False,True,True,True,False,
data/processed/waveforms/usp000jd4z_FETY.mseed,usp000jd4z,FETY,KO,,BHE,broadband,0.00151,0.0537,16.04,2012-01-06T20:35:24.460000Z,2012-01-06T20:35:32.700000Z,0.526,0.287,50.0,210.0,0,0.0,False,True,True,False,True,
data/processed/waveforms/usp000jdcd_ALAN.mseed,usp000jdcd,ALAN,KO,,HNE,strong_motion,0.00135,0.0437,,,,,,100.0,210.0,0,0.0,False,True,True,True,False,
data/processed/waveforms/usp000jdcd_KEMT.mseed,usp000jdcd,KEMT,KO,,HNE,strong_motion,0.00115,0.0366,,,,,,100.0,210.0,0,0.0,False,True,True,True,False,
data/processed/waveforms/usp000jdcd_MNVG.mseed,usp000jdcd,MNVG,KO,,HNE,strong_motion,0.00056,0.023,,,,,,100.0,210.0,0,0.0,False,True,True,True,False,
data/processed/waveforms/usp000jdrj_AGRB.mseed,usp000jdrj,AGRB,KO,,BHE,broadband,0.00024,0.0192,4.9,2012-01-20T09:57:58.380000Z,,0.101,,50.0,209.98,0,0.0,False,True,True,False,True,
data/processed/waveforms/usp000jdrj_CLDR.mseed,usp000jdrj,CLDR,KO,,BHE,broadband,0.00432,0.251,23.43,2012-01-20T09:57:48.500000Z,,0.54,,50.0,209.98,0,0.0,False,True,True,False,True,
data/processed/waveforms/usp000jdrj_ERCV.mseed,usp000jdrj,ERCV,KO,,HNE,strong_motion,0.00624,0.4147,,,,,,100.0,210.0,0,0.0,False,True,True,True,False,
data/processed/waveforms/usp000jdzp_DIDI.mseed,usp000jdzp,DIDI,KO,,HNE,strong_motion,0.00085,0.0289,,,,,,100.0,210.0,0,0.0,False,True,True,True,False,
data/processed/waveforms/usp000jdzp_YKAV.mseed,usp000jdzp,YKAV,KO,,HNE,strong_motion,0.00011,0.0187,,,,,,100.0,180.0,0,0.0,False,True,True,True,False,
data/processed/waveforms/usp000jdzu_DIDI.mseed,usp000jdzu,DIDI,KO,,HNE,strong_motion,0.00027,0.0277,,,,,,100.0,210.0,0,0.0,False,True,True,True,False,
data/processed/waveforms/usp000jdzu_YKAV.mseed,usp000jdzu,YKAV,KO,,HNE,strong_motion,0.0001,0.0202,,,,,,100.0,210.0,0,0.0,False,True,True,True,False,
data/processed/waveforms/usp000je0w_DIDI.mseed,usp000je0w,DIDI,KO,,HNE,strong_motion,0.00017,0.037,,,,,,100.0,210.0,0,0.0,False,True,True,True,False,
data/processed/waveforms/usp000je0w_YKAV.mseed,usp000je0w,YKAV,KO,,HNE,strong_motion,8e-05,0.0127,,,,,,100.0,180.0,0,0.0,False,True,True,True,False,
data/processed/waveforms/usp000je1u_DIDI.mseed,usp000je1u,DIDI,KO,,HNE,strong_motion,0.00175,0.0604,,,,,,100.0,210.0,0,0.0,False,True,True,True,False,
data/processed/waveforms/usp000je1u_YKAV.mseed,usp000je1u,YKAV,KO,,HNE,strong_motion,0.00011,0.0193,,,,,,100.0,210.0,0,0.0,False,True,True,True,False,
data/processed/waveforms/usp000je2t_DIDI.mseed,usp000je2t,DIDI,KO,,HNE,strong_motion,0.00392,0.0364,,,,,,100.0,210.0,0,0.0,False,True,True,True,False,
data/processed/waveforms/usp000je2t_YKAV.mseed,usp000je2t,YKAV,KO,,HNE,strong_motion,4e-05,0.0326,,,,,,100.0,210.0,0,0.0,False,True,True,True,False,
data/processed/waveforms/usp000je47_CLDR.mseed,usp000je47,CLDR,KO,,BHE,broadband,0.00154,0.118,19.83,2012-01-29T04:15:06.940000Z,,0.445,,50.0,210.0,0,0.0,False,True,True,False,True,
data/processed/waveforms/usp000je47_ERCV.mseed,usp000je47,ERCV,KO,,HNE,strong_motion,0.00748,0.5269,,,,,,100.0,210.0,0,0.0,False,True,True,True,False,
data/processed/waveforms/usp000je4g_DIDI.mseed,usp000je4g,DIDI,KO,,HNE,strong_motion,0.00066,0.0213,,,,,,100.0,210.0,0,0.0,False,True,True,True,False,
data/processed/waveforms/usp000je4g_YKAV.mseed,usp000je4g,YKAV,KO,,HNE,strong_motion,5e-05,0.0431,,,,,,100.0,210.0,0,0.0,False,True,True,True,False,
data/processed/waveforms/usp000jf19_AGRB.mseed,usp000jf19,AGRB,KO,,BHE,broadband,0.00084,0.0294,10.3,2012-02-17T09:33:14.360000Z,,0.276,,50.0,209.98,0,0.0,False,True,True,False,True,
data/processed/waveforms/usp000jf19_CLDR.mseed,usp000jf19,CLDR,KO,,BHE,broadband,0.00148,0.0762,16.82,2012-02-17T09:33:10.240000Z,,0.473,,50.0,209.98,0,0.0,False,True,True,False,True,
data/processed/waveforms/usp000jf19_ERCV.mseed,usp000jf19,ERCV,KO,,HNE,strong_motion,0.01175,0.5787,,,,,,100.0,210.0,0,0.0,False,True,True,True,False,
data/processed/waveforms/usp000jftc_SIRT.mseed,usp000jftc,SIRT,KO,,BHE,broadband,0.00018,0.0184,8.65,2012-03-05T06:51:26.240000Z,2012-03-05T06:51:29.120000Z,0.123,0.115,50.0,210.0,0,0.0,False,True,True,False,True,
data/processed/waveforms/usp000jgts_AGRB.mseed,usp000jgts,AGRB,KO,,BHE,broadband,0.00289,0.1531,21.2,2012-03-26T10:35:47.040000Z,,0.497,,50.0,180.0,0,0.0,False,True,True,False,True,
data/processed/waveforms/usp000jgts_ERCV.mseed,usp000jgts,ERCV,KO,,HNE,strong_motion,0.00218,0.2236,,,,,,100.0,210.0,0,0.0,False,True,True,True,False,
data/processed/waveforms/usp000jgts_GURO.mseed,usp000jgts,GURO,KO,,HHE,broadband,0.00521,0.3682,17.23,2012-03-26T10:35:47.050000Z,,0.424,,100.0,180.0,0,0.0,False,True,True,False,True,
data/processed/waveforms/usp000jgts_VRTB.mseed,usp000jgts,VRTB,KO,,BHN,broadband,0.00157,0.284,23.25,2012-03-26T10:35:47.440000Z,2012-03-26T10:38:25.700000Z,0.492,0.021,50.0,210.0,1,0.0381,False,True,True,False,False,has_gaps
data/processed/waveforms/usp000jj2d_SIMA.mseed,usp000jj2d,SIMA,KO,,HHE,broadband,0.01411,0.3354,16.3,2012-04-16T10:11:13.890000Z,2012-04-16T10:12:43.200000Z,0.497,0.324,100.0,210.0,0,0.0,False,True,True,False,True,
data/processed/waveforms/usp000jj2d_TVSB.mseed,usp000jj2d,TVSB,KO,,BHE,broadband,0.0031,0.1191,9.69,2012-04-16T10:11:24.100000Z,,0.361,,50.0,209.98,0,0.0,False,True,True,False,True,
data/processed/waveforms/usp000jj72_AGRB.mseed,usp000jj72,AGRB,KO,,BHE,broadband,0.00026,0.0155,7.51,2012-04-18T23:31:10.640000Z,2012-04-18T23:33:06.540000Z,0.16,0.003,50.0,209.98,0,0.0,False,True,True,False,True,
data/processed/waveforms/usp000jj72_CLDR.mseed,usp000jj72,CLDR,KO,,BHE,broadband,0.00099,0.0444,20.15,2012-04-18T23:31:00.360000Z,,0.507,,50.0,209.98,0,0.0,False,True,True,False,True,
data/processed/waveforms/usp000jj72_ERCV.mseed,usp000jj72,ERCV,KO,,HNE,strong_motion,0.00698,0.4028,,,,,,100.0,210.0,0,0.0,False,True,True,True,False,
data/processed/waveforms/usp000jjjz_ENEZ.mseed,usp000jjjz,ENEZ,KO,,BHN,broadband,0.00035,0.0153,8.45,2012-04-25T10:07:20.920000Z,,0.302,,50.0,210.0,1,0.0381,False,True,True,False,False,has_gaps
data/processed/waveforms/usp000jjjz_GADA.mseed,usp000jjjz,GADA,KO,,BHE,broadband,0.00011,0.0074,5.69,2012-04-25T10:07:15.560000Z,,0.177,,50.0,210.0,0,0.0,False,True,True,False,True,
data/processed/waveforms/usp000jjn3_SIMA.mseed,usp000jjn3,SIMA,KO,,HHE,broadband,0.04574,0.3697,76.38,2012-04-26T22:05:37.130000Z,2012-04-26T22:07:45.450000Z,0.565,0.178,100.0,210.0,0,0.0,False,True,True,False,True,
data/processed/waveforms/usp000jjn3_TVSB.mseed,usp000jjn3,TVSB,KO,,BHE,broadband,0.00462,0.1611,27.47,2012-04-26T22:05:41.460000Z,2012-04-26T22:08:23.800000Z,0.552,0.217,50.0,210.0,0,0.0,False,True,True,False,True,
data/processed/waveforms/usp000jjq0_SVAN.mseed,usp000jjq0,SVAN,KO,,BHE,broadband,0.00099,0.0604,13.28,2012-04-28T03:17:15.880000Z,,0.417,,50.0,209.98,0,0.0,False,True,True,False,True,
data/processed/waveforms/usp000jjq0_VRTB.mseed,usp000jjq0,VRTB,KO,,BHE,broadband,0.00031,0.0543,11.05,2012-04-28T03:17:22.540000Z,2012-04-28T03:17:23.880000Z,0.232,0.331,50.0,209.98,0,0.0,False,True,True,False,True,
data/processed/waveforms/usp000jjv2_CAND.mseed,usp000jjv2,CAND,KO,,HNE,strong_motion,0.00398,0.1801,,,,,,100.0,210.0,0,0.0,False,True,True,True,False,
data/processed/waveforms/usp000jjyr_SIMA.mseed,usp000jjyr,SIMA,KO,,HHE,broadband,0.06721,0.9764,71.19,2012-05-03T15:20:29.310000Z,2012-05-03T15:22:04.840000Z,0.565,0.232,100.0,180.0,0,0.0,False,True,True,False,True,
data/processed/waveforms/usp000jjyr_TVSB.mseed,usp000jjyr,TVSB,KO,,BHE,broadband,0.01011,0.2392,35.65,2012-05-03T15:20:33.600000Z,,0.557,,50.0,209.98,0,0.0,False,True,True,False,True,
data/processed/waveforms/usp000jmg2_CRLT.mseed,usp000jmg2,CRLT,KO,,BHE,broadband,0.00612,0.276,34.33,2012-06-07T20:54:33.840000Z,2012-06-07T20:55:53.300000Z,0.563,0.151,50.0,210.0,0,0.0,False,True,True,False,True,
data/processed/waveforms/usp000jmg2_TKR.mseed,usp000jmg2,TKR,KO,,HNE,strong_motion,0.02937,1.2476,3.23,2012-06-07T20:54:33.920000Z,,0.122,,100.0,210.0,0,0.0,False,True,True,True,True,
data/processed/waveforms/usp000jmkj_DALY.mseed,usp000jmkj,DALY,KO,,BHE,broadband,0.01469,0.3095,46.63,2012-06-10T12:44:25.920000Z,,0.565,,50.0,209.98,0,0.0,False,True,True,False,True,
data/processed/waveforms/usp000jmkj_FETY.mseed,usp000jmkj,FETY,KO,,BHE,broadband,0.0224,0.5083,50.4,2012-06-10T12:44:22.240000Z,,0.565,,50.0,179.98,0,0.0,False,True,True,False,True,
data/processed/waveforms/usp000jmkk_DALY.mseed,usp000jmkk,DALY,KO,,BHE,broadband,0.00367,0.2384,7.44,2012-06-10T12:49:45.480000Z,2012-06-10T12:49:53.240000Z,0.155,0.502,50.0,209.98,0,0.0,False,True,True,False,True,
data/processed/waveforms/usp000jmkk_FETY.mseed,usp000jmkk,FETY,KO,,BHE,broadband,0.00774,0.253,15.44,2012-06-10T12:49:42.380000Z,2012-06-10T12:51:01.860000Z,0.446,0.2,50.0,209.98,0,0.0,False,True,True,False,True,
data/processed/waveforms/usp000jmkw_DALY.mseed,usp000jmkw,DALY,KO,,BHE,broadband,0.00133,0.0543,11.24,2012-06-10T18:28:43.000000Z,,0.397,,50.0,210.0,0,0.0,False,True,True,False,True,
data/processed/waveforms/usp000jmkw_FETY.mseed,usp000jmkw,FETY,KO,,BHE,broadband,0.00479,0.1324,32.13,2012-06-10T18:28:38.760000Z,2012-06-10T18:28:43.920000Z,0.564,0.244,50.0,210.0,0,0.0,False,True,True,False,True,
data/processed/waveforms/usp000jmkw_MRSB.mseed,usp000jmkw,MRSB,KO,,HNE,strong_motion,0.00174,0.1531,,,,,,100.0,210.0,0,0.0,False,True,True,True,False,
data/processed/waveforms/usp000jmr8_GURO.mseed,usp000jmr8,GURO,KO,,HHE,broadband,0.00232,0.1276,11.88,2012-06-14T05:53:19.400000Z,2012-06-14T05:53:20.580000Z,0.37,0.156,100.0,210.0,0,0.0,False,True,True,False,True,
data/processed/waveforms/usp000jmr8_SIRT.mseed,usp000jmr8,SIRT,KO,,BHE,broadband,0.0222,0.8158,44.57,2012-06-14T05:52:57.960000Z,,0.564,,50.0,180.0,0,0.0,False,True,True,False,True,
data/processed/waveforms/usp000jmr8_SVAN.mseed,usp000jmr8,SVAN,KO,,BHE,broadband,0.00105,0.0765,21.9,2012-06-14T05:53:19.220000Z,2012-06-14T05:53:38.000000Z,0.501,0.43,50.0,209.98,0,0.0,False,True,True,False,True,
data/processed/waveforms/usp000jmyc_GEDZ.mseed,usp000jmyc,GEDZ,KO,,HHE,broadband,0.01154,0.3379,32.18,2012-06-19T01:46:19.040000Z,,0.535,,100.0,210.0,0,0.0,False,True,True,False,True,
data/processed/waveforms/usp000jmyc_SIMA.mseed,usp000jmyc,SIMA,KO,,HHE,broadband,0.02006,0.3365,69.63,2012-06-19T01:46:17.360000Z,,0.565,,100.0,210.0,0,0.0,False,True,True,False,True,
data/processed/waveforms/usp000jmyc_SMAA.mseed,usp000jmyc,SMAA,KO,,HNE,strong_motion,0.04203,1.8718,53.5,2012-06-19T01:46:17.480000Z,,0.565,,100.0,210.0,0,0.0,False,True,True,True,True,
data/processed/waveforms/usp000jn6q_AGRB.mseed,usp000jn6q,AGRB,KO,,BHE,broadband,0.00052,0.0588,18.69,2012-06-24T20:07:40.860000Z,2012-06-24T20:07:57.860000Z,0.449,0.015,50.0,209.98,0,0.0,False,True,True,False,True,
data/processed/waveforms/usp000jn6q_CLDR.mseed,usp000jn6q,CLDR,KO,,BHE,broadband,0.00284,0.153,27.18,2012-06-24T20:07:30.980000Z,,0.555,,50.0,209.98,0,0.0,False,True,True,False,True,
data/processed/waveforms/usp000jn6q_ERCV.mseed,usp000jn6q,ERCV,KO,,HNE,strong_motion,0.01083,0.694,,,,,,100.0,210.0,0,0.0,False,True,True,True,False,
data/processed/waveforms/usp000jn7f_DALY.mseed,usp000jn7f,DALY,KO,,BHE,broadband,0.00526,0.2865,29.69,2012-06-25T13:05:38.880000Z,,0.563,,50.0,210.0,0,0.0,False,True,True,False,True,
data/processed/waveforms/usp000jn7f_FETY.mseed,usp000jn7f,FETY,KO,,BHE,broadband,0.00944,0.2742,41.97,2012-06-25T13:05:34.880000Z,,0.565,,50.0,180.0,0,0.0,False,True,True,False,True,
data/processed/waveforms/usp000jn7f_MRSB.mseed,usp000jn7f,MRSB,KO,,HNE,strong_motion,0.0138,0.7775,,,,,,100.0,210.0,0,0.0,False,True,True,True,False,
data/processed/waveforms/usp000jnt4_DALY.mseed,usp000jnt4,DALY,KO,,BHE,broadband,0.0015,0.0791,28.96,2012-07-09T13:55:21.500000Z,2012-07-09T13:55:39.820000Z,0.557,0.005,50.0,210.0,0,0.0,False,True,True,False,True,
data/processed/waveforms/usp000jnt4_DEMR.mseed,usp000jnt4,DEMR,KO,,HNE,strong_motion,0.00398,0.5153,,,,,,100.0,180.0,0,0.0,False,True,True,True,False,
data/processed/waveforms/usp000jnt4_FETY.mseed,usp000jnt4,FETY,KO,,BHE,broadband,0.00473,0.1858,37.26,2012-07-09T13:55:18.640000Z,2012-07-09T13:55:33.180000Z,0.558,0.285,50.0,180.0,0,0.0,False,True,True,False,True,
data/processed/waveforms/usp000jpab_GAZ.mseed,usp000jpab,GAZ,KO,,BHE,broadband,0.00127,0.0821,,,,,,50.0,209.98,0,0.0,True,True,True,False,False,clipping_şüphesi
data/processed/waveforms/usp000jpab_KMRS.mseed,usp000jpab,KMRS,KO,,BHE,broadband,0.00098,0.0823,20.81,2012-07-22T09:26:11.920000Z,,0.526,,50.0,180.0,0,0.0,False,True,True,False,True,
data/processed/waveforms/usp000jpe0_AGRB.mseed,usp000jpe0,AGRB,KO,,BHE,broadband,0.00023,0.0146,6.36,2012-07-24T22:53:58.440000Z,2012-07-24T22:54:11.740000Z,0.062,0.128,50.0,210.0,0,0.0,False,True,True,False,True,
data/processed/waveforms/usp000jpe0_CLDR.mseed,usp000jpe0,CLDR,KO,,BHE,broadband,0.00112,0.0508,16.5,2012-07-24T22:53:52.640000Z,,0.362,,50.0,210.0,0,0.0,False,True,True,False,True,
data/processed/waveforms/usp000jpe0_ERCV.mseed,usp000jpe0,ERCV,KO,,HNE,strong_motion,0.00784,0.4243,,,,,,100.0,210.0,0,0.0,False,True,True,True,False,
data/processed/waveforms/usp000jpxn_CUKT.mseed,usp000jpxn,CUKT,KO,,BHE,broadband,0.00737,0.3415,34.18,2012-08-05T20:37:32.840000Z,,0.563,,50.0,180.0,0,0.0,False,True,True,False,True,
data/processed/waveforms/usp000jpxn_GURO.mseed,usp000jpxn,GURO,KO,,HHE,broadband,0.00162,0.0832,10.38,2012-08-05T20:37:48.050000Z,2012-08-05T20:38:08.270000Z,0.304,0.283,100.0,210.0,0,0.0,False,True,True,False,True,
data/processed/waveforms/usp000jpxn_SIRT.mseed,usp000jpxn,SIRT,KO,,BHE,broadband,0.01819,0.3194,31.54,2012-08-05T20:37:31.160000Z,,0.561,,50.0,180.0,0,0.0,False,True,True,False,True,
data/processed/waveforms/usp000js8e_GURO.mseed,usp000js8e,GURO,KO,,HHE,broadband,7e-05,0.0034,,,,,,100.0,210.0,0,0.0,False,True,True,False,False,
data/processed/waveforms/usp000js8e_SIRT.mseed,usp000js8e,SIRT,KO,,BHE,broadband,0.00031,0.022,19.95,2012-09-13T02:42:41.940000Z,2012-09-13T02:42:43.460000Z,0.443,0.112,50.0,210.0,0,0.0,False,True,True,False,True,
data/processed/waveforms/usp000jsk2_GAZ.mseed,usp000jsk2,GAZ,KO,,BHE,broadband,0.00905,0.4663,34.99,2012-09-19T09:17:50.760000Z,,0.563,,50.0,210.0,0,0.0,False,True,True,False,True,
data/processed/waveforms/usp000jsk2_KMRS.mseed,usp000jsk2,KMRS,KO,,BHE,broadband,0.00315,0.2446,32.12,2012-09-19T09:17:52.280000Z,2012-09-19T09:19:51.920000Z,0.536,0.027,50.0,210.0,0,0.0,False,True,True,False,True,
data/processed/waveforms/usp000jt7k_DALY.mseed,usp000jt7k,DALY,KO,,BHE,broadband,3e-05,0.0054,-1.61,2012-09-29T05:26:47.760000Z,2012-09-29T05:27:25.460000Z,0.018,0.002,50.0,210.0,0,0.0,False,True,True,False,True,
data/processed/waveforms/usp000jt7k_DATC.mseed,usp000jt7k,DATC,KO,,HNE,strong_motion,0.00017,0.0224,,,,,,100.0,210.0,0,0.0,False,True,True,True,False,
data/processed/waveforms/usp000jt7k_MRSB.mseed,usp000jt7k,MRSB,KO,,HNE,strong_motion,0.00016,0.0621,,,,,,100.0,210.0,0,0.0,False,True,True,True,False,
data/processed/waveforms/usp000ju1f_GAZ.mseed,usp000ju1f,GAZ,KO,,BHE,broadband,0.00675,0.3768,28.96,2012-10-16T01:16:06.920000Z,,0.558,,50.0,209.98,0,0.0,False,True,True,False,True,
data/processed/waveforms/usp000ju1f_KMRS.mseed,usp000ju1f,KMRS,KO,,BHE,broadband,0.00184,0.0976,23.28,2012-10-16T01:16:09.000000Z,,0.485,,50.0,209.98,0,0.0,False,True,True,False,True,
data/processed/waveforms/usp000ju1f_TAHT.mseed,usp000ju1f,TAHT,KO,,BHE,broadband,0.00129,0.0665,13.58,2012-10-16T01:16:26.760000Z,,0.364,,50.0,209.98,0,0.0,False,True,True,False,True,
data/processed/waveforms/usp000ju1s_GAZ.mseed,usp000ju1s,GAZ,KO,,BHE,broadband,0.00423,0.2623,29.1,2012-10-16T10:25:08.840000Z,,0.516,,50.0,210.0,0,0.0,False,True,True,False,True,
data/processed/waveforms/usp000ju1s_KMRS.mseed,usp000ju1s,KMRS,KO,,BHE,broadband,0.00055,0.0455,19.2,2012-10-16T10:25:10.900000Z,,0.514,,50.0,210.0,0,0.0,False,True,True,False,True,
data/processed/waveforms/usp000ju1s_KOZT.mseed,usp000ju1s,KOZT,KO,,BHE,broadband,0.00015,0.0117,12.92,2012-10-16T10:25:26.240000Z,2012-10-16T10:25:28.040000Z,0.376,0.127,50.0,210.0,0,0.0,False,True,True,False,True,
data/processed/waveforms/usp000jvjf_GAZ.mseed,usp000jvjf,GAZ,KO,,BHE,broadband,0.00681,0.23,27.58,2012-11-13T23:55:53.100000Z,,0.55,,50.0,210.0,0,0.0,False,True,True,False,True,
data/processed/waveforms/usp000jvjf_KMRS.mseed,usp000jvjf,KMRS,KO,,BHE,broadband,0.00163,0.1276,27.07,2012-11-13T23:55:54.340000Z,,0.554,,50.0,210.0,0,0.0,False,True,True,False,True,
data/processed/waveforms/usp000jvjf_KOZT.mseed,usp000jvjf,KOZT,KO,,BHE,broadband,0.00042,0.0268,12.77,2012-11-13T23:56:10.240000Z,,0.43,,50.0,210.0,0,0.0,False,True,True,False,True,
data/processed/waveforms/usp000jvjy_DEMR.mseed,usp000jvjy,DEMR,KO,,HNE,strong_motion,0.0022,0.1209,,,,,,100.0,210.0,0,0.0,False,True,True,True,False,
data/processed/waveforms/usp000jvjy_FETY.mseed,usp000jvjy,FETY,KO,,BHE,broadband,0.00056,0.0246,9.15,2012-11-14T07:24:48.260000Z,,0.181,,50.0,209.98,0,0.0,False,True,True,False,True,
data/processed/waveforms/usp000jvw1_ERZN.mseed,usp000jvw1,ERZN,KO,,BHE,broadband,0.00356,0.1363,30.27,2012-11-20T17:56:31.980000Z,2012-11-20T17:59:31.620000Z,0.553,0.182,50.0,210.0,0,0.0,False,True,True,False,True,
data/processed/waveforms/usp000jvw1_PTK.mseed,usp000jvw1,PTK,KO,,BHE,broadband,0.00022,0.0118,3.51,2012-11-20T17:56:54.360000Z,,0.041,,50.0,210.0,0,0.0,False,True,True,False,True,
data/processed/waveforms/usp000jvw1_YEDI.mseed,usp000jvw1,YEDI,KO,,BHE,broadband,0.00063,0.0477,4.94,2012-11-20T17:56:40.860000Z,2012-11-20T17:56:50.420000Z,0.013,0.317,50.0,210.0,0,0.0,False,True,True,False,True,
data/processed/waveforms/usp000jw1b_DATC.mseed,usp000jw1b,DATC,KO,,HNE,strong_motion,0.01272,0.6065,,,,,,100.0,210.0,0,0.0,False,True,True,True,False,
data/processed/waveforms/usp000jw1b_MRSB.mseed,usp000jw1b,MRSB,KO,,HNE,strong_motion,0.00452,0.1744,,,,,,100.0,210.0,0,0.0,False,True,True,True,False,
data/processed/waveforms/usp000jxa7_AKDM.mseed,usp000jxa7,AKDM,KO,,HHE,broadband,0.00033,0.0486,11.42,2012-12-23T06:39:25.390000Z,2012-12-23T06:39:26.630000Z,0.216,0.188,100.0,210.0,0,0.0,False,True,True,False,True,
data/processed/waveforms/usp000jxa7_CLDR.mseed,usp000jxa7,CLDR,KO,,BHE,broadband,0.00082,0.0586,20.62,2012-12-23T06:39:15.320000Z,,0.525,,50.0,179.98,0,0.0,False,True,True,False,True,
data/processed/waveforms/usp000jxa7_ERCV.mseed,usp000jxa7,ERCV,KO,,HNN,strong_motion,0.00079,0.1237,,,,,,100.0,210.0,3,0.0714,False,True,True,False,False,has_gaps
data/processed/waveforms/usp000jxaj_BCA.mseed,usp000jxaj,BCA,KO,,BHZ,broadband,0.01622,0.2982,27.55,2012-12-23T13:31:59.280000Z,2012-12-23T13:33:35.260000Z,0.557,0.038,50.0,180.0,1,0.0444,False,True,True,False,False,has_gaps
data/processed/waveforms/usp000jxaj_CHAY.mseed,usp000jxaj,CHAY,KO,,HNE,strong_motion,0.0056,0.1936,35.31,2012-12-23T13:32:03.430000Z,,0.559,,100.0,210.0,0,0.0,False,True,True,True,True,
data/processed/waveforms/usp000jxaj_CHOM.mseed,usp000jxaj,CHOM,KO,,BHE,broadband,0.00562,0.2069,22.45,2012-12-23T13:32:03.420000Z,2012-12-23T13:32:21.320000Z,0.528,0.138,50.0,210.0,0,0.0,False,True,True,False,True,
data/processed/waveforms/usp000jxaj_HOPA.mseed,usp000jxaj,HOPA,KO,,HNE,strong_motion,0.01208,0.3645,,,,,,100.0,180.0,0,0.0,False,True,True,True,False,
data/processed/waveforms/usp000jxdg_BCA.mseed,usp000jxdg,BCA,KO,,BHE,broadband,0.01518,0.2844,22.27,2012-12-25T22:44:52.860000Z,,0.546,,50.0,179.98,0,0.0,False,True,True,False,True,
data/processed/waveforms/usp000jxdg_CHAY.mseed,usp000jxdg,CHAY,KO,,HNE,strong_motion,0.00501,0.1869,16.31,2012-12-25T22:44:57.230000Z,,0.359,,100.0,210.0,0,0.0,False,True,True,True,True,
data/processed/waveforms/usp000jxdg_CHOM.mseed,usp000jxdg,CHOM,KO,,BHE,broadband,0.00689,0.2443,17.35,2012-12-25T22:44:56.720000Z,2012-12-25T22:45:14.560000Z,0.493,0.286,50.0,209.98,0,0.0,False,True,True,False,True,
data/processed/waveforms/usp000jxdg_HOPA.mseed,usp000jxdg,HOPA,KO,,HNE,strong_motion,0.00801,0.2482,,,,,,100.0,180.0,0,0.0,False,True,True,True,False,
data/processed/waveforms/usp000jy2b_EZN.mseed,usp000jy2b,EZN,KO,,BHE,broadband,0.0208,0.4614,36.63,2013-01-08T14:16:20.400000Z,,0.564,,50.0,210.0,0,0.0,False,True,True,False,True,
data/processed/waveforms/usp000jy2b_GADA.mseed,usp000jy2b,GADA,KO,,BHE,broadband,0.01258,0.3149,48.29,2013-01-08T14:16:20.040000Z,,0.565,,50.0,180.0,0,0.0,False,True,True,False,True,
data/processed/waveforms/usp000jy2b_GOKC.mseed,usp000jy2b,GOKC,KO,,HNE,strong_motion,0.0306,1.9157,29.86,2013-01-08T14:16:20.750000Z,,0.553,,100.0,210.0,0,0.0,False,True,True,True,True,
data/processed/waveforms/usp000jy2b_GPNR.mseed,usp000jy2b,GPNR,KO,,HNE,strong_motion,0.02027,1.1572,,,,,,100.0,180.0,0,0.0,False,True,True,True,False,
data/processed/waveforms/usp000jybv_EZN.mseed,usp000jybv,EZN,KO,,BHE,broadband,0.00155,0.0802,12.03,2013-01-13T08:55:27.020000Z,,0.321,,50.0,210.0,0,0.0,False,True,True,False,True,
data/processed/waveforms/usp000jybv_GADA.mseed,usp000jybv,GADA,KO,,BHE,broadband,0.00103,0.0625,21.62,2013-01-13T08:55:26.760000Z,2013-01-13T08:55:40.720000Z,0.475,0.131,50.0,210.0,0,0.0,False,True,True,False,True,
data/processed/waveforms/usp000jybv_GOKC.mseed,usp000jybv,GOKC,KO,,HNE,strong_motion,0.00273,0.1017,,,,,,100.0,210.0,0,0.0,False,True,True,True,False,
data/processed/waveforms/usp000jybv_GPNR.mseed,usp000jybv,GPNR,KO,,HNE,strong_motion,0.00271,0.101,,,,,,100.0,210.0,0,0.0,False,True,True,True,False,
data/processed/waveforms/quakeml-c-eu.emsc-s-event-s-20090718_0000047_CUKT.mseed,quakeml:eu.emsc/event/20090718_0000047,CUKT,KO,,BHE,broadband,0.0,0.0001,,,,,,20.0,210.0,0,0.0,False,True,True,False,False,
data/processed/waveforms/quakeml-c-eu.emsc-s-event-s-20090718_0000047_MAZI.mseed,quakeml:eu.emsc/event/20090718_0000047,MAZI,KO,,BHE,broadband,0.0,0.0,,,,,,50.0,210.0,0,0.0,False,True,True,False,False,
data/processed/waveforms/quakeml-c-eu.emsc-s-event-s-20090718_0000047_SIRT.mseed,quakeml:eu.emsc/event/20090718_0000047,SIRT,KO,,BHE,broadband,0.0,0.0002,,,,,,50.0,210.0,0,0.0,False,True,True,False,False,
data/processed/waveforms/quakeml-c-eu.emsc-s-event-s-20110302_0000058_AGRB.mseed,quakeml:eu.emsc/event/20110302_0000058,AGRB,KO,,BHE,broadband,0.0,0.0001,,,,,,50.0,210.0,0,0.0,False,True,True,False,False,
data/processed/waveforms/quakeml-c-eu.emsc-s-event-s-20110302_0000058_KARS.mseed,quakeml:eu.emsc/event/20110302_0000058,KARS,KO,,BHE,broadband,0.0,0.0001,,,,,,50.0,210.0,0,0.0,False,True,True,False,False,
data/processed/waveforms/quakeml-c-eu.emsc-s-event-s-20110430_0000003_CUKT.mseed,quakeml:eu.emsc/event/20110430_0000003,CUKT,KO,,BHE,broadband,5e-05,0.0027,,,,,,50.0,210.0,0,0.0,False,True,True,False,False,
data/processed/waveforms/quakeml-c-eu.emsc-s-event-s-20110430_0000003_SIRT.mseed,quakeml:eu.emsc/event/20110430_0000003,SIRT,KO,,BHE,broadband,3e-05,0.0026,,,,,,50.0,210.0,0,0.0,True,True,True,False,False,clipping_şüphesi
data/processed/waveforms/quakeml-c-eu.emsc-s-event-s-20140524_0000027_ERIK.mseed,quakeml:eu.emsc/event/20140524_0000027,ERIK,KO,,HHE,broadband,0.00176,0.1206,2.13,2014-05-24T09:31:20.240000Z,2014-05-24T09:31:55.350000Z,0.063,0.097,100.0,210.0,0,0.0,False,True,True,False,True,
data/processed/waveforms/quakeml-c-eu.emsc-s-event-s-20140524_0000027_GELI.mseed,quakeml:eu.emsc/event/20140524_0000027,GELI,KO,,HHE,broadband,0.00231,0.1238,2.36,2014-05-24T09:31:38.240000Z,2014-05-24T09:32:09.430000Z,0.097,0.008,100.0,210.0,0,0.0,False,True,True,False,True,
data/processed/waveforms/quakeml-c-eu.emsc-s-event-s-20150528_0000043_DAT.mseed,quakeml:eu.emsc/event/20150528_0000043,DAT,KO,,BHN,broadband,4e-05,0.0039,,,,,,50.0,210.0,1,0.0952,False,True,True,False,False,has_gaps
data/processed/waveforms/quakeml-c-eu.emsc-s-event-s-20150528_0000043_DATC.mseed,quakeml:eu.emsc/event/20150528_0000043,DATC,KO,,HNE,strong_motion,0.0009,0.0259,,,,,,100.0,210.0,0,0.0,False,True,True,True,False,
data/processed/waveforms/quakeml-c-eu.emsc-s-event-s-20150528_0000043_MRSB.mseed,quakeml:eu.emsc/event/20150528_0000043,MRSB,KO,,HNE,strong_motion,0.00038,0.0246,,,,,,100.0,210.0,0,0.0,False,True,True,True,False,
data/processed/waveforms/quakeml-c-eu.emsc-s-event-s-20151009_0000049_HKOY.mseed,quakeml:eu.emsc/event/20151009_0000049,HKOY,KO,,HNE,strong_motion,0.00679,0.2849,,,,,,100.0,210.0,0,0.0,False,True,True,True,False,
data/processed/waveforms/quakeml-c-eu.emsc-s-event-s-20151009_0000049_KUPE.mseed,quakeml:eu.emsc/event/20151009_0000049,KUPE,KO,,HNE,strong_motion,0.00557,0.342,,,,,,100.0,210.0,0,0.0,False,True,True,True,False,
data/processed/waveforms/quakeml-c-eu.emsc-s-event-s-20151009_0000049_RSDY.mseed,quakeml:eu.emsc/event/20151009_0000049,RSDY,KO,,BHE,broadband,0.00264,0.1918,34.45,2015-10-09T14:39:27.220000Z,,0.563,,50.0,210.0,0,0.0,False,True,True,False,True,
data/processed/waveforms/quakeml-c-eu.emsc-s-event-s-20151009_0000049_TOKT.mseed,quakeml:eu.emsc/event/20151009_0000049,TOKT,KO,,HHE,broadband,0.00357,0.2142,12.95,2015-10-09T14:39:24.420000Z,,0.468,,100.0,210.0,0,0.0,False,True,True,False,True,
data/processed/waveforms/quakeml-c-eu.emsc-s-event-s-20151009_0000101_AGRB.mseed,quakeml:eu.emsc/event/20151009_0000101,AGRB,KO,,HHE,broadband,1e-05,0.0004,,,,,,100.0,210.0,0,0.0,False,True,True,False,False,
data/processed/waveforms/quakeml-c-eu.emsc-s-event-s-20151009_0000101_CLDR.mseed,quakeml:eu.emsc/event/20151009_0000101,CLDR,KO,,BHE,broadband,4e-05,0.0007,,,,,,50.0,210.0,0,0.0,False,True,True,False,False,
data/processed/waveforms/quakeml-c-eu.emsc-s-event-s-20151009_0000101_ERCV.mseed,quakeml:eu.emsc/event/20151009_0000101,ERCV,KO,,HNE,strong_motion,0.00098,0.0469,,,,,,100.0,210.0,3,0.0714,False,True,True,False,False,has_gaps
data/processed/waveforms/quakeml-c-eu.emsc-s-event-s-20151009_0000101_VANB.mseed,quakeml:eu.emsc/event/20151009_0000101,VANB,KO,,HHE,broadband,0.0,0.0001,,,,,,100.0,144.8,0,0.0,False,True,True,False,False,
data/processed/waveforms/quakeml-c-eu.emsc-s-event-s-20170721_0000092_DAT.mseed,quakeml:eu.emsc/event/20170721_0000092,DAT,KO,,BHE,broadband,0.00419,0.1203,11.2,2017-07-21T05:05:30.820000Z,,0.355,,50.0,210.0,0,0.0,False,True,True,False,True,
data/processed/waveforms/quakeml-c-eu.emsc-s-event-s-20171019_0000126_BCK.mseed,quakeml:eu.emsc/event/20171019_0000126,BCK,KO,,BHE,broadband,1e-05,0.0002,,,,,,50.0,210.0,0,0.0,False,True,True,False,False,
data/processed/waveforms/quakeml-c-eu.emsc-s-event-s-20171019_0000126_SEYD.mseed,quakeml:eu.emsc/event/20171019_0000126,SEYD,KO,,HNE,strong_motion,5e-05,0.0142,,,,,,100.0,210.0,0,0.0,True,True,True,False,False,clipping_şüphesi
data/processed/waveforms/quakeml-c-eu.emsc-s-event-s-20180814_0000155_BZK.mseed,quakeml:eu.emsc/event/20180814_0000155,BZK,KO,,BHE,broadband,0.0,0.0002,,,,,,50.0,210.0,0,0.0,False,True,True,False,False,
data/processed/waveforms/quakeml-c-eu.emsc-s-event-s-20180814_0000155_DIKM.mseed,quakeml:eu.emsc/event/20180814_0000155,DIKM,KO,,BHE,broadband,0.0,0.0001,,,,,,50.0,210.0,0,0.0,False,True,True,False,False,
data/processed/waveforms/quakeml-c-eu.emsc-s-event-s-20180814_0000155_SINP.mseed,quakeml:eu.emsc/event/20180814_0000155,SINP,KO,,HNE,strong_motion,0.00013,0.0067,,,,,,100.0,210.0,0,0.0,False,True,True,True,False,
data/processed/waveforms/quakeml-c-eu.emsc-s-event-s-20180814_0000155_SNOP.mseed,quakeml:eu.emsc/event/20180814_0000155,SNOP,KO,,BHE,broadband,0.0,0.001,,,,,,50.0,210.0,0,0.0,False,True,True,False,False,
data/processed/waveforms/quakeml-c-eu.emsc-s-event-s-20191212_0000017_BODT.mseed,quakeml:eu.emsc/event/20191212_0000017,BODT,KO,,BHE,broadband,4e-05,0.0042,,,,,,50.0,210.0,0,0.0,False,True,True,False,False,
data/processed/waveforms/quakeml-c-eu.emsc-s-event-s-20191212_0000017_DAT.mseed,quakeml:eu.emsc/event/20191212_0000017,DAT,KO,,BHE,broadband,0.00019,0.0075,,,,,,50.0,210.0,0,0.0,True,True,True,False,False,clipping_şüphesi
data/processed/waveforms/quakeml-c-eu.emsc-s-event-s-20191212_0000017_DATC.mseed,quakeml:eu.emsc/event/20191212_0000017,DATC,KO,,HNE,strong_motion,0.00172,0.0371,,,,,,100.0,210.0,0,0.0,False,True,True,True,False,
data/processed/waveforms/quakeml-c-eu.emsc-s-event-s-20201030_0000093_BLCB.mseed,quakeml:eu.emsc/event/20201030_0000093,BLCB,KO,,BHE,broadband,0.0039,0.2175,3.73,2020-10-30T11:56:05.060000Z,,0.08,,50.0,210.0,0,0.0,True,True,True,False,True,clipping_şüphesi
data/processed/waveforms/quakeml-c-eu.emsc-s-event-s-20201030_0000093_CESE.mseed,quakeml:eu.emsc/event/20201030_0000093,CESE,KO,,HNE,strong_motion,0.00079,0.1483,,,,,,100.0,210.0,0,0.0,False,True,True,True,False,
data/processed/waveforms/quakeml-c-eu.emsc-s-event-s-20201030_0000093_KRBN.mseed,quakeml:eu.emsc/event/20201030_0000093,KRBN,KO,,HNE,strong_motion,0.00165,0.1699,8.54,2020-10-30T11:56:15.590000Z,2020-10-30T11:56:27.510000Z,0.332,0.265,100.0,210.0,0,0.0,False,True,True,True,True,
data/processed/waveforms/quakeml-c-eu.emsc-s-event-s-20201031_0000312_BLCB.mseed,quakeml:eu.emsc/event/20201031_0000312,BLCB,KO,,BHE,broadband,0.00055,0.0215,9.01,2020-10-31T14:42:58.000000Z,,0.238,,50.0,210.0,0,0.0,True,True,True,False,True,clipping_şüphesi
data/processed/waveforms/quakeml-c-eu.emsc-s-event-s-20201031_0000312_CESE.mseed,quakeml:eu.emsc/event/20201031_0000312,CESE,KO,,HNE,strong_motion,0.00042,0.0434,,,,,,100.0,210.0,0,0.0,False,True,True,True,False,
data/processed/waveforms/quakeml-c-eu.emsc-s-event-s-20201031_0000312_GMLD.mseed,quakeml:eu.emsc/event/20201031_0000312,GMLD,KO,,HNE,strong_motion,0.00343,0.1702,,,,,,100.0,210.0,0,0.0,False,True,True,True,False,
data/processed/waveforms/quakeml-c-eu.emsc-s-event-s-20201031_0000312_KUSD.mseed,quakeml:eu.emsc/event/20201031_0000312,KUSD,KO,,HNE,strong_motion,0.00025,0.018,,,,,,100.0,210.0,0,0.0,False,True,True,True,False,
data/processed/waveforms/quakeml-c-eu.emsc-s-event-s-20230206_0000015_GURO.mseed,quakeml:eu.emsc/event/20230206_0000015,GURO,KO,,HHE,broadband,0.00028,0.0255,3.13,2023-02-06T01:48:25.160000Z,2023-02-06T01:50:22.110000Z,0.077,0.041,100.0,210.0,0,0.0,False,True,True,False,True,
data/processed/waveforms/quakeml-c-eu.emsc-s-event-s-20230206_0000015_MAZI.mseed,quakeml:eu.emsc/event/20230206_0000015,MAZI,KO,,HHZ,broadband,0.00327,0.2422,2.9,2023-02-06T01:48:22.940000Z,,0.03,,100.0,210.0,1,0.0048,False,True,True,False,False,has_gaps
data/processed/waveforms/quakeml-c-eu.emsc-s-event-s-20230206_0000015_SVAN.mseed,quakeml:eu.emsc/event/20230206_0000015,SVAN,KO,,HHE,broadband,0.00038,0.0402,4.85,2023-02-06T01:47:56.780000Z,2023-02-06T01:50:02.850000Z,0.089,0.018,100.0,210.0,0,0.0,False,True,True,False,True,
data/processed/waveforms/quakeml-c-eu.emsc-s-event-s-20230206_0000019_CHBY.mseed,quakeml:eu.emsc/event/20230206_0000019,CHBY,KO,,HHE,broadband,0.00017,0.0228,1.64,2023-02-06T02:00:42.610000Z,2023-02-06T02:01:43.730000Z,0.033,0.126,100.0,210.0,0,0.0,False,True,True,False,True,
data/processed/waveforms/quakeml-c-eu.emsc-s-event-s-20230206_0000019_KIZT.mseed,quakeml:eu.emsc/event/20230206_0000019,KIZT,KO,,HHE,broadband,2e-05,0.0137,6.23,2023-02-06T01:59:17.710000Z,2023-02-06T01:59:36.900000Z,0.054,0.041,100.0,210.0,0,0.0,False,True,True,False,True,
data/processed/waveforms/quakeml-c-eu.emsc-s-event-s-20230206_0000019_LADK.mseed,quakeml:eu.emsc/event/20230206_0000019,LADK,KO,,HHE,broadband,1e-05,0.0085,8.23,2023-02-06T01:59:35.530000Z,2023-02-06T01:59:58.390000Z,0.157,0.009,100.0,210.0,0,0.0,False,True,True,False,True,
data/processed/waveforms/quakeml-c-eu.emsc-s-event-s-20230206_0000472_GAZ.mseed,quakeml:eu.emsc/event/20230206_0000472,GAZ,KO,,HHE,broadband,0.00116,0.0665,20.05,2023-02-06T20:44:19.220000Z,2023-02-06T20:44:34.030000Z,0.535,0.327,100.0,210.0,0,0.0,False,True,True,False,True,
data/processed/waveforms/quakeml-c-eu.emsc-s-event-s-20230206_0000472_KHMN.mseed,quakeml:eu.emsc/event/20230206_0000472,KHMN,KO,,HNE,strong_motion,0.00703,0.0782,,,,,,100.0,210.0,0,0.0,False,True,True,True,False,
data/processed/waveforms/quakeml-c-eu.emsc-s-event-s-20230206_0000472_KMRS.mseed,quakeml:eu.emsc/event/20230206_0000472,KMRS,KO,,HHE,broadband,0.00283,0.1479,26.76,2023-02-06T20:44:11.060000Z,,0.563,,100.0,210.0,0,0.0,False,True,True,False,True,
data/processed/waveforms/quakeml-c-eu.emsc-s-event-s-20230301_0000077_GAZ.mseed,quakeml:eu.emsc/event/20230301_0000077,GAZ,KO,,HHE,broadband,0.00031,0.0196,4.25,2023-03-01T07:21:04.940000Z,,0.039,,100.0,210.0,0,0.0,False,True,True,False,True,
data/processed/waveforms/quakeml-c-eu.emsc-s-event-s-20230301_0000077_KHMN.mseed,quakeml:eu.emsc/event/20230301_0000077,KHMN,KO,,HNE,strong_motion,0.00029,0.0193,,,,,,100.0,210.0,0,0.0,False,True,True,True,False,
data/processed/waveforms/quakeml-c-eu.emsc-s-event-s-20230301_0000077_URFA.mseed,quakeml:eu.emsc/event/20230301_0000077,URFA,KO,,HHE,broadband,9e-05,0.0077,8.54,2023-03-01T07:21:12.190000Z,2023-03-01T07:21:43.250000Z,0.192,0.185,100.0,210.0,0,0.0,False,True,True,False,True,
data/processed/waveforms/quakeml-c-eu.emsc-s-event-s-20230913_0000147_DYBB.mseed,quakeml:eu.emsc/event/20230913_0000147,DYBB,KO,,HHE,broadband,2e-05,0.0008,,,,,,100.0,210.0,0,0.0,False,True,True,False,False,
data/processed/waveforms/quakeml-c-eu.emsc-s-event-s-20230913_0000147_MAZI.mseed,quakeml:eu.emsc/event/20230913_0000147,MAZI,KO,,HHE,broadband,8e-05,0.0086,22.95,2023-09-13T20:41:06.850000Z,,0.468,,100.0,210.0,0,0.0,False,True,True,False,True,
data/processed/waveforms/quakeml-c-eu.emsc-s-event-s-20230913_0000147_SVAN.mseed,quakeml:eu.emsc/event/20230913_0000147,SVAN,KO,,HHE,broadband,1e-05,0.0004,,,,,,100.0,210.0,0,0.0,False,True,True,False,False,
data/processed/waveforms/quakeml-c-eu.emsc-s-event-s-20230913_0000147_URFA.mseed,quakeml:eu.emsc/event/20230913_0000147,URFA,KO,,HHE,broadband,3e-05,0.0043,5.25,2023-09-13T20:41:43.100000Z,,0.118,,100.0,210.0,0,0.0,False,True,True,False,True,
data/processed/waveforms/quakeml-c-eu.emsc-s-event-s-20250423_0000296_BUYK.mseed,quakeml:eu.emsc/event/20250423_0000296,BUYK,KO,,HNE,strong_motion,0.01083,0.7886,18.05,2025-04-23T09:51:26.000000Z,,0.541,,100.0,105.99,13,0.2453,False,True,True,False,False,has_gaps
data/processed/waveforms/quakeml-c-eu.emsc-s-event-s-20250423_0000296_GUZE.mseed,quakeml:eu.emsc/event/20250423_0000296,GUZE,KO,,HNE,strong_motion,0.02022,0.9185,,,,,,100.0,210.0,0,0.0,False,True,True,True,False,
data/processed/waveforms/quakeml-c-eu.emsc-s-event-s-20250423_0000296_SILV.mseed,quakeml:eu.emsc/event/20250423_0000296,SILV,KO,,HNE,strong_motion,0.00692,0.3243,,,,,,100.0,210.0,0,0.0,False,True,True,True,False,
data/processed/waveforms/quakeml-c-eu.emsc-s-event-s-20250423_0000296_SINB.mseed,quakeml:eu.emsc/event/20250423_0000296,SINB,KO,,HNE,strong_motion,0.01907,0.5312,21.16,2025-04-23T09:51:25.760000Z,2025-04-23T09:52:32.120000Z,0.552,0.011,100.0,129.78,0,0.0,False,True,True,True,True,
data/processed/waveforms/smi-c-ISC-s-evid-e-12702302_YER.mseed,smi:ISC/evid=12702302,YER,KO,,BHE,broadband,4e-05,0.0028,-1.08,2009-03-02T22:03:08.740000Z,,0.026,,50.0,209.98,0,0.0,False,True,True,False,True,
data/processed/waveforms/smi-c-ISC-s-evid-e-17507250_AGRB.mseed,smi:ISC/evid=17507250,AGRB,KO,,BHE,broadband,0.00076,0.0499,1.38,2011-10-23T10:53:52.240000Z,,0.031,,50.0,210.0,0,0.0,False,True,True,False,True,
data/processed/waveforms/smi-c-ISC-s-evid-e-602825626_AGRB.mseed,smi:ISC/evid=602825626,AGRB,KO,,BHE,broadband,0.00013,0.0107,5.86,2011-10-24T06:46:57.940000Z,2011-10-24T06:47:00.200000Z,0.142,0.028,50.0,209.98,0,0.0,False,True,True,False,True,
data/processed/waveforms/smi-c-ISC-s-evid-e-606441310_BNGB.mseed,smi:ISC/evid=606441310,BNGB,KO,,BHE,broadband,0.0,0.0001,,,,,,50.0,210.0,0,0.0,False,True,True,False,False,
data/processed/waveforms/smi-c-ISC-s-evid-e-606441310_GURO.mseed,smi:ISC/evid=606441310,GURO,KO,,HHE,broadband,0.0,0.0045,,,,,,100.0,210.0,0,0.0,False,True,True,False,False,
data/processed/waveforms/smi-c-ISC-s-evid-e-606441310_KARO.mseed,smi:ISC/evid=606441310,KARO,KO,,HHE,broadband,1e-05,0.0002,,,,,,100.0,210.0,0,0.0,False,True,True,False,False,
data/processed/waveforms/smi-c-ISC-s-evid-e-606441310_VRTB.mseed,smi:ISC/evid=606441310,VRTB,KO,,BHE,broadband,0.0,0.0002,,,,,,50.0,210.0,0,0.0,False,True,True,False,False,
data/processed/waveforms/smi-c-ISC-s-evid-e-606444276_BNGB.mseed,smi:ISC/evid=606444276,BNGB,KO,,BHE,broadband,2e-05,0.0002,,,,,,50.0,210.0,0,0.0,False,True,True,False,False,
data/processed/waveforms/smi-c-ISC-s-evid-e-606444276_KARO.mseed,smi:ISC/evid=606444276,KARO,KO,,HHE,broadband,4e-05,0.0007,,,,,,100.0,210.0,0,0.0,False,True,True,False,False,
data/processed/waveforms/smi-c-ISC-s-evid-e-606444276_VRTB.mseed,smi:ISC/evid=606444276,VRTB,KO,,BHE,broadband,4e-05,0.0005,,,,,,50.0,210.0,0,0.0,False,True,True,False,False,
data/processed/waveforms/smi-c-ISC-s-evid-e-606444276_YEDI.mseed,smi:ISC/evid=606444276,YEDI,KO,,BHE,broadband,3e-05,0.0006,,,,,,50.0,210.0,0,0.0,False,True,True,False,False,
data/processed/waveforms/smi-c-ISC-s-evid-e-606444767_AKDM.mseed,smi:ISC/evid=606444767,AKDM,KO,,HHE,broadband,0.0,0.0004,,,,,,100.0,210.0,0,0.0,False,True,True,False,False,
data/processed/waveforms/smi-c-ISC-s-evid-e-606444767_ERCV.mseed,smi:ISC/evid=606444767,ERCV,KO,,HNN,strong_motion,0.00028,0.035,,,,,,100.0,210.0,1,0.0238,False,True,True,False,False,has_gaps
data/processed/waveforms/smi-c-ISC-s-evid-e-606444767_MLAZ.mseed,smi:ISC/evid=606444767,MLAZ,KO,,HHE,broadband,2e-05,0.0005,,,,,,100.0,210.0,0,0.0,False,True,True,False,False,
data/processed/waveforms/smi-c-ISC-s-evid-e-606444767_VANB.mseed,smi:ISC/evid=606444767,VANB,KO,,HHE,broadband,0.0,0.0002,,,,,,100.0,210.0,0,0.0,False,True,True,False,False,
data/processed/waveforms/smi-c-ISC-s-evid-e-606449948_MALT.mseed,smi:ISC/evid=606449948,MALT,KO,,HHE,broadband,0.0,0.0002,,,,,,100.0,210.0,0,0.0,False,True,True,False,False,
data/processed/waveforms/smi-c-ISC-s-evid-e-606449948_PTK.mseed,smi:ISC/evid=606449948,PTK,KO,,BHE,broadband,0.0,0.0,,,,,,50.0,210.0,0,0.0,False,True,True,False,False,
data/processed/waveforms/smi-c-ISC-s-evid-e-611461965_BODT.mseed,smi:ISC/evid=611461965,BODT,KO,,BHE,broadband,0.00016,0.0207,17.59,2016-05-25T08:36:52.840000Z,2016-05-25T08:36:54.100000Z,0.456,0.274,50.0,210.0,0,0.0,False,True,True,False,True,
data/processed/waveforms/smi-c-ISC-s-evid-e-611461965_DAT.mseed,smi:ISC/evid=611461965,DAT,KO,,BHE,broadband,0.00042,0.0395,1.95,2016-05-25T08:36:52.020000Z,2016-05-25T08:37:16.560000Z,0.044,0.112,50.0,210.0,0,0.0,False,True,True,False,True,
data/processed/waveforms/smi-c-ISC-s-evid-e-612794627_AKDM.mseed,smi:ISC/evid=612794627,AKDM,KO,,HHE,broadband,1e-05,0.0004,,,,,,100.0,210.0,0,0.0,False,True,True,False,False,
data/processed/waveforms/smi-c-ISC-s-evid-e-612794627_CUKT.mseed,smi:ISC/evid=612794627,CUKT,KO,,BHE,broadband,9e-05,0.0022,,,,,,50.0,209.98,0,0.0,False,True,True,False,False,
data/processed/waveforms/smi-c-ISC-s-evid-e-612794627_SIRT.mseed,smi:ISC/evid=612794627,SIRT,KO,,BHE,broadband,0.01233,0.2984,,,,,,50.0,209.98,0,0.0,False,True,True,False,False,
data/processed/waveforms/smi-c-ISC-s-evid-e-612794627_VANB.mseed,smi:ISC/evid=612794627,VANB,KO,,HHE,broadband,0.0,0.0002,,,,,,100.0,210.0,0,0.0,False,True,True,False,False,
data/processed/waveforms/smi-c-ISC-s-evid-e-616173852_DAT.mseed,smi:ISC/evid=616173852,DAT,KO,,BHE,broadband,0.00016,0.0092,,,,,,50.0,210.0,0,0.0,True,True,True,False,False,clipping_şüphesi
data/processed/waveforms/smi-c-ISC-s-evid-e-616173852_DATC.mseed,smi:ISC/evid=616173852,DATC,KO,,HNE,strong_motion,0.00116,0.0209,,,,,,100.0,210.0,0,0.0,False,True,True,True,False,
data/processed/waveforms/smi-c-ISC-s-evid-e-616173852_YKAV.mseed,smi:ISC/evid=616173852,YKAV,KO,,HNE,strong_motion,0.00012,0.0318,,,,,,100.0,210.0,0,0.0,False,True,True,True,False,
data/processed/waveforms/smi-c-ISC-s-evid-e-617504661_DAT.mseed,smi:ISC/evid=617504661,DAT,KO,,BHE,broadband,7e-05,0.0194,2.01,2020-01-30T11:25:01.120000Z,2020-01-30T11:26:47.560000Z,0.044,0.013,50.0,210.0,0,0.0,False,True,True,False,True,
data/processed/waveforms/smi-c-ISC-s-evid-e-617504661_DATC.mseed,smi:ISC/evid=617504661,DATC,KO,,HNE,strong_motion,0.00073,0.0487,,,,,,100.0,210.0,0,0.0,False,True,True,True,False,
data/processed/waveforms/smi-c-ISC-s-evid-e-618707167_AKDM.mseed,smi:ISC/evid=618707167,AKDM,KO,,HHE,broadband,0.0003,0.0471,25.01,2020-04-03T05:44:37.800000Z,,0.554,,100.0,210.0,0,0.0,False,True,True,False,True,
data/processed/waveforms/smi-c-ISC-s-evid-e-618707167_ERCV.mseed,smi:ISC/evid=618707167,ERCV,KO,,HNE,strong_motion,0.01584,1.0484,,,,,,100.0,210.0,0,0.0,False,True,True,True,False,
data/processed/waveforms/smi-c-ISC-s-evid-e-618707167_VANB.mseed,smi:ISC/evid=618707167,VANB,KO,,HHE,broadband,0.00189,0.2375,25.28,2020-04-03T05:44:06.730000Z,,0.553,,100.0,210.0,0,0.0,False,True,True,False,True,
data/processed/waveforms/smi-c-ISC-s-evid-e-625729748_CEYT.mseed,smi:ISC/evid=625729748,CEYT,KO,,HHE,broadband,0.01317,1.0869,2.13,2023-02-06T01:27:09.810000Z,2023-02-06T01:27:20.270000Z,0.147,0.156,100.0,210.0,0,0.0,False,True,True,False,True,
data/processed/waveforms/smi-c-ISC-s-evid-e-625729748_KRTS.mseed,smi:ISC/evid=625729748,KRTS,KO,,HNE,strong_motion,0.01696,4.2403,,,,,,100.0,210.0,0,0.0,False,True,True,True,False,
data/processed/waveforms/smi-c-ISC-s-evid-e-625729748_TAHT.mseed,smi:ISC/evid=625729748,TAHT,KO,,HHE,broadband,0.07558,2.9288,,,,,,100.0,210.0,0,0.0,False,True,True,False,False,
data/processed/waveforms/smi-c-ISC-s-evid-e-625729916_ARPRA.mseed,smi:ISC/evid=625729916,ARPRA,KO,,HNE,strong_motion,0.0052,0.3773,,,,,,100.0,210.0,0,0.0,False,True,True,True,False,
data/processed/waveforms/smi-c-ISC-s-evid-e-625729916_DARE.mseed,smi:ISC/evid=625729916,DARE,KO,,HHE,broadband,0.00307,0.2389,8.08,2023-02-06T10:51:41.960000Z,,0.34,,100.0,210.0,0,0.0,False,True,True,False,True,
data/processed/waveforms/smi-c-ISC-s-evid-e-625730003_DARE.mseed,smi:ISC/evid=625730003,DARE,KO,,HHE,broadband,0.00107,0.0858,8.4,2023-02-06T15:14:35.500000Z,,0.39,,100.0,210.0,0,0.0,True,True,True,False,True,clipping_şüphesi
data/processed/waveforms/smi-c-ISC-s-evid-e-625730003_KMRS.mseed,smi:ISC/evid=625730003,KMRS,KO,,HHE,broadband,0.00071,0.0722,20.9,2023-02-06T15:14:48.120000Z,2023-02-06T15:14:59.670000Z,0.53,0.11,100.0,210.0,0,0.0,False,True,True,False,True,
data/processed/waveforms/smi-c-ISC-s-evid-e-626661309_KMRS.mseed,smi:ISC/evid=626661309,KMRS,KO,,HHE,broadband,0.00213,0.3143,2.55,2023-02-06T10:31:01.120000Z,2023-02-06T10:31:43.490000Z,0.044,0.033,100.0,210.0,0,0.0,False,True,True,False,True,
data/processed/waveforms/smi-c-ISC-s-evid-e-626661309_KOZT.mseed,smi:ISC/evid=626661309,KOZT,KO,,HHE,broadband,0.00127,0.2855,3.38,2023-02-06T10:30:46.780000Z,2023-02-06T10:32:42.500000Z,0.079,0.074,100.0,210.0,0,0.0,False,True,True,False,True,
data/processed/waveforms/smi-c-ISC-s-evid-e-626661309_SARI.mseed,smi:ISC/evid=626661309,SARI,KO,,HHE,broadband,0.01107,0.3224,9.18,2023-02-06T10:31:49.840000Z,2023-02-06T10:32:20.980000Z,0.156,0.151,100.0,111.19,0,0.0,False,True,True,False,True,
data/processed/waveforms/smi-c-ISC-s-evid-e-641959986_CLDR.mseed,smi:ISC/evid=641959986,CLDR,KO,,HHE,broadband,0.00013,0.1849,,,,,,100.0,4.99,6,45.8918,False,True,True,False,False,has_gaps
data/processed/waveforms/smi-c-ISC-s-evid-e-641959986_ERCV.mseed,smi:ISC/evid=641959986,ERCV,KO,,HNE,strong_motion,0.00029,0.0872,,,,,,100.0,210.0,0,0.0,False,True,True,True,False,
data/processed/waveforms/smi-c-ISC-s-evid-e-641959986_TASB.mseed,smi:ISC/evid=641959986,TASB,KO,,HHE,broadband,0.00029,0.1226,2.17,2023-01-28T18:18:58.960000Z,2023-01-28T18:20:18.080000Z,0.164,0.045,100.0,210.0,0,0.0,False,True,True,False,True,
data/processed/waveforms/smi-c-ISC-s-evid-e-642689049_DARE.mseed,smi:ISC/evid=642689049,DARE,KO,,HHE,broadband,0.0077,0.551,0.49,2023-02-06T10:33:55.620000Z,,0.015,,100.0,162.99,0,0.0,False,True,True,False,True,
data/processed/waveforms/smi-c-ISC-s-evid-e-642689049_KMRS.mseed,smi:ISC/evid=642689049,KMRS,KO,,HHE,broadband,0.00304,0.3126,-0.66,2023-02-06T10:33:53.300000Z,2023-02-06T10:34:53.130000Z,0.027,0.03,100.0,210.0,0,0.0,False,True,True,False,True,
data/processed/waveforms/smi-c-ISC-s-evid-e-642689050_DARE.mseed,smi:ISC/evid=642689050,DARE,KO,,HHE,broadband,0.00204,0.1024,5.69,2023-02-06T10:43:28.520000Z,,0.051,,100.0,210.0,0,0.0,True,True,True,False,True,clipping_şüphesi
data/processed/waveforms/smi-c-ISC-s-evid-e-642689050_KMRS.mseed,smi:ISC/evid=642689050,KMRS,KO,,HHE,broadband,0.00072,0.0557,-0.19,2023-02-06T10:43:51.490000Z,,0.073,,100.0,210.0,0,0.0,False,True,True,False,True,
data/processed/waveforms/smi-c-ISC-s-evid-e-642689050_SARI.mseed,smi:ISC/evid=642689050,SARI,KO,,HHE,broadband,0.00691,0.16,3.56,2023-02-06T10:44:09.830000Z,2023-02-06T10:46:19.660000Z,0.023,0.279,100.0,141.35,0,0.0,False,True,True,False,True,
data/processed/waveforms/smi-c-ISC-s-evid-e-642689053_ARPRA.mseed,smi:ISC/evid=642689053,ARPRA,KO,,HNE,strong_motion,0.00306,0.1871,,,,,,100.0,210.0,0,0.0,False,True,True,True,False,
data/processed/waveforms/smi-c-ISC-s-evid-e-642689053_DARE.mseed,smi:ISC/evid=642689053,DARE,KO,,HHE,broadband,0.00229,0.1346,8.81,2023-02-06T10:55:24.180000Z,,0.157,,100.0,210.0,0,0.0,True,True,True,False,True,clipping_şüphesi
data/processed/waveforms/smi-c-ISC-s-evid-e-642709488_URFA.mseed,smi:ISC/evid=642709488,URFA,KO,,HHE,broadband,0.00224,0.1633,-0.13,2023-02-06T01:33:37.100000Z,2023-02-06T01:34:32.980000Z,0.004,0.083,100.0,169.99,0,0.0,False,True,True,False,True,
data/processed/waveforms/smi-c-ISC-s-evid-e-642816819_BODA.mseed,smi:ISC/evid=642816819,BODA,KO,,HNE,strong_motion,0.001,0.0647,,,,,,100.0,210.0,0,0.0,False,True,True,True,False,
data/processed/waveforms/smi-c-ISC-s-evid-e-642816819_BODT.mseed,smi:ISC/evid=642816819,BODT,KO,,HHE,broadband,0.00127,0.0792,,,,,,100.0,210.0,0,0.0,False,True,True,False,False,
data/processed/waveforms/smi-c-ISC-s-evid-e-642816819_DIDI.mseed,smi:ISC/evid=642816819,DIDI,KO,,HNE,strong_motion,0.00212,0.1503,,,,,,100.0,210.0,0,0.0,False,True,True,True,False,
data/processed/waveforms/smi-c-ISC-s-evid-e-642816819_YKAV.mseed,smi:ISC/evid=642816819,YKAV,KO,,HNE,strong_motion,0.00102,0.0673,,,,,,100.0,210.0,0,0.0,False,True,True,True,False,
data/processed/waveforms/smi-c-ISC-s-evid-e-642817752_BODA.mseed,smi:ISC/evid=642817752,BODA,KO,,HNE,strong_motion,0.00013,0.0326,,,,,,100.0,210.0,0,0.0,False,True,True,True,False,
data/processed/waveforms/smi-c-ISC-s-evid-e-642817752_BODT.mseed,smi:ISC/evid=642817752,BODT,KO,,HHE,broadband,8e-05,0.0037,,,,,,100.0,210.0,0,0.0,False,True,True,False,False,
data/processed/waveforms/smi-c-ISC-s-evid-e-642817752_DIDI.mseed,smi:ISC/evid=642817752,DIDI,KO,,HNE,strong_motion,0.00046,0.0792,,,,,,100.0,210.0,0,0.0,False,True,True,True,False,
data/processed/waveforms/smi-c-ISC-s-evid-e-642817752_YKAV.mseed,smi:ISC/evid=642817752,YKAV,KO,,HNE,strong_motion,6e-05,0.0342,,,,,,100.0,210.0,0,0.0,False,True,True,True,False,
data/processed/waveforms/smi-c-ISC-s-evid-e-642817765_BODA.mseed,smi:ISC/evid=642817765,BODA,KO,,HNE,strong_motion,0.00018,0.0105,,,,,,100.0,210.0,0,0.0,False,True,True,True,False,
data/processed/waveforms/smi-c-ISC-s-evid-e-642817765_BODT.mseed,smi:ISC/evid=642817765,BODT,KO,,HHE,broadband,0.00026,0.0113,,,,,,100.0,210.0,0,0.0,False,True,True,False,False,
data/processed/waveforms/smi-c-ISC-s-evid-e-642817765_DIDI.mseed,smi:ISC/evid=642817765,DIDI,KO,,HNE,strong_motion,0.00033,0.0182,,,,,,100.0,210.0,0,0.0,False,True,True,True,False,
data/processed/waveforms/smi-c-ISC-s-evid-e-642817765_YKAV.mseed,smi:ISC/evid=642817765,YKAV,KO,,HNE,strong_motion,0.00022,0.0119,,,,,,100.0,210.0,0,0.0,False,True,True,True,False,
data/processed/waveforms/smi-c-ISC-s-evid-e-642817768_BODA.mseed,smi:ISC/evid=642817768,BODA,KO,,HNE,strong_motion,0.00019,0.016,,,,,,100.0,210.0,0,0.0,False,True,True,True,False,
data/processed/waveforms/smi-c-ISC-s-evid-e-642817768_BODT.mseed,smi:ISC/evid=642817768,BODT,KO,,HHE,broadband,0.00026,0.0188,,,,,,100.0,210.0,0,0.0,False,True,True,False,False,
data/processed/waveforms/smi-c-ISC-s-evid-e-642817768_DIDI.mseed,smi:ISC/evid=642817768,DIDI,KO,,HNE,strong_motion,0.00056,0.0479,,,,,,100.0,210.0,0,0.0,False,True,True,True,False,
data/processed/waveforms/smi-c-ISC-s-evid-e-642817768_YKAV.mseed,smi:ISC/evid=642817768,YKAV,KO,,HNE,strong_motion,0.0003,0.0239,,,,,,100.0,210.0,0,0.0,False,True,True,True,False,
data/processed/waveforms/smi-c-ISC-s-evid-e-642817770_BODA.mseed,smi:ISC/evid=642817770,BODA,KO,,HNE,strong_motion,0.00015,0.0081,,,,,,100.0,210.0,0,0.0,False,True,True,True,False,
data/processed/waveforms/smi-c-ISC-s-evid-e-642817770_BODT.mseed,smi:ISC/evid=642817770,BODT,KO,,HHE,broadband,0.00017,0.0092,,,,,,100.0,210.0,0,0.0,False,True,True,False,False,
data/processed/waveforms/smi-c-ISC-s-evid-e-642817770_DIDI.mseed,smi:ISC/evid=642817770,DIDI,KO,,HNE,strong_motion,0.00032,0.0181,,,,,,100.0,210.0,0,0.0,False,True,True,True,False,
data/processed/waveforms/smi-c-ISC-s-evid-e-642817770_YKAV.mseed,smi:ISC/evid=642817770,YKAV,KO,,HNE,strong_motion,0.00019,0.012,,,,,,100.0,210.0,0,0.0,False,True,True,True,False,
data/processed/waveforms/smi-c-ISC-s-evid-e-642850876_BODA.mseed,smi:ISC/evid=642850876,BODA,KO,,HNE,strong_motion,0.00021,0.0146,,,,,,100.0,210.0,0,0.0,False,True,True,True,False,
data/processed/waveforms/smi-c-ISC-s-evid-e-642850876_BODT.mseed,smi:ISC/evid=642850876,BODT,KO,,HHE,broadband,0.00038,0.0268,,,,,,100.0,116.96,3,0.1282,False,True,True,False,False,has_gaps
data/processed/waveforms/smi-c-ISC-s-evid-e-642850876_DIDI.mseed,smi:ISC/evid=642850876,DIDI,KO,,HNE,strong_motion,0.00057,0.2268,,,,,,100.0,117.96,6,0.3815,False,True,True,False,False,has_gaps
data/processed/waveforms/smi-c-ISC-s-evid-e-642850876_YKAV.mseed,smi:ISC/evid=642850876,YKAV,KO,,HNE,strong_motion,0.00022,0.0197,,,,,,100.0,210.0,0,0.0,False,True,True,True,False,
data/processed/waveforms/smi-c-ISC-s-evid-e-642917516_BODA.mseed,smi:ISC/evid=642917516,BODA,KO,,HNZ,strong_motion,0.00015,0.0319,,,,,,100.0,210.0,1,0.0095,False,True,True,False,False,has_gaps
data/processed/waveforms/smi-c-ISC-s-evid-e-642917516_BODT.mseed,smi:ISC/evid=642917516,BODT,KO,,HHE,broadband,0.00018,0.0094,,,,,,100.0,210.0,0,0.0,False,True,True,False,False,
data/processed/waveforms/smi-c-ISC-s-evid-e-642917516_DIDI.mseed,smi:ISC/evid=642917516,DIDI,KO,,HNE,strong_motion,0.00052,0.028,,,,,,100.0,210.0,0,0.0,False,True,True,True,False,
data/processed/waveforms/smi-c-ISC-s-evid-e-642917516_YKAV.mseed,smi:ISC/evid=642917516,YKAV,KO,,HNE,strong_motion,0.00014,0.008,,,,,,100.0,210.0,0,0.0,False,True,True,True,False,
data/processed/waveforms/smi-c-ISC-s-evid-e-643165028_BOTS.mseed,smi:ISC/evid=643165028,BOTS,KO,,HNE,strong_motion,0.09303,6.797,68.47,2025-04-23T09:49:16.110000Z,2025-04-23T09:50:45.470000Z,0.565,0.005,100.0,210.0,0,0.0,False,True,True,True,True,
data/processed/waveforms/smi-c-ISC-s-evid-e-643165028_GUZE.mseed,smi:ISC/evid=643165028,GUZE,KO,,HNE,strong_motion,0.16845,13.3387,3.59,2025-04-23T09:49:17.710000Z,,0.147,,100.0,210.0,0,0.0,False,True,True,True,True,
data/processed/waveforms/smi-c-ISC-s-evid-e-643165028_MAEG.mseed,smi:ISC/evid=643165028,MAEG,KO,,HNE,strong_motion,0.08463,3.6175,,,,,,100.0,210.0,0,0.0,False,True,True,True,False,
data/processed/waveforms/smi-c-ISC-s-evid-e-643165028_SILV.mseed,smi:ISC/evid=643165028,SILV,KO,,HNN,strong_motion,0.05601,6.6482,,,,,,100.0,210.0,2,0.019,False,True,True,False,False,has_gaps
data/processed/waveforms/smi-c-ISC-s-evid-e-643284596_AFSR.mseed,smi:ISC/evid=643284596,AFSR,KO,,HHE,broadband,0.00198,4.7253,33.72,2025-05-15T12:46:45.100000Z,,0.562,,100.0,131.33,3,1.3401,False,True,True,False,False,has_gaps
data/processed/waveforms/smi-c-ISC-s-evid-e-643284596_KAMT.mseed,smi:ISC/evid=643284596,KAMT,KO,,HHE,broadband,0.00113,0.0581,13.93,2025-05-15T12:46:45.830000Z,,0.499,,100.0,130.33,3,1.3658,False,True,True,False,False,has_gaps
data/processed/waveforms/smi-c-ISC-s-evid-e-643284596_KULU.mseed,smi:ISC/evid=643284596,KULU,KO,,HHE,broadband,0.00498,0.351,67.55,2025-05-15T12:46:41.210000Z,,0.565,,100.0,128.33,3,1.3481,False,True,True,False,False,has_gaps
data/processed/waveforms/smi-c-ISC-s-evid-e-643506483_BODA.mseed,smi:ISC/evid=643506483,BODA,KO,,HNE,strong_motion,0.0001,0.0865,,,,,,100.0,102.16,4,0.3328,False,True,True,False,False,has_gaps
data/processed/waveforms/smi-c-ISC-s-evid-e-643506483_BODT.mseed,smi:ISC/evid=643506483,BODT,KO,,HHE,broadband,4e-05,0.0078,,,,,,100.0,210.0,0,0.0,False,True,True,False,False,
data/processed/waveforms/smi-c-ISC-s-evid-e-643506483_DAT.mseed,smi:ISC/evid=643506483,DAT,KO,,HHE,broadband,3e-05,0.0073,,,,,,100.0,104.83,3,1.9079,True,True,True,False,False,"has_gaps,clipping_şüphesi"
data/processed/waveforms/smi-c-ISC-s-evid-e-643600095_DAT.mseed,smi:ISC/evid=643600095,DAT,KO,,HHE,broadband,0.00029,0.0205,,,,,,100.0,210.0,0,0.0,True,True,True,False,False,clipping_şüphesi
data/processed/waveforms/smi-c-ISC-s-evid-e-643600095_DATC.mseed,smi:ISC/evid=643600095,DATC,KO,,HNE,strong_motion,0.00061,0.0963,,,,,,100.0,210.0,0,0.0,False,True,True,True,False,
data/processed/waveforms/smi-c-ISC-s-evid-e-644221306_EDC.mseed,smi:ISC/evid=644221306,EDC,KO,,HHE,broadband,0.00716,0.2151,24.65,2025-10-02T11:55:13.190000Z,,0.508,,100.0,210.0,0,0.0,False,True,True,False,True,
data/processed/waveforms/smi-c-ISC-s-evid-e-644221306_NMR8.mseed,smi:ISC/evid=644221306,NMR8,KO,,HHE,broadband,0.00445,0.1037,14.83,2025-10-02T11:55:10.740000Z,,0.405,,100.0,210.0,0,0.0,False,True,True,False,True,
data/processed/waveforms/smi-c-ISC-s-evid-e-644221306_NMR9.mseed,smi:ISC/evid=644221306,NMR9,KO,,HHE,broadband,0.06038,0.5291,35.9,2025-10-02T11:55:09.110000Z,2025-10-02T11:58:12.480000Z,0.551,0.042,100.0,210.0,0,0.0,False,True,True,False,True,
data/processed/waveforms/smi-c-ISC-s-evid-e-644547991_AKS.mseed,smi:ISC/evid=644547991,AKS,KO,,HNE,strong_motion,0.02178,1.726,8.62,2025-10-27T19:48:39.410000Z,,0.149,,100.0,210.0,0,0.0,False,True,True,True,True,
data/processed/waveforms/smi-c-ISC-s-evid-e-644547991_BALB.mseed,smi:ISC/evid=644547991,BALB,KO,,HNE,strong_motion,0.01874,1.7849,31.63,2025-10-27T19:48:40.590000Z,,0.529,,100.0,210.0,0,0.0,False,True,True,True,True,
data/processed/waveforms/smi-c-ISC-s-evid-e-644547991_GORD.mseed,smi:ISC/evid=644547991,GORD,KO,,HNE,strong_motion,0.04093,3.8235,43.36,2025-10-27T19:48:35.580000Z,2025-10-27T19:50:45.210000Z,0.565,0.063,100.0,210.0,0,0.0,False,True,True,True,True,
data/processed/waveforms/smi-c-ISC-s-evid-e-644547991_SOMA.mseed,smi:ISC/evid=644547991,SOMA,KO,,HNE,strong_motion,0.01815,2.7773,30.36,2025-10-27T19:48:40.370000Z,,0.541,,100.0,210.0,0,0.0,False,True,True,True,True,
data/processed/waveforms/smi-c-ISC-s-evid-e-644682322_SIMA.mseed,smi:ISC/evid=644682322,SIMA,KO,,HHE,broadband,3e-05,0.0077,-0.75,2025-02-06T02:54:41.750000Z,2025-02-06T02:54:43.410000Z,0.009,0.104,100.0,210.0,0,0.0,False,True,True,False,True,
data/processed/waveforms/smi-c-ISC-s-evid-e-644682322_SMAA.mseed,smi:ISC/evid=644682322,SMAA,KO,,HNE,strong_motion,7e-05,0.008,,,,,,100.0,210.0,0,0.0,False,True,True,True,False,
data/processed/waveforms/smi-c-ISC-s-evid-e-645589932_AKDM.mseed,smi:ISC/evid=645589932,AKDM,KO,,HHE,broadband,0.00049,0.0641,17.92,2026-04-04T05:52:55.730000Z,2026-04-04T05:54:24.790000Z,0.418,0.038,100.0,210.0,0,0.0,False,True,True,False,True,
data/processed/waveforms/smi-c-ISC-s-evid-e-645616075_DST.mseed,smi:ISC/evid=645616075,DST,KO,,HNE,strong_motion,0.00265,0.0964,,,,,,100.0,210.0,0,0.0,False,True,True,True,False,
data/processed/waveforms/smi-c-ISC-s-evid-e-645616075_SHAP.mseed,smi:ISC/evid=645616075,SHAP,KO,,HNE,strong_motion,0.03314,0.7877,,,,,,100.0,210.0,0,0.0,False,True,True,True,False,
data/processed/waveforms/smi-c-ISC-s-evid-e-645616075_SIMA.mseed,smi:ISC/evid=645616075,SIMA,KO,,HHE,broadband,0.0236,0.3976,30.75,2026-04-11T14:32:00.410000Z,2026-04-11T14:33:03.800000Z,0.565,0.376,100.0,210.0,0,0.0,False,True,True,False,True,
data/processed/waveforms/smi-c-ISC-s-evid-e-645616075_SMAA.mseed,smi:ISC/evid=645616075,SMAA,KO,,HNE,strong_motion,0.03783,2.002,8.78,2026-04-11T14:32:00.410000Z,2026-04-11T14:32:03.150000Z,0.564,0.155,100.0,210.0,0,0.0,False,True,True,True,True,
data/processed/waveforms/smi-c-ISC-s-evid-e-645651999_BODA.mseed,smi:ISC/evid=645651999,BODA,KO,,HNE,strong_motion,7e-05,0.0038,,,,,,100.0,210.0,1,0.0095,False,True,True,False,False,has_gaps
data/processed/waveforms/smi-c-ISC-s-evid-e-645651999_BODT.mseed,smi:ISC/evid=645651999,BODT,KO,,HHE,broadband,1e-05,0.0015,,,,,,100.0,210.0,0,0.0,False,True,True,False,False,
data/processed/waveforms/smi-c-ISC-s-evid-e-645651999_DAT.mseed,smi:ISC/evid=645651999,DAT,KO,,HHE,broadband,2e-05,0.0023,,,,,,100.0,210.0,0,0.0,True,True,True,False,False,clipping_şüphesi
data/processed/waveforms/smi-c-ISC-s-evid-e-645651999_DATC.mseed,smi:ISC/evid=645651999,DATC,KO,,HNE,strong_motion,0.001,0.0328,,,,,,100.0,210.0,0,0.0,False,True,True,True,False,
