event_id,station,distance_km,magnitude,event_time,event_source,status,file,fetched_at
usp0009c33,KCTX,109.77,5.2,1999-07-25 06:56:53.020000+00:00,usgs,no_data,,2026-09-12T09:49:38.395781+00:00
usp0009c33,ISK,214.53,5.2,1999-07-25 06:56:53.020000+00:00,usgs,no_data,,2026-09-12T09:49:38.890342+00:00
usp0009d4z,HRTX,17.13,7.6,1999-08-17 00:01:39.130000+00:00,usgs,no_data,,2026-09-12T09:49:39.476042+00:00
usp0009d4z,ISK,76.09,7.6,1999-08-17 00:01:39.130000+00:00,usgs,no_data,,2026-09-12T09:49:40.009066+00:00
usp0009d53,HRTX,25.89,5.0,1999-08-17 00:16:26.150000+00:00,usgs,no_data,,2026-09-12T09:49:40.517686+00:00
usp0009d53,ISK,84.44,5.0,1999-08-17 00:16:26.150000+00:00,usgs,no_data,,2026-09-12T09:49:41.152703+00:00
usp0009d5w,HRTX,88.0,5.1,1999-08-17 03:14:00.370000+00:00,usgs,no_data,,2026-09-12T09:49:41.768073+00:00
usp0009d5w,ISK,145.7,5.1,1999-08-17 03:14:00.370000+00:00,usgs,no_data,,2026-09-12T09:49:42.374064+00:00
usp0009daz,HRTX,49.46,5.2,1999-08-19 15:17:45.040000+00:00,usgs,no_data,,2026-09-12T09:49:42.962862+00:00
usp0009daz,ISK,49.76,5.2,1999-08-19 15:17:45.040000+00:00,usgs,no_data,,2026-09-12T09:49:43.440495+00:00
usp0009dv7,HRTX,25.31,5.2,1999-08-31 08:10:49.530000+00:00,usgs,no_data,,2026-09-12T09:49:44.333302+00:00
usp0009dv7,ISK,84.34,5.2,1999-08-31 08:10:49.530000+00:00,usgs,no_data,,2026-09-12T09:49:45.120739+00:00
usp0009e74,ISK,38.85,5.0,1999-09-09 01:32:08.120000+00:00,usgs,no_data,,2026-09-12T09:49:45.786987+00:00
usp0009e74,HRTX,45.49,5.0,1999-09-09 01:32:08.120000+00:00,usgs,no_data,,2026-09-12T09:49:46.412192+00:00
usp0009ede,HRTX,32.97,5.9,1999-09-13 11:55:28.180000+00:00,usgs,no_data,,2026-09-12T09:49:46.921482+00:00
usp0009ede,ISK,91.67,5.9,1999-09-13 11:55:28.180000+00:00,usgs,no_data,,2026-09-12T09:49:47.411377+00:00
usp0009f5w,HRTX,28.38,5.2,1999-09-29 00:13:05.580000+00:00,usgs,no_data,,2026-09-12T09:49:48.012859+00:00
usp0009f5w,ISK,43.21,5.2,1999-09-29 00:13:05.580000+00:00,usgs,no_data,,2026-09-12T09:49:48.486132+00:00
usp0009h7v,HRTX,89.44,5.0,1999-11-07 16:54:41.730000+00:00,usgs,no_data,,2026-09-12T09:49:48.999122+00:00
usp0009h7v,ISK,145.92,5.0,1999-11-07 16:54:41.730000+00:00,usgs,no_data,,2026-09-12T09:49:49.488536+00:00
usp0009hd3,HRTX,50.34,5.7,1999-11-11 14:41:25.610000+00:00,usgs,no_data,,2026-09-12T09:49:50.030364+00:00
usp0009hd3,ISK,107.39,5.7,1999-11-11 14:41:25.610000+00:00,usgs,no_data,,2026-09-12T09:49:50.529348+00:00
usp0009hev,HRTX,125.39,7.2,1999-11-12 16:57:19.550000+00:00,usgs,no_data,,2026-09-12T09:49:51.015828+00:00
usp0009hev,ISK,179.81,7.2,1999-11-12 16:57:19.550000+00:00,usgs,no_data,,2026-09-12T09:49:51.505014+00:00
usp0009hf0,HRTX,121.83,5.5,1999-11-12 17:17:56.790000+00:00,usgs,no_data,,2026-09-12T09:49:52.064495+00:00
usp0009hf0,ISK,175.85,5.5,1999-11-12 17:17:56.790000+00:00,usgs,no_data,,2026-09-12T09:49:52.640920+00:00
usp0009hf3,HRTX,151.56,5.2,1999-11-12 17:29:31.510000+00:00,usgs,no_data,,2026-09-12T09:49:53.212595+00:00
usp0009hf3,ISK,205.78,5.2,1999-11-12 17:29:31.510000+00:00,usgs,no_data,,2026-09-12T09:49:53.689665+00:00
usp0009hqg,HRTX,163.25,5.1,1999-11-16 17:51:18.100000+00:00,usgs,no_data,,2026-09-12T09:49:54.210962+00:00
usp0009hqg,ISK,217.64,5.1,1999-11-16 17:51:18.100000+00:00,usgs,no_data,,2026-09-12T09:49:54.711781+00:00
usp0009rnd,KHL,56.3,5.5,2000-04-21 12:23:10.510000+00:00,usgs,no_data,,2026-09-12T09:49:55.302780+00:00
usp0009u3d,CANT,53.79,6.0,2000-06-06 02:41:49.800000+00:00,usgs,no_data,,2026-09-12T09:49:55.813553+00:00
usp0009z1g,HRTX,89.24,5.3,2000-08-23 13:41:28.140000+00:00,usgs,no_data,,2026-09-12T09:49:56.326200+00:00
usp0009z1g,IZI,112.62,5.3,2000-08-23 13:41:28.140000+00:00,usgs,no_data,,2026-09-12T09:49:56.839876+00:00
usp000a3p3,KARS,247.09,5.6,2000-11-15 15:05:38.170000+00:00,usgs,no_data,,2026-09-12T09:49:57.339264+00:00
usp000a64e,KONT,119.54,5.0,2000-12-15 16:44:43.440000+00:00,usgs,no_data,,2026-09-12T09:49:57.833517+00:00
usp000a64e,KHL,148.19,5.0,2000-12-15 16:44:43.440000+00:00,usgs,no_data,,2026-09-12T09:49:58.387329+00:00
usp000a64f,KONT,103.95,6.0,2000-12-15 16:44:47.660000+00:00,usgs,no_data,,2026-09-12T09:49:59.795948+00:00
usp000a64f,KHL,159.52,6.0,2000-12-15 16:44:47.660000+00:00,usgs,no_data,,2026-09-12T09:50:00.635825+00:00
usp000ae8w,YER,174.43,5.2,2001-05-01 06:00:56.390000+00:00,usgs,no_data,,2026-09-12T09:50:01.160488+00:00
usp000afqc,YER,197.25,5.2,2001-05-29 04:43:57.940000+00:00,usgs,no_data,,2026-09-12T09:50:01.646866+00:00
usp000ah3s,YER,176.46,5.7,2001-06-23 06:52:42.960000+00:00,usgs,no_data,,2026-09-12T09:50:02.169277+00:00
usp000ahe3,BNN,182.21,5.5,2001-06-25 13:28:46.510000+00:00,usgs,no_data,,2026-09-12T09:50:02.666290+00:00
usp000ajbh,KARS,152.23,5.4,2001-07-10 21:42:08.840000+00:00,usgs,no_data,,2026-09-12T09:50:03.165788+00:00
usp000an1e,SAFT,98.73,5.0,2001-08-26 00:41:13.170000+00:00,usgs,no_data,,2026-09-12T09:50:03.650001+00:00
usp000an1e,HRTX,160.62,5.0,2001-08-26 00:41:13.170000+00:00,usgs,no_data,,2026-09-12T09:50:04.205759+00:00
usp000arzg,CEYT,43.45,5.1,2001-10-31 12:33:52.810000+00:00,usgs,no_data,,2026-09-12T09:50:04.714159+00:00
usp000arzg,BNN,180.04,5.1,2001-10-31 12:33:52.810000+00:00,usgs,no_data,,2026-09-12T09:50:05.214821+00:00
usp000awya,YER,211.05,6.2,2002-01-22 04:53:52.650000+00:00,usgs,no_data,,2026-09-12T09:50:05.697590+00:00
usp000axp7,ALT,113.9,6.5,2002-02-03 07:11:28.410000+00:00,usgs,no_data,,2026-09-12T09:50:06.208838+00:00
usp000axp7,KONT,116.92,6.5,2002-02-03 07:11:28.410000+00:00,usgs,no_data,,2026-09-12T09:50:06.698026+00:00
usp000axp8,ALT,76.73,5.5,2002-02-03 07:14:36.420000+00:00,usgs,no_data,,2026-09-12T09:50:07.205869+00:00
usp000axp8,KHL,124.21,5.5,2002-02-03 07:14:36.420000+00:00,usgs,no_data,,2026-09-12T09:50:07.708639+00:00
usp000axpg,ALT,83.08,6.0,2002-02-03 09:26:43.350000+00:00,usgs,no_data,,2026-09-12T09:50:08.350499+00:00
usp000axpg,KHL,124.39,6.0,2002-02-03 09:26:43.350000+00:00,usgs,no_data,,2026-09-12T09:50:08.989796+00:00
usp000axpx,ALT,108.33,5.3,2002-02-03 11:39:55.380000+00:00,usgs,no_data,,2026-09-12T09:50:09.594860+00:00
usp000axpx,KONT,122.04,5.3,2002-02-03 11:39:55.380000+00:00,usgs,no_data,,2026-09-12T09:50:10.091713+00:00
usp000bpa1,GUMT,112.74,6.1,2003-01-27 05:26:23.040000+00:00,usgs,no_data,,2026-09-12T09:50:10.601221+00:00
usp000buu9,YER,168.04,5.8,2003-04-10 00:40:15.110000+00:00,usgs,no_data,,2026-09-12T09:50:11.129572+00:00
usp000buu9,BALB,177.24,5.8,2003-04-10 00:40:15.110000+00:00,usgs,no_data,,2026-09-12T09:50:11.636911+00:00
usp000bvdg,YER,160.48,5.2,2003-04-17 22:34:24.590000+00:00,usgs,no_data,,2026-09-12T09:50:12.187955+00:00
usp000bvdg,BALB,182.05,5.2,2003-04-17 22:34:24.590000+00:00,usgs,no_data,,2026-09-12T09:50:12.710065+00:00
usp000bwbc,GUMT,182.88,6.4,2003-05-01 00:27:04.700000+00:00,usgs,no_data,,2026-09-12T09:50:13.226995+00:00
usp000bwh3,BCK,105.61,5.5,2003-05-03 11:22:40.630000+00:00,usgs,no_data,,2026-09-12T09:50:13.752357+00:00
usp000bwh3,KONT,139.58,5.5,2003-05-03 11:22:40.630000+00:00,usgs,no_data,,2026-09-12T09:50:15.586030+00:00
usp000c1tz,LAP,62.81,5.7,2003-07-06 19:10:28.160000+00:00,usgs,no_data,,2026-09-12T09:50:16.069540+00:00
usp000c1tz,EZN,73.47,5.7,2003-07-06 19:10:28.160000+00:00,usgs,no_data,,2026-09-12T09:50:16.611579+00:00
usp000c1u9,LAP,53.76,5.3,2003-07-06 20:10:16.450000+00:00,usgs,no_data,,2026-09-12T09:50:17.104652+00:00
usp000c1u9,EZN,68.29,5.3,2003-07-06 20:10:16.450000+00:00,usgs,no_data,,2026-09-12T09:50:17.719130+00:00
usp000c2bg,GAZ,197.92,5.6,2003-07-13 01:48:21.990000+00:00,usgs,no_data,,2026-09-12T09:50:18.238119+00:00
usp000c2bg,GUMT,246.25,5.6,2003-07-13 01:48:21.990000+00:00,usgs,no_data,,2026-09-12T09:50:18.763668+00:00
usp000c33z,DENT,49.1,5.4,2003-07-23 04:56:02.960000+00:00,usgs,no_data,,2026-09-12T09:50:19.246157+00:00
usp000c33z,KHL,61.34,5.4,2003-07-23 04:56:02.960000+00:00,usgs,no_data,,2026-09-12T09:50:19.774766+00:00
usp000c3da,DENT,30.91,5.4,2003-07-26 08:36:49.170000+00:00,usgs,no_data,,2026-09-12T09:50:20.298871+00:00
usp000c3da,KHL,62.52,5.4,2003-07-26 08:36:49.170000+00:00,usgs,no_data,,2026-09-12T09:50:20.809680+00:00
usp000c7e7,YER,133.82,5.3,2003-09-13 13:46:14.340000+00:00,usgs,no_data,,2026-09-12T09:50:21.335968+00:00
usp000c7e7,DENT,225.26,5.3,2003-09-13 13:46:14.340000+00:00,usgs,no_data,,2026-09-12T09:50:21.884063+00:00
usp000ckns,MLSB,159.56,5.1,2004-02-07 21:17:24.200000+00:00,usgs,no_data,,2026-09-12T09:50:22.412091+00:00
usp000ckns,YER,172.73,5.1,2004-02-07 21:17:24.200000+00:00,usgs,no_data,,2026-09-12T09:50:22.951743+00:00
usp000cqvt,GUMT,128.04,5.6,2004-03-25 19:30:49.040000+00:00,usgs,no_data,,2026-09-12T09:50:23.489262+00:00
usp000cqvt,KARS,208.02,5.6,2004-03-25 19:30:49.040000+00:00,usgs,no_data,,2026-09-12T09:50:24.008858+00:00
usp000cr2z,GUMT,137.18,5.6,2004-03-28 03:51:10.050000+00:00,usgs,no_data,,2026-09-12T09:50:24.583697+00:00
usp000cr2z,KARS,206.88,5.6,2004-03-28 03:51:10.050000+00:00,usgs,no_data,,2026-09-12T09:50:25.135797+00:00
usp000cxyq,LAP,75.6,5.2,2004-06-15 12:02:37.760000+00:00,usgs,no_data,,2026-09-12T09:50:25.644887+00:00
usp000cxyq,EZN,78.36,5.2,2004-06-15 12:02:37.760000+00:00,usgs,no_data,,2026-09-12T09:50:26.191929+00:00
usp000czcr,KARS,120.71,5.1,2004-07-01 22:30:09.320000+00:00,usgs,no_data,,2026-09-12T09:50:26.796578+00:00
usp000czcr,VANB,148.26,5.1,2004-07-01 22:30:09.320000+00:00,usgs,no_data,,2026-09-12T09:50:27.388141+00:00
usp000d1cq,MLSB,31.02,5.2,2004-08-03 13:11:30.300000+00:00,usgs,no_data,,2026-09-12T09:50:27.999012+00:00
usp000d1cq,YER,51.6,5.2,2004-08-03 13:11:30.300000+00:00,usgs,no_data,,2026-09-12T09:50:28.598935+00:00
usp000d1e2,MLSB,51.52,5.6,2004-08-04 03:01:07.570000+00:00,usgs,no_data,,2026-09-12T09:50:29.288219+00:00
usp000d1e2,YER,53.41,5.6,2004-08-04 03:01:07.570000+00:00,usgs,no_data,,2026-09-12T09:50:30.403978+00:00
usp000d1ea,YER,50.3,5.2,2004-08-04 04:19:48.370000+00:00,usgs,no_data,,2026-09-12T09:50:30.942133+00:00
usp000d1ea,MLSB,50.71,5.2,2004-08-04 04:19:48.370000+00:00,usgs,no_data,,2026-09-12T09:50:31.439604+00:00
usp000d1fa,MLSB,51.71,5.3,2004-08-04 14:18:50.160000+00:00,usgs,no_data,,2026-09-12T09:50:32.014656+00:00
usp000d1fa,YER,52.65,5.3,2004-08-04 14:18:50.160000+00:00,usgs,no_data,,2026-09-12T09:50:32.541302+00:00
usp000d1yj,GAZ,224.62,5.7,2004-08-11 15:48:26.820000+00:00,usgs,no_data,,2026-09-12T09:50:33.141202+00:00
usp000d1yj,GUMT,233.09,5.7,2004-08-11 15:48:26.820000+00:00,usgs,no_data,,2026-09-12T09:50:33.631931+00:00
usp000d5xb,MLSB,129.96,5.5,2004-10-07 01:05:12.890000+00:00,usgs,no_data,,2026-09-12T09:50:34.191306+00:00
usp000d5xb,YER,153.94,5.5,2004-10-07 01:05:12.890000+00:00,usgs,no_data,,2026-09-12T09:50:34.742666+00:00
usp000db47,YER,12.31,5.4,2004-12-20 23:02:12.410000+00:00,usgs,no_data,,2026-09-12T09:50:35.257225+00:00
usp000db47,MLSB,47.33,5.4,2004-12-20 23:02:12.410000+00:00,usgs,no_data,,2026-09-12T09:50:35.785363+00:00
usp000dd0h,MLSB,31.04,5.5,2005-01-10 23:48:50.020000+00:00,usgs,no_data,,2026-09-12T09:50:36.272915+00:00
usp000dd0h,YER,44.51,5.5,2005-01-10 23:48:50.020000+00:00,usgs,no_data,,2026-09-12T09:50:36.809800+00:00
usp000dd0j,MLSB,33.31,5.0,2005-01-10 23:50:25.680000+00:00,usgs,no_data,,2026-09-12T09:50:37.332707+00:00
usp000dd0j,YER,34.84,5.0,2005-01-10 23:50:25.680000+00:00,usgs,no_data,,2026-09-12T09:50:38.001039+00:00
usp000dd1a,MLSB,42.82,5.1,2005-01-11 04:36:00.970000+00:00,usgs,no_data,,2026-09-12T09:50:38.678113+00:00
usp000dd1a,YER,44.16,5.1,2005-01-11 04:36:00.970000+00:00,usgs,no_data,,2026-09-12T09:50:39.205283+00:00
usp000de4y,FETY,105.88,5.8,2005-01-23 22:36:05.530000+00:00,usgs,no_data,,2026-09-12T09:50:39.726115+00:00
usp000de4y,ELL,108.57,5.8,2005-01-23 22:36:05.530000+00:00,usgs,no_data,,2026-09-12T09:50:40.258392+00:00
usp000debc,VANB,102.01,5.9,2005-01-25 16:44:16.130000+00:00,usgs,no_data,,2026-09-12T09:50:40.790647+00:00
usp000debc,CLDR,170.27,5.9,2005-01-25 16:44:16.130000+00:00,usgs,no_data,,2026-09-12T09:50:41.270410+00:00
usp000df83,FETY,104.44,5.3,2005-01-30 16:23:48.430000+00:00,usgs,no_data,,2026-09-12T09:50:41.794221+00:00
usp000df83,ELL,107.71,5.3,2005-01-30 16:23:48.430000+00:00,usgs,no_data,,2026-09-12T09:50:42.297871+00:00
usp000dj1q,PTK,149.65,5.6,2005-03-12 07:36:12.180000+00:00,usgs,no_data,,2026-09-12T09:50:42.821399+00:00
usp000dj1q,GUMT,171.39,5.6,2005-03-12 07:36:12.180000+00:00,usgs,no_data,,2026-09-12T09:50:43.351960+00:00
usp000dj5f,PTK,139.02,5.8,2005-03-14 01:55:55.600000+00:00,usgs,no_data,,2026-09-12T09:50:44.085343+00:00
usp000dj5f,GUMT,172.64,5.8,2005-03-14 01:55:55.600000+00:00,usgs,no_data,,2026-09-12T09:50:44.994247+00:00
usp000djx3,PTK,145.08,5.7,2005-03-23 21:44:53.020000+00:00,usgs,no_data,,2026-09-12T09:50:45.604310+00:00
usp000djx3,GUMT,168.73,5.7,2005-03-23 21:44:53.020000+00:00,usgs,no_data,,2026-09-12T09:50:46.127966+00:00
usp000dqua,LEF,131.0,5.1,2005-05-14 23:46:50.530000+00:00,usgs,no_data,,2026-09-12T09:50:46.674805+00:00
usp000dqua,ANTB,158.45,5.1,2005-05-14 23:46:50.530000+00:00,usgs,no_data,,2026-09-12T09:50:47.219854+00:00
usp000dsbj,PTK,150.21,5.6,2005-06-06 07:41:28.700000+00:00,usgs,no_data,,2026-09-12T09:50:47.768660+00:00
usp000dsbj,GUMT,194.72,5.6,2005-06-06 07:41:28.700000+00:00,usgs,no_data,,2026-09-12T09:50:48.254932+00:00
usp000dwaw,KAMT,53.78,5.2,2005-07-30 21:45:00+00:00,usgs,no_data,,2026-09-12T09:50:48.834641+00:00
usp000dwaw,LOD,57.41,5.2,2005-07-30 21:45:00+00:00,usgs,no_data,,2026-09-12T09:50:49.337664+00:00
usp000e1zy,BLCB,54.75,5.5,2005-10-17 05:45:16+00:00,usgs,no_data,,2026-09-12T09:50:49.858450+00:00
usp000e1zy,BODT,138.41,5.5,2005-10-17 05:45:16+00:00,usgs,no_data,,2026-09-12T09:50:50.560311+00:00
usp000e20e,BLCB,51.59,5.8,2005-10-17 09:46:53.900000+00:00,usgs,no_data,,2026-09-12T09:50:51.049321+00:00
usp000e20e,AKS,136.86,5.8,2005-10-17 09:46:53.900000+00:00,usgs,no_data,,2026-09-12T09:50:51.611196+00:00
usp000e20f,BLCB,46.0,5.2,2005-10-17 09:55:30+00:00,usgs,no_data,,2026-09-12T09:50:52.098603+00:00
usp000e20f,AKS,132.48,5.2,2005-10-17 09:55:30+00:00,usgs,no_data,,2026-09-12T09:50:52.656323+00:00
usp000e2bq,BLCB,36.31,5.9,2005-10-20 21:40:04.090000+00:00,usgs,no_data,,2026-09-12T09:50:53.219552+00:00
usp000e2bq,AKS,122.72,5.9,2005-10-20 21:40:04.090000+00:00,usgs,no_data,,2026-09-12T09:50:53.751212+00:00
usp000e4yn,PTK,86.43,5.1,2005-11-26 15:56:55+00:00,usgs,no_data,,2026-09-12T09:50:54.466078+00:00
usp000e4yn,URFA,91.08,5.1,2005-11-26 15:56:55+00:00,usgs,no_data,,2026-09-12T09:50:54.995831+00:00
usp000e5w2,PTK,145.14,5.4,2005-12-10 00:09:50.230000+00:00,usgs,no_data,,2026-09-12T09:50:55.569133+00:00
usp000e5w2,GUMT,172.88,5.4,2005-12-10 00:09:50.230000+00:00,usgs,no_data,,2026-09-12T09:50:56.070860+00:00
usp000e9kv,BCA,206.69,5.3,2006-02-06 04:08:03.070000+00:00,usgs,no_data,,2026-09-12T09:50:56.606890+00:00
usp000e9kv,KARS,229.41,5.3,2006-02-06 04:08:03.070000+00:00,usgs,no_data,,2026-09-12T09:50:57.196388+00:00
usp000ed83,KRTS,146.96,5.0,2006-03-29 22:05:15.190000+00:00,usgs,no_data,,2026-09-12T09:50:57.687937+00:00
usp000ed83,IKL,191.61,5.0,2006-03-29 22:05:15.190000+00:00,usgs,no_data,,2026-09-12T09:50:58.224009+00:00
usp000ee23,DAT,176.34,5.3,2006-04-09 23:27:19.810000+00:00,usgs,no_data,,2026-09-12T09:50:59.049544+00:00
usp000ee23,BODT,210.71,5.3,2006-04-09 23:27:19.810000+00:00,usgs,no_data,,2026-09-12T09:51:00.465270+00:00
usp000emsw,PTK,141.81,5.0,2006-07-02 19:39:39+00:00,usgs,no_data,,2026-09-12T09:51:00.999583+00:00
usp000emsw,GUMT,183.24,5.0,2006-07-02 19:39:39+00:00,usgs,no_data,,2026-09-12T09:51:01.546732+00:00
usp000ergj,DAT,170.79,5.1,2006-08-22 09:23:21.200000+00:00,usgs,no_data,,2026-09-12T09:51:02.067276+00:00
usp000ergj,BODT,203.34,5.1,2006-08-22 09:23:21.200000+00:00,usgs,no_data,,2026-09-12T09:51:02.588093+00:00
usp000evxq,GEMT,7.05,5.0,2006-10-24 14:00:21.670000+00:00,usgs,no_data,,2026-09-12T09:51:03.172580+00:00
usp000evxq,ARMT,25.94,5.0,2006-10-24 14:00:21.670000+00:00,usgs,no_data,,2026-09-12T09:51:03.664362+00:00
usp000f343,AGRB,11.21,5.2,2007-01-21 07:38:57+00:00,usgs,no_data,,2026-09-12T09:51:04.168629+00:00
usp000f343,CLDR,103.41,5.2,2007-01-21 07:38:57+00:00,usgs,no_data,,2026-09-12T09:51:04.761758+00:00
usp000f4hn,PTK,63.56,5.5,2007-02-09 02:22:55+00:00,usgs,no_data,,2026-09-12T09:51:05.310901+00:00
usp000f4hn,URFA,107.31,5.5,2007-02-09 02:22:55+00:00,usgs,no_data,,2026-09-12T09:51:05.819995+00:00
usp000f5an,PTK,64.67,5.7,2007-02-21 11:05:28.630000+00:00,usgs,no_data,,2026-09-12T09:51:06.365196+00:00
usp000f5an,URFA,105.34,5.7,2007-02-21 11:05:28.630000+00:00,usgs,no_data,,2026-09-12T09:51:06.875737+00:00
usp000f9cr,SUTC,59.15,5.1,2007-04-10 22:00:34.240000+00:00,usgs,no_data,,2026-09-12T09:51:07.452662+00:00
usp000f9cr,BCK,67.34,5.1,2007-04-10 22:00:34.240000+00:00,usgs,no_data,,2026-09-12T09:51:07.999132+00:00
usp000fcey,DAT,180.65,5.0,2007-05-21 16:39:08.670000+00:00,usgs,no_data,,2026-09-12T09:51:08.544879+00:00
usp000fcey,FETY,204.22,5.0,2007-05-21 16:39:08.670000+00:00,usgs,no_data,,2026-09-12T09:51:09.053379+00:00
usp000fkpq,PTK,155.61,5.3,2007-08-25 22:05:49.600000+00:00,usgs,no_data,,2026-09-12T09:51:09.570343+00:00
usp000fkpq,AGRB,163.72,5.3,2007-08-25 22:05:49.600000+00:00,usgs,no_data,,2026-09-12T09:51:10.059282+00:00
usp000fm3f,BODT,102.88,5.2,2007-08-31 20:52:43.430000+00:00,usgs,no_data,,2026-09-12T09:51:10.602903+00:00
usp000fm3f,DAT,116.63,5.2,2007-08-31 20:52:43.430000+00:00,usgs,no_data,,2026-09-12T09:51:11.144909+00:00
usp000fnxd,DAT,167.55,5.3,2007-09-23 00:54:29.600000+00:00,usgs,no_data,,2026-09-12T09:51:11.665442+00:00
usp000fnxd,BODT,200.01,5.3,2007-09-23 00:54:29.600000+00:00,usgs,no_data,,2026-09-12T09:51:12.224573+00:00
usp000frhj,FETY,46.18,5.3,2007-10-29 09:23:14+00:00,usgs,no_data,,2026-09-12T09:51:12.716900+00:00
usp000frhj,ELL,67.9,5.3,2007-10-29 09:23:14+00:00,usgs,no_data,,2026-09-12T09:51:13.226737+00:00
usp000fs7f,BLCB,120.95,5.2,2007-11-09 01:43:04.200000+00:00,usgs,no_data,,2026-09-12T09:51:14.003778+00:00
usp000fs7f,EZN,132.02,5.2,2007-11-09 01:43:04.200000+00:00,usgs,no_data,,2026-09-12T09:51:14.815108+00:00
usp000fspn,FETY,45.58,5.1,2007-11-16 09:08:23+00:00,usgs,no_data,,2026-09-12T09:51:15.412409+00:00
usp000fspn,ELL,65.4,5.1,2007-11-16 09:08:23+00:00,usgs,no_data,,2026-09-12T09:51:15.929532+00:00
usp000fuw2,KAMT,43.02,5.7,2007-12-20 09:48:29.950000+00:00,usgs,no_data,,2026-09-12T09:51:16.456807+00:00
usp000fuw2,LOD,64.98,5.7,2007-12-20 09:48:29.950000+00:00,usgs,no_data,,2026-09-12T09:51:17.007413+00:00
usp000fvaw,KAMT,47.75,5.6,2007-12-26 23:47:10.770000+00:00,usgs,no_data,,2026-09-12T09:51:17.493711+00:00
usp000fvaw,LOD,59.87,5.6,2007-12-26 23:47:10.770000+00:00,usgs,no_data,,2026-09-12T09:51:18.021151+00:00
usp000g4sw,DENT,20.88,5.0,2008-04-25 04:48:54+00:00,usgs,no_data,,2026-09-12T09:51:18.525792+00:00
usp000g4sw,KHL,60.92,5.0,2008-04-25 04:48:54+00:00,usgs,no_data,,2026-09-12T09:51:19.045800+00:00
usp000g99e,DAT,219.25,5.1,2008-06-12 00:20:45.600000+00:00,usgs,no_data,,2026-09-12T09:51:19.544755+00:00
usp000g99e,BODT,239.28,5.1,2008-06-12 00:20:45.600000+00:00,usgs,no_data,,2026-09-12T09:51:20.160280+00:00
usp000gc72,DAT,106.57,6.4,2008-07-15 03:26:34.700000+00:00,usgs,no_data,,2026-09-12T09:51:20.764668+00:00
usp000gc72,FETY,143.78,6.4,2008-07-15 03:26:34.700000+00:00,usgs,no_data,,2026-09-12T09:51:21.257297+00:00
usp000gg9s,URFA,29.03,5.0,2008-09-03 02:22:47+00:00,usgs,no_data,,2026-09-12T09:51:21.781051+00:00
usp000gg9s,SVRC,119.7,5.0,2008-09-03 02:22:47+00:00,usgs,no_data,,2026-09-12T09:51:22.359225+00:00
usp000gnhr,BNN,28.02,5.1,2008-11-12 14:03:18.310000+00:00,usgs,no_data,,2026-09-12T09:51:22.883238+00:00
usp000gnhr,YOZ,90.38,5.1,2008-11-12 14:03:18.310000+00:00,usgs,no_data,,2026-09-12T09:51:23.419251+00:00
usp000grr8,GADA,24.33,5.2,2008-12-28 22:58:59+00:00,usgs,no_data,,2026-09-12T09:51:23.982918+00:00
usp000grr8,ENEZ,49.75,5.2,2008-12-28 22:58:59+00:00,usgs,no_data,,2026-09-12T09:51:24.545692+00:00
usp000gshs,DAT,159.74,5.3,2009-01-13 06:12:42.900000+00:00,usgs,no_data,,2026-09-12T09:51:25.096041+00:00
usp000gshs,BODT,176.35,5.3,2009-01-13 06:12:42.900000+00:00,usgs,no_data,,2026-09-12T09:51:25.755958+00:00
usp000gu3g,TVSB,52.67,5.2,2009-02-17 05:28:19+00:00,usgs,ok,data/processed/waveforms/usp000gu3g_TVSB.mseed,2026-09-12T09:51:26.399294+00:00
usp000gu3g,DST,65.67,5.2,2009-02-17 05:28:19+00:00,usgs,no_data,,2026-09-12T09:51:27.514433+00:00
usp000gy9p,KRTS,82.23,5.0,2009-06-17 04:29:12+00:00,usgs,ok,data/processed/waveforms/usp000gy9p_KRTS.mseed,2026-09-12T09:51:28.143363+00:00
usp000gy9p,CEYT,109.86,5.0,2009-06-17 04:29:12+00:00,usgs,ok,data/processed/waveforms/usp000gy9p_CEYT.mseed,2026-09-12T09:51:29.322620+00:00
usp000gyaw,FETY,152.36,5.0,2009-06-18 04:26:14.700000+00:00,usgs,no_data,,2026-09-12T09:51:30.467197+00:00
usp000gyaw,DALY,161.48,5.0,2009-06-18 04:26:14.700000+00:00,usgs,no_data,,2026-09-12T09:51:31.001991+00:00
usp000gych,FETY,152.94,5.8,2009-06-19 14:04:59.030000+00:00,usgs,no_data,,2026-09-12T09:51:31.620340+00:00
usp000gych,DALY,163.14,5.8,2009-06-19 14:04:59.030000+00:00,usgs,ok,data/processed/waveforms/usp000gych_DALY.mseed,2026-09-12T09:51:32.161556+00:00
usp000gydg,BODT,79.39,5.1,2009-06-20 08:28:19+00:00,usgs,no_data,,2026-09-12T09:51:32.870352+00:00
usp000gydg,BLCB,80.03,5.1,2009-06-20 08:28:19+00:00,usgs,no_data,,2026-09-12T09:51:33.395857+00:00
usp000gze0,CUKT,152.85,5.1,2009-07-18 20:32:29.990000+00:00,usgs,ok,data/processed/waveforms/usp000gze0_CUKT.mseed,2026-09-12T09:51:33.886367+00:00
usp000gze0,SIRT,196.99,5.1,2009-07-18 20:32:29.990000+00:00,usgs,ok,data/processed/waveforms/usp000gze0_SIRT.mseed,2026-09-12T09:51:34.763720+00:00
usp000gztb,ERZN,0.37,5.0,2009-07-30 07:37:51.720000+00:00,usgs,ok,data/processed/waveforms/usp000gztb_ERZN.mseed,2026-09-12T09:51:35.930599+00:00
usp000gztb,PTK,82.52,5.0,2009-07-30 07:37:51.720000+00:00,usgs,ok,data/processed/waveforms/usp000gztb_PTK.mseed,2026-09-12T09:51:37.033683+00:00
usp000h1ar,BCA,202.11,6.0,2009-09-07 22:41:37.360000+00:00,usgs,ok,data/processed/waveforms/usp000h1ar_BCA.mseed,2026-09-12T09:51:38.033370+00:00
usp000h1ar,KARS,229.22,6.0,2009-09-07 22:41:37.360000+00:00,usgs,no_data,,2026-09-12T09:51:39.108413+00:00
usp000h58s,LEF,138.38,5.3,2009-12-22 06:06:23.430000+00:00,usgs,ok,data/processed/waveforms/usp000h58s_LEF.mseed,2026-09-12T09:51:40.174591+00:00
usp000h58s,AKDN,139.96,5.3,2009-12-22 06:06:23.430000+00:00,usgs,no_data,,2026-09-12T09:51:41.420412+00:00
usp000h8x1,PTK,51.49,6.1,2010-03-08 02:32:34.710000+00:00,usgs,no_data,,2026-09-12T09:51:41.985465+00:00
usp000h8x1,BNGB,61.61,6.1,2010-03-08 02:32:34.710000+00:00,usgs,ok,data/processed/waveforms/usp000h8x1_BNGB.mseed,2026-09-12T09:51:42.680346+00:00
usp000h8xh,PTK,60.61,5.6,2010-03-08 07:47:41.960000+00:00,usgs,no_data,,2026-09-12T09:51:44.051908+00:00
usp000h8xh,BNGB,62.81,5.6,2010-03-08 07:47:41.960000+00:00,usgs,ok,data/processed/waveforms/usp000h8xh_BNGB.mseed,2026-09-12T09:51:44.812627+00:00
usp000h8xy,BNGB,51.76,5.2,2010-03-08 10:14:23.480000+00:00,usgs,ok,data/processed/waveforms/usp000h8xy_BNGB.mseed,2026-09-12T09:51:45.656838+00:00
usp000h8xy,PTK,63.33,5.2,2010-03-08 10:14:23.480000+00:00,usgs,no_data,,2026-09-12T09:51:46.273354+00:00
usp000h8y1,BNGB,52.22,5.1,2010-03-08 11:12:10.790000+00:00,usgs,ok,data/processed/waveforms/usp000h8y1_BNGB.mseed,2026-09-12T09:51:46.850227+00:00
usp000h8y1,PTK,66.3,5.1,2010-03-08 11:12:10.790000+00:00,usgs,no_data,,2026-09-12T09:51:47.456081+00:00
usp000h9xv,BNGB,50.51,5.1,2010-03-24 14:11:31+00:00,usgs,ok,data/processed/waveforms/usp000h9xv_BNGB.mseed,2026-09-12T09:51:47.978685+00:00
usp000h9xv,PTK,65.05,5.1,2010-03-24 14:11:31+00:00,usgs,ok,data/processed/waveforms/usp000h9xv_PTK.mseed,2026-09-12T09:51:49.044368+00:00
usp000hfbp,BODT,45.3,5.1,2010-07-16 08:11:01.900000+00:00,usgs,ok,data/processed/waveforms/usp000hfbp_BODT.mseed,2026-09-12T09:51:50.085831+00:00
usp000hfbp,DAT,60.03,5.1,2010-07-16 08:11:01.900000+00:00,usgs,no_data,,2026-09-12T09:51:51.244535+00:00
usp000hnya,GELI,12.27,5.3,2010-11-03 02:51:27+00:00,usgs,ok,data/processed/waveforms/usp000hnya_GELI.mseed,2026-09-12T09:51:51.822699+00:00
usp000hnya,ERIK,31.48,5.3,2010-11-03 02:51:27+00:00,usgs,ok,data/processed/waveforms/usp000hnya_ERIK.mseed,2026-09-12T09:51:52.856655+00:00
usp000hpe2,AYDB,48.34,5.0,2010-11-11 20:08:00.870000+00:00,usgs,ok,data/processed/waveforms/usp000hpe2_AYDB.mseed,2026-09-12T09:51:53.898325+00:00
usp000hpe2,BLCB,60.14,5.0,2010-11-11 20:08:00.870000+00:00,usgs,ok,data/processed/waveforms/usp000hpe2_BLCB.mseed,2026-09-12T09:51:55.076529+00:00
usp000htbr,BCA,103.3,5.2,2011-01-19 09:17:49.750000+00:00,usgs,no_data,,2026-09-12T09:51:56.179077+00:00
usp000htbr,KARS,154.03,5.2,2011-01-19 09:17:49.750000+00:00,usgs,ok,data/processed/waveforms/usp000htbr_KARS.mseed,2026-09-12T09:51:56.903130+00:00
usp000hz2h,DAT,149.82,6.0,2011-04-01 13:29:10.690000+00:00,usgs,no_data,,2026-09-12T09:51:58.125996+00:00
usp000hz2h,BODT,169.57,6.0,2011-04-01 13:29:10.690000+00:00,usgs,no_data,,2026-09-12T09:51:58.710939+00:00
usp000j16w,DAT,30.34,5.1,2011-05-08 06:50:24.300000+00:00,usgs,no_data,,2026-09-12T09:52:00.847286+00:00
usp000j16w,DATC,38.11,5.1,2011-05-08 06:50:24.300000+00:00,usgs,ok,data/processed/waveforms/usp000j16w_DATC.mseed,2026-09-12T09:52:01.347037+00:00
usp000j1up,GEDZ,28.97,5.8,2011-05-19 20:15:22.940000+00:00,usgs,no_data,,2026-09-12T09:52:02.721788+00:00
usp000j1up,TVSB,45.49,5.8,2011-05-19 20:15:22.940000+00:00,usgs,ok,data/processed/waveforms/usp000j1up_TVSB.mseed,2026-09-12T09:52:03.250965+00:00
usp000j3ku,SVRC,36.64,5.2,2011-06-23 07:34:42.740000+00:00,usgs,ok,data/processed/waveforms/usp000j3ku_SVRC.mseed,2026-09-12T09:52:04.450869+00:00
usp000j3ku,PTK,41.02,5.2,2011-06-23 07:34:42.740000+00:00,usgs,ok,data/processed/waveforms/usp000j3ku_PTK.mseed,2026-09-12T09:52:05.712849+00:00
usp000j5g9,MRMT,25.75,5.1,2011-07-25 17:57:20.610000+00:00,usgs,ok,data/processed/waveforms/usp000j5g9_MRMT.mseed,2026-09-12T09:52:06.846126+00:00
usp000j5g9,TKR,27.68,5.1,2011-07-25 17:57:20.610000+00:00,usgs,no_data,,2026-09-12T09:52:07.922646+00:00
usp000j8cv,ILIC,43.88,5.5,2011-09-22 03:22:36.070000+00:00,usgs,no_data,,2026-09-12T09:52:08.502887+00:00
usp000j8cv,ERZN,78.46,5.5,2011-09-22 03:22:36.070000+00:00,usgs,ok,data/processed/waveforms/usp000j8cv_ERZN.mseed,2026-09-12T09:52:09.212538+00:00
usp000j9rr,VANB,25.2,7.1,2011-10-23 10:41:23.250000+00:00,usgs,ok,data/processed/waveforms/usp000j9rr_VANB.mseed,2026-09-12T09:52:10.326662+00:00
usp000j9rr,CLDR,58.87,7.1,2011-10-23 10:41:23.250000+00:00,usgs,no_data,,2026-09-12T09:52:11.244653+00:00
usp000j9rs,VANB,31.54,5.6,2011-10-23 10:48:17.420000+00:00,usgs,no_data,,2026-09-12T09:52:12.040386+00:00
usp000j9rs,CLDR,51.83,5.6,2011-10-23 10:48:17.420000+00:00,usgs,no_data,,2026-09-12T09:52:12.701745+00:00
usp000j9rv,VANB,34.1,5.6,2011-10-23 10:56:49+00:00,usgs,no_data,,2026-09-12T09:52:13.249257+00:00
usp000j9rv,CLDR,54.82,5.6,2011-10-23 10:56:49+00:00,usgs,no_data,,2026-09-12T09:52:13.956445+00:00
usp000j9rx,VANB,28.47,5.2,2011-10-23 11:00:29.140000+00:00,usgs,no_data,,2026-09-12T09:52:14.858459+00:00
usp000j9rx,CLDR,92.8,5.2,2011-10-23 11:00:29.140000+00:00,usgs,no_data,,2026-09-12T09:52:15.556312+00:00
usp000j9rz,VANB,72.52,5.0,2011-10-23 11:10:47.050000+00:00,usgs,no_data,,2026-09-12T09:52:16.099746+00:00
usp000j9rz,SIRT,92.8,5.0,2011-10-23 11:10:47.050000+00:00,usgs,no_data,,2026-09-12T09:52:16.639024+00:00
usp000j9s2,VANB,34.6,5.7,2011-10-23 11:32:41.220000+00:00,usgs,no_data,,2026-09-12T09:52:17.363908+00:00
usp000j9s2,CLDR,65.07,5.7,2011-10-23 11:32:41.220000+00:00,usgs,no_data,,2026-09-12T09:52:17.912197+00:00
usp000j9t0,VANB,23.11,5.1,2011-10-23 18:10:45.160000+00:00,usgs,ok,data/processed/waveforms/usp000j9t0_VANB.mseed,2026-09-12T09:52:18.454717+00:00
usp000j9t0,CLDR,69.56,5.1,2011-10-23 18:10:45.160000+00:00,usgs,no_data,,2026-09-12T09:52:19.044936+00:00
usp000j9t8,VANB,31.77,5.9,2011-10-23 20:45:34.860000+00:00,usgs,no_data,,2026-09-12T09:52:19.655266+00:00
usp000j9t8,CLDR,92.22,5.9,2011-10-23 20:45:34.860000+00:00,usgs,no_data,,2026-09-12T09:52:20.167269+00:00
usp000j9ur,VANB,25.73,5.0,2011-10-24 15:28:06.790000+00:00,usgs,no_data,,2026-09-12T09:52:20.678771+00:00
usp000j9ur,CLDR,81.26,5.0,2011-10-24 15:28:06.790000+00:00,usgs,no_data,,2026-09-12T09:52:21.220003+00:00
usp000j9w5,VANB,38.52,5.6,2011-10-25 14:55:08.240000+00:00,usgs,no_data,,2026-09-12T09:52:21.777914+00:00
usp000j9w5,CLDR,44.92,5.6,2011-10-25 14:55:08.240000+00:00,usgs,no_data,,2026-09-12T09:52:22.287794+00:00
usp000j9z9,CUKT,22.35,5.1,2011-10-27 08:04:22.420000+00:00,usgs,ok,data/processed/waveforms/usp000j9z9_CUKT.mseed,2026-09-12T09:52:22.828905+00:00
usp000j9z9,SIRT,128.46,5.1,2011-10-27 08:04:22.420000+00:00,usgs,no_data,,2026-09-12T09:52:23.909155+00:00
usp000ja3h,ERCV,24.01,5.1,2011-10-29 22:24:21.900000+00:00,usgs,no_data,,2026-09-12T09:52:24.571805+00:00
usp000ja3h,CLDR,41.83,5.1,2011-10-29 22:24:21.900000+00:00,usgs,no_data,,2026-09-12T09:52:25.101025+00:00
usp000jakt,VANB,29.79,5.2,2011-11-08 22:05:51.020000+00:00,usgs,no_data,,2026-09-12T09:52:25.619053+00:00
usp000jakt,ERCV,35.89,5.2,2011-11-08 22:05:51.020000+00:00,usgs,no_data,,2026-09-12T09:52:26.140052+00:00
usp000jamz,VANB,17.76,5.6,2011-11-09 19:23:33.240000+00:00,usgs,no_data,,2026-09-12T09:52:26.655910+00:00
usp000jamz,ERCV,66.37,5.6,2011-11-09 19:23:33.240000+00:00,usgs,no_data,,2026-09-12T09:52:27.179940+00:00
usp000javz,VANB,26.34,5.2,2011-11-14 22:08:15.410000+00:00,usgs,no_data,,2026-09-12T09:52:27.770169+00:00
usp000javz,ERCV,42.78,5.2,2011-11-14 22:08:15.410000+00:00,usgs,no_data,,2026-09-12T09:52:28.295756+00:00
usp000jbmn,VANB,5.74,5.4,2011-11-30 00:47:21.760000+00:00,usgs,no_data,,2026-09-12T09:52:29.169002+00:00
usp000jbmn,ERCV,61.52,5.4,2011-11-30 00:47:21.760000+00:00,usgs,no_data,,2026-09-12T09:52:29.929052+00:00
usp000jdzp,BODT,229.02,5.2,2012-01-26 04:24:58.300000+00:00,usgs,no_data,,2026-09-12T09:52:30.507637+00:00
usp000jdzp,YKAV,230.09,5.2,2012-01-26 04:24:58.300000+00:00,usgs,ok,data/processed/waveforms/usp000jdzp_YKAV.mseed,2026-09-12T09:52:31.087132+00:00
usp000je0w,BODT,230.38,5.3,2012-01-27 01:33:24+00:00,usgs,no_data,,2026-09-12T09:52:32.441177+00:00
usp000je0w,YKAV,231.49,5.3,2012-01-27 01:33:24+00:00,usgs,ok,data/processed/waveforms/usp000je0w_YKAV.mseed,2026-09-12T09:52:32.945570+00:00
usp000jgts,AGRB,72.53,5.0,2012-03-26 10:35:32.640000+00:00,usgs,ok,data/processed/waveforms/usp000jgts_AGRB.mseed,2026-09-12T09:52:34.042215+00:00
usp000jgts,GURO,73.62,5.0,2012-03-26 10:35:32.640000+00:00,usgs,ok,data/processed/waveforms/usp000jgts_GURO.mseed,2026-09-12T09:52:34.993546+00:00
usp000jjyr,SIMA,13.9,5.2,2012-05-03 15:20:25.670000+00:00,usgs,ok,data/processed/waveforms/usp000jjyr_SIMA.mseed,2026-09-12T09:52:36.077605+00:00
usp000jjyr,GEDZ,31.08,5.2,2012-05-03 15:20:25.670000+00:00,usgs,no_data,,2026-09-12T09:52:37.323448+00:00
usp000jmkj,FETY,30.06,6.0,2012-06-10 12:44:16.590000+00:00,usgs,ok,data/processed/waveforms/usp000jmkj_FETY.mseed,2026-09-12T09:52:38.177247+00:00
usp000jmkj,FETI,35.72,6.0,2012-06-10 12:44:16.590000+00:00,usgs,no_data,,2026-09-12T09:52:39.228988+00:00
usp000jmr8,SIRT,25.13,5.3,2012-06-14 05:52:53.610000+00:00,usgs,ok,data/processed/waveforms/usp000jmr8_SIRT.mseed,2026-09-12T09:52:39.844926+00:00
usp000jmr8,CUKT,113.62,5.3,2012-06-14 05:52:53.610000+00:00,usgs,no_data,,2026-09-12T09:52:41.095554+00:00
usp000jn7f,FETY,25.27,5.0,2012-06-25 13:05:28+00:00,usgs,ok,data/processed/waveforms/usp000jn7f_FETY.mseed,2026-09-12T09:52:41.851310+00:00
usp000jn7f,FETI,31.18,5.0,2012-06-25 13:05:28+00:00,usgs,no_data,,2026-09-12T09:52:42.898606+00:00
usp000jnt4,DEMR,113.31,5.6,2012-07-09 13:55:00.580000+00:00,usgs,ok,data/processed/waveforms/usp000jnt4_DEMR.mseed,2026-09-12T09:52:43.477976+00:00
usp000jnt4,FETY,115.62,5.6,2012-07-09 13:55:00.580000+00:00,usgs,ok,data/processed/waveforms/usp000jnt4_FETY.mseed,2026-09-12T09:52:45.183732+00:00
usp000jpab,KMRS,45.69,5.0,2012-07-22 09:26:02.990000+00:00,usgs,ok,data/processed/waveforms/usp000jpab_KMRS.mseed,2026-09-12T09:52:46.579899+00:00
usp000jpab,KOZT,49.73,5.0,2012-07-22 09:26:02.990000+00:00,usgs,no_data,,2026-09-12T09:52:47.655189+00:00
usp000jpxn,SIRT,47.25,5.0,2012-08-05 20:37:23.800000+00:00,usgs,ok,data/processed/waveforms/usp000jpxn_SIRT.mseed,2026-09-12T09:52:48.286878+00:00
usp000jpxn,CUKT,60.02,5.0,2012-08-05 20:37:23.800000+00:00,usgs,ok,data/processed/waveforms/usp000jpxn_CUKT.mseed,2026-09-12T09:52:49.194232+00:00
usp000jw3s,MRSB,19.41,5.0,2012-11-26 17:35:41.800000+00:00,usgs,no_data,,2026-09-12T09:52:50.030118+00:00
usp000jw3s,DATC,31.82,5.0,2012-11-26 17:35:41.800000+00:00,usgs,no_data,,2026-09-12T09:52:50.939354+00:00
usp000jxa7,CLDR,112.28,5.2,2012-12-23 06:38:57.450000+00:00,usgs,ok,data/processed/waveforms/usp000jxa7_CLDR.mseed,2026-09-12T09:52:52.067083+00:00
usp000jxa7,VANB,127.42,5.2,2012-12-23 06:38:57.450000+00:00,usgs,no_data,,2026-09-12T09:52:52.885551+00:00
usp000jxaj,BCA,117.49,5.7,2012-12-23 13:31:40.760000+00:00,usgs,ok,data/processed/waveforms/usp000jxaj_BCA.mseed,2026-09-12T09:52:53.396074+00:00
usp000jxaj,HOPA,118.92,5.7,2012-12-23 13:31:40.760000+00:00,usgs,ok,data/processed/waveforms/usp000jxaj_HOPA.mseed,2026-09-12T09:52:54.240641+00:00
usp000jxdg,BCA,122.55,5.2,2012-12-25 22:44:33.510000+00:00,usgs,ok,data/processed/waveforms/usp000jxdg_BCA.mseed,2026-09-12T09:52:55.373397+00:00
usp000jxdg,HOPA,123.03,5.2,2012-12-25 22:44:33.510000+00:00,usgs,ok,data/processed/waveforms/usp000jxdg_HOPA.mseed,2026-09-12T09:52:56.287909+00:00
usp000jy2b,GPNR,55.5,5.7,2013-01-08 14:16:08.980000+00:00,usgs,ok,data/processed/waveforms/usp000jy2b_GPNR.mseed,2026-09-12T09:52:57.362361+00:00
usp000jy2b,GADA,66.87,5.7,2013-01-08 14:16:08.980000+00:00,usgs,ok,data/processed/waveforms/usp000jy2b_GADA.mseed,2026-09-12T09:52:58.765252+00:00
usc000jwi4,VRTB,15.55,5.0,2013-09-17 20:40:51.140000+00:00,usgs,ok,data/processed/waveforms/usc000jwi4_VRTB.mseed,2026-09-12T09:53:01.090240+00:00
usc000jwi4,KARO,49.67,5.0,2013-09-17 20:40:51.140000+00:00,usgs,ok,data/processed/waveforms/usc000jwi4_KARO.mseed,2026-09-12T09:53:02.458033+00:00
usb000l5v1,GRDE,28.92,5.1,2013-11-24 20:49:38.670000+00:00,usgs,ok,data/processed/waveforms/usb000l5v1_GRDE.mseed,2026-09-12T09:53:03.447224+00:00
usb000l5v1,YUVA,50.17,5.1,2013-11-24 20:49:38.670000+00:00,usgs,ok,data/processed/waveforms/usb000l5v1_YUVA.mseed,2026-09-12T09:53:04.589431+00:00
usc000ltax,MNVG,85.65,5.9,2013-12-28 15:21:04.090000+00:00,usgs,no_data,,2026-09-12T09:53:05.717635+00:00
usc000ltax,ALAN,87.49,5.9,2013-12-28 15:21:04.090000+00:00,usgs,ok,data/processed/waveforms/usc000ltax_ALAN.mseed,2026-09-12T09:53:06.353713+00:00
usb000r2hc,GADA,44.64,6.9,2014-05-24 09:25:02.440000+00:00,usgs,ok,data/processed/waveforms/usb000r2hc_GADA.mseed,2026-09-12T09:53:07.779338+00:00
usb000r2hc,GOKC,46.02,6.9,2014-05-24 09:25:02.440000+00:00,usgs,no_data,,2026-09-12T09:53:09.055778+00:00
usb000s5w4,BCK,25.03,5.1,2014-08-24 19:43:30.750000+00:00,usgs,ok,data/processed/waveforms/usb000s5w4_BCK.mseed,2026-09-12T09:53:09.732934+00:00
usb000s5w4,SUTC,39.94,5.1,2014-08-24 19:43:30.750000+00:00,usgs,no_data,,2026-09-12T09:53:10.921637+00:00
usb000s99n,KEMT,49.75,5.3,2014-09-04 21:00:04.300000+00:00,usgs,ok,data/processed/waveforms/usb000s99n_KEMT.mseed,2026-09-12T09:53:11.442142+00:00
usb000s99n,ANTB,78.13,5.3,2014-09-04 21:00:04.300000+00:00,usgs,ok,data/processed/waveforms/usb000s99n_ANTB.mseed,2026-09-12T09:53:12.630815+00:00
usc000t478,KRBN,41.38,5.1,2014-12-06 01:45:06.760000+00:00,usgs,no_data,,2026-09-12T09:53:14.082641+00:00
usc000t478,FOCM,44.56,5.1,2014-12-06 01:45:06.760000+00:00,usgs,no_data,,2026-09-12T09:53:15.033499+00:00
us10001rdw,DAT,142.29,5.2,2015-03-27 23:34:54.300000+00:00,usgs,no_data,,2026-09-12T09:53:16.187346+00:00
us10001rdw,DATC,149.29,5.2,2015-03-27 23:34:54.300000+00:00,usgs,ok,data/processed/waveforms/us10001rdw_DATC.mseed,2026-09-12T09:53:16.770490+00:00
us2000272b,DAT,184.34,6.0,2015-04-16 18:07:43.610000+00:00,usgs,no_data,,2026-09-12T09:53:17.940134+00:00
us2000272b,DATC,190.05,6.0,2015-04-16 18:07:43.610000+00:00,usgs,no_data,,2026-09-12T09:53:18.438762+00:00
us20002732,DAT,195.69,5.0,2015-04-16 19:02:12.040000+00:00,usgs,no_data,,2026-09-12T09:53:18.997810+00:00
us20002732,DATC,201.11,5.0,2015-04-16 19:02:12.040000+00:00,usgs,no_data,,2026-09-12T09:53:19.496097+00:00
us2000277l,DAT,201.74,5.3,2015-04-17 02:05:40.330000+00:00,usgs,no_data,,2026-09-12T09:53:20.002564+00:00
us2000277l,DATC,207.35,5.3,2015-04-17 02:05:40.330000+00:00,usgs,no_data,,2026-09-12T09:53:20.577594+00:00
us20002ney,DAT,200.92,5.4,2015-06-09 21:49:46.700000+00:00,usgs,no_data,,2026-09-12T09:53:21.390371+00:00
us20002ney,DATC,206.53,5.4,2015-06-09 21:49:46.700000+00:00,usgs,ok,data/processed/waveforms/us20002ney_DATC.mseed,2026-09-12T09:53:22.277893+00:00
us20002zt0,BODT,59.81,5.1,2015-07-24 09:58:38.280000+00:00,usgs,ok,data/processed/waveforms/us20002zt0_BODT.mseed,2026-09-12T09:53:23.692051+00:00
us20002zt0,YKAV,62.82,5.1,2015-07-24 09:58:38.280000+00:00,usgs,ok,data/processed/waveforms/us20002zt0_YKAV.mseed,2026-09-12T09:53:24.748998+00:00
us1000339b,ALAN,121.32,5.0,2015-08-18 21:19:44.530000+00:00,usgs,no_data,,2026-09-12T09:53:26.027320+00:00
us1000339b,KEMT,124.99,5.0,2015-08-18 21:19:44.530000+00:00,usgs,ok,data/processed/waveforms/us1000339b_KEMT.mseed,2026-09-12T09:53:26.684197+00:00
us10003ksq,DEMR,7.65,5.2,2015-10-06 21:27:33+00:00,usgs,ok,data/processed/waveforms/us10003ksq_DEMR.mseed,2026-09-12T09:53:28.296867+00:00
us10003ksq,ELL,64.52,5.2,2015-10-06 21:27:33+00:00,usgs,ok,data/processed/waveforms/us10003ksq_ELL.mseed,2026-09-12T09:53:30.260229+00:00
us10003mgj,TOKT,42.66,5.1,2015-10-09 14:39:15+00:00,usgs,ok,data/processed/waveforms/us10003mgj_TOKT.mseed,2026-09-12T09:53:32.660666+00:00
us10003mgj,KUPE,58.02,5.1,2015-10-09 14:39:15+00:00,usgs,ok,data/processed/waveforms/us10003mgj_KUPE.mseed,2026-09-12T09:53:33.771598+00:00
us100042v4,YEDI,30.25,5.4,2015-12-02 23:27:09.890000+00:00,usgs,ok,data/processed/waveforms/us100042v4_YEDI.mseed,2026-09-12T09:53:34.917419+00:00
us100042v4,BNGB,48.84,5.4,2015-12-02 23:27:09.890000+00:00,usgs,ok,data/processed/waveforms/us100042v4_BNGB.mseed,2026-09-12T09:53:35.889941+00:00
us100049m3,DAT,136.11,5.2,2015-12-26 11:00:52.980000+00:00,usgs,ok,data/processed/waveforms/us100049m3_DAT.mseed,2026-09-12T09:53:36.811903+00:00
us100049m3,DATC,140.28,5.2,2015-12-26 11:00:52.980000+00:00,usgs,no_data,,2026-09-12T09:53:37.769354+00:00
us10004dbv,KAMT,58.19,5.0,2016-01-10 17:40:49.510000+00:00,usgs,no_data,,2026-09-12T09:53:38.310771+00:00
us10004dbv,KOZK,60.3,5.0,2016-01-10 17:40:49.510000+00:00,usgs,ok,data/processed/waveforms/us10004dbv_KOZK.mseed,2026-09-12T09:53:38.860369+00:00
us10006td4,DAT,38.18,5.1,2016-09-27 20:57:08.120000+00:00,usgs,no_data,,2026-09-12T09:53:40.618050+00:00
us10006td4,DATC,41.3,5.1,2016-09-27 20:57:08.120000+00:00,usgs,no_data,,2026-09-12T09:53:41.721319+00:00
us20007ebw,KDZE,116.07,5.1,2016-10-15 08:18:32.870000+00:00,usgs,ok,data/processed/waveforms/us20007ebw_KDZE.mseed,2026-09-12T09:53:42.523978+00:00
us20007ebw,SILT,147.8,5.1,2016-10-15 08:18:32.870000+00:00,usgs,ok,data/processed/waveforms/us20007ebw_SILT.mseed,2026-09-12T09:53:46.371055+00:00
us200082q4,DAT,62.45,5.4,2016-12-20 06:03:44.240000+00:00,usgs,ok,data/processed/waveforms/us200082q4_DAT.mseed,2026-09-12T09:53:52.022083+00:00
us200082q4,BODT,67.8,5.4,2016-12-20 06:03:44.240000+00:00,usgs,ok,data/processed/waveforms/us200082q4_BODT.mseed,2026-09-12T09:53:55.901476+00:00
us10007vdu,DAT,184.7,5.2,2017-01-25 18:50:51.790000+00:00,usgs,ok,data/processed/waveforms/us10007vdu_DAT.mseed,2026-09-12T09:53:57.103565+00:00
us10007vdu,DATC,191.5,5.2,2017-01-25 18:50:51.790000+00:00,usgs,no_data,,2026-09-12T09:53:58.189227+00:00
us20008hv1,GPNR,16.91,5.3,2017-02-06 03:51:40.640000+00:00,usgs,ok,data/processed/waveforms/us20008hv1_GPNR.mseed,2026-09-12T09:53:59.213294+00:00
us20008hv1,EZN,33.63,5.3,2017-02-06 03:51:40.640000+00:00,usgs,ok,data/processed/waveforms/us20008hv1_EZN.mseed,2026-09-12T09:54:01.528907+00:00
us20008hwm,GPNR,13.96,5.2,2017-02-06 10:58:02.270000+00:00,usgs,ok,data/processed/waveforms/us20008hwm_GPNR.mseed,2026-09-12T09:54:03.663963+00:00
us20008hwm,EZN,35.21,5.2,2017-02-06 10:58:02.270000+00:00,usgs,ok,data/processed/waveforms/us20008hwm_EZN.mseed,2026-09-12T09:54:04.396110+00:00
us20008i2k,GPNR,8.5,5.3,2017-02-07 02:24:04.150000+00:00,usgs,ok,data/processed/waveforms/us20008i2k_GPNR.mseed,2026-09-12T09:54:05.154528+00:00
us20008i2k,EZN,38.3,5.3,2017-02-07 02:24:04.150000+00:00,usgs,ok,data/processed/waveforms/us20008i2k_EZN.mseed,2026-09-12T09:54:06.204885+00:00
us20008jcc,GPNR,16.51,5.3,2017-02-12 13:48:16.090000+00:00,usgs,ok,data/processed/waveforms/us20008jcc_GPNR.mseed,2026-09-12T09:54:07.569522+00:00
us20008jcc,EZN,32.17,5.3,2017-02-12 13:48:16.090000+00:00,usgs,ok,data/processed/waveforms/us20008jcc_EZN.mseed,2026-09-12T09:54:08.779507+00:00
us100086gw,URFA,39.58,5.6,2017-03-02 11:07:26.880000+00:00,usgs,ok,data/processed/waveforms/us100086gw_URFA.mseed,2026-09-12T09:54:09.926342+00:00
us100086gw,MALT,77.55,5.6,2017-03-02 11:07:26.880000+00:00,usgs,no_data,,2026-09-12T09:54:10.936620+00:00
us10008hbd,DALY,34.54,5.0,2017-04-13 16:22:16.250000+00:00,usgs,ok,data/processed/waveforms/us10008hbd_DALY.mseed,2026-09-12T09:54:11.441527+00:00
us10008hbd,YER,36.12,5.0,2017-04-13 16:22:16.250000+00:00,usgs,ok,data/processed/waveforms/us10008hbd_YER.mseed,2026-09-12T09:54:12.671048+00:00
us10008ji3,SHAP,31.21,5.0,2017-04-21 13:09:22.060000+00:00,usgs,no_data,,2026-09-12T09:54:14.382801+00:00
us10008ji3,SIMA,35.44,5.0,2017-04-21 13:09:22.060000+00:00,usgs,no_data,,2026-09-12T09:54:15.347608+00:00
us10008riw,BAYT,64.56,5.1,2017-05-11 17:58:02.740000+00:00,usgs,ok,data/processed/waveforms/us10008riw_BAYT.mseed,2026-09-12T09:54:16.156772+00:00
us10008riw,YEDI,68.88,5.1,2017-05-11 17:58:02.740000+00:00,usgs,ok,data/processed/waveforms/us10008riw_YEDI.mseed,2026-09-12T09:54:17.326548+00:00
us10008vt5,GOMA,10.92,5.1,2017-05-27 15:53:24.250000+00:00,usgs,ok,data/processed/waveforms/us10008vt5_GOMA.mseed,2026-09-12T09:54:18.379888+00:00
us10008vt5,AKS,11.78,5.1,2017-05-27 15:53:24.250000+00:00,usgs,ok,data/processed/waveforms/us10008vt5_AKS.mseed,2026-09-12T09:54:19.631358+00:00
us20009ly0,CAND,37.99,6.3,2017-06-12 12:28:39.150000+00:00,usgs,no_data,,2026-09-12T09:54:21.026379+00:00
us20009ly0,FOCM,39.8,6.3,2017-06-12 12:28:39.150000+00:00,usgs,no_data,,2026-09-12T09:54:21.642177+00:00
us20009nb8,FOCM,33.22,5.2,2017-06-17 19:50:04.790000+00:00,usgs,no_data,,2026-09-12T09:54:22.310336+00:00
us20009nb8,CAND,34.11,5.2,2017-06-17 19:50:04.790000+00:00,usgs,no_data,,2026-09-12T09:54:22.917135+00:00
us20009ynd,BODT,17.41,6.6,2017-07-20 22:31:11.260000+00:00,usgs,no_data,,2026-09-12T09:54:23.503522+00:00
us20009ynd,YKAV,24.75,6.6,2017-07-20 22:31:11.260000+00:00,usgs,no_data,,2026-09-12T09:54:24.115228+00:00
us20009zaf,BODT,17.23,5.0,2017-07-21 17:09:45.290000+00:00,usgs,no_data,,2026-09-12T09:54:24.745929+00:00
us20009zaf,YKAV,24.22,5.0,2017-07-21 17:09:45.290000+00:00,usgs,no_data,,2026-09-12T09:54:25.246126+00:00
us2000a5vf,DATC,24.25,5.3,2017-08-08 07:42:22.230000+00:00,usgs,no_data,,2026-09-12T09:54:25.811405+00:00
us2000a5vf,BODT,25.58,5.3,2017-08-08 07:42:22.230000+00:00,usgs,ok,data/processed/waveforms/us2000a5vf_BODT.mseed,2026-09-12T09:54:26.327253+00:00
us2000aay1,CUKT,167.36,5.1,2017-08-23 13:42:53.880000+00:00,usgs,ok,data/processed/waveforms/us2000aay1_CUKT.mseed,2026-09-12T09:54:27.514348+00:00
us2000bt6a,DALY,26.14,5.1,2017-11-22 20:22:53.540000+00:00,usgs,ok,data/processed/waveforms/us2000bt6a_DALY.mseed,2026-09-12T09:54:28.500314+00:00
us2000bt6a,YER,33.11,5.1,2017-11-22 20:22:53.540000+00:00,usgs,ok,data/processed/waveforms/us2000bt6a_YER.mseed,2026-09-12T09:54:30.158924+00:00
us2000bu6g,DALY,29.96,5.2,2017-11-24 21:49:15.170000+00:00,usgs,ok,data/processed/waveforms/us2000bu6g_DALY.mseed,2026-09-12T09:54:31.792902+00:00
us2000bu6g,YER,30.49,5.2,2017-11-24 21:49:15.170000+00:00,usgs,ok,data/processed/waveforms/us2000bu6g_YER.mseed,2026-09-12T09:54:32.840584+00:00
us1000dr1j,URFA,32.13,5.2,2018-04-24 00:34:31.180000+00:00,usgs,ok,data/processed/waveforms/us1000dr1j_URFA.mseed,2026-09-12T09:54:33.944865+00:00
us1000dr1j,MALT,80.1,5.2,2018-04-24 00:34:31.180000+00:00,usgs,no_data,,2026-09-12T09:54:34.966692+00:00
us1000gdb1,KOZT,51.98,5.1,2018-08-19 15:22:14.240000+00:00,usgs,ok,data/processed/waveforms/us1000gdb1_KOZT.mseed,2026-09-12T09:54:35.624089+00:00
us1000gdb1,KMRS,53.24,5.1,2018-08-19 15:22:14.240000+00:00,usgs,ok,data/processed/waveforms/us1000gdb1_KMRS.mseed,2026-09-12T09:54:36.552030+00:00
us2000hc6y,BCK,25.64,5.1,2018-09-10 23:02:56.060000+00:00,usgs,ok,data/processed/waveforms/us2000hc6y_BCK.mseed,2026-09-12T09:54:37.429625+00:00
us2000hc6y,ANTB,36.94,5.1,2018-09-10 23:02:56.060000+00:00,usgs,ok,data/processed/waveforms/us2000hc6y_ANTB.mseed,2026-09-12T09:54:38.638927+00:00
us2000hdam,KEMT,64.61,5.3,2018-09-12 06:21:48.440000+00:00,usgs,no_data,,2026-09-12T09:54:39.736984+00:00
us2000hdam,MNVG,74.92,5.3,2018-09-12 06:21:48.440000+00:00,usgs,ok,data/processed/waveforms/us2000hdam_MNVG.mseed,2026-09-12T09:54:40.373398+00:00
us2000i79c,BCA,203.1,5.0,2018-11-06 01:17:19.800000+00:00,usgs,ok,data/processed/waveforms/us2000i79c_BCA.mseed,2026-09-12T09:54:41.469200+00:00
us2000i79c,KARS,217.31,5.0,2018-11-06 01:17:19.800000+00:00,usgs,ok,data/processed/waveforms/us2000i79c_KARS.mseed,2026-09-12T09:54:42.578057+00:00
us2000j898,BBRN,68.39,5.1,2019-01-24 14:30:54.040000+00:00,usgs,no_data,,2026-09-12T09:54:44.076076+00:00
us2000j898,MRSB,72.97,5.1,2019-01-24 14:30:54.040000+00:00,usgs,ok,data/processed/waveforms/us2000j898_MRSB.mseed,2026-09-12T09:54:45.325590+00:00
us2000jkr3,EZNE,7.77,5.1,2019-02-20 18:23:29.480000+00:00,usgs,ok,data/processed/waveforms/us2000jkr3_EZNE.mseed,2026-09-12T09:54:47.143307+00:00
us2000jkr3,EZN,16.25,5.1,2019-02-20 18:23:29.480000+00:00,usgs,ok,data/processed/waveforms/us2000jkr3_EZN.mseed,2026-09-12T09:54:48.170142+00:00
us1000jj23,APMY,21.45,5.7,2019-03-20 06:34:27.835000+00:00,usgs,ok,data/processed/waveforms/us1000jj23_APMY.mseed,2026-09-12T09:54:49.360826+00:00
us1000jj23,CAME,55.46,5.7,2019-03-20 06:34:27.835000+00:00,usgs,ok,data/processed/waveforms/us1000jj23_CAME.mseed,2026-09-12T09:54:50.540266+00:00
us2000k7yn,APMY,7.8,5.1,2019-03-31 11:30:17.785000+00:00,usgs,ok,data/processed/waveforms/us2000k7yn_APMY.mseed,2026-09-12T09:54:52.338060+00:00
us2000k7yn,DENT,41.04,5.1,2019-03-31 11:30:17.785000+00:00,usgs,no_data,,2026-09-12T09:54:53.535068+00:00
us2000kacn,SVRC,15.18,5.2,2019-04-04 17:31:10.169000+00:00,usgs,no_data,,2026-09-12T09:54:54.047685+00:00
us2000kacn,MALT,64.17,5.2,2019-04-04 17:31:10.169000+00:00,usgs,no_data,,2026-09-12T09:54:54.583266+00:00
us6000504d,BBRN,162.98,5.1,2019-08-03 09:51:24.191000+00:00,usgs,no_data,,2026-09-12T09:54:55.138286+00:00
us6000504d,MRSB,168.9,5.1,2019-08-03 09:51:24.191000+00:00,usgs,no_data,,2026-09-12T09:54:55.755076+00:00
us6000529r,BASM,29.41,5.9,2019-08-08 11:25:31.104000+00:00,usgs,ok,data/processed/waveforms/us6000529r_BASM.mseed,2026-09-12T09:54:56.250050+00:00
us6000529r,KHL,45.69,5.9,2019-08-08 11:25:31.104000+00:00,usgs,ok,data/processed/waveforms/us6000529r_KHL.mseed,2026-09-12T09:54:58.175914+00:00
us70005lkl,BOTS,17.17,5.7,2019-09-26 10:59:25.648000+00:00,usgs,no_data,,2026-09-12T09:54:59.894252+00:00
us70005lkl,SINB,34.38,5.7,2019-09-26 10:59:25.648000+00:00,usgs,no_data,,2026-09-12T09:55:01.737865+00:00
us70005q4l,MRSB,59.28,5.1,2019-10-03 04:44:56.550000+00:00,usgs,no_data,,2026-09-12T09:55:02.247255+00:00
us70005q4l,DALY,60.45,5.1,2019-10-03 04:44:56.550000+00:00,usgs,ok,data/processed/waveforms/us70005q4l_DALY.mseed,2026-09-12T09:55:02.756296+00:00
us70005r33,BBRN,77.09,5.0,2019-10-05 14:51:37.881000+00:00,usgs,no_data,,2026-09-12T09:55:03.755567+00:00
us70005r33,MRSB,83.15,5.0,2019-10-05 14:51:37.881000+00:00,usgs,no_data,,2026-09-12T09:55:04.307189+00:00
us60006pxs,DAT,170.64,5.4,2019-12-10 21:58:28.855000+00:00,usgs,ok,data/processed/waveforms/us60006pxs_DAT.mseed,2026-09-12T09:55:04.802989+00:00
us60006pxs,DATC,177.61,5.4,2019-12-10 21:58:28.855000+00:00,usgs,ok,data/processed/waveforms/us60006pxs_DATC.mseed,2026-09-12T09:55:05.759146+00:00
us60007d2r,AKS,21.68,5.6,2020-01-22 19:22:16.298000+00:00,usgs,ok,data/processed/waveforms/us60007d2r_AKS.mseed,2026-09-12T09:55:06.932752+00:00
us60007d2r,SOMA,27.91,5.6,2020-01-22 19:22:16.298000+00:00,usgs,ok,data/processed/waveforms/us60007d2r_SOMA.mseed,2026-09-12T09:55:08.073979+00:00
us60007ewc,SVRC,22.18,6.7,2020-01-24 17:55:14.147000+00:00,usgs,ok,data/processed/waveforms/us60007ewc_SVRC.mseed,2026-09-12T09:55:09.264543+00:00
us60007ewc,MALT,56.77,6.7,2020-01-24 17:55:14.147000+00:00,usgs,no_data,,2026-09-12T09:55:10.463854+00:00
us60007fs4,SVRC,17.21,5.1,2020-01-25 16:30:11.109000+00:00,usgs,ok,data/processed/waveforms/us60007fs4_SVRC.mseed,2026-09-12T09:55:10.974496+00:00
us60007fs4,MALT,59.75,5.1,2020-01-25 16:30:11.109000+00:00,usgs,no_data,,2026-09-12T09:55:11.925513+00:00
us60007i49,AKS,25.87,5.0,2020-01-28 11:26:15+00:00,usgs,ok,data/processed/waveforms/us60007i49_AKS.mseed,2026-09-12T09:55:12.456754+00:00
us60007i49,SOMA,29.93,5.0,2020-01-28 11:26:15+00:00,usgs,ok,data/processed/waveforms/us60007i49_SOMA.mseed,2026-09-12T09:55:13.721716+00:00
us60007i7j,BBRN,163.18,5.5,2020-01-28 15:38:34.436000+00:00,usgs,no_data,,2026-09-12T09:55:15.362329+00:00
us60007i7j,MRSB,168.8,5.5,2020-01-28 15:38:34.436000+00:00,usgs,no_data,,2026-09-12T09:55:16.414141+00:00
us60007jpa,BBRN,170.09,5.5,2020-01-30 01:28:05.202000+00:00,usgs,no_data,,2026-09-12T09:55:16.952191+00:00
us60007jpa,MRSB,175.69,5.5,2020-01-30 01:28:05.202000+00:00,usgs,no_data,,2026-09-12T09:55:17.447357+00:00
us60007jzj,BBRN,168.42,5.7,2020-01-30 11:21:36.743000+00:00,usgs,no_data,,2026-09-12T09:55:17.972875+00:00
us60007jzj,DAT,173.23,5.7,2020-01-30 11:21:36.743000+00:00,usgs,ok,data/processed/waveforms/us60007jzj_DAT.mseed,2026-09-12T09:55:18.465841+00:00
us70007v29,VANB,88.3,5.8,2020-02-23 05:53:01.055000+00:00,usgs,ok,data/processed/waveforms/us70007v29_VANB.mseed,2026-09-12T09:55:19.577040+00:00
us70007v29,CLDR,88.83,5.8,2020-02-23 05:53:01.055000+00:00,usgs,no_data,,2026-09-12T09:55:20.644947+00:00
us70007v9g,CLDR,82.19,6.0,2020-02-23 16:00:31.626000+00:00,usgs,no_data,,2026-09-12T09:55:21.347688+00:00
us70007v9g,VANB,84.21,6.0,2020-02-23 16:00:31.626000+00:00,usgs,ok,data/processed/waveforms/us70007v9g_VANB.mseed,2026-09-12T09:55:21.831885+00:00
us600084bs,MALT,32.51,5.0,2020-02-25 23:03:37.816000+00:00,usgs,no_data,,2026-09-12T09:55:22.575695+00:00
us600084bs,SVRC,44.47,5.0,2020-02-25 23:03:37.816000+00:00,usgs,ok,data/processed/waveforms/us600084bs_SVRC.mseed,2026-09-12T09:55:23.069959+00:00
us70008cbe,SVRC,20.38,5.2,2020-03-19 17:53:33.384000+00:00,usgs,ok,data/processed/waveforms/us70008cbe_SVRC.mseed,2026-09-12T09:55:23.971503+00:00
us70008cbe,MALT,56.96,5.2,2020-03-19 17:53:33.384000+00:00,usgs,no_data,,2026-09-12T09:55:24.833237+00:00
us6000a6qw,MALT,30.12,5.1,2020-06-05 18:06:21.607000+00:00,usgs,no_data,,2026-09-12T09:55:25.355363+00:00
us6000a6qw,SVRC,50.21,5.1,2020-06-05 18:06:21.607000+00:00,usgs,ok,data/processed/waveforms/us6000a6qw_SVRC.mseed,2026-09-12T09:55:25.844931+00:00
us6000abnv,YEDI,14.1,5.9,2020-06-14 14:24:29.501000+00:00,usgs,ok,data/processed/waveforms/us6000abnv_YEDI.mseed,2026-09-12T09:55:26.700243+00:00
us6000abnv,KARO,32.02,5.9,2020-06-14 14:24:29.501000+00:00,usgs,ok,data/processed/waveforms/us6000abnv_KARO.mseed,2026-09-12T09:55:27.600650+00:00
us6000ac28,YEDI,17.57,5.5,2020-06-15 06:51:31.776000+00:00,usgs,ok,data/processed/waveforms/us6000ac28_YEDI.mseed,2026-09-12T09:55:28.612166+00:00
us6000ac28,KARO,28.83,5.5,2020-06-15 06:51:31.776000+00:00,usgs,ok,data/processed/waveforms/us6000ac28_KARO.mseed,2026-09-12T09:55:30.520313+00:00
us7000aavx,VANB,46.63,5.4,2020-06-25 10:03:30.648000+00:00,usgs,no_data,,2026-09-12T09:55:31.416616+00:00
us7000aavx,CLDR,67.98,5.4,2020-06-25 10:03:30.648000+00:00,usgs,ok,data/processed/waveforms/us7000aavx_CLDR.mseed,2026-09-12T09:55:31.967992+00:00
us7000abxv,AKS,10.01,5.2,2020-06-26 07:21:12.533000+00:00,usgs,ok,data/processed/waveforms/us7000abxv_AKS.mseed,2026-09-12T09:55:32.750038+00:00
us7000abxv,GOMA,14.11,5.2,2020-06-26 07:21:12.533000+00:00,usgs,ok,data/processed/waveforms/us7000abxv_GOMA.mseed,2026-09-12T09:55:33.987384+00:00
us7000adtk,MRSB,5.79,5.4,2020-06-28 17:43:28.644000+00:00,usgs,no_data,,2026-09-12T09:55:35.257772+00:00
us7000adtk,BBRN,18.53,5.4,2020-06-28 17:43:28.644000+00:00,usgs,no_data,,2026-09-12T09:55:35.759461+00:00
us6000b930,MALT,27.46,5.6,2020-08-04 09:37:37.015000+00:00,usgs,no_data,,2026-09-12T09:55:36.253793+00:00
us6000b930,SVRC,57.11,5.6,2020-08-04 09:37:37.015000+00:00,usgs,ok,data/processed/waveforms/us6000b930_SVRC.mseed,2026-09-12T09:55:36.846897+00:00
us7000bqjg,YESY,37.04,5.1,2020-09-20 19:08:07.568000+00:00,usgs,ok,data/processed/waveforms/us7000bqjg_YESY.mseed,2026-09-12T09:55:37.616767+00:00
us7000bqjg,GULA,40.08,5.1,2020-09-20 19:08:07.568000+00:00,usgs,ok,data/processed/waveforms/us7000bqjg_GULA.mseed,2026-09-12T09:55:38.610579+00:00
us6000c3tv,BODT,61.55,5.0,2020-10-01 11:05:38.322000+00:00,usgs,ok,data/processed/waveforms/us6000c3tv_BODT.mseed,2026-09-12T09:55:39.831280+00:00
us6000c3tv,YKAV,63.82,5.0,2020-10-01 11:05:38.322000+00:00,usgs,ok,data/processed/waveforms/us6000c3tv_YKAV.mseed,2026-09-12T09:55:41.035962+00:00
us6000c7m8,DAT,174.71,5.1,2020-10-12 00:30:39.934000+00:00,usgs,ok,data/processed/waveforms/us6000c7m8_DAT.mseed,2026-09-12T09:55:42.871524+00:00
us6000c7m8,DATC,182.09,5.1,2020-10-12 00:30:39.934000+00:00,usgs,ok,data/processed/waveforms/us6000c7m8_DATC.mseed,2026-09-12T09:55:44.449571+00:00
us6000c7nd,DAT,169.81,5.2,2020-10-12 04:11:27.566000+00:00,usgs,ok,data/processed/waveforms/us6000c7nd_DAT.mseed,2026-09-12T09:55:46.819399+00:00
us6000c7nd,DATC,177.27,5.2,2020-10-12 04:11:27.566000+00:00,usgs,ok,data/processed/waveforms/us6000c7nd_DATC.mseed,2026-09-12T09:55:47.519076+00:00
us7000c7y0,GMLD,23.05,7.0,2020-10-30 11:51:27.348000+00:00,usgs,ok,data/processed/waveforms/us7000c7y0_GMLD.mseed,2026-09-12T09:55:48.219458+00:00
us7000c7y0,KUSD,44.34,7.0,2020-10-30 11:51:27.348000+00:00,usgs,ok,data/processed/waveforms/us7000c7y0_KUSD.mseed,2026-09-12T09:55:49.641134+00:00
us7000c7zh,GMLD,28.42,5.3,2020-10-30 15:14:55.887000+00:00,usgs,ok,data/processed/waveforms/us7000c7zh_GMLD.mseed,2026-09-12T09:55:51.165556+00:00
us7000c7zh,KUSD,40.92,5.3,2020-10-30 15:14:55.887000+00:00,usgs,ok,data/processed/waveforms/us7000c7zh_KUSD.mseed,2026-09-12T09:55:51.991572+00:00
us7000cmfa,SVAN,49.27,5.0,2020-12-03 05:45:19.821000+00:00,usgs,ok,data/processed/waveforms/us7000cmfa_SVAN.mseed,2026-09-12T09:55:52.761466+00:00
us7000cmfa,GURO,73.38,5.0,2020-12-03 05:45:19.821000+00:00,usgs,ok,data/processed/waveforms/us7000cmfa_GURO.mseed,2026-09-12T09:55:53.567873+00:00
us7000cnf1,ALAN,55.63,5.3,2020-12-05 12:44:40.454000+00:00,usgs,ok,data/processed/waveforms/us7000cnf1_ALAN.mseed,2026-09-12T09:55:54.564120+00:00
us7000cnf1,MNVG,90.37,5.3,2020-12-05 12:44:40.454000+00:00,usgs,ok,data/processed/waveforms/us7000cnf1_MNVG.mseed,2026-09-12T09:55:56.340346+00:00
us6000d3dd,SVRC,10.97,5.5,2020-12-27 06:37:32.897000+00:00,usgs,ok,data/processed/waveforms/us6000d3dd_SVRC.mseed,2026-09-12T09:55:57.809181+00:00
us6000d3dd,PTK,50.48,5.5,2020-12-27 06:37:32.897000+00:00,usgs,no_data,,2026-09-12T09:55:58.565344+00:00
us7000d23a,AKIN,23.07,5.0,2021-01-21 14:27:06.745000+00:00,usgs,no_data,,2026-09-12T09:55:59.886060+00:00
us7000d23a,LFK,30.9,5.0,2021-01-21 14:27:06.745000+00:00,usgs,no_data,,2026-09-12T09:56:00.689605+00:00
us6000ddle,GPNR,48.52,5.2,2021-02-01 08:35:18.153000+00:00,usgs,no_data,,2026-09-12T09:56:01.951266+00:00
us6000ddle,CUND,61.56,5.2,2021-02-01 08:35:18.153000+00:00,usgs,no_data,,2026-09-12T09:56:02.621346+00:00
us6000detl,TASB,110.47,5.2,2021-02-05 15:36:11.039000+00:00,usgs,ok,data/processed/waveforms/us6000detl_TASB.mseed,2026-09-12T09:56:03.145626+00:00
us6000detl,KARS,190.9,5.2,2021-02-05 15:36:11.039000+00:00,usgs,ok,data/processed/waveforms/us6000detl_KARS.mseed,2026-09-12T09:56:03.978461+00:00
us6000e1bu,DAT,51.16,5.3,2021-04-13 20:28:02.233000+00:00,usgs,no_data,,2026-09-12T09:56:05.092059+00:00
us6000e1bu,DATC,59.2,5.3,2021-04-13 20:28:02.233000+00:00,usgs,ok,data/processed/waveforms/us6000e1bu_DATC.mseed,2026-09-12T09:56:05.723171+00:00
us6000e2f0,DAT,56.07,5.0,2021-04-17 17:08:00.786000+00:00,usgs,no_data,,2026-09-12T09:56:07.182910+00:00
us6000e2f0,DATC,63.8,5.0,2021-04-17 17:08:00.786000+00:00,usgs,ok,data/processed/waveforms/us6000e2f0_DATC.mseed,2026-09-12T09:56:07.664325+00:00
us7000ef1g,DAT,57.75,5.5,2021-06-21 22:14:13.556000+00:00,usgs,no_data,,2026-09-12T09:56:09.176931+00:00
us7000ef1g,DATC,65.65,5.5,2021-06-21 22:14:13.556000+00:00,usgs,no_data,,2026-09-12T09:56:09.764285+00:00
us6000epst,YEDI,42.82,5.4,2021-06-25 18:28:37.298000+00:00,usgs,ok,data/processed/waveforms/us6000epst_YEDI.mseed,2026-09-12T09:56:10.257480+00:00
us6000epst,BNGB,49.28,5.4,2021-06-25 18:28:37.298000+00:00,usgs,ok,data/processed/waveforms/us6000epst_BNGB.mseed,2026-09-12T09:56:11.130129+00:00
us6000f155,DAT,62.76,5.6,2021-08-01 04:31:26.956000+00:00,usgs,no_data,,2026-09-12T09:56:11.992205+00:00
us6000f155,DATC,70.6,5.6,2021-08-01 04:31:26.956000+00:00,usgs,no_data,,2026-09-12T09:56:12.489056+00:00
us6000f1u4,DAT,60.85,5.2,2021-08-03 12:38:17.754000+00:00,usgs,no_data,,2026-09-12T09:56:13.056406+00:00
us6000f1u4,DATC,68.62,5.2,2021-08-03 12:38:17.754000+00:00,usgs,no_data,,2026-09-12T09:56:13.660032+00:00
us6000f328,DAT,70.27,5.0,2021-08-07 01:39:45.606000+00:00,usgs,no_data,,2026-09-12T09:56:14.449789+00:00
us6000f328,DATC,77.69,5.0,2021-08-07 01:39:45.606000+00:00,usgs,no_data,,2026-09-12T09:56:15.361903+00:00
us7000f66b,ALT,6.95,5.1,2021-08-31 11:04:26.926000+00:00,usgs,ok,data/processed/waveforms/us7000f66b_ALT.mseed,2026-09-12T09:56:15.871079+00:00
us7000f66b,SHUT,62.78,5.1,2021-08-31 11:04:26.926000+00:00,usgs,no_data,,2026-09-12T09:56:17.382789+00:00
us6000ftxu,DAT,212.54,6.4,2021-10-12 09:24:05.099000+00:00,usgs,no_data,,2026-09-12T09:56:18.008191+00:00
us6000ftxu,DATC,219.41,6.4,2021-10-12 09:24:05.099000+00:00,usgs,no_data,,2026-09-12T09:56:18.572324+00:00
us7000fsfm,KONT,20.57,5.1,2021-11-08 17:43:21.856000+00:00,usgs,ok,data/processed/waveforms/us7000fsfm_KONT.mseed,2026-09-12T09:56:19.140826+00:00
us7000fsfm,LADK,43.11,5.1,2021-11-08 17:43:21.856000+00:00,usgs,ok,data/processed/waveforms/us7000fsfm_LADK.mseed,2026-09-12T09:56:21.495676+00:00
us7000fvfl,KOPR,19.26,5.1,2021-11-19 12:40:53.461000+00:00,usgs,ok,data/processed/waveforms/us7000fvfl_KOPR.mseed,2026-09-12T09:56:22.893464+00:00
us7000fvfl,VRTB,84.22,5.1,2021-11-19 12:40:53.461000+00:00,usgs,ok,data/processed/waveforms/us7000fvfl_VRTB.mseed,2026-09-12T09:56:23.952668+00:00
us6000g7ta,CESE,68.76,5.1,2021-11-30 04:00:40.529000+00:00,usgs,ok,data/processed/waveforms/us6000g7ta_CESE.mseed,2026-09-12T09:56:24.761811+00:00
us6000g7ta,GMLD,82.53,5.1,2021-11-30 04:00:40.529000+00:00,usgs,ok,data/processed/waveforms/us6000g7ta_GMLD.mseed,2026-09-12T09:56:26.150959+00:00
us6000gffm,DAT,186.72,5.1,2021-12-26 15:15:11.703000+00:00,usgs,ok,data/processed/waveforms/us6000gffm_DAT.mseed,2026-09-12T09:56:27.587181+00:00
us6000gffm,DATC,192.18,5.1,2021-12-26 15:15:11.703000+00:00,usgs,ok,data/processed/waveforms/us6000gffm_DATC.mseed,2026-09-12T09:56:29.198893+00:00
us6000gfhq,DAT,179.69,5.6,2021-12-26 18:59:02.711000+00:00,usgs,ok,data/processed/waveforms/us6000gfhq_DAT.mseed,2026-09-12T09:56:31.289914+00:00
us6000gfhq,DATC,185.01,5.6,2021-12-26 18:59:02.711000+00:00,usgs,ok,data/processed/waveforms/us6000gfhq_DATC.mseed,2026-09-12T09:56:32.040273+00:00
us7000g94d,MNVG,73.0,5.1,2022-01-05 03:21:16.251000+00:00,usgs,ok,data/processed/waveforms/us7000g94d_MNVG.mseed,2026-09-12T09:56:32.908592+00:00
us7000g94d,ALAN,80.59,5.1,2022-01-05 03:21:16.251000+00:00,usgs,ok,data/processed/waveforms/us7000g94d_ALAN.mseed,2026-09-12T09:56:34.335856+00:00
us7000gaqu,LEF,82.78,6.6,2022-01-11 01:07:48.064000+00:00,usgs,no_data,,2026-09-12T09:56:36.816684+00:00
us7000gaqu,AKDN,93.32,6.6,2022-01-11 01:07:48.064000+00:00,usgs,no_data,,2026-09-12T09:56:37.335299+00:00
us7000ghf9,LEF,93.24,5.3,2022-02-02 21:03:48.327000+00:00,usgs,no_data,,2026-09-12T09:56:37.897575+00:00
us7000ghf9,AKDN,107.48,5.3,2022-02-02 21:03:48.327000+00:00,usgs,no_data,,2026-09-12T09:56:38.411043+00:00
us7000gkl5,KARS,97.98,5.3,2022-02-13 18:25:56.058000+00:00,usgs,ok,data/processed/waveforms/us7000gkl5_KARS.mseed,2026-09-12T09:56:38.959160+00:00
us7000gkl5,TASB,132.18,5.3,2022-02-13 18:25:56.058000+00:00,usgs,ok,data/processed/waveforms/us7000gkl5_TASB.mseed,2026-09-12T09:56:39.898078+00:00
us7000h0wh,MALT,30.06,5.3,2022-04-09 14:02:15.496000+00:00,usgs,no_data,,2026-09-12T09:56:40.881206+00:00
us7000h0wh,SVRC,63.36,5.3,2022-04-09 14:02:15.496000+00:00,usgs,ok,data/processed/waveforms/us7000h0wh_SVRC.mseed,2026-09-12T09:56:41.449278+00:00
us7000hgyu,VANB,26.79,5.2,2022-06-12 18:35:20.871000+00:00,usgs,ok,data/processed/waveforms/us7000hgyu_VANB.mseed,2026-09-12T09:56:42.307162+00:00
us7000hgyu,ERCV,34.71,5.2,2022-06-12 18:35:20.871000+00:00,usgs,ok,data/processed/waveforms/us7000hgyu_ERCV.mseed,2026-09-12T09:56:43.167172+00:00
us6000ianw,KUSD,19.12,5.0,2022-08-14 03:24:22.958000+00:00,usgs,ok,data/processed/waveforms/us6000ianw_KUSD.mseed,2026-09-12T09:56:44.923644+00:00
us6000ianw,GMLD,22.52,5.0,2022-08-14 03:24:22.958000+00:00,usgs,ok,data/processed/waveforms/us6000ianw_GMLD.mseed,2026-09-12T09:56:46.755538+00:00
us7000i3yp,DIDI,39.46,5.4,2022-08-31 10:10:11.426000+00:00,usgs,ok,data/processed/waveforms/us7000i3yp_DIDI.mseed,2026-09-12T09:56:48.106346+00:00
us7000i3yp,KUSD,51.37,5.4,2022-08-31 10:10:11.426000+00:00,usgs,ok,data/processed/waveforms/us7000i3yp_KUSD.mseed,2026-09-12T09:56:49.835969+00:00
us7000i4v6,DAT,212.77,5.3,2022-09-03 04:13:10.932000+00:00,usgs,ok,data/processed/waveforms/us7000i4v6_DAT.mseed,2026-09-12T09:56:52.019942+00:00
us7000i4v6,DATC,219.35,5.3,2022-09-03 04:13:10.932000+00:00,usgs,ok,data/processed/waveforms/us7000i4v6_DATC.mseed,2026-09-12T09:56:54.509407+00:00
us7000i9z2,CLDR,117.33,5.1,2022-09-21 17:57:54.724000+00:00,usgs,ok,data/processed/waveforms/us7000i9z2_CLDR.mseed,2026-09-12T09:56:56.912324+00:00
us7000i9z2,VANB,134.49,5.1,2022-09-21 17:57:54.724000+00:00,usgs,ok,data/processed/waveforms/us7000i9z2_VANB.mseed,2026-09-12T09:56:58.644214+00:00
us6000inmr,KARS,20.85,5.3,2022-09-27 14:08:32.729000+00:00,usgs,ok,data/processed/waveforms/us6000inmr_KARS.mseed,2026-09-12T09:57:01.629842+00:00
us6000inmr,SENK,48.58,5.3,2022-09-27 14:08:32.729000+00:00,usgs,ok,data/processed/waveforms/us6000inmr_SENK.mseed,2026-09-12T09:57:05.714173+00:00
us6000iqx6,CLDR,119.38,5.6,2022-10-05 00:21:29.702000+00:00,usgs,ok,data/processed/waveforms/us6000iqx6_CLDR.mseed,2026-09-12T09:57:08.099973+00:00
us6000iqx6,VANB,140.99,5.6,2022-10-05 00:21:29.702000+00:00,usgs,ok,data/processed/waveforms/us6000iqx6_VANB.mseed,2026-09-12T09:57:10.345218+00:00
us6000isrr,KOZT,43.43,5.0,2022-10-11 15:48:46.359000+00:00,usgs,no_data,,2026-09-12T09:57:12.288216+00:00
us6000isrr,CEYT,51.32,5.0,2022-10-11 15:48:46.359000+00:00,usgs,ok,data/processed/waveforms/us6000isrr_CEYT.mseed,2026-09-12T09:57:13.288504+00:00
us7000ir86,DAT,142.95,5.5,2022-11-20 23:24:58.462000+00:00,usgs,ok,data/processed/waveforms/us7000ir86_DAT.mseed,2026-09-12T09:57:15.867467+00:00
us7000ir86,DATC,150.48,5.5,2022-11-20 23:24:58.462000+00:00,usgs,no_data,,2026-09-12T09:57:19.376298+00:00
us7000irp8,UVEZ,10.15,6.1,2022-11-23 01:08:15.435000+00:00,usgs,ok,data/processed/waveforms/us7000irp8_UVEZ.mseed,2026-09-12T09:57:20.797339+00:00
us7000irp8,MDUB,44.38,6.1,2022-11-23 01:08:15.435000+00:00,usgs,ok,data/processed/waveforms/us7000irp8_MDUB.mseed,2026-09-12T09:57:23.265165+00:00
us7000j56z,CLDR,119.13,5.7,2023-01-18 10:08:14.166000+00:00,usgs,ok,data/processed/waveforms/us7000j56z_CLDR.mseed,2026-09-12T09:57:29.104165+00:00
us7000j56z,VANB,134.35,5.7,2023-01-18 10:08:14.166000+00:00,usgs,ok,data/processed/waveforms/us7000j56z_VANB.mseed,2026-09-12T09:57:32.411615+00:00
us6000jj5k,BBRN,114.9,5.9,2023-01-25 12:37:05.134000+00:00,usgs,no_data,,2026-09-12T09:57:35.555949+00:00
us6000jj5k,MRSB,115.21,5.9,2023-01-25 12:37:05.134000+00:00,usgs,no_data,,2026-09-12T09:57:36.821774+00:00
us6000jk0t,CLDR,117.83,5.9,2023-01-28 18:14:45.855000+00:00,usgs,ok,data/processed/waveforms/us6000jk0t_CLDR.mseed,2026-09-12T09:57:38.491096+00:00
us6000jk0t,VANB,131.33,5.9,2023-01-28 18:14:45.855000+00:00,usgs,no_data,,2026-09-12T09:57:41.285623+00:00
us6000jmwl,CLDR,114.48,5.1,2023-01-28 18:16:56.220000+00:00,usgs,ok,data/processed/waveforms/us6000jmwl_CLDR.mseed,2026-09-12T09:57:42.323639+00:00
us6000jmwl,VANB,132.54,5.1,2023-01-28 18:16:56.220000+00:00,usgs,no_data,,2026-09-12T09:57:44.605574+00:00
us6000jllz,GAZ,18.29,7.8,2023-02-06 01:17:34.342000+00:00,usgs,no_data,,2026-09-12T09:57:46.092529+00:00
us6000jllz,KHMN,22.38,7.8,2023-02-06 01:17:34.342000+00:00,usgs,ok,data/processed/waveforms/us6000jllz_KHMN.mseed,2026-09-12T09:57:49.389640+00:00
us6000jlnn,GAZ,19.47,5.7,2023-02-06 01:26:50.869000+00:00,usgs,no_data,,2026-09-12T09:57:50.992763+00:00
us6000jlnn,KHMN,23.15,5.7,2023-02-06 01:26:50.869000+00:00,usgs,ok,data/processed/waveforms/us6000jlnn_KHMN.mseed,2026-09-12T09:57:51.579306+00:00
us6000jlm1,GAZ,28.12,6.7,2023-02-06 01:28:15.784000+00:00,usgs,no_data,,2026-09-12T09:57:52.290591+00:00
us6000jlm1,KHMN,32.46,6.7,2023-02-06 01:28:15.784000+00:00,usgs,ok,data/processed/waveforms/us6000jlm1_KHMN.mseed,2026-09-12T09:57:52.835496+00:00
us6000jlm9,GAZ,50.8,5.6,2023-02-06 01:36:27.357000+00:00,usgs,ok,data/processed/waveforms/us6000jlm9_GAZ.mseed,2026-09-12T09:57:53.646968+00:00
us6000jlm9,KMRS,60.56,5.6,2023-02-06 01:36:27.357000+00:00,usgs,ok,data/processed/waveforms/us6000jlm9_KMRS.mseed,2026-09-12T09:57:54.383129+00:00
us6000jlmf,GAZ,54.55,5.1,2023-02-06 01:58:23.118000+00:00,usgs,ok,data/processed/waveforms/us6000jlmf_GAZ.mseed,2026-09-12T09:57:55.860481+00:00
us6000jlmf,KMRS,58.66,5.1,2023-02-06 01:58:23.118000+00:00,usgs,ok,data/processed/waveforms/us6000jlmf_KMRS.mseed,2026-09-12T09:57:56.783850+00:00
us6000jlmh,MALT,75.2,5.3,2023-02-06 02:03:37.341000+00:00,usgs,no_data,,2026-09-12T09:57:57.481856+00:00
us6000jlmh,KHMN,78.92,5.3,2023-02-06 02:03:37.341000+00:00,usgs,ok,data/processed/waveforms/us6000jlmh_KHMN.mseed,2026-09-12T09:57:58.023888+00:00
us6000jmn0,MALT,53.97,5.0,2023-02-06 02:06:23.457000+00:00,usgs,no_data,,2026-09-12T09:57:58.883017+00:00
us6000jmn0,URFA,85.69,5.0,2023-02-06 02:06:23.457000+00:00,usgs,ok,data/processed/waveforms/us6000jmn0_URFA.mseed,2026-09-12T09:57:59.881253+00:00
us6000jlmn,GAZ,21.63,5.3,2023-02-06 02:23:14.336000+00:00,usgs,ok,data/processed/waveforms/us6000jlmn_GAZ.mseed,2026-09-12T09:58:02.010908+00:00
us6000jlmn,KHMN,28.85,5.3,2023-02-06 02:23:14.336000+00:00,usgs,ok,data/processed/waveforms/us6000jlmn_KHMN.mseed,2026-09-12T09:58:02.724442+00:00
us6000jlnf,MALT,17.1,5.0,2023-02-06 04:18:46.986000+00:00,usgs,no_data,,2026-09-12T09:58:03.523578+00:00
us6000jlnf,SVRC,70.7,5.0,2023-02-06 04:18:46.986000+00:00,usgs,no_data,,2026-09-12T09:58:04.073904+00:00
us6000jlqa,KMRS,61.58,7.5,2023-02-06 10:24:48.811000+00:00,usgs,ok,data/processed/waveforms/us6000jlqa_KMRS.mseed,2026-09-12T09:58:04.762905+00:00
us6000jlqa,DARE,67.18,7.5,2023-02-06 10:24:48.811000+00:00,usgs,ok,data/processed/waveforms/us6000jlqa_DARE.mseed,2026-09-12T09:58:05.694594+00:00
us6000jm1y,MALT,42.53,6.0,2023-02-06 10:26:46.742000+00:00,usgs,no_data,,2026-09-12T09:58:07.201593+00:00
us6000jm1y,DARE,80.52,6.0,2023-02-06 10:26:46.742000+00:00,usgs,ok,data/processed/waveforms/us6000jm1y_DARE.mseed,2026-09-12T09:58:07.711994+00:00
us6000jnt0,KMRS,60.41,5.4,2023-02-06 10:32:08.932000+00:00,usgs,ok,data/processed/waveforms/us6000jnt0_KMRS.mseed,2026-09-12T09:58:08.323690+00:00
us6000jnt0,KHMN,67.35,5.4,2023-02-06 10:32:08.932000+00:00,usgs,no_data,,2026-09-12T09:58:09.044736+00:00
us6000jlqe,MALT,63.36,5.8,2023-02-06 10:35:58.161000+00:00,usgs,no_data,,2026-09-12T09:58:09.842687+00:00
us6000jlqe,DARE,66.82,5.8,2023-02-06 10:35:58.161000+00:00,usgs,ok,data/processed/waveforms/us6000jlqe_DARE.mseed,2026-09-12T09:58:10.376122+00:00
us6000jlql,MALT,22.39,5.7,2023-02-06 10:51:30.994000+00:00,usgs,no_data,,2026-09-12T09:58:11.036348+00:00
us6000jlql,DARE,70.9,5.7,2023-02-06 10:51:30.994000+00:00,usgs,ok,data/processed/waveforms/us6000jlql_DARE.mseed,2026-09-12T09:58:11.526918+00:00
us6000jlqr,SARI,47.41,5.1,2023-02-06 11:05:35.084000+00:00,usgs,ok,data/processed/waveforms/us6000jlqr_SARI.mseed,2026-09-12T09:58:12.145135+00:00
us6000jlqr,KMRS,64.2,5.1,2023-02-06 11:05:35.084000+00:00,usgs,ok,data/processed/waveforms/us6000jlqr_KMRS.mseed,2026-09-12T09:58:13.949605+00:00
us6000jlrc,SARI,39.65,6.0,2023-02-06 12:02:11.275000+00:00,usgs,ok,data/processed/waveforms/us6000jlrc_SARI.mseed,2026-09-12T09:58:15.364077+00:00
us6000jlrc,KMRS,70.0,6.0,2023-02-06 12:02:11.275000+00:00,usgs,ok,data/processed/waveforms/us6000jlrc_KMRS.mseed,2026-09-12T09:58:16.428889+00:00
us6000jlrv,DARE,60.05,5.0,2023-02-06 13:07:45.076000+00:00,usgs,ok,data/processed/waveforms/us6000jlrv_DARE.mseed,2026-09-12T09:58:17.252314+00:00
us6000jlrv,KMRS,71.99,5.0,2023-02-06 13:07:45.076000+00:00,usgs,ok,data/processed/waveforms/us6000jlrv_KMRS.mseed,2026-09-12T09:58:17.988364+00:00
us6000jls3,DARE,64.54,5.3,2023-02-06 13:39:24.254000+00:00,usgs,ok,data/processed/waveforms/us6000jls3_DARE.mseed,2026-09-12T09:58:18.606166+00:00
us6000jls3,MALT,71.54,5.3,2023-02-06 13:39:24.254000+00:00,usgs,no_data,,2026-09-12T09:58:19.198578+00:00
us6000jls6,KHMN,67.75,5.0,2023-02-06 13:44:51.298000+00:00,usgs,no_data,,2026-09-12T09:58:19.714421+00:00
us6000jls6,DARE,70.13,5.0,2023-02-06 13:44:51.298000+00:00,usgs,ok,data/processed/waveforms/us6000jls6_DARE.mseed,2026-09-12T09:58:20.266186+00:00
us6000jlsu,MALT,25.91,5.4,2023-02-06 15:33:32.721000+00:00,usgs,no_data,,2026-09-12T09:58:20.926143+00:00
us6000jlsu,DARE,73.75,5.4,2023-02-06 15:33:32.721000+00:00,usgs,ok,data/processed/waveforms/us6000jlsu_DARE.mseed,2026-09-12T09:58:21.417723+00:00
us6000jlta,SARI,45.88,5.0,2023-02-06 16:43:28.541000+00:00,usgs,ok,data/processed/waveforms/us6000jlta_SARI.mseed,2026-09-12T09:58:22.141043+00:00
us6000jlta,KMRS,64.67,5.0,2023-02-06 16:43:28.541000+00:00,usgs,ok,data/processed/waveforms/us6000jlta_KMRS.mseed,2026-09-12T09:58:22.952827+00:00
us6000jm1p,SARI,47.77,5.2,2023-02-06 18:03:53.807000+00:00,usgs,ok,data/processed/waveforms/us6000jm1p_SARI.mseed,2026-09-12T09:58:23.599885+00:00
us6000jm1p,KMRS,65.73,5.2,2023-02-06 18:03:53.807000+00:00,usgs,ok,data/processed/waveforms/us6000jm1p_KMRS.mseed,2026-09-12T09:58:24.332476+00:00
us6000jm2r,GAZ,14.01,5.3,2023-02-06 20:37:51.879000+00:00,usgs,ok,data/processed/waveforms/us6000jm2r_GAZ.mseed,2026-09-12T09:58:25.007968+00:00
us6000jm2r,KHMN,16.9,5.3,2023-02-06 20:37:51.879000+00:00,usgs,ok,data/processed/waveforms/us6000jm2r_KHMN.mseed,2026-09-12T09:58:26.086144+00:00
us6000jm5e,KHMN,65.33,5.5,2023-02-07 03:13:12.754000+00:00,usgs,ok,data/processed/waveforms/us6000jm5e_KHMN.mseed,2026-09-12T09:58:26.695106+00:00
us6000jm5e,KMRS,78.48,5.5,2023-02-07 03:13:12.754000+00:00,usgs,ok,data/processed/waveforms/us6000jm5e_KMRS.mseed,2026-09-12T09:58:28.020129+00:00
us6000jm6p,MALT,30.38,5.4,2023-02-07 07:11:15.008000+00:00,usgs,no_data,,2026-09-12T09:58:29.443185+00:00
us6000jm6p,SVRC,66.01,5.4,2023-02-07 07:11:15.008000+00:00,usgs,no_data,,2026-09-12T09:58:30.220427+00:00
us6000jm7f,MALT,35.3,5.3,2023-02-07 10:18:14.589000+00:00,usgs,no_data,,2026-09-12T09:58:31.062591+00:00
us6000jm7f,URFA,67.7,5.3,2023-02-07 10:18:14.589000+00:00,usgs,ok,data/processed/waveforms/us6000jm7f_URFA.mseed,2026-09-12T09:58:31.689259+00:00
us6000jm96,SARI,46.25,5.0,2023-02-07 15:48:54.123000+00:00,usgs,ok,data/processed/waveforms/us6000jm96_SARI.mseed,2026-09-12T09:58:33.060147+00:00
us6000jm96,KMRS,65.52,5.0,2023-02-07 15:48:54.123000+00:00,usgs,ok,data/processed/waveforms/us6000jm96_KMRS.mseed,2026-09-12T09:58:34.581015+00:00
us6000jmat,KMRS,54.27,5.3,2023-02-07 18:09:59.860000+00:00,usgs,ok,data/processed/waveforms/us6000jmat_KMRS.mseed,2026-09-12T09:58:35.393171+00:00
us6000jmat,SARI,54.81,5.3,2023-02-07 18:09:59.860000+00:00,usgs,ok,data/processed/waveforms/us6000jmat_SARI.mseed,2026-09-12T09:58:36.079328+00:00
us6000jmg1,SARI,45.12,5.0,2023-02-08 07:48:31.978000+00:00,usgs,ok,data/processed/waveforms/us6000jmg1_SARI.mseed,2026-09-12T09:58:37.199902+00:00
us6000jmg1,KMRS,65.73,5.0,2023-02-08 07:48:31.978000+00:00,usgs,ok,data/processed/waveforms/us6000jmg1_KMRS.mseed,2026-09-12T09:58:38.635459+00:00
us6000jmgf,DARE,72.0,5.4,2023-02-08 11:11:52.969000+00:00,usgs,ok,data/processed/waveforms/us6000jmgf_DARE.mseed,2026-09-12T09:58:40.075821+00:00
us6000jmgf,KHMN,75.29,5.4,2023-02-08 11:11:52.969000+00:00,usgs,ok,data/processed/waveforms/us6000jmgf_KHMN.mseed,2026-09-12T09:58:41.669668+00:00
us6000jmh3,DARE,64.08,5.1,2023-02-08 14:20:24.960000+00:00,usgs,ok,data/processed/waveforms/us6000jmh3_DARE.mseed,2026-09-12T09:58:43.612077+00:00
us6000jmh3,KHMN,71.46,5.1,2023-02-08 14:20:24.960000+00:00,usgs,ok,data/processed/waveforms/us6000jmh3_KHMN.mseed,2026-09-12T09:58:48.363095+00:00
us6000jngk,ARPRA,39.85,5.0,2023-02-12 16:29:49.826000+00:00,usgs,ok,data/processed/waveforms/us6000jngk_ARPRA.mseed,2026-09-12T09:58:52.930850+00:00
us6000jngk,DARE,55.23,5.0,2023-02-12 16:29:49.826000+00:00,usgs,ok,data/processed/waveforms/us6000jngk_DARE.mseed,2026-09-12T09:58:55.310080+00:00
us6000jpff,TAHT,41.28,5.2,2023-02-16 19:47:49.683000+00:00,usgs,no_data,,2026-09-12T09:58:57.317477+00:00
us6000jpff,KRTD,57.54,5.2,2023-02-16 19:47:49.683000+00:00,usgs,no_data,,2026-09-12T09:58:58.049664+00:00
us6000jpyq,SARI,40.73,5.0,2023-02-18 19:31:31.742000+00:00,usgs,ok,data/processed/waveforms/us6000jpyq_SARI.mseed,2026-09-12T09:58:58.592752+00:00
us6000jpyq,KMRS,67.74,5.0,2023-02-18 19:31:31.742000+00:00,usgs,ok,data/processed/waveforms/us6000jpyq_KMRS.mseed,2026-09-12T09:59:00.927914+00:00
us6000jqcn,TAHT,27.79,6.3,2023-02-20 17:04:29.747000+00:00,usgs,no_data,,2026-09-12T09:59:02.947671+00:00
us6000jqcn,KRTD,72.68,6.3,2023-02-20 17:04:29.747000+00:00,usgs,no_data,,2026-09-12T09:59:03.450119+00:00
us6000jqjc,TAHT,32.92,5.5,2023-02-20 17:07:35.934000+00:00,usgs,no_data,,2026-09-12T09:59:04.032254+00:00
us6000jqjc,KRTD,67.05,5.5,2023-02-20 17:07:35.934000+00:00,usgs,no_data,,2026-09-12T09:59:04.541199+00:00
us6000jriw,YESY,30.68,5.2,2023-02-25 10:27:10.918000+00:00,usgs,ok,data/processed/waveforms/us6000jriw_YESY.mseed,2026-09-12T09:59:05.075248+00:00
us6000jriw,GULA,46.0,5.2,2023-02-25 10:27:10.918000+00:00,usgs,ok,data/processed/waveforms/us6000jriw_GULA.mseed,2026-09-12T09:59:06.758833+00:00
us6000jrw4,MALT,17.11,5.2,2023-02-27 09:04:51.865000+00:00,usgs,no_data,,2026-09-12T09:59:08.611104+00:00
us6000jrw4,DARE,79.77,5.2,2023-02-27 09:04:51.865000+00:00,usgs,ok,data/processed/waveforms/us6000jrw4_DARE.mseed,2026-09-12T09:59:09.145709+00:00
us7000jgyv,KMRS,40.76,5.0,2023-03-03 02:53:43.065000+00:00,usgs,ok,data/processed/waveforms/us7000jgyv_KMRS.mseed,2026-09-12T09:59:10.364149+00:00
us7000jgyv,KHMN,64.04,5.0,2023-03-03 02:53:43.065000+00:00,usgs,ok,data/processed/waveforms/us7000jgyv_KHMN.mseed,2026-09-12T09:59:11.771331+00:00
us7000jkel,CLDR,122.56,5.2,2023-03-16 11:47:14.816000+00:00,usgs,no_data,,2026-09-12T09:59:13.214293+00:00
us7000jkel,VANB,144.64,5.2,2023-03-16 11:47:14.816000+00:00,usgs,ok,data/processed/waveforms/us7000jkel_VANB.mseed,2026-09-12T09:59:14.087365+00:00
us7000jm54,SARI,44.07,5.3,2023-03-23 09:19:53.459000+00:00,usgs,ok,data/processed/waveforms/us7000jm54_SARI.mseed,2026-09-12T09:59:16.691025+00:00
us7000jm54,KMRS,69.61,5.3,2023-03-23 09:19:53.459000+00:00,usgs,ok,data/processed/waveforms/us7000jm54_KMRS.mseed,2026-09-12T09:59:18.242630+00:00
us7000jmbi,CLDR,110.91,5.6,2023-03-24 03:16:56.125000+00:00,usgs,no_data,,2026-09-12T09:59:19.969679+00:00
us7000jmbi,VANB,125.87,5.6,2023-03-24 03:16:56.125000+00:00,usgs,ok,data/processed/waveforms/us7000jmbi_VANB.mseed,2026-09-12T09:59:20.463878+00:00
us7000jw42,BODT,113.14,5.1,2023-04-26 20:00:34.782000+00:00,usgs,ok,data/processed/waveforms/us7000jw42_BODT.mseed,2026-09-12T09:59:21.903106+00:00
us7000jw42,YKAV,115.54,5.1,2023-04-26 20:00:34.782000+00:00,usgs,ok,data/processed/waveforms/us7000jw42_YKAV.mseed,2026-09-12T09:59:23.723098+00:00
us7000ki5u,KOZT,15.45,5.5,2023-07-25 05:44:51.283000+00:00,usgs,ok,data/processed/waveforms/us7000ki5u_KOZT.mseed,2026-09-12T09:59:25.306722+00:00
us7000ki5u,CEYT,65.7,5.5,2023-07-25 05:44:51.283000+00:00,usgs,ok,data/processed/waveforms/us7000ki5u_CEYT.mseed,2026-09-12T09:59:27.216011+00:00
us6000kz45,MALT,20.42,5.2,2023-08-10 17:48:01.234000+00:00,usgs,no_data,,2026-09-12T09:59:29.421853+00:00
us6000kz45,DARE,71.13,5.2,2023-08-10 17:48:01.234000+00:00,usgs,ok,data/processed/waveforms/us6000kz45_DARE.mseed,2026-09-12T09:59:30.211177+00:00
us6000lq9s,MALT,27.73,5.3,2023-11-23 14:46:09.122000+00:00,usgs,no_data,,2026-09-12T09:59:32.395393+00:00
us6000lq9s,SVRC,73.5,5.3,2023-11-23 14:46:09.122000+00:00,usgs,ok,data/processed/waveforms/us6000lq9s_SVRC.mseed,2026-09-12T09:59:33.242093+00:00
us7000lg2l,MDNY,7.99,5.1,2023-12-04 07:42:20.496000+00:00,usgs,ok,data/processed/waveforms/us7000lg2l_MDNY.mseed,2026-09-12T09:59:34.983787+00:00
us7000lg2l,ARMT,14.67,5.1,2023-12-04 07:42:20.496000+00:00,usgs,no_data,,2026-09-12T09:59:37.044094+00:00
us7000ltqd,MALT,21.09,5.0,2024-01-25 13:04:06.941000+00:00,usgs,no_data,,2026-09-12T09:59:37.771757+00:00
us7000ltqd,SVRC,82.15,5.0,2024-01-25 13:04:06.941000+00:00,usgs,no_data,,2026-09-12T09:59:38.366158+00:00
us7000luac,KUSD,19.55,5.1,2024-01-27 05:19:19.465000+00:00,usgs,ok,data/processed/waveforms/us7000luac_KUSD.mseed,2026-09-12T09:59:39.159524+00:00
us7000luac,GMLD,20.99,5.1,2024-01-27 05:19:19.465000+00:00,usgs,ok,data/processed/waveforms/us7000luac_GMLD.mseed,2026-09-12T09:59:40.467146+00:00
us7000mcxc,CAYL,46.52,5.6,2024-04-18 15:11:25.596000+00:00,usgs,ok,data/processed/waveforms/us7000mcxc_CAYL.mseed,2026-09-12T09:59:42.003333+00:00
us7000mcxc,TOKT,62.63,5.6,2024-04-18 15:11:25.596000+00:00,usgs,ok,data/processed/waveforms/us7000mcxc_TOKT.mseed,2026-09-12T09:59:43.652621+00:00
us6000njq1,TAHT,158.34,5.2,2024-08-12 20:55:59.916000+00:00,usgs,ok,data/processed/waveforms/us6000njq1_TAHT.mseed,2026-09-12T09:59:45.975753+00:00
us6000njq1,KRTD,218.15,5.2,2024-08-12 20:55:59.916000+00:00,usgs,no_data,,2026-09-12T09:59:48.819243+00:00
us6000nq9a,KHMN,12.32,5.0,2024-09-07 06:31:10.994000+00:00,usgs,ok,data/processed/waveforms/us6000nq9a_KHMN.mseed,2026-09-12T09:59:49.331498+00:00
us6000nq9a,GAZ,20.13,5.0,2024-09-07 06:31:10.994000+00:00,usgs,ok,data/processed/waveforms/us6000nq9a_GAZ.mseed,2026-09-12T09:59:50.711369+00:00
us6000nyzk,MALT,33.03,6.0,2024-10-16 07:46:32.516000+00:00,usgs,no_data,,2026-09-12T09:59:52.217609+00:00
us6000nyzk,SVRC,44.23,6.0,2024-10-16 07:46:32.516000+00:00,usgs,ok,data/processed/waveforms/us6000nyzk_SVRC.mseed,2026-09-12T09:59:52.752458+00:00
us7000nqls,SVRC,42.04,5.1,2024-11-08 14:04:01.624000+00:00,usgs,ok,data/processed/waveforms/us7000nqls_SVRC.mseed,2026-09-12T09:59:54.018107+00:00
us7000nqls,PTK,47.9,5.1,2024-11-08 14:04:01.624000+00:00,usgs,no_data,,2026-09-12T09:59:55.601008+00:00
us6000plhn,GPNR,14.04,5.0,2025-01-21 20:38:43.257000+00:00,usgs,ok,data/processed/waveforms/us6000plhn_GPNR.mseed,2026-09-12T09:59:56.226309+00:00
us6000plhn,EZNE,33.39,5.0,2025-01-21 20:38:43.257000+00:00,usgs,ok,data/processed/waveforms/us6000plhn_EZNE.mseed,2026-09-12T09:59:58.153854+00:00
us7000paze,YKAV,151.52,5.0,2025-02-03 08:13:08.237000+00:00,usgs,ok,data/processed/waveforms/us7000paze_YKAV.mseed,2026-09-12T10:00:00.554503+00:00
us7000paze,BODT,151.74,5.0,2025-02-03 08:13:08.237000+00:00,usgs,ok,data/processed/waveforms/us7000paze_BODT.mseed,2026-09-12T10:00:02.859956+00:00
us7000pb5h,YKAV,153.21,5.0,2025-02-04 02:46:06.502000+00:00,usgs,ok,data/processed/waveforms/us7000pb5h_YKAV.mseed,2026-09-12T10:00:04.725189+00:00
us7000pb5h,BODT,153.58,5.0,2025-02-04 02:46:06.502000+00:00,usgs,ok,data/processed/waveforms/us7000pb5h_BODT.mseed,2026-09-12T10:00:06.021836+00:00
us7000pb82,BODT,162.15,5.3,2025-02-04 13:04:14.561000+00:00,usgs,ok,data/processed/waveforms/us7000pb82_BODT.mseed,2026-09-12T10:00:07.278588+00:00
us7000pb82,YKAV,162.16,5.3,2025-02-04 13:04:14.561000+00:00,usgs,ok,data/processed/waveforms/us7000pb82_YKAV.mseed,2026-09-12T10:00:08.000337+00:00
us7000pbmp,YKAV,156.22,5.1,2025-02-05 19:09:38.388000+00:00,usgs,ok,data/processed/waveforms/us7000pbmp_YKAV.mseed,2026-09-12T10:00:08.624144+00:00
us7000pbmp,BODT,156.44,5.1,2025-02-05 19:09:38.388000+00:00,usgs,ok,data/processed/waveforms/us7000pbmp_BODT.mseed,2026-09-12T10:00:10.070692+00:00
us7000pcih,YKAV,155.71,5.2,2025-02-09 19:05:38.291000+00:00,usgs,ok,data/processed/waveforms/us7000pcih_YKAV.mseed,2026-09-12T10:00:11.807339+00:00
us7000pcih,BODT,156.2,5.2,2025-02-09 19:05:38.291000+00:00,usgs,ok,data/processed/waveforms/us7000pcih_BODT.mseed,2026-09-12T10:00:13.761158+00:00
us7000pcr3,YKAV,152.48,5.3,2025-02-10 20:16:28.738000+00:00,usgs,ok,data/processed/waveforms/us7000pcr3_YKAV.mseed,2026-09-12T10:00:16.138377+00:00
us7000pcr3,BODT,153.07,5.3,2025-02-10 20:16:28.738000+00:00,usgs,ok,data/processed/waveforms/us7000pcr3_BODT.mseed,2026-09-12T10:00:18.107836+00:00
us7000pcs7,YKAV,157.31,5.1,2025-02-10 22:37:24.642000+00:00,usgs,ok,data/processed/waveforms/us7000pcs7_YKAV.mseed,2026-09-12T10:00:19.903796+00:00
us7000pcs7,BODT,157.6,5.1,2025-02-10 22:37:24.642000+00:00,usgs,ok,data/processed/waveforms/us7000pcs7_BODT.mseed,2026-09-12T10:00:20.528781+00:00
us7000pd1i,YKAV,169.91,5.1,2025-02-12 01:14:54.298000+00:00,usgs,ok,data/processed/waveforms/us7000pd1i_YKAV.mseed,2026-09-12T10:00:21.158710+00:00
us7000pd1i,BODT,170.04,5.1,2025-02-12 01:14:54.298000+00:00,usgs,ok,data/processed/waveforms/us7000pd1i_BODT.mseed,2026-09-12T10:00:22.956936+00:00
us7000pe7k,YKAV,159.42,5.0,2025-02-17 07:49:50.321000+00:00,usgs,ok,data/processed/waveforms/us7000pe7k_YKAV.mseed,2026-09-12T10:00:24.975748+00:00
us7000pe7k,BODT,160.01,5.0,2025-02-17 07:49:50.321000+00:00,usgs,ok,data/processed/waveforms/us7000pe7k_BODT.mseed,2026-09-12T10:00:26.313730+00:00
us7000pefq,YKAV,139.48,5.0,2025-02-18 04:46:52.092000+00:00,usgs,ok,data/processed/waveforms/us7000pefq_YKAV.mseed,2026-09-12T10:00:28.091814+00:00
us7000pefq,BODT,139.62,5.0,2025-02-18 04:46:52.092000+00:00,usgs,ok,data/processed/waveforms/us7000pefq_BODT.mseed,2026-09-12T10:00:30.014878+00:00
us7000pufs,BOTS,24.67,6.2,2025-04-23 09:49:11.631000+00:00,usgs,ok,data/processed/waveforms/us7000pufs_BOTS.mseed,2026-09-12T10:00:32.138153+00:00
us7000pufs,MAEG,25.22,6.2,2025-04-23 09:49:11.631000+00:00,usgs,ok,data/processed/waveforms/us7000pufs_MAEG.mseed,2026-09-12T10:00:34.698686+00:00
us7000pufy,GUZE,12.51,5.0,2025-04-23 10:02:33.619000+00:00,usgs,ok,data/processed/waveforms/us7000pufy_GUZE.mseed,2026-09-12T10:00:36.270530+00:00
us7000pufy,SINB,13.22,5.0,2025-04-23 10:02:33.619000+00:00,usgs,ok,data/processed/waveforms/us7000pufy_SINB.mseed,2026-09-12T10:00:37.778931+00:00
us7000pz2p,DAT,174.15,6.0,2025-05-13 22:51:15.880000+00:00,usgs,ok,data/processed/waveforms/us7000pz2p_DAT.mseed,2026-09-12T10:00:39.191774+00:00
us7000pz2p,DATC,179.44,6.0,2025-05-13 22:51:15.880000+00:00,usgs,ok,data/processed/waveforms/us7000pz2p_DATC.mseed,2026-09-12T10:00:41.185021+00:00
us7000pzcl,KULU,22.94,5.0,2025-05-15 12:46:37.436000+00:00,usgs,ok,data/processed/waveforms/us7000pzcl_KULU.mseed,2026-09-12T10:00:43.347467+00:00
us7000pzcl,SERE,34.76,5.0,2025-05-15 12:46:37.436000+00:00,usgs,no_data,,2026-09-12T10:00:46.488561+00:00
us7000q0pq,DAT,175.65,6.2,2025-05-22 03:19:35.518000+00:00,usgs,ok,data/processed/waveforms/us7000q0pq_DAT.mseed,2026-09-12T10:00:47.573536+00:00
us7000q0pq,BODT,180.24,6.2,2025-05-22 03:19:35.518000+00:00,usgs,ok,data/processed/waveforms/us7000q0pq_BODT.mseed,2026-09-12T10:00:49.460270+00:00
us6000qhiq,MRSB,1.28,5.8,2025-06-02 23:17:28.209000+00:00,usgs,no_data,,2026-09-12T10:00:50.926946+00:00
us6000qhiq,BBRN,12.71,5.8,2025-06-02 23:17:28.209000+00:00,usgs,no_data,,2026-09-12T10:00:51.451559+00:00
us6000qznb,BALB,33.75,6.1,2025-08-10 16:53:47.260000+00:00,usgs,ok,data/processed/waveforms/us6000qznb_BALB.mseed,2026-09-12T10:00:52.114190+00:00
us6000qznb,SOMA,47.91,6.1,2025-08-10 16:53:47.260000+00:00,usgs,ok,data/processed/waveforms/us6000qznb_SOMA.mseed,2026-09-12T10:00:54.996768+00:00
us7000qxqv,GORD,31.17,5.1,2025-09-21 21:05:46.760000+00:00,usgs,ok,data/processed/waveforms/us7000qxqv_GORD.mseed,2026-09-12T10:00:57.564124+00:00
us7000qxqv,AKS,42.57,5.1,2025-09-21 21:05:46.760000+00:00,usgs,ok,data/processed/waveforms/us7000qxqv_AKS.mseed,2026-09-12T10:01:00.269273+00:00
us6000rdf2,SMAA,15.73,5.2,2025-09-28 09:59:16.543000+00:00,usgs,ok,data/processed/waveforms/us6000rdf2_SMAA.mseed,2026-09-12T10:01:02.328455+00:00
us6000rdf2,SIMA,17.63,5.2,2025-09-28 09:59:16.543000+00:00,usgs,ok,data/processed/waveforms/us6000rdf2_SIMA.mseed,2026-09-12T10:01:03.986059+00:00
us6000re6a,MAEG,22.38,5.0,2025-10-02 11:55:03.928000+00:00,usgs,ok,data/processed/waveforms/us6000re6a_MAEG.mseed,2026-09-12T10:01:05.357404+00:00
us6000re6a,BOTS,25.26,5.0,2025-10-02 11:55:03.928000+00:00,usgs,ok,data/processed/waveforms/us6000re6a_BOTS.mseed,2026-09-12T10:01:06.552678+00:00
us6000rjsu,GORD,32.18,6.0,2025-10-27 19:48:28.767000+00:00,usgs,ok,data/processed/waveforms/us6000rjsu_GORD.mseed,2026-09-12T10:01:08.678840+00:00
us6000rjsu,AKS,51.04,6.0,2025-10-27 19:48:28.767000+00:00,usgs,ok,data/processed/waveforms/us6000rjsu_AKS.mseed,2026-09-12T10:01:10.897089+00:00
us6000rl6n,GORD,36.02,5.0,2025-11-03 12:35:37.219000+00:00,usgs,ok,data/processed/waveforms/us6000rl6n_GORD.mseed,2026-09-12T10:01:12.223238+00:00
us6000rl6n,SMAA,49.41,5.0,2025-11-03 12:35:37.219000+00:00,usgs,ok,data/processed/waveforms/us6000rl6n_SMAA.mseed,2026-09-12T10:01:14.350310+00:00
us6000rtch,ANTB,25.41,5.1,2025-12-08 10:21:33.892000+00:00,usgs,ok,data/processed/waveforms/us6000rtch_ANTB.mseed,2026-09-12T10:01:16.095869+00:00
us6000rtch,BCK,43.42,5.1,2025-12-08 10:21:33.892000+00:00,usgs,ok,data/processed/waveforms/us6000rtch_BCK.mseed,2026-09-12T10:01:17.725698+00:00
us7000s33s,BABD,36.4,5.0,2026-03-09 06:21:05.824000+00:00,usgs,ok,data/processed/waveforms/us7000s33s_BABD.mseed,2026-09-12T10:01:19.160289+00:00
us7000s33s,DENT,39.29,5.0,2026-03-09 06:21:05.824000+00:00,usgs,no_data,,2026-09-12T10:01:20.675909+00:00
us6000sfyj,ERBG,11.7,5.3,2026-03-13 00:35:15.470000+00:00,usgs,ok,data/processed/waveforms/us6000sfyj_ERBG.mseed,2026-09-12T10:01:21.180417+00:00
us6000sfyj,TOKT,41.16,5.3,2026-03-13 00:35:15.470000+00:00,usgs,ok,data/processed/waveforms/us6000sfyj_TOKT.mseed,2026-09-12T10:01:22.548683+00:00
us6000smhq,ERCV,23.33,5.1,2026-04-04 05:52:43.186000+00:00,usgs,no_data,,2026-09-12T10:01:23.836303+00:00
us6000smhq,VANB,38.68,5.1,2026-04-04 05:52:43.186000+00:00,usgs,no_data,,2026-09-12T10:01:24.360289+00:00
us6000sshc,DAT,244.29,5.7,2026-04-24 03:18:53.617000+00:00,usgs,no_data,,2026-09-12T10:01:24.878291+00:00
us6000syx6,MLTY,15.25,5.4,2026-05-20 06:00:16.671000+00:00,usgs,ok,data/processed/waveforms/us6000syx6_MLTY.mseed,2026-09-12T10:01:26.037788+00:00
us6000syx6,MALT,15.37,5.4,2026-05-20 06:00:16.671000+00:00,usgs,no_data,,2026-09-12T10:01:27.503680+00:00
us6000t7tc,DAT,165.06,5.0,2026-06-24 08:25:54.428000+00:00,usgs,ok,data/processed/waveforms/us6000t7tc_DAT.mseed,2026-09-12T10:01:28.002666+00:00
us6000t7tc,DATC,169.5,5.0,2026-06-24 08:25:54.428000+00:00,usgs,ok,data/processed/waveforms/us6000t7tc_DATC.mseed,2026-09-12T10:01:29.724163+00:00
us6000t9lz,DAT,163.6,5.3,2026-07-02 11:06:21.359000+00:00,usgs,ok,data/processed/waveforms/us6000t9lz_DAT.mseed,2026-09-12T10:01:31.849967+00:00
us6000t9lz,DATC,168.32,5.3,2026-07-02 11:06:21.359000+00:00,usgs,ok,data/processed/waveforms/us6000t9lz_DATC.mseed,2026-09-12T10:01:33.408661+00:00
us7000t1j0,MALT,12.0,5.0,2026-07-18 03:21:00.482000+00:00,usgs,no_data,,2026-09-12T10:01:35.215962+00:00
us7000t1j0,MLTY,12.13,5.0,2026-07-18 03:21:00.482000+00:00,usgs,ok,data/processed/waveforms/us7000t1j0_MLTY.mseed,2026-09-12T10:01:35.717020+00:00
usp0008gyh,ISK,221.06,4.5,1998-03-05 01:45:08.450000+00:00,usgs,no_data,,2026-09-12T11:16:48.951298+00:00
usp0008jjj,ISK,342.26,5.3,1998-04-04 16:16:47.070000+00:00,usgs,no_data,,2026-09-12T11:16:49.800757+00:00
usp0008zfk,KCTX,338.54,4.7,1998-12-11 15:09:19.530000+00:00,usgs,no_data,,2026-09-12T11:16:50.661201+00:00
usp0008zfk,ISK,341.5,4.7,1998-12-11 15:09:19.530000+00:00,usgs,no_data,,2026-09-12T11:16:51.383777+00:00
usp0009c21,KCTX,114.24,4.6,1999-07-24 16:05:48.450000+00:00,usgs,no_data,,2026-09-12T11:16:51.944994+00:00
usp0009c21,ISK,220.26,4.6,1999-07-24 16:05:48.450000+00:00,usgs,no_data,,2026-09-12T11:16:52.604320+00:00
usp0009c21,HRTX,226.21,4.6,1999-07-24 16:05:48.450000+00:00,usgs,no_data,,2026-09-12T11:16:53.336324+00:00
usp0009c33,HRTX,218.44,5.2,1999-07-25 06:56:53.020000+00:00,usgs,no_data,,2026-09-12T11:16:53.945114+00:00
usp0009d4z,KCTX,140.06,7.6,1999-08-17 00:01:39.130000+00:00,usgs,no_data,,2026-09-12T11:16:54.795401+00:00
usp0009d52,HRTX,92.43,4.9,1999-08-17 00:15:17.720000+00:00,usgs,no_data,,2026-09-12T11:16:55.709188+00:00
usp0009d52,ISK,149.53,4.9,1999-08-17 00:15:17.720000+00:00,usgs,no_data,,2026-09-12T11:16:56.345777+00:00
usp0009d52,KCTX,208.83,4.9,1999-08-17 00:15:17.720000+00:00,usgs,no_data,,2026-09-12T11:16:57.411273+00:00
usp0009d53,KCTX,148.1,5.0,1999-08-17 00:16:26.150000+00:00,usgs,no_data,,2026-09-12T11:16:58.344705+00:00
usp0009d54,HRTX,66.29,4.6,1999-08-17 00:21:05.490000+00:00,usgs,no_data,,2026-09-12T11:16:59.218176+00:00
usp0009d54,ISK,124.3,4.6,1999-08-17 00:21:05.490000+00:00,usgs,no_data,,2026-09-12T11:17:00.160545+00:00
usp0009d54,KCTX,182.87,4.6,1999-08-17 00:21:05.490000+00:00,usgs,no_data,,2026-09-12T11:17:00.959150+00:00
usp0009d5c,HRTX,31.16,4.6,1999-08-17 01:07:52.060000+00:00,usgs,no_data,,2026-09-12T11:17:02.102269+00:00
usp0009d5c,ISK,90.07,4.6,1999-08-17 01:07:52.060000+00:00,usgs,no_data,,2026-09-12T11:17:02.925165+00:00
usp0009d5c,KCTX,150.4,4.6,1999-08-17 01:07:52.060000+00:00,usgs,no_data,,2026-09-12T11:17:03.886854+00:00
usp0009d5e,ISK,46.24,4.6,1999-08-17 01:33:07.400000+00:00,usgs,no_data,,2026-09-12T11:17:04.835883+00:00
usp0009d5e,HRTX,49.84,4.6,1999-08-17 01:33:07.400000+00:00,usgs,no_data,,2026-09-12T11:17:05.495770+00:00
usp0009d5e,KCTX,78.81,4.6,1999-08-17 01:33:07.400000+00:00,usgs,no_data,,2026-09-12T11:17:06.093139+00:00
usp0009d5r,HRTX,88.98,4.5,1999-08-17 02:34:53.190000+00:00,usgs,no_data,,2026-09-12T11:17:06.719393+00:00
usp0009d5r,ISK,146.27,4.5,1999-08-17 02:34:53.190000+00:00,usgs,no_data,,2026-09-12T11:17:07.497597+00:00
usp0009d5r,KCTX,205.16,4.5,1999-08-17 02:34:53.190000+00:00,usgs,no_data,,2026-09-12T11:17:08.312208+00:00
usp0009d5s,HRTX,86.44,4.8,1999-08-17 02:42:55.470000+00:00,usgs,no_data,,2026-09-12T11:17:08.937772+00:00
usp0009d5s,ISK,144.83,4.8,1999-08-17 02:42:55.470000+00:00,usgs,no_data,,2026-09-12T11:17:09.476839+00:00
usp0009d5s,KCTX,198.59,4.8,1999-08-17 02:42:55.470000+00:00,usgs,no_data,,2026-09-12T11:17:10.687012+00:00
usp0009d5t,HRTX,38.28,4.9,1999-08-17 02:50:45.430000+00:00,usgs,no_data,,2026-09-12T11:17:12.099091+00:00
usp0009d5t,ISK,96.6,4.9,1999-08-17 02:50:45.430000+00:00,usgs,no_data,,2026-09-12T11:17:13.501553+00:00
usp0009d5t,KCTX,158.52,4.9,1999-08-17 02:50:45.430000+00:00,usgs,no_data,,2026-09-12T11:17:15.386765+00:00
usp0009d5w,KCTX,202.94,5.1,1999-08-17 03:14:00.370000+00:00,usgs,no_data,,2026-09-12T11:17:19.487135+00:00
usp0009d63,HRTX,71.04,4.5,1999-08-17 04:20:16.750000+00:00,usgs,no_data,,2026-09-12T11:17:20.974166+00:00
usp0009d63,ISK,129.69,4.5,1999-08-17 04:20:16.750000+00:00,usgs,no_data,,2026-09-12T11:17:21.793810+00:00
usp0009d63,KCTX,183.89,4.5,1999-08-17 04:20:16.750000+00:00,usgs,no_data,,2026-09-12T11:17:22.895567+00:00
usp0009d6b,HRTX,56.93,4.6,1999-08-17 05:10:08.440000+00:00,usgs,no_data,,2026-09-12T11:17:23.755636+00:00
usp0009d6b,ISK,110.79,4.6,1999-08-17 05:10:08.440000+00:00,usgs,no_data,,2026-09-12T11:17:24.467036+00:00
usp0009d6b,KCTX,181.87,4.6,1999-08-17 05:10:08.440000+00:00,usgs,no_data,,2026-09-12T11:17:25.669691+00:00
usp0009d6k,HRTX,130.09,4.6,1999-08-17 06:28:00.570000+00:00,usgs,no_data,,2026-09-12T11:17:26.215675+00:00
usp0009d6k,ISK,182.95,4.6,1999-08-17 06:28:00.570000+00:00,usgs,no_data,,2026-09-12T11:17:27.620806+00:00
usp0009d6k,KCTX,251.89,4.6,1999-08-17 06:28:00.570000+00:00,usgs,no_data,,2026-09-12T11:17:28.646535+00:00
usp0009d6n,HRTX,83.61,4.6,1999-08-17 06:35:19.030000+00:00,usgs,no_data,,2026-09-12T11:17:29.575108+00:00
usp0009d6n,ISK,140.61,4.6,1999-08-17 06:35:19.030000+00:00,usgs,no_data,,2026-09-12T11:17:30.693761+00:00
usp0009d6n,KCTX,201.16,4.6,1999-08-17 06:35:19.030000+00:00,usgs,no_data,,2026-09-12T11:17:31.382098+00:00
usp0009d6w,HRTX,131.29,4.6,1999-08-17 09:02:09.700000+00:00,usgs,no_data,,2026-09-12T11:17:32.152115+00:00
usp0009d6w,ISK,185.89,4.6,1999-08-17 09:02:09.700000+00:00,usgs,no_data,,2026-09-12T11:17:33.034703+00:00
usp0009d6w,KCTX,250.45,4.6,1999-08-17 09:02:09.700000+00:00,usgs,no_data,,2026-09-12T11:17:33.902781+00:00
usp0009d72,HRTX,24.77,4.5,1999-08-17 10:46:41.310000+00:00,usgs,no_data,,2026-09-12T11:17:34.697356+00:00
usp0009d72,ISK,83.82,4.5,1999-08-17 10:46:41.310000+00:00,usgs,no_data,,2026-09-12T11:17:35.506521+00:00
usp0009d72,KCTX,144.73,4.5,1999-08-17 10:46:41.310000+00:00,usgs,no_data,,2026-09-12T11:17:36.437565+00:00
usp0009dat,HRTX,94.58,4.7,1999-08-19 13:04:12.540000+00:00,usgs,no_data,,2026-09-12T11:17:37.396480+00:00
usp0009dat,ISK,152.01,4.7,1999-08-19 13:04:12.540000+00:00,usgs,no_data,,2026-09-12T11:17:38.091577+00:00
usp0009dat,KCTX,209.73,4.7,1999-08-19 13:04:12.540000+00:00,usgs,no_data,,2026-09-12T11:17:38.949402+00:00
usp0009dav,HRTX,45.27,4.5,1999-08-19 14:15:58.840000+00:00,usgs,no_data,,2026-09-12T11:17:39.602736+00:00
usp0009dav,ISK,51.8,4.5,1999-08-19 14:15:58.840000+00:00,usgs,no_data,,2026-09-12T11:17:40.519759+00:00
usp0009dav,KCTX,82.65,4.5,1999-08-19 14:15:58.840000+00:00,usgs,no_data,,2026-09-12T11:17:41.209468+00:00
usp0009daz,KCTX,78.59,5.2,1999-08-19 15:17:45.040000+00:00,usgs,no_data,,2026-09-12T11:17:42.656338+00:00
usp0009dcb,HRTX,41.65,4.5,1999-08-20 09:28:54.780000+00:00,usgs,no_data,,2026-09-12T11:17:43.763303+00:00
usp0009dcb,ISK,56.51,4.5,1999-08-20 09:28:54.780000+00:00,usgs,no_data,,2026-09-12T11:17:44.997465+00:00
usp0009dcb,KCTX,86.95,4.5,1999-08-20 09:28:54.780000+00:00,usgs,no_data,,2026-09-12T11:17:46.094443+00:00
usp0009dg7,HRTX,94.46,4.5,1999-08-22 14:30:58.860000+00:00,usgs,no_data,,2026-09-12T11:17:47.328632+00:00
usp0009dg7,ISK,151.64,4.5,1999-08-22 14:30:58.860000+00:00,usgs,no_data,,2026-09-12T11:17:48.353074+00:00
usp0009dg7,KCTX,210.44,4.5,1999-08-22 14:30:58.860000+00:00,usgs,no_data,,2026-09-12T11:17:49.343988+00:00
usp0009djz,HRTX,296.74,4.9,1999-08-24 17:33:20.500000+00:00,usgs,no_data,,2026-09-12T11:17:50.795673+00:00
usp0009djz,ISK,355.86,4.9,1999-08-24 17:33:20.500000+00:00,usgs,no_data,,2026-09-12T11:17:51.607890+00:00
usp0009djz,KCTX,379.76,4.9,1999-08-24 17:33:20.500000+00:00,usgs,no_data,,2026-09-12T11:17:53.325343+00:00
usp0009dpe,HRTX,29.58,4.8,1999-08-26 17:49:38.080000+00:00,usgs,no_data,,2026-09-12T11:17:54.127252+00:00
usp0009dpe,ISK,87.82,4.8,1999-08-26 17:49:38.080000+00:00,usgs,no_data,,2026-09-12T11:17:54.758770+00:00
usp0009dpe,KCTX,151.85,4.8,1999-08-26 17:49:38.080000+00:00,usgs,no_data,,2026-09-12T11:17:55.759309+00:00
usp0009dv7,KCTX,145.29,5.2,1999-08-31 08:10:49.530000+00:00,usgs,no_data,,2026-09-12T11:17:56.479047+00:00
usp0009dv9,HRTX,25.83,4.5,1999-08-31 08:33:23.830000+00:00,usgs,no_data,,2026-09-12T11:17:59.013251+00:00
usp0009dv9,ISK,84.87,4.5,1999-08-31 08:33:23.830000+00:00,usgs,no_data,,2026-09-12T11:18:00.513781+00:00
usp0009dv9,KCTX,145.58,4.5,1999-08-31 08:33:23.830000+00:00,usgs,no_data,,2026-09-12T11:18:01.990510+00:00
usp0009e74,KCTX,85.09,5.0,1999-09-09 01:32:08.120000+00:00,usgs,no_data,,2026-09-12T11:18:03.743532+00:00
usp0009e7m,KCTX,214.02,4.8,1999-09-09 08:15:35.060000+00:00,usgs,no_data,,2026-09-12T11:18:05.112731+00:00
usp0009e7m,ISK,287.97,4.8,1999-09-09 08:15:35.060000+00:00,usgs,no_data,,2026-09-12T11:18:06.208651+00:00
usp0009e7m,HRTX,331.71,4.8,1999-09-09 08:15:35.060000+00:00,usgs,no_data,,2026-09-12T11:18:07.762480+00:00
usp0009ede,KCTX,152.87,5.9,1999-09-13 11:55:28.180000+00:00,usgs,no_data,,2026-09-12T11:18:08.859915+00:00
usp0009ejt,HRTX,38.33,4.5,1999-09-18 00:48:24.660000+00:00,usgs,no_data,,2026-09-12T11:18:09.661680+00:00
usp0009ejt,ISK,54.35,4.5,1999-09-18 00:48:24.660000+00:00,usgs,no_data,,2026-09-12T11:18:10.598806+00:00
usp0009ejt,KCTX,89.95,4.5,1999-09-18 00:48:24.660000+00:00,usgs,no_data,,2026-09-12T11:18:12.058995+00:00
usp0009era,KCTX,76.07,4.8,1999-09-20 21:27:59.200000+00:00,usgs,no_data,,2026-09-12T11:18:13.255460+00:00
usp0009era,ISK,132.08,4.8,1999-09-20 21:27:59.200000+00:00,usgs,no_data,,2026-09-12T11:18:14.418070+00:00
usp0009era,HRTX,176.48,4.8,1999-09-20 21:27:59.200000+00:00,usgs,no_data,,2026-09-12T11:18:15.504418+00:00
usp0009f5w,KCTX,100.54,5.2,1999-09-29 00:13:05.580000+00:00,usgs,no_data,,2026-09-12T11:18:16.554206+00:00
usp0009ffh,KCTX,392.89,5.2,1999-10-05 00:53:28.970000+00:00,usgs,no_data,,2026-09-12T11:18:17.782763+00:00
usp0009gax,ISK,32.5,4.6,1999-10-20 23:08:19.540000+00:00,usgs,no_data,,2026-09-12T11:18:18.843669+00:00
usp0009gax,HRTX,49.45,4.6,1999-10-20 23:08:19.540000+00:00,usgs,no_data,,2026-09-12T11:18:19.542915+00:00
usp0009gax,KCTX,84.98,4.6,1999-10-20 23:08:19.540000+00:00,usgs,no_data,,2026-09-12T11:18:20.300149+00:00
usp0009h7v,KCTX,207.7,5.0,1999-11-07 16:54:41.730000+00:00,usgs,no_data,,2026-09-12T11:18:21.031374+00:00
usp0009hd3,KCTX,171.79,5.7,1999-11-11 14:41:25.610000+00:00,usgs,no_data,,2026-09-12T11:18:21.865882+00:00
usp0009hev,KCTX,245.14,7.2,1999-11-12 16:57:19.550000+00:00,usgs,no_data,,2026-09-12T11:18:22.661111+00:00
usp0009hez,HRTX,113.71,4.8,1999-11-12 17:16:50.120000+00:00,usgs,no_data,,2026-09-12T11:18:23.948006+00:00
usp0009hez,ISK,168.43,4.8,1999-11-12 17:16:50.120000+00:00,usgs,no_data,,2026-09-12T11:18:25.055897+00:00
usp0009hez,KCTX,233.63,4.8,1999-11-12 17:16:50.120000+00:00,usgs,no_data,,2026-09-12T11:18:25.858471+00:00
usp0009hf0,KCTX,242.42,5.5,1999-11-12 17:17:56.790000+00:00,usgs,no_data,,2026-09-12T11:18:26.717261+00:00
usp0009hf1,HRTX,121.48,4.6,1999-11-12 17:22:54.340000+00:00,usgs,no_data,,2026-09-12T11:19:08.322135+00:00
usp0009hf1,ISK,175.35,4.6,1999-11-12 17:22:54.340000+00:00,usgs,no_data,,2026-09-12T11:19:13.245056+00:00
usp0009hf1,KCTX,242.3,4.6,1999-11-12 17:22:54.340000+00:00,usgs,no_data,,2026-09-12T11:19:16.373584+00:00
usp0009hf2,HRTX,155.6,4.5,1999-11-12 17:26:14.640000+00:00,usgs,no_data,,2026-09-12T11:19:18.752534+00:00
usp0009hf2,ISK,210.4,4.5,1999-11-12 17:26:14.640000+00:00,usgs,no_data,,2026-09-12T11:19:21.497689+00:00
usp0009hf2,KCTX,273.22,4.5,1999-11-12 17:26:14.640000+00:00,usgs,no_data,,2026-09-12T11:19:22.824871+00:00
usp0009hf3,KCTX,270.41,5.2,1999-11-12 17:29:31.510000+00:00,usgs,no_data,,2026-09-12T11:19:24.160623+00:00
usp0009hf4,HRTX,108.08,4.5,1999-11-12 17:46:56.820000+00:00,usgs,no_data,,2026-09-12T11:19:26.252275+00:00
usp0009hf4,ISK,163.33,4.5,1999-11-12 17:46:56.820000+00:00,usgs,no_data,,2026-09-12T11:19:27.038459+00:00
usp0009hf4,KCTX,227.4,4.5,1999-11-12 17:46:56.820000+00:00,usgs,no_data,,2026-09-12T11:19:29.454383+00:00
usp0009hfc,HRTX,140.48,4.8,1999-11-12 18:14:31.190000+00:00,usgs,no_data,,2026-09-12T11:19:31.185987+00:00
usp0009hfc,ISK,194.95,4.8,1999-11-12 18:14:31.190000+00:00,usgs,no_data,,2026-09-12T11:19:32.883305+00:00
usp0009hfc,KCTX,259.4,4.8,1999-11-12 18:14:31.190000+00:00,usgs,no_data,,2026-09-12T11:19:34.151110+00:00
usp0009hfs,HRTX,130.27,4.5,1999-11-12 20:04:44.990000+00:00,usgs,no_data,,2026-09-12T11:19:35.261206+00:00
usp0009hfs,ISK,184.6,4.5,1999-11-12 20:04:44.990000+00:00,usgs,no_data,,2026-09-12T11:19:36.394547+00:00
usp0009hfs,KCTX,249.92,4.5,1999-11-12 20:04:44.990000+00:00,usgs,no_data,,2026-09-12T11:19:37.671340+00:00
usp0009hgn,HRTX,116.0,4.8,1999-11-13 00:54:55.330000+00:00,usgs,no_data,,2026-09-12T11:19:38.834153+00:00
usp0009hgn,ISK,170.43,4.8,1999-11-13 00:54:55.330000+00:00,usgs,no_data,,2026-09-12T11:19:39.653034+00:00
usp0009hgn,KCTX,236.25,4.8,1999-11-13 00:54:55.330000+00:00,usgs,no_data,,2026-09-12T11:19:41.166171+00:00
usp0009hqg,KCTX,281.32,5.1,1999-11-16 17:51:18.100000+00:00,usgs,no_data,,2026-09-12T11:19:42.793553+00:00
usp0009hrs,HRTX,151.01,4.8,1999-11-17 08:15:26.200000+00:00,usgs,no_data,,2026-09-12T11:19:43.847172+00:00
usp0009hrs,ISK,204.23,4.8,1999-11-17 08:15:26.200000+00:00,usgs,no_data,,2026-09-12T11:19:45.149992+00:00
usp0009hrs,KCTX,271.48,4.8,1999-11-17 08:15:26.200000+00:00,usgs,no_data,,2026-09-12T11:19:46.685663+00:00
usp0009hv2,HRTX,108.92,4.8,1999-11-19 19:59:07.960000+00:00,usgs,no_data,,2026-09-12T11:19:47.696709+00:00
usp0009hv2,ISK,162.7,4.8,1999-11-19 19:59:07.960000+00:00,usgs,no_data,,2026-09-12T11:19:48.672639+00:00
usp0009hv2,KCTX,230.54,4.8,1999-11-19 19:59:07.960000+00:00,usgs,no_data,,2026-09-12T11:19:49.889838+00:00
usp0009hzw,KCTX,332.52,4.5,1999-11-23 00:47:51.760000+00:00,usgs,no_data,,2026-09-12T11:19:50.690651+00:00
usp0009hzw,ISK,342.63,4.5,1999-11-23 00:47:51.760000+00:00,usgs,no_data,,2026-09-12T11:19:51.799448+00:00
usp0009n64,HRTX,381.69,4.6,2000-02-07 20:11:49.050000+00:00,usgs,no_data,,2026-09-12T11:19:53.014318+00:00
usp0009nep,CANT,163.22,4.9,2000-02-14 06:56:34.350000+00:00,usgs,no_data,,2026-09-12T11:19:54.259510+00:00
usp0009nep,HRTX,176.76,4.9,2000-02-14 06:56:34.350000+00:00,usgs,no_data,,2026-09-12T11:19:55.776063+00:00
usp0009nep,ISK,226.31,4.9,2000-02-14 06:56:34.350000+00:00,usgs,no_data,,2026-09-12T11:19:56.803368+00:00
usp0009nep,KCTX,300.6,4.9,2000-02-14 06:56:34.350000+00:00,usgs,no_data,,2026-09-12T11:19:58.128719+00:00
usp0009qqa,HRTX,48.07,4.6,2000-04-02 18:57:38.300000+00:00,usgs,no_data,,2026-09-12T11:19:59.569335+00:00
usp0009qqa,ISK,103.6,4.6,2000-04-02 18:57:38.300000+00:00,usgs,no_data,,2026-09-12T11:20:01.431439+00:00
usp0009qqa,KCTX,172.13,4.6,2000-04-02 18:57:38.300000+00:00,usgs,no_data,,2026-09-12T11:20:02.799781+00:00
usp0009qqa,KHL,282.49,4.6,2000-04-02 18:57:38.300000+00:00,usgs,no_data,,2026-09-12T11:20:03.745453+00:00
usp0009rnd,KCTX,282.47,5.5,2000-04-21 12:23:10.510000+00:00,usgs,no_data,,2026-09-12T11:20:04.918449+00:00
usp0009rnd,HRTX,330.35,5.5,2000-04-21 12:23:10.510000+00:00,usgs,no_data,,2026-09-12T11:20:05.921875+00:00
usp0009rnd,ISK,358.73,5.5,2000-04-21 12:23:10.510000+00:00,usgs,no_data,,2026-09-12T11:20:06.898968+00:00
usp0009u3d,HRTX,279.85,6.0,2000-06-06 02:41:49.800000+00:00,usgs,no_data,,2026-09-12T11:20:08.165794+00:00
usp0009u3d,ISK,333.15,6.0,2000-06-06 02:41:49.800000+00:00,usgs,no_data,,2026-09-12T11:20:08.897266+00:00
usp0009u3d,KCTX,396.72,6.0,2000-06-06 02:41:49.800000+00:00,usgs,no_data,,2026-09-12T11:20:09.692553+00:00
usp0009u8x,CANT,59.1,4.5,2000-06-08 21:27:58.650000+00:00,usgs,no_data,,2026-09-12T11:20:11.130863+00:00
usp0009u8x,HRTX,274.94,4.5,2000-06-08 21:27:58.650000+00:00,usgs,no_data,,2026-09-12T11:20:13.005220+00:00
usp0009u8x,ISK,328.0,4.5,2000-06-08 21:27:58.650000+00:00,usgs,no_data,,2026-09-12T11:20:13.917814+00:00
usp0009u8x,KCTX,392.36,4.5,2000-06-08 21:27:58.650000+00:00,usgs,no_data,,2026-09-12T11:20:15.692133+00:00
usp0009u9h,CANT,59.29,4.6,2000-06-09 03:14:19.580000+00:00,usgs,no_data,,2026-09-12T11:20:16.698282+00:00
usp0009u9h,HRTX,274.24,4.6,2000-06-09 03:14:19.580000+00:00,usgs,no_data,,2026-09-12T11:20:17.568225+00:00
usp0009u9h,ISK,327.63,4.6,2000-06-09 03:14:19.580000+00:00,usgs,no_data,,2026-09-12T11:20:18.858991+00:00
usp0009u9h,KCTX,391.05,4.6,2000-06-09 03:14:19.580000+00:00,usgs,no_data,,2026-09-12T11:20:19.826955+00:00
usp0009yn9,CANT,26.05,4.8,2000-08-17 11:49:50.380000+00:00,usgs,no_data,,2026-09-12T11:20:20.972835+00:00
usp0009yn9,TOKT,229.09,4.8,2000-08-17 11:49:50.380000+00:00,usgs,no_data,,2026-09-12T11:20:22.547634+00:00
usp0009yn9,HRTX,354.99,4.8,2000-08-17 11:49:50.380000+00:00,usgs,no_data,,2026-09-12T11:20:23.783418+00:00
usp0009yn9,IZI,376.29,4.8,2000-08-17 11:49:50.380000+00:00,usgs,no_data,,2026-09-12T11:20:24.657522+00:00
usp0009z1g,YLV,114.57,5.3,2000-08-23 13:41:28.140000+00:00,usgs,no_data,,2026-09-12T11:20:25.870618+00:00
usp0009z1g,ISK,145.95,5.3,2000-08-23 13:41:28.140000+00:00,usgs,no_data,,2026-09-12T11:20:27.015002+00:00
usp0009zw3,DST,83.68,4.5,2000-09-08 05:46:47.010000+00:00,usgs,no_data,,2026-09-12T11:20:28.787108+00:00
usp0009zw3,KCTX,113.68,4.5,2000-09-08 05:46:47.010000+00:00,usgs,no_data,,2026-09-12T11:20:29.972837+00:00
usp0009zw3,IZI,185.81,4.5,2000-09-08 05:46:47.010000+00:00,usgs,no_data,,2026-09-12T11:20:31.211999+00:00
usp0009zw3,YLV,195.16,4.5,2000-09-08 05:46:47.010000+00:00,usgs,no_data,,2026-09-12T11:20:32.746071+00:00
usp000a0as,YER,83.0,4.5,2000-09-16 04:41:42.870000+00:00,usgs,no_data,,2026-09-12T11:20:33.692261+00:00
usp000a0as,KHL,252.07,4.5,2000-09-16 04:41:42.870000+00:00,usgs,no_data,,2026-09-12T11:20:35.301120+00:00
usp000a0as,DST,335.14,4.5,2000-09-16 04:41:42.870000+00:00,usgs,no_data,,2026-09-12T11:20:36.085158+00:00
usp000a17n,KHL,61.74,4.6,2000-10-04 02:33:57.010000+00:00,usgs,no_data,,2026-09-12T11:20:37.777056+00:00
usp000a17n,YER,110.1,4.6,2000-10-04 02:33:57.010000+00:00,usgs,no_data,,2026-09-12T11:20:38.603989+00:00
usp000a17n,DST,190.98,4.6,2000-10-04 02:33:57.010000+00:00,usgs,no_data,,2026-09-12T11:20:39.594867+00:00
usp000a17n,KCTX,267.82,4.6,2000-10-04 02:33:57.010000+00:00,usgs,no_data,,2026-09-12T11:20:40.454083+00:00
usp000a1r4,YER,251.32,4.6,2000-10-13 22:49:48.200000+00:00,usgs,no_data,,2026-09-12T11:20:41.319405+00:00
usp000a410,KARS,264.55,4.6,2000-11-17 00:28:00.130000+00:00,usgs,no_data,,2026-09-12T11:20:42.761559+00:00
usp000a5rt,KARS,231.16,4.6,2000-12-09 08:37:06.290000+00:00,usgs,no_data,,2026-09-12T11:20:44.066022+00:00
usp000a64e,IZI,250.7,5.0,2000-12-15 16:44:43.440000+00:00,usgs,no_data,,2026-09-12T11:20:45.998860+00:00
usp000a64e,DST,252.16,5.0,2000-12-15 16:44:43.440000+00:00,usgs,no_data,,2026-09-12T11:20:47.249066+00:00
usp000a64f,IZI,265.68,6.0,2000-12-15 16:44:47.660000+00:00,usgs,no_data,,2026-09-12T11:20:48.122359+00:00
usp000a64f,DST,267.65,6.0,2000-12-15 16:44:47.660000+00:00,usgs,no_data,,2026-09-12T11:20:49.001477+00:00
usp000a6nf,KARS,329.25,4.6,2000-12-24 11:30:47.500000+00:00,usgs,no_data,,2026-09-12T11:20:49.801146+00:00
usp000a6nf,TOKT,370.78,4.6,2000-12-24 11:30:47.500000+00:00,usgs,no_data,,2026-09-12T11:20:50.876003+00:00
usp000a7vs,IKL,236.18,4.5,2001-01-17 12:09:53.950000+00:00,usgs,no_data,,2026-09-12T11:20:52.002909+00:00
usp000a7vs,KONT,347.34,4.5,2001-01-17 12:09:53.950000+00:00,usgs,no_data,,2026-09-12T11:20:52.771453+00:00
usp000a7vs,TOKT,364.44,4.5,2001-01-17 12:09:53.950000+00:00,usgs,no_data,,2026-09-12T11:20:53.650688+00:00
usp000a7vs,LEF,365.76,4.5,2001-01-17 12:09:53.950000+00:00,usgs,no_data,,2026-09-12T11:20:54.670741+00:00
usp000abvb,CANT,44.77,4.5,2001-03-22 14:02:25.320000+00:00,usgs,no_data,,2026-09-12T11:20:55.935824+00:00
usp000abvb,SAFT,73.22,4.5,2001-03-22 14:02:25.320000+00:00,usgs,no_data,,2026-09-12T11:20:56.951028+00:00
usp000abvb,KVT,252.75,4.5,2001-03-22 14:02:25.320000+00:00,usgs,no_data,,2026-09-12T11:20:57.961907+00:00
usp000abvb,HRTX,288.62,4.5,2001-03-22 14:02:25.320000+00:00,usgs,no_data,,2026-09-12T11:20:59.636552+00:00
usp000ae8w,KHL,342.98,5.2,2001-05-01 06:00:56.390000+00:00,usgs,no_data,,2026-09-12T11:21:00.560971+00:00
usp000afqc,KHL,359.66,5.2,2001-05-29 04:43:57.940000+00:00,usgs,no_data,,2026-09-12T11:21:01.520688+00:00
usp000afr4,KARS,152.33,4.8,2001-05-29 13:14:30.350000+00:00,usgs,no_data,,2026-09-12T11:21:02.511789+00:00
usp000afr7,KARS,128.89,4.7,2001-05-29 14:15:54.940000+00:00,usgs,no_data,,2026-09-12T11:21:03.199772+00:00
usp000agbw,MRMT,281.58,5.6,2001-06-10 13:11:04.230000+00:00,usgs,no_data,,2026-09-12T11:21:03.864759+00:00
usp000agbw,DST,283.81,5.6,2001-06-10 13:11:04.230000+00:00,usgs,no_data,,2026-09-12T11:21:05.149145+00:00
usp000agbw,YER,284.45,5.6,2001-06-10 13:11:04.230000+00:00,usgs,no_data,,2026-09-12T11:21:06.011311+00:00
usp000agbw,KCTX,299.31,5.6,2001-06-10 13:11:04.230000+00:00,usgs,no_data,,2026-09-12T11:21:06.721191+00:00
usp000ah28,DST,70.32,4.6,2001-06-22 11:54:50.960000+00:00,usgs,no_data,,2026-09-12T11:21:07.429796+00:00
usp000ah28,KCTX,112.65,4.6,2001-06-22 11:54:50.960000+00:00,usgs,no_data,,2026-09-12T11:21:08.512129+00:00
usp000ah28,MRMT,147.57,4.6,2001-06-22 11:54:50.960000+00:00,usgs,no_data,,2026-09-12T11:21:09.380917+00:00
usp000ah28,IZI,176.4,4.6,2001-06-22 11:54:50.960000+00:00,usgs,no_data,,2026-09-12T11:21:10.729514+00:00
usp000ah3s,KHL,331.57,5.7,2001-06-23 06:52:42.960000+00:00,usgs,no_data,,2026-09-12T11:21:12.271132+00:00
usp000ahe3,IKL,250.76,5.5,2001-06-25 13:28:46.510000+00:00,usgs,no_data,,2026-09-12T11:21:13.266897+00:00
usp000ahe3,TOKT,343.66,5.5,2001-06-25 13:28:46.510000+00:00,usgs,no_data,,2026-09-12T11:21:14.482156+00:00
usp000ahe3,KONT,348.43,5.5,2001-06-25 13:28:46.510000+00:00,usgs,no_data,,2026-09-12T11:21:17.057231+00:00
usp000amdg,MRMT,238.99,4.6,2001-08-13 14:26:11.880000+00:00,usgs,no_data,,2026-09-12T11:21:17.814741+00:00
usp000amdg,ISK,272.11,4.6,2001-08-13 14:26:11.880000+00:00,usgs,no_data,,2026-09-12T11:21:18.943218+00:00
usp000amdg,KCTX,301.48,4.6,2001-08-13 14:26:11.880000+00:00,usgs,no_data,,2026-09-12T11:21:20.726644+00:00
usp000amdg,YLV,328.59,4.6,2001-08-13 14:26:11.880000+00:00,usgs,no_data,,2026-09-12T11:21:22.052967+00:00
usp000amrt,KARS,96.09,4.5,2001-08-20 18:50:40.270000+00:00,usgs,no_data,,2026-09-12T11:21:23.933280+00:00
usp000an1e,CANT,176.51,5.0,2001-08-26 00:41:13.170000+00:00,usgs,no_data,,2026-09-12T11:21:25.072743+00:00
usp000an1e,IZI,190.34,5.0,2001-08-26 00:41:13.170000+00:00,usgs,no_data,,2026-09-12T11:21:25.789056+00:00
usp000ap47,YER,301.05,4.7,2001-09-13 15:42:51.030000+00:00,usgs,no_data,,2026-09-12T11:21:27.052248+00:00
usp000ar6h,CEYT,49.63,4.7,2001-10-18 15:50:30.890000+00:00,usgs,no_data,,2026-09-12T11:21:28.477853+00:00
usp000ar6h,IKL,154.63,4.7,2001-10-18 15:50:30.890000+00:00,usgs,no_data,,2026-09-12T11:21:29.474891+00:00
usp000ar6h,BNN,224.32,4.7,2001-10-18 15:50:30.890000+00:00,usgs,no_data,,2026-09-12T11:21:30.275011+00:00
usp000ar6h,KONT,277.84,4.7,2001-10-18 15:50:30.890000+00:00,usgs,no_data,,2026-09-12T11:21:31.495297+00:00
usp000ary5,YER,197.04,4.5,2001-10-30 21:00:09.600000+00:00,usgs,no_data,,2026-09-12T11:21:32.318250+00:00
usp000ary5,KHL,283.63,4.5,2001-10-30 21:00:09.600000+00:00,usgs,no_data,,2026-09-12T11:21:33.315099+00:00
usp000ary5,LEF,294.15,4.5,2001-10-30 21:00:09.600000+00:00,usgs,no_data,,2026-09-12T11:21:34.243023+00:00
usp000ary5,KONT,338.57,4.5,2001-10-30 21:00:09.600000+00:00,usgs,no_data,,2026-09-12T11:21:35.368539+00:00
usp000arzg,IKL,245.73,5.1,2001-10-31 12:33:52.810000+00:00,usgs,no_data,,2026-09-12T11:21:36.212124+00:00
usp000arzg,KONT,342.13,5.1,2001-10-31 12:33:52.810000+00:00,usgs,no_data,,2026-09-12T11:21:36.933173+00:00
usp000atva,VANB,15.63,4.7,2001-12-02 04:11:48.250000+00:00,usgs,no_data,,2026-09-12T11:21:38.294387+00:00
usp000atva,KARS,242.81,4.7,2001-12-02 04:11:48.250000+00:00,usgs,no_data,,2026-09-12T11:21:39.033223+00:00
usp000av0m,YER,146.35,4.5,2001-12-21 14:25:26.070000+00:00,usgs,no_data,,2026-09-12T11:21:39.657886+00:00
usp000av0m,ELL,235.47,4.5,2001-12-21 14:25:26.070000+00:00,usgs,no_data,,2026-09-12T11:21:40.575221+00:00
usp000av0m,KHL,317.21,4.5,2001-12-21 14:25:26.070000+00:00,usgs,no_data,,2026-09-12T11:21:41.704413+00:00
usp000awx2,BALB,109.73,4.6,2002-01-21 14:34:23.370000+00:00,usgs,no_data,,2026-09-12T11:21:42.658626+00:00
usp000awx2,DST,122.73,4.6,2002-01-21 14:34:23.370000+00:00,usgs,no_data,,2026-09-12T11:21:43.577004+00:00
usp000awx2,KHL,148.31,4.6,2002-01-21 14:34:23.370000+00:00,usgs,no_data,,2026-09-12T11:21:44.352094+00:00
usp000awx2,YER,173.81,4.6,2002-01-21 14:34:23.370000+00:00,usgs,no_data,,2026-09-12T11:21:45.161024+00:00
usp000awya,ELL,313.71,6.2,2002-01-22 04:53:52.650000+00:00,usgs,no_data,,2026-09-12T11:21:45.821367+00:00
usp000awya,KHL,382.17,6.2,2002-01-22 04:53:52.650000+00:00,usgs,no_data,,2026-09-12T11:21:46.431871+00:00
usp000axp7,KHL,154.26,6.5,2002-02-03 07:11:28.410000+00:00,usgs,no_data,,2026-09-12T11:21:47.072649+00:00
usp000axp7,KAMT,228.56,6.5,2002-02-03 07:11:28.410000+00:00,usgs,no_data,,2026-09-12T11:21:47.766379+00:00
usp000axp8,KONT,153.64,5.5,2002-02-03 07:14:36.420000+00:00,usgs,no_data,,2026-09-12T11:21:48.370067+00:00
usp000axp8,DST,218.09,5.5,2002-02-03 07:14:36.420000+00:00,usgs,no_data,,2026-09-12T11:21:49.095652+00:00
usp000axpg,KONT,147.45,6.0,2002-02-03 09:26:43.350000+00:00,usgs,no_data,,2026-09-12T11:21:50.079231+00:00
usp000axpg,DST,224.07,6.0,2002-02-03 09:26:43.350000+00:00,usgs,no_data,,2026-09-12T11:21:51.080385+00:00
usp000axpx,KHL,146.13,5.3,2002-02-03 11:39:55.380000+00:00,usgs,no_data,,2026-09-12T11:21:52.086152+00:00
usp000axpx,ELL,229.63,5.3,2002-02-03 11:39:55.380000+00:00,usgs,no_data,,2026-09-12T11:21:52.927865+00:00
usp000axpy,ALT,105.44,4.8,2002-02-03 11:54:35.530000+00:00,usgs,no_data,,2026-09-12T11:21:53.790059+00:00
usp000axpy,KONT,125.08,4.8,2002-02-03 11:54:35.530000+00:00,usgs,no_data,,2026-09-12T11:21:54.542288+00:00
usp000axpy,KHL,146.03,4.8,2002-02-03 11:54:35.530000+00:00,usgs,no_data,,2026-09-12T11:21:56.965965+00:00
usp000axpy,ELL,232.89,4.8,2002-02-03 11:54:35.530000+00:00,usgs,no_data,,2026-09-12T11:21:58.530457+00:00
usp000azax,VANB,150.91,4.7,2002-02-28 00:46:30.900000+00:00,usgs,no_data,,2026-09-12T11:22:00.028657+00:00
usp000azax,KARS,381.58,4.7,2002-02-28 00:46:30.900000+00:00,usgs,no_data,,2026-09-12T11:22:00.864282+00:00
usp000b09n,VANB,112.7,4.6,2002-03-14 12:56:58.870000+00:00,usgs,no_data,,2026-09-12T11:22:01.740414+00:00
usp000b09n,KARS,165.49,4.6,2002-03-14 12:56:58.870000+00:00,usgs,no_data,,2026-09-12T11:22:02.823645+00:00
usp000b1ye,VANB,162.17,4.5,2002-04-07 22:50:31.260000+00:00,usgs,no_data,,2026-09-12T11:22:03.691596+00:00
usp000b1ye,KARS,310.03,4.5,2002-04-07 22:50:31.260000+00:00,usgs,no_data,,2026-09-12T11:22:04.429016+00:00
usp000b35x,KARS,201.82,4.8,2002-04-25 17:41:21.530000+00:00,usgs,no_data,,2026-09-12T11:22:05.237076+00:00
usp000b35x,VANB,385.39,4.8,2002-04-25 17:41:21.530000+00:00,usgs,no_data,,2026-09-12T11:22:07.564453+00:00
usp000b3me,VANB,177.53,4.5,2002-05-03 02:18:17.360000+00:00,usgs,no_data,,2026-09-12T11:22:08.541888+00:00
usp000b53u,YER,156.73,4.5,2002-05-28 08:26:40.580000+00:00,usgs,no_data,,2026-09-12T11:22:09.247337+00:00
usp000b53u,ELL,254.13,4.5,2002-05-28 08:26:40.580000+00:00,usgs,no_data,,2026-09-12T11:22:10.450386+00:00
usp000b53u,KHL,328.38,4.5,2002-05-28 08:26:40.580000+00:00,usgs,no_data,,2026-09-12T11:22:11.091563+00:00
usp000b5nw,YER,250.3,5.2,2002-06-06 22:35:41.980000+00:00,usgs,no_data,,2026-09-12T11:22:12.934838+00:00
usp000b5nw,ELL,355.95,5.2,2002-06-06 22:35:41.980000+00:00,usgs,no_data,,2026-09-12T11:22:14.346839+00:00
usp000b7r2,ELL,92.65,4.5,2002-07-08 09:42:03.980000+00:00,usgs,no_data,,2026-09-12T11:22:15.549402+00:00
usp000b7r2,KONT,163.14,4.5,2002-07-08 09:42:03.980000+00:00,usgs,no_data,,2026-09-12T11:22:16.637700+00:00
usp000b7r2,DENT,176.03,4.5,2002-07-08 09:42:03.980000+00:00,usgs,no_data,,2026-09-12T11:22:17.725740+00:00
usp000b7r2,KHL,178.62,4.5,2002-07-08 09:42:03.980000+00:00,usgs,no_data,,2026-09-12T11:22:18.632794+00:00
usp000bb3p,YER,277.74,4.9,2002-09-02 09:23:45.150000+00:00,usgs,no_data,,2026-09-12T11:22:19.857356+00:00
usp000bb3p,ELL,356.87,4.9,2002-09-02 09:23:45.150000+00:00,usgs,no_data,,2026-09-12T11:22:20.632755+00:00
usp000bb3p,DENT,372.55,4.9,2002-09-02 09:23:45.150000+00:00,usgs,no_data,,2026-09-12T11:22:21.328794+00:00
usp000bd6a,YER,56.66,4.5,2002-09-26 20:44:07.210000+00:00,usgs,no_data,,2026-09-12T11:22:22.169844+00:00
usp000bd6a,DENT,150.1,4.5,2002-09-26 20:44:07.210000+00:00,usgs,no_data,,2026-09-12T11:22:23.046626+00:00
usp000bd6a,ELL,167.88,4.5,2002-09-26 20:44:07.210000+00:00,usgs,no_data,,2026-09-12T11:22:24.431525+00:00
usp000bd6a,KHL,226.79,4.5,2002-09-26 20:44:07.210000+00:00,usgs,no_data,,2026-09-12T11:22:25.320338+00:00
usp000beqc,GUMT,132.54,4.8,2002-10-17 00:53:02.060000+00:00,usgs,no_data,,2026-09-12T11:22:26.497118+00:00
usp000beqc,KARS,273.09,4.8,2002-10-17 00:53:02.060000+00:00,usgs,no_data,,2026-09-12T11:22:27.610481+00:00
usp000beqc,VANB,289.84,4.8,2002-10-17 00:53:02.060000+00:00,usgs,no_data,,2026-09-12T11:22:29.486584+00:00
usp000beqc,TOKT,332.82,4.8,2002-10-17 00:53:02.060000+00:00,usgs,no_data,,2026-09-12T11:22:32.478320+00:00
usp000bf11,GUMT,130.44,4.7,2002-10-22 15:52:13.020000+00:00,usgs,no_data,,2026-09-12T11:22:33.755440+00:00
usp000bf11,KARS,281.52,4.7,2002-10-22 15:52:13.020000+00:00,usgs,no_data,,2026-09-12T11:22:34.896247+00:00
usp000bf11,VANB,297.04,4.7,2002-10-22 15:52:13.020000+00:00,usgs,no_data,,2026-09-12T11:22:35.894719+00:00
usp000bf11,TOKT,325.55,4.7,2002-10-22 15:52:13.020000+00:00,usgs,no_data,,2026-09-12T11:22:36.545865+00:00
usp000bhz5,GAZ,143.21,4.6,2002-11-19 01:25:36.440000+00:00,usgs,no_data,,2026-09-12T11:22:37.703004+00:00
usp000bhz5,BNN,243.23,4.6,2002-11-19 01:25:36.440000+00:00,usgs,no_data,,2026-09-12T11:22:38.572975+00:00
usp000bhz5,CEYT,262.01,4.6,2002-11-19 01:25:36.440000+00:00,usgs,no_data,,2026-09-12T11:22:39.541736+00:00
usp000bhz5,GUMT,286.37,4.6,2002-11-19 01:25:36.440000+00:00,usgs,no_data,,2026-09-12T11:22:40.604470+00:00
usp000bkd0,VANB,261.57,4.8,2002-12-09 07:50:58.920000+00:00,usgs,no_data,,2026-09-12T11:22:41.804068+00:00
usp000bknf,CEYT,69.78,4.9,2002-12-14 01:02:43.540000+00:00,usgs,no_data,,2026-09-12T11:22:42.825613+00:00
usp000bknf,GAZ,97.36,4.9,2002-12-14 01:02:43.540000+00:00,usgs,no_data,,2026-09-12T11:22:44.141621+00:00
usp000bknf,BNN,150.88,4.9,2002-12-14 01:02:43.540000+00:00,usgs,no_data,,2026-09-12T11:22:45.050560+00:00
usp000bknf,NIG,153.77,4.9,2002-12-14 01:02:43.540000+00:00,usgs,no_data,,2026-09-12T11:22:45.873066+00:00
usp000bpa1,TOKT,298.49,6.1,2003-01-27 05:26:23.040000+00:00,usgs,no_data,,2026-09-12T11:22:46.529125+00:00
usp000bpa1,KARS,300.44,6.1,2003-01-27 05:26:23.040000+00:00,usgs,no_data,,2026-09-12T11:22:47.296161+00:00
usp000bpa1,VANB,324.1,6.1,2003-01-27 05:26:23.040000+00:00,usgs,no_data,,2026-09-12T11:22:48.340723+00:00
usp000bssh,VANB,207.32,4.7,2003-03-16 09:06:23.470000+00:00,usgs,no_data,,2026-09-12T11:22:49.093447+00:00
usp000buu9,EZN,186.61,5.8,2003-04-10 00:40:15.110000+00:00,usgs,no_data,,2026-09-12T11:22:49.707381+00:00
usp000buu9,DENT,189.12,5.8,2003-04-10 00:40:15.110000+00:00,usgs,no_data,,2026-09-12T11:22:51.025145+00:00
usp000bvdg,DENT,183.82,5.2,2003-04-17 22:34:24.590000+00:00,usgs,no_data,,2026-09-12T11:22:51.626651+00:00
usp000bvdg,EZN,194.39,5.2,2003-04-17 22:34:24.590000+00:00,usgs,no_data,,2026-09-12T11:22:52.356266+00:00
usp000bvj9,YER,227.76,4.6,2003-04-19 20:55:51.120000+00:00,usgs,no_data,,2026-09-12T11:22:53.258141+00:00
usp000bvj9,ELL,267.0,4.6,2003-04-19 20:55:51.120000+00:00,usgs,no_data,,2026-09-12T11:22:53.951522+00:00
usp000bvj9,DENT,314.02,4.6,2003-04-19 20:55:51.120000+00:00,usgs,no_data,,2026-09-12T11:22:54.966047+00:00
usp000bvj9,BCK,365.06,4.6,2003-04-19 20:55:51.120000+00:00,usgs,no_data,,2026-09-12T11:22:56.047847+00:00
usp000bwbc,VANB,260.99,6.4,2003-05-01 00:27:04.700000+00:00,usgs,no_data,,2026-09-12T11:22:57.076426+00:00
usp000bwbc,KARS,287.08,6.4,2003-05-01 00:27:04.700000+00:00,usgs,no_data,,2026-09-12T11:22:58.249069+00:00
usp000bwbc,GAZ,350.31,6.4,2003-05-01 00:27:04.700000+00:00,usgs,no_data,,2026-09-12T11:22:59.611729+00:00
usp000bwh3,ELL,145.66,5.5,2003-05-03 11:22:40.630000+00:00,usgs,no_data,,2026-09-12T11:23:00.426716+00:00
usp000bwh3,IKL,204.95,5.5,2003-05-03 11:22:40.630000+00:00,usgs,no_data,,2026-09-12T11:23:01.344694+00:00
usp000bwtk,GUMT,187.97,4.6,2003-05-08 01:44:20.590000+00:00,usgs,no_data,,2026-09-12T11:23:02.179763+00:00
usp000bwtk,VANB,249.25,4.6,2003-05-08 01:44:20.590000+00:00,usgs,no_data,,2026-09-12T11:23:02.922189+00:00
usp000bwtk,KARS,277.18,4.6,2003-05-08 01:44:20.590000+00:00,usgs,no_data,,2026-09-12T11:23:03.713829+00:00
usp000bwtk,GAZ,360.9,4.6,2003-05-08 01:44:20.590000+00:00,usgs,no_data,,2026-09-12T11:23:04.989395+00:00
usp000bwza,GUMT,174.62,4.6,2003-05-10 15:44:51.210000+00:00,usgs,no_data,,2026-09-12T11:23:05.903248+00:00
usp000bwza,VANB,270.76,4.6,2003-05-10 15:44:51.210000+00:00,usgs,no_data,,2026-09-12T11:23:06.722879+00:00
usp000bwza,KARS,291.14,4.6,2003-05-10 15:44:51.210000+00:00,usgs,no_data,,2026-09-12T11:23:07.336324+00:00
usp000bwza,GAZ,345.76,4.6,2003-05-10 15:44:51.210000+00:00,usgs,no_data,,2026-09-12T11:23:07.848960+00:00
usp000bzge,EDC,17.75,4.5,2003-06-09 17:44:03.030000+00:00,usgs,no_data,,2026-09-12T11:23:08.920727+00:00
usp000bzge,KCTX,26.86,4.5,2003-06-09 17:44:03.030000+00:00,usgs,no_data,,2026-09-12T11:23:09.641562+00:00
usp000bzge,MRMT,55.07,4.5,2003-06-09 17:44:03.030000+00:00,usgs,no_data,,2026-09-12T11:23:10.942860+00:00
usp000bzge,BALB,67.08,4.5,2003-06-09 17:44:03.030000+00:00,usgs,no_data,,2026-09-12T11:23:12.248611+00:00
usp000c1tz,MRMT,133.04,5.7,2003-07-06 19:10:28.160000+00:00,usgs,no_data,,2026-09-12T11:23:13.363345+00:00
usp000c1tz,EDC,156.02,5.7,2003-07-06 19:10:28.160000+00:00,usgs,no_data,,2026-09-12T11:23:14.458829+00:00
usp000c1u9,MRMT,124.78,5.3,2003-07-06 20:10:16.450000+00:00,usgs,no_data,,2026-09-12T11:23:15.105520+00:00
usp000c1u9,EDC,147.08,5.3,2003-07-06 20:10:16.450000+00:00,usgs,no_data,,2026-09-12T11:23:15.863361+00:00
usp000c23h,EZN,67.68,4.8,2003-07-09 22:31:41.220000+00:00,usgs,no_data,,2026-09-12T11:23:16.461100+00:00
usp000c23h,LAP,70.29,4.8,2003-07-09 22:31:41.220000+00:00,usgs,no_data,,2026-09-12T11:23:17.316378+00:00
usp000c23h,MRMT,142.67,4.8,2003-07-09 22:31:41.220000+00:00,usgs,no_data,,2026-09-12T11:23:18.122131+00:00
usp000c23h,EDC,163.7,4.8,2003-07-09 22:31:41.220000+00:00,usgs,no_data,,2026-09-12T11:23:22.208241+00:00
usp000c2bg,BNN,278.03,5.6,2003-07-13 01:48:21.990000+00:00,usgs,no_data,,2026-09-12T11:23:23.164015+00:00
usp000c2bg,TOKT,306.94,5.6,2003-07-13 01:48:21.990000+00:00,usgs,no_data,,2026-09-12T11:23:23.932362+00:00
usp000c33z,AKS,119.82,5.4,2003-07-23 04:56:02.960000+00:00,usgs,no_data,,2026-09-12T11:23:24.735812+00:00
usp000c33z,YER,125.86,5.4,2003-07-23 04:56:02.960000+00:00,usgs,no_data,,2026-09-12T11:23:25.758866+00:00
usp000c3c6,DENT,41.72,4.5,2003-07-26 01:00:57.600000+00:00,usgs,no_data,,2026-09-12T11:23:27.055472+00:00
usp000c3c6,KHL,60.81,4.5,2003-07-26 01:00:57.600000+00:00,usgs,no_data,,2026-09-12T11:23:28.129513+00:00
usp000c3c6,YER,120.96,4.5,2003-07-26 01:00:57.600000+00:00,usgs,no_data,,2026-09-12T11:23:29.185619+00:00
usp000c3c6,AKS,126.57,4.5,2003-07-26 01:00:57.600000+00:00,usgs,no_data,,2026-09-12T11:23:30.217496+00:00
usp000c3da,YER,113.59,5.4,2003-07-26 08:36:49.170000+00:00,usgs,no_data,,2026-09-12T11:23:31.276515+00:00
usp000c3da,AKS,136.18,5.4,2003-07-26 08:36:49.170000+00:00,usgs,no_data,,2026-09-12T11:23:32.068497+00:00
usp000c3dx,DENT,41.34,4.6,2003-07-26 13:31:36.150000+00:00,usgs,no_data,,2026-09-12T11:23:33.410872+00:00
usp000c3dx,KHL,57.9,4.6,2003-07-26 13:31:36.150000+00:00,usgs,no_data,,2026-09-12T11:23:34.211012+00:00
usp000c3dx,YER,122.7,4.6,2003-07-26 13:31:36.150000+00:00,usgs,no_data,,2026-09-12T11:23:35.579134+00:00
usp000c3dx,AKS,128.48,4.6,2003-07-26 13:31:36.150000+00:00,usgs,no_data,,2026-09-12T11:23:36.355978+00:00
usp000c4n9,VANB,133.11,4.7,2003-08-11 20:12:08.980000+00:00,usgs,no_data,,2026-09-12T11:23:37.207753+00:00
usp000c4n9,KARS,250.4,4.7,2003-08-11 20:12:08.980000+00:00,usgs,no_data,,2026-09-12T11:23:39.280223+00:00
usp000c7e7,AKS,262.21,5.3,2003-09-13 13:46:14.340000+00:00,usgs,no_data,,2026-09-12T11:23:39.861105+00:00
usp000c7e7,ELL,266.97,5.3,2003-09-13 13:46:14.340000+00:00,usgs,no_data,,2026-09-12T11:23:41.846075+00:00
usp000c8fy,SVSK,120.55,4.7,2003-09-24 08:13:10.290000+00:00,usgs,no_data,,2026-09-12T11:23:42.923628+00:00
usp000c8fy,GUMT,141.52,4.7,2003-09-24 08:13:10.290000+00:00,usgs,no_data,,2026-09-12T11:23:44.353739+00:00
usp000c8fy,TOKT,173.69,4.7,2003-09-24 08:13:10.290000+00:00,usgs,no_data,,2026-09-12T11:23:45.233713+00:00
usp000c8fy,BNN,226.95,4.7,2003-09-24 08:13:10.290000+00:00,usgs,no_data,,2026-09-12T11:23:45.850752+00:00
usp000cauw,VANB,102.82,4.8,2003-10-20 06:26:51.060000+00:00,usgs,no_data,,2026-09-12T11:23:46.560864+00:00
usp000cauw,KARS,252.33,4.8,2003-10-20 06:26:51.060000+00:00,usgs,no_data,,2026-09-12T11:23:47.361811+00:00
usp000cb3e,VANB,127.99,4.8,2003-10-23 17:24:01.340000+00:00,usgs,no_data,,2026-09-12T11:23:48.624724+00:00
usp000cb3e,KARS,346.13,4.8,2003-10-23 17:24:01.340000+00:00,usgs,no_data,,2026-09-12T11:23:49.755744+00:00
usp000cdbd,MLSB,109.88,4.5,2003-11-18 18:36:19.400000+00:00,usgs,no_data,,2026-09-12T11:23:50.396077+00:00
usp000cdbd,YER,139.22,4.5,2003-11-18 18:36:19.400000+00:00,usgs,no_data,,2026-09-12T11:23:51.335135+00:00
usp000cdbd,DENT,229.76,4.5,2003-11-18 18:36:19.400000+00:00,usgs,no_data,,2026-09-12T11:23:52.180662+00:00
usp000cdbd,AKS,262.14,4.5,2003-11-18 18:36:19.400000+00:00,usgs,no_data,,2026-09-12T11:23:52.793373+00:00
usp000cfvs,ORLT,32.38,4.5,2003-12-23 12:23:37.050000+00:00,usgs,no_data,,2026-09-12T11:23:53.492258+00:00
usp000cfvs,IZI,52.62,4.5,2003-12-23 12:23:37.050000+00:00,usgs,no_data,,2026-09-12T11:23:54.419051+00:00
usp000cfvs,DST,61.64,4.5,2003-12-23 12:23:37.050000+00:00,usgs,no_data,,2026-09-12T11:23:55.522661+00:00
usp000cfvs,YLV,73.92,4.5,2003-12-23 12:23:37.050000+00:00,usgs,no_data,,2026-09-12T11:23:56.544583+00:00
usp000ch9c,GAZ,201.69,4.7,2004-01-06 10:39:11.680000+00:00,usgs,no_data,,2026-09-12T11:23:59.344033+00:00
usp000ch9c,GUMT,240.43,4.7,2004-01-06 10:39:11.680000+00:00,usgs,no_data,,2026-09-12T11:24:04.936942+00:00
usp000ch9c,SVSK,244.07,4.7,2004-01-06 10:39:11.680000+00:00,usgs,no_data,,2026-09-12T11:24:08.725546+00:00
usp000ch9c,BNN,276.75,4.7,2004-01-06 10:39:11.680000+00:00,usgs,no_data,,2026-09-12T11:24:10.406424+00:00
usp000cjj4,VANB,140.98,4.5,2004-01-24 04:40:47.740000+00:00,usgs,no_data,,2026-09-12T11:24:11.768340+00:00
usp000cjj4,KARS,323.38,4.5,2004-01-24 04:40:47.740000+00:00,usgs,no_data,,2026-09-12T11:24:14.869107+00:00
usp000ckns,DENT,268.24,5.1,2004-02-07 21:17:24.200000+00:00,usgs,no_data,,2026-09-12T11:24:18.155043+00:00
usp000ckns,ELL,279.69,5.1,2004-02-07 21:17:24.200000+00:00,usgs,no_data,,2026-09-12T11:24:20.468828+00:00
usp000cn9q,ELL,105.64,4.5,2004-02-25 22:02:01.760000+00:00,usgs,no_data,,2026-09-12T11:24:21.801519+00:00
usp000cn9q,BCK,165.7,4.5,2004-02-25 22:02:01.760000+00:00,usgs,no_data,,2026-09-12T11:24:23.674146+00:00
usp000cn9q,HDMB,202.72,4.5,2004-02-25 22:02:01.760000+00:00,usgs,no_data,,2026-09-12T11:24:24.797171+00:00
usp000cn9q,LEF,225.51,4.5,2004-02-25 22:02:01.760000+00:00,usgs,no_data,,2026-09-12T11:24:25.670093+00:00
usp000cnb2,GAZ,123.24,4.8,2004-02-26 04:14:03.040000+00:00,usgs,no_data,,2026-09-12T11:24:26.543265+00:00
usp000cnb2,BNN,227.19,4.8,2004-02-26 04:14:03.040000+00:00,usgs,no_data,,2026-09-12T11:24:27.186330+00:00
usp000cnb2,CEYT,240.19,4.8,2004-02-26 04:14:03.040000+00:00,usgs,no_data,,2026-09-12T11:24:27.944377+00:00
usp000cnb2,SVSK,240.97,4.8,2004-02-26 04:14:03.040000+00:00,usgs,no_data,,2026-09-12T11:24:29.489781+00:00
usp000cp03,GUMT,179.77,4.6,2004-03-03 14:38:39.780000+00:00,usgs,no_data,,2026-09-12T11:24:30.314896+00:00
usp000cp03,VANB,266.25,4.6,2004-03-03 14:38:39.780000+00:00,usgs,no_data,,2026-09-12T11:24:30.786731+00:00
usp000cp03,KARS,290.55,4.6,2004-03-03 14:38:39.780000+00:00,usgs,no_data,,2026-09-12T11:24:31.287343+00:00
usp000cp03,SVSK,309.48,4.6,2004-03-03 14:38:39.780000+00:00,usgs,no_data,,2026-09-12T11:24:31.834949+00:00
usp000cq8y,MLSB,178.05,4.5,2004-03-18 15:14:26.390000+00:00,usgs,no_data,,2026-09-12T11:24:32.855547+00:00
usp000cq8y,YER,199.42,4.5,2004-03-18 15:14:26.390000+00:00,usgs,no_data,,2026-09-12T11:24:33.424797+00:00
usp000cq8y,DENT,293.78,4.5,2004-03-18 15:14:26.390000+00:00,usgs,no_data,,2026-09-12T11:24:33.975988+00:00
usp000cq8y,ELL,316.05,4.5,2004-03-18 15:14:26.390000+00:00,usgs,no_data,,2026-09-12T11:24:34.816670+00:00
usp000cqvt,VANB,273.63,5.6,2004-03-25 19:30:49.040000+00:00,usgs,no_data,,2026-09-12T11:24:35.916600+00:00
usp000cqvt,SVSK,325.69,5.6,2004-03-25 19:30:49.040000+00:00,usgs,no_data,,2026-09-12T11:24:36.736169+00:00
usp000cr2z,VANB,264.09,5.6,2004-03-28 03:51:10.050000+00:00,usgs,no_data,,2026-09-12T11:24:37.365584+00:00
usp000cr2z,SVSK,331.26,5.6,2004-03-28 03:51:10.050000+00:00,usgs,no_data,,2026-09-12T11:24:38.240460+00:00
usp000cre6,GUMT,125.27,4.7,2004-04-01 08:35:19.930000+00:00,usgs,no_data,,2026-09-12T11:24:39.001360+00:00
usp000cre6,KARS,210.95,4.7,2004-04-01 08:35:19.930000+00:00,usgs,no_data,,2026-09-12T11:24:39.956324+00:00
usp000cre6,VANB,276.24,4.7,2004-04-01 08:35:19.930000+00:00,usgs,no_data,,2026-09-12T11:24:40.879327+00:00
usp000cre6,SVSK,322.54,4.7,2004-04-01 08:35:19.930000+00:00,usgs,no_data,,2026-09-12T11:24:42.005442+00:00
usp000cw5a,MLSB,161.93,4.8,2004-05-25 05:34:25.100000+00:00,usgs,no_data,,2026-09-12T11:24:43.123173+00:00
usp000cw5a,YER,167.15,4.8,2004-05-25 05:34:25.100000+00:00,usgs,no_data,,2026-09-12T11:24:44.695866+00:00
usp000cw5a,ELL,261.17,4.8,2004-05-25 05:34:25.100000+00:00,usgs,no_data,,2026-09-12T11:24:45.592960+00:00
usp000cw5a,DENT,262.25,4.8,2004-05-25 05:34:25.100000+00:00,usgs,no_data,,2026-09-12T11:24:47.127730+00:00
usp000cxs8,GUMT,202.75,4.6,2004-06-12 13:37:54.360000+00:00,usgs,no_data,,2026-09-12T11:24:47.681351+00:00
usp000cxs8,SVSK,280.81,4.6,2004-06-12 13:37:54.360000+00:00,usgs,no_data,,2026-09-12T11:24:48.453262+00:00
usp000cxs8,GAZ,283.1,4.6,2004-06-12 13:37:54.360000+00:00,usgs,no_data,,2026-09-12T11:24:49.145488+00:00
usp000cxs8,VANB,311.58,4.6,2004-06-12 13:37:54.360000+00:00,usgs,no_data,,2026-09-12T11:24:49.891059+00:00
usp000cxyq,MRMT,145.95,5.2,2004-06-15 12:02:37.760000+00:00,usgs,no_data,,2026-09-12T11:24:50.795297+00:00
usp000cxyq,TKR,153.02,5.2,2004-06-15 12:02:37.760000+00:00,usgs,no_data,,2026-09-12T11:24:51.349660+00:00
usp000czcr,BCA,272.81,5.1,2004-07-01 22:30:09.320000+00:00,usgs,no_data,,2026-09-12T11:24:52.123563+00:00
usp000czcr,GUMT,390.54,5.1,2004-07-01 22:30:09.320000+00:00,usgs,no_data,,2026-09-12T11:24:52.860023+00:00
usp000d148,KARS,131.92,4.8,2004-07-30 07:14:07.840000+00:00,usgs,no_data,,2026-09-12T11:24:53.804907+00:00
usp000d148,VANB,134.12,4.8,2004-07-30 07:14:07.840000+00:00,usgs,no_data,,2026-09-12T11:24:54.909752+00:00
usp000d148,BCA,282.42,4.8,2004-07-30 07:14:07.840000+00:00,usgs,no_data,,2026-09-12T11:24:56.960459+00:00
usp000d148,GUMT,393.01,4.8,2004-07-30 07:14:07.840000+00:00,usgs,no_data,,2026-09-12T11:24:58.412642+00:00
usp000d149,KARS,129.25,4.7,2004-07-30 07:16:18.170000+00:00,usgs,no_data,,2026-09-12T11:24:59.505202+00:00
usp000d149,VANB,137.93,4.7,2004-07-30 07:16:18.170000+00:00,usgs,no_data,,2026-09-12T11:25:00.510260+00:00
usp000d149,BCA,280.24,4.7,2004-07-30 07:16:18.170000+00:00,usgs,no_data,,2026-09-12T11:25:02.302359+00:00
usp000d149,GUMT,392.79,4.7,2004-07-30 07:16:18.170000+00:00,usgs,no_data,,2026-09-12T11:25:03.409428+00:00
usp000d1bz,MLSB,46.2,4.5,2004-08-03 05:33:37.430000+00:00,usgs,no_data,,2026-09-12T11:25:04.019260+00:00
usp000d1bz,YER,58.58,4.5,2004-08-03 05:33:37.430000+00:00,usgs,no_data,,2026-09-12T11:25:04.753869+00:00
usp000d1bz,DENT,152.28,4.5,2004-08-03 05:33:37.430000+00:00,usgs,no_data,,2026-09-12T11:25:05.661684+00:00
usp000d1bz,ELL,196.9,4.5,2004-08-03 05:33:37.430000+00:00,usgs,no_data,,2026-09-12T11:25:06.479754+00:00
usp000d1cq,DENT,141.84,5.2,2004-08-03 13:11:30.300000+00:00,usgs,no_data,,2026-09-12T11:25:07.393727+00:00
usp000d1cq,ELL,196.97,5.2,2004-08-03 13:11:30.300000+00:00,usgs,no_data,,2026-09-12T11:25:07.989975+00:00
usp000d1e2,DENT,148.65,5.6,2004-08-04 03:01:07.570000+00:00,usgs,no_data,,2026-09-12T11:25:08.700677+00:00
usp000d1e2,ELL,186.66,5.6,2004-08-04 03:01:07.570000+00:00,usgs,no_data,,2026-09-12T11:25:09.305329+00:00
usp000d1ea,DENT,145.64,5.2,2004-08-04 04:19:48.370000+00:00,usgs,no_data,,2026-09-12T11:25:10.163920+00:00
usp000d1ea,ELL,183.59,5.2,2004-08-04 04:19:48.370000+00:00,usgs,no_data,,2026-09-12T11:25:10.987141+00:00
usp000d1fa,DENT,147.96,5.3,2004-08-04 14:18:50.160000+00:00,usgs,no_data,,2026-09-12T11:25:11.917565+00:00
usp000d1fa,ELL,185.58,5.3,2004-08-04 14:18:50.160000+00:00,usgs,no_data,,2026-09-12T11:25:12.926130+00:00
usp000d1yj,SVSK,259.87,5.7,2004-08-11 15:48:26.820000+00:00,usgs,no_data,,2026-09-12T11:25:14.065970+00:00
usp000d1yj,BNN,301.25,5.7,2004-08-11 15:48:26.820000+00:00,usgs,no_data,,2026-09-12T11:25:15.405166+00:00
usp000d23q,GAZ,224.14,4.5,2004-08-14 00:20:25.180000+00:00,usgs,no_data,,2026-09-12T11:25:16.879309+00:00
usp000d23q,GUMT,229.0,4.5,2004-08-14 00:20:25.180000+00:00,usgs,no_data,,2026-09-12T11:25:18.101491+00:00
usp000d23q,SVSK,253.99,4.5,2004-08-14 00:20:25.180000+00:00,usgs,no_data,,2026-09-12T11:25:18.930262+00:00
usp000d23q,BNN,296.57,4.5,2004-08-14 00:20:25.180000+00:00,usgs,no_data,,2026-09-12T11:25:19.992883+00:00
usp000d25p,GUMT,224.03,4.5,2004-08-14 20:42:19.720000+00:00,usgs,no_data,,2026-09-12T11:25:20.788871+00:00
usp000d25p,GAZ,229.82,4.5,2004-08-14 20:42:19.720000+00:00,usgs,no_data,,2026-09-12T11:25:21.503238+00:00
usp000d25p,SVSK,253.61,4.5,2004-08-14 20:42:19.720000+00:00,usgs,no_data,,2026-09-12T11:25:22.069068+00:00
usp000d25p,BNN,299.28,4.5,2004-08-14 20:42:19.720000+00:00,usgs,no_data,,2026-09-12T11:25:22.655922+00:00
usp000d2c6,IKL,85.38,4.5,2004-08-18 05:57:00.470000+00:00,usgs,no_data,,2026-09-12T11:25:23.164297+00:00
usp000d2c6,CEYT,126.88,4.5,2004-08-18 05:57:00.470000+00:00,usgs,no_data,,2026-09-12T11:25:23.711862+00:00
usp000d2c6,NIG,148.54,4.5,2004-08-18 05:57:00.470000+00:00,usgs,no_data,,2026-09-12T11:25:24.248166+00:00
usp000d2c6,HDMB,166.78,4.5,2004-08-18 05:57:00.470000+00:00,usgs,no_data,,2026-09-12T11:25:25.332920+00:00
usp000d2ha,YER,75.51,4.6,2004-08-20 11:12:18.130000+00:00,usgs,no_data,,2026-09-12T11:25:26.206725+00:00
usp000d2ha,MLSB,84.94,4.6,2004-08-20 11:12:18.130000+00:00,usgs,no_data,,2026-09-12T11:25:26.904730+00:00
usp000d2ha,DENT,169.61,4.6,2004-08-20 11:12:18.130000+00:00,usgs,no_data,,2026-09-12T11:25:28.781188+00:00
usp000d2ha,ELL,182.42,4.6,2004-08-20 11:12:18.130000+00:00,usgs,no_data,,2026-09-12T11:25:29.717285+00:00
usp000d3vd,KIZT,61.03,4.5,2004-09-07 18:05:41.260000+00:00,usgs,no_data,,2026-09-12T11:25:31.173499+00:00
usp000d3vd,ESKT,100.52,4.5,2004-09-07 18:05:41.260000+00:00,usgs,no_data,,2026-09-12T11:25:32.720904+00:00
usp000d3vd,ALT,106.34,4.5,2004-09-07 18:05:41.260000+00:00,usgs,no_data,,2026-09-12T11:25:33.736869+00:00
usp000d3vd,KONT,125.85,4.5,2004-09-07 18:05:41.260000+00:00,usgs,no_data,,2026-09-12T11:25:34.357948+00:00
usp000d4sx,YER,210.82,4.9,2004-09-21 14:15:04.200000+00:00,usgs,no_data,,2026-09-12T11:25:35.247007+00:00
usp000d4sx,MLSB,224.09,4.9,2004-09-21 14:15:04.200000+00:00,usgs,no_data,,2026-09-12T11:25:36.049906+00:00
usp000d4sx,ELL,250.91,4.9,2004-09-21 14:15:04.200000+00:00,usgs,no_data,,2026-09-12T11:25:36.978691+00:00
usp000d4sx,DENT,296.66,4.9,2004-09-21 14:15:04.200000+00:00,usgs,no_data,,2026-09-12T11:25:37.555057+00:00
usp000d540,VANB,13.96,4.6,2004-09-26 21:03:14.840000+00:00,usgs,no_data,,2026-09-12T11:25:38.231043+00:00
usp000d540,KARS,223.64,4.6,2004-09-26 21:03:14.840000+00:00,usgs,no_data,,2026-09-12T11:25:39.111787+00:00
usp000d540,PTK,341.31,4.6,2004-09-26 21:03:14.840000+00:00,usgs,no_data,,2026-09-12T11:25:39.921204+00:00
usp000d540,BCA,346.39,4.6,2004-09-26 21:03:14.840000+00:00,usgs,no_data,,2026-09-12T11:25:40.577800+00:00
usp000d5xb,BLCB,218.61,5.5,2004-10-07 01:05:12.890000+00:00,usgs,no_data,,2026-09-12T11:25:41.761482+00:00
usp000d5xb,DENT,247.12,5.5,2004-10-07 01:05:12.890000+00:00,usgs,no_data,,2026-09-12T11:25:43.479161+00:00
usp000d8zb,BLCB,128.65,4.5,2004-11-22 19:13:32.900000+00:00,usgs,no_data,,2026-09-12T11:25:44.779378+00:00
usp000d8zb,EZN,163.15,4.5,2004-11-22 19:13:32.900000+00:00,usgs,no_data,,2026-09-12T11:25:46.086219+00:00
usp000d8zb,AKS,199.67,4.5,2004-11-22 19:13:32.900000+00:00,usgs,no_data,,2026-09-12T11:25:47.261840+00:00
usp000d8zb,LAP,233.69,4.5,2004-11-22 19:13:32.900000+00:00,usgs,no_data,,2026-09-12T11:25:48.427346+00:00
usp000db47,FETY,90.24,5.4,2004-12-20 23:02:12.410000+00:00,usgs,no_data,,2026-09-12T11:25:49.360832+00:00
usp000db47,DENT,107.72,5.4,2004-12-20 23:02:12.410000+00:00,usgs,no_data,,2026-09-12T11:25:50.580252+00:00
usp000dbhr,MLSB,131.24,4.6,2004-12-26 08:05:40+00:00,usgs,no_data,,2026-09-12T11:25:51.381578+00:00
usp000dbhr,YER,139.11,4.6,2004-12-26 08:05:40+00:00,usgs,no_data,,2026-09-12T11:25:52.341433+00:00
usp000dbhr,FETY,170.52,4.6,2004-12-26 08:05:40+00:00,usgs,no_data,,2026-09-12T11:25:53.244314+00:00
usp000dbhr,DENT,234.62,4.6,2004-12-26 08:05:40+00:00,usgs,no_data,,2026-09-12T11:25:54.179204+00:00
usp000dc2m,YER,15.37,4.5,2004-12-28 20:34:12.770000+00:00,usgs,no_data,,2026-09-12T11:25:55.310187+00:00
usp000dc2m,MLSB,54.74,4.5,2004-12-28 20:34:12.770000+00:00,usgs,no_data,,2026-09-12T11:25:56.134896+00:00
usp000dc2m,FETY,83.02,4.5,2004-12-28 20:34:12.770000+00:00,usgs,no_data,,2026-09-12T11:25:57.141695+00:00
usp000dc2m,DENT,108.1,4.5,2004-12-28 20:34:12.770000+00:00,usgs,no_data,,2026-09-12T11:25:58.991139+00:00
usp000dd0h,FETY,121.53,5.5,2005-01-10 23:48:50.020000+00:00,usgs,no_data,,2026-09-12T11:25:59.951424+00:00
usp000dd0h,DENT,136.04,5.5,2005-01-10 23:48:50.020000+00:00,usgs,no_data,,2026-09-12T11:26:00.919224+00:00
usp000dd0j,FETY,112.04,5.0,2005-01-10 23:50:25.680000+00:00,usgs,no_data,,2026-09-12T11:26:02.195662+00:00
usp000dd0j,DENT,128.0,5.0,2005-01-10 23:50:25.680000+00:00,usgs,no_data,,2026-09-12T11:26:03.633025+00:00
usp000dd1a,FETY,112.78,5.1,2005-01-11 04:36:00.970000+00:00,usgs,no_data,,2026-09-12T11:26:05.781636+00:00
usp000dd1a,DENT,138.88,5.1,2005-01-11 04:36:00.970000+00:00,usgs,no_data,,2026-09-12T11:26:06.762008+00:00
usp000de4y,ANTB,152.61,5.8,2005-01-23 22:36:05.530000+00:00,usgs,no_data,,2026-09-12T11:26:07.554637+00:00
usp000de4y,YER,191.95,5.8,2005-01-23 22:36:05.530000+00:00,usgs,no_data,,2026-09-12T11:26:08.461774+00:00
usp000deb2,VANB,110.5,4.8,2005-01-25 15:24:27.590000+00:00,usgs,no_data,,2026-09-12T11:26:09.339739+00:00
usp000deb2,CLDR,176.54,4.8,2005-01-25 15:24:27.590000+00:00,usgs,no_data,,2026-09-12T11:26:10.182128+00:00
usp000deb2,KARS,344.84,4.8,2005-01-25 15:24:27.590000+00:00,usgs,no_data,,2026-09-12T11:26:11.217261+00:00
usp000deb9,VANB,93.8,4.6,2005-01-25 16:32:54.170000+00:00,usgs,no_data,,2026-09-12T11:26:12.475329+00:00
usp000deb9,CLDR,160.98,4.6,2005-01-25 16:32:54.170000+00:00,usgs,no_data,,2026-09-12T11:26:13.439452+00:00
usp000deb9,KARS,328.27,4.6,2005-01-25 16:32:54.170000+00:00,usgs,no_data,,2026-09-12T11:26:15.161443+00:00
usp000debc,KARS,336.95,5.9,2005-01-25 16:44:16.130000+00:00,usgs,no_data,,2026-09-12T11:26:16.216233+00:00
usp000debn,VANB,81.76,4.6,2005-01-25 17:52:13.230000+00:00,usgs,no_data,,2026-09-12T11:26:17.134613+00:00
usp000debn,CLDR,152.85,4.6,2005-01-25 17:52:13.230000+00:00,usgs,no_data,,2026-09-12T11:26:19.101708+00:00
usp000debn,KARS,317.13,4.6,2005-01-25 17:52:13.230000+00:00,usgs,no_data,,2026-09-12T11:26:19.716588+00:00
usp000debn,PTK,387.39,4.6,2005-01-25 17:52:13.230000+00:00,usgs,no_data,,2026-09-12T11:26:20.772107+00:00
usp000df52,BLCB,33.58,4.5,2005-01-29 18:52:29.330000+00:00,usgs,no_data,,2026-09-12T11:26:21.550488+00:00
usp000df52,AKS,117.97,4.5,2005-01-29 18:52:29.330000+00:00,usgs,no_data,,2026-09-12T11:26:22.401096+00:00
usp000df52,MLSB,120.86,4.5,2005-01-29 18:52:29.330000+00:00,usgs,no_data,,2026-09-12T11:26:24.201872+00:00
usp000df52,YER,165.3,4.5,2005-01-29 18:52:29.330000+00:00,usgs,no_data,,2026-09-12T11:26:25.889392+00:00
usp000df83,ANTB,152.31,5.3,2005-01-30 16:23:48.430000+00:00,usgs,no_data,,2026-09-12T11:26:26.697177+00:00
usp000df83,YER,190.46,5.3,2005-01-30 16:23:48.430000+00:00,usgs,no_data,,2026-09-12T11:26:27.704609+00:00
usp000dfe0,VANB,95.72,4.5,2005-02-02 23:26:54.020000+00:00,usgs,no_data,,2026-09-12T11:26:29.245906+00:00
usp000dfe0,CLDR,158.23,4.5,2005-02-02 23:26:54.020000+00:00,usgs,no_data,,2026-09-12T11:26:30.277641+00:00
usp000dfe0,KARS,328.23,4.5,2005-02-02 23:26:54.020000+00:00,usgs,no_data,,2026-09-12T11:26:31.515128+00:00
usp000dffk,VANB,108.67,4.5,2005-02-04 00:19:58.500000+00:00,usgs,no_data,,2026-09-12T11:26:32.965320+00:00
usp000dffk,CLDR,176.06,4.5,2005-02-04 00:19:58.500000+00:00,usgs,no_data,,2026-09-12T11:26:33.926417+00:00
usp000dffk,KARS,343.44,4.5,2005-02-04 00:19:58.500000+00:00,usgs,no_data,,2026-09-12T11:26:34.467067+00:00
usp000dj1q,KARS,222.54,5.6,2005-03-12 07:36:12.180000+00:00,usgs,no_data,,2026-09-12T11:26:35.587840+00:00
usp000dj1q,BCA,229.51,5.6,2005-03-12 07:36:12.180000+00:00,usgs,no_data,,2026-09-12T11:26:36.626657+00:00
usp000dj5f,KARS,234.33,5.8,2005-03-14 01:55:55.600000+00:00,usgs,no_data,,2026-09-12T11:26:37.555613+00:00
usp000dj5f,VANB,237.0,5.8,2005-03-14 01:55:55.600000+00:00,usgs,no_data,,2026-09-12T11:26:38.215945+00:00
usp000dj5u,PTK,147.86,4.6,2005-03-14 04:58:06.570000+00:00,usgs,no_data,,2026-09-12T11:26:39.297016+00:00
usp000dj5u,GUMT,171.28,4.6,2005-03-14 04:58:06.570000+00:00,usgs,no_data,,2026-09-12T11:26:40.378302+00:00
usp000dj5u,KARS,224.44,4.6,2005-03-14 04:58:06.570000+00:00,usgs,no_data,,2026-09-12T11:26:41.154298+00:00
usp000dj5u,BCA,231.14,4.6,2005-03-14 04:58:06.570000+00:00,usgs,no_data,,2026-09-12T11:26:41.913932+00:00
usp000djx3,KARS,226.79,5.7,2005-03-23 21:44:53.020000+00:00,usgs,no_data,,2026-09-12T11:26:42.778461+00:00
usp000djx3,BCA,231.59,5.7,2005-03-23 21:44:53.020000+00:00,usgs,no_data,,2026-09-12T11:26:43.648263+00:00
usp000djxb,PTK,132.48,4.6,2005-03-23 23:43:41.330000+00:00,usgs,no_data,,2026-09-12T11:26:44.389822+00:00
usp000djxb,GUMT,163.72,4.6,2005-03-23 23:43:41.330000+00:00,usgs,no_data,,2026-09-12T11:26:45.472326+00:00
usp000djxb,KARS,239.01,4.6,2005-03-23 23:43:41.330000+00:00,usgs,no_data,,2026-09-12T11:26:46.672369+00:00
usp000djxb,BCA,239.17,4.6,2005-03-23 23:43:41.330000+00:00,usgs,no_data,,2026-09-12T11:26:47.439243+00:00
usp000dphv,CORM,57.0,4.8,2005-04-29 22:28:09.550000+00:00,usgs,no_data,,2026-09-12T11:26:48.328557+00:00
usp000dphv,TOS,81.03,4.8,2005-04-29 22:28:09.550000+00:00,usgs,no_data,,2026-09-12T11:26:49.316924+00:00
usp000dphv,CANT,104.04,4.8,2005-04-29 22:28:09.550000+00:00,usgs,no_data,,2026-09-12T11:26:50.056590+00:00
usp000dphv,KVT,110.79,4.8,2005-04-29 22:28:09.550000+00:00,usgs,no_data,,2026-09-12T11:26:50.771170+00:00
usp000dqkg,SVSK,64.77,4.6,2005-05-12 09:00:01.520000+00:00,usgs,no_data,,2026-09-12T11:26:51.646135+00:00
usp000dqkg,TOKT,72.05,4.6,2005-05-12 09:00:01.520000+00:00,usgs,no_data,,2026-09-12T11:26:52.528084+00:00
usp000dqkg,KVT,134.89,4.6,2005-05-12 09:00:01.520000+00:00,usgs,no_data,,2026-09-12T11:26:53.304774+00:00
usp000dqkg,GUMT,177.21,4.6,2005-05-12 09:00:01.520000+00:00,usgs,no_data,,2026-09-12T11:26:54.072537+00:00
usp000dqkk,SVSK,67.79,4.9,2005-05-12 09:25:41.040000+00:00,usgs,no_data,,2026-09-12T11:26:54.729680+00:00
usp000dqkk,TOKT,76.07,4.9,2005-05-12 09:25:41.040000+00:00,usgs,no_data,,2026-09-12T11:26:55.453109+00:00
usp000dqkk,KVT,137.55,4.9,2005-05-12 09:25:41.040000+00:00,usgs,no_data,,2026-09-12T11:26:56.139466+00:00
usp000dqkk,GUMT,173.28,4.9,2005-05-12 09:25:41.040000+00:00,usgs,no_data,,2026-09-12T11:26:57.353427+00:00
usp000dqua,HDMB,163.43,5.1,2005-05-14 23:46:50.530000+00:00,usgs,no_data,,2026-09-12T11:26:58.591712+00:00
usp000dqua,ELL,190.95,5.1,2005-05-14 23:46:50.530000+00:00,usgs,no_data,,2026-09-12T11:26:59.759876+00:00
usp000drg4,URFA,232.69,4.6,2005-05-24 09:40:12.600000+00:00,usgs,no_data,,2026-09-12T11:27:00.857195+00:00
usp000drg4,GAZ,268.85,4.6,2005-05-24 09:40:12.600000+00:00,usgs,no_data,,2026-09-12T11:27:01.594465+00:00
usp000drg4,CEYT,360.29,4.6,2005-05-24 09:40:12.600000+00:00,usgs,no_data,,2026-09-12T11:27:02.364258+00:00
usp000drg4,PTK,391.77,4.6,2005-05-24 09:40:12.600000+00:00,usgs,no_data,,2026-09-12T11:27:03.802620+00:00
usp000ds8h,VANB,115.79,4.6,2005-06-05 03:44:59.120000+00:00,usgs,no_data,,2026-09-12T11:27:04.975532+00:00
usp000ds8h,CLDR,180.66,4.6,2005-06-05 03:44:59.120000+00:00,usgs,no_data,,2026-09-12T11:27:06.202811+00:00
usp000ds8h,KARS,349.77,4.6,2005-06-05 03:44:59.120000+00:00,usgs,no_data,,2026-09-12T11:27:07.758070+00:00
usp000dsbj,VANB,216.31,5.6,2005-06-06 07:41:28.700000+00:00,usgs,no_data,,2026-09-12T11:27:08.933802+00:00
usp000dsbj,KARS,231.42,5.6,2005-06-06 07:41:28.700000+00:00,usgs,no_data,,2026-09-12T11:27:10.342748+00:00
usp000duf4,BODT,217.12,4.7,2005-07-03 22:39:22.200000+00:00,usgs,no_data,,2026-09-12T11:27:11.605186+00:00
usp000duf4,FETY,236.13,4.7,2005-07-03 22:39:22.200000+00:00,usgs,no_data,,2026-09-12T11:27:13.201519+00:00
usp000duf4,YER,243.08,4.7,2005-07-03 22:39:22.200000+00:00,usgs,no_data,,2026-09-12T11:27:14.601321+00:00
usp000duf4,MLSB,247.38,4.7,2005-07-03 22:39:22.200000+00:00,usgs,no_data,,2026-09-12T11:27:15.753958+00:00
usp000duk3,BODT,62.57,4.6,2005-07-05 10:29:25.100000+00:00,usgs,no_data,,2026-09-12T11:27:17.720610+00:00
usp000duk3,MLSB,105.53,4.6,2005-07-05 10:29:25.100000+00:00,usgs,no_data,,2026-09-12T11:27:19.053609+00:00
usp000duk3,YER,127.11,4.6,2005-07-05 10:29:25.100000+00:00,usgs,no_data,,2026-09-12T11:27:20.037644+00:00
usp000duk3,FETY,180.31,4.6,2005-07-05 10:29:25.100000+00:00,usgs,no_data,,2026-09-12T11:27:20.773690+00:00
usp000dwaw,KIZT,120.98,5.2,2005-07-30 21:45:00+00:00,usgs,no_data,,2026-09-12T11:27:21.684745+00:00
usp000dwaw,CANT,137.63,5.2,2005-07-30 21:45:00+00:00,usgs,no_data,,2026-09-12T11:27:22.883426+00:00
usp000dwb0,KAMT,44.65,4.5,2005-07-31 00:45:16.180000+00:00,usgs,no_data,,2026-09-12T11:27:24.176505+00:00
usp000dwb0,LOD,65.22,4.5,2005-07-31 00:45:16.180000+00:00,usgs,no_data,,2026-09-12T11:27:24.773232+00:00
usp000dwb0,KIZT,126.87,4.5,2005-07-31 00:45:16.180000+00:00,usgs,no_data,,2026-09-12T11:27:25.811272+00:00
usp000dwb0,CANT,138.67,4.5,2005-07-31 00:45:16.180000+00:00,usgs,no_data,,2026-09-12T11:27:26.809931+00:00
usp000dwdw,KAMT,52.44,4.5,2005-07-31 23:41:36.260000+00:00,usgs,no_data,,2026-09-12T11:27:27.742776+00:00
usp000dwdw,LOD,55.69,4.5,2005-07-31 23:41:36.260000+00:00,usgs,no_data,,2026-09-12T11:27:28.853889+00:00
usp000dwdw,KIZT,124.2,4.5,2005-07-31 23:41:36.260000+00:00,usgs,no_data,,2026-09-12T11:27:29.786833+00:00
usp000dwdw,CANT,134.07,4.5,2005-07-31 23:41:36.260000+00:00,usgs,no_data,,2026-09-12T11:27:30.707730+00:00
usp000dwfa,BODT,72.28,4.8,2005-08-01 13:35:00.200000+00:00,usgs,no_data,,2026-09-12T11:27:31.447126+00:00
usp000dwfa,MLSB,119.8,4.8,2005-08-01 13:35:00.200000+00:00,usgs,no_data,,2026-09-12T11:27:32.245904+00:00
usp000dwfa,YER,147.77,4.8,2005-08-01 13:35:00.200000+00:00,usgs,no_data,,2026-09-12T11:27:33.292832+00:00
usp000dwfa,BLCB,203.17,4.8,2005-08-01 13:35:00.200000+00:00,usgs,no_data,,2026-09-12T11:27:34.146994+00:00
usp000dx27,PTK,156.43,4.5,2005-08-10 08:58:22.060000+00:00,usgs,no_data,,2026-09-12T11:27:35.024088+00:00
usp000dx27,GUMT,205.67,4.5,2005-08-10 08:58:22.060000+00:00,usgs,no_data,,2026-09-12T11:27:35.880664+00:00
usp000dx27,VANB,206.26,4.5,2005-08-10 08:58:22.060000+00:00,usgs,no_data,,2026-09-12T11:27:36.784492+00:00
usp000dx27,SIRT,214.29,4.5,2005-08-10 08:58:22.060000+00:00,usgs,no_data,,2026-09-12T11:27:37.765103+00:00
usp000dxxr,EZN,67.34,4.7,2005-08-24 03:06:19.900000+00:00,usgs,no_data,,2026-09-12T11:27:38.708661+00:00
usp000dxxr,LAP,127.75,4.7,2005-08-24 03:06:19.900000+00:00,usgs,no_data,,2026-09-12T11:27:39.283650+00:00
usp000dxxr,RKY,177.28,4.7,2005-08-24 03:06:19.900000+00:00,usgs,no_data,,2026-09-12T11:27:39.945230+00:00
usp000dxxr,BLCB,192.64,4.7,2005-08-24 03:06:19.900000+00:00,usgs,no_data,,2026-09-12T11:27:40.538256+00:00
usp000e0zh,BCA,160.73,4.5,2005-10-06 17:57:27.310000+00:00,usgs,no_data,,2026-09-12T11:27:41.437849+00:00
usp000e0zh,KARS,260.38,4.5,2005-10-06 17:57:27.310000+00:00,usgs,no_data,,2026-09-12T11:27:42.651918+00:00
usp000e0zh,GUMT,343.56,4.5,2005-10-06 17:57:27.310000+00:00,usgs,no_data,,2026-09-12T11:27:43.645868+00:00
usp000e1k5,DAT,128.32,4.9,2005-10-11 05:44:27.800000+00:00,usgs,no_data,,2026-09-12T11:27:44.568921+00:00
usp000e1k5,BODT,165.43,4.9,2005-10-11 05:44:27.800000+00:00,usgs,no_data,,2026-09-12T11:27:45.738332+00:00
usp000e1k5,FETY,186.49,4.9,2005-10-11 05:44:27.800000+00:00,usgs,no_data,,2026-09-12T11:27:46.848209+00:00
usp000e1k5,YER,187.5,4.9,2005-10-11 05:44:27.800000+00:00,usgs,no_data,,2026-09-12T11:27:47.811502+00:00
usp000e1zy,AKS,140.93,5.5,2005-10-17 05:45:16+00:00,usgs,no_data,,2026-09-12T11:27:50.029642+00:00
usp000e1zy,MLSB,145.42,5.5,2005-10-17 05:45:16+00:00,usgs,no_data,,2026-09-12T11:27:50.618044+00:00
usp000e20b,BLCB,52.03,4.7,2005-10-17 08:34:43+00:00,usgs,no_data,,2026-09-12T11:27:51.326509+00:00
usp000e20b,BODT,136.11,4.7,2005-10-17 08:34:43+00:00,usgs,no_data,,2026-09-12T11:27:52.230020+00:00
usp000e20b,AKS,138.4,4.7,2005-10-17 08:34:43+00:00,usgs,no_data,,2026-09-12T11:27:53.233907+00:00
usp000e20b,MLSB,142.31,4.7,2005-10-17 08:34:43+00:00,usgs,no_data,,2026-09-12T11:27:53.751305+00:00
usp000e20e,BODT,145.25,5.8,2005-10-17 09:46:53.900000+00:00,usgs,no_data,,2026-09-12T11:27:54.619871+00:00
usp000e20e,MLSB,150.73,5.8,2005-10-17 09:46:53.900000+00:00,usgs,no_data,,2026-09-12T11:27:55.276560+00:00
usp000e20f,BODT,134.89,5.2,2005-10-17 09:55:30+00:00,usgs,no_data,,2026-09-12T11:27:56.279102+00:00
usp000e20f,MLSB,139.01,5.2,2005-10-17 09:55:30+00:00,usgs,no_data,,2026-09-12T11:27:57.078029+00:00
usp000e24j,PTK,37.39,4.5,2005-10-18 07:17:04+00:00,usgs,no_data,,2026-09-12T11:27:58.104817+00:00
usp000e24j,URFA,149.7,4.5,2005-10-18 07:17:04+00:00,usgs,no_data,,2026-09-12T11:27:59.428054+00:00
usp000e24j,GUMT,192.12,4.5,2005-10-18 07:17:04+00:00,usgs,no_data,,2026-09-12T11:28:00.389321+00:00
usp000e24j,SVSK,212.77,4.5,2005-10-18 07:17:04+00:00,usgs,no_data,,2026-09-12T11:28:01.460355+00:00
usp000e2bq,BODT,130.81,5.9,2005-10-20 21:40:04.090000+00:00,usgs,no_data,,2026-09-12T11:28:02.687288+00:00
usp000e2bq,MLSB,131.2,5.9,2005-10-20 21:40:04.090000+00:00,usgs,no_data,,2026-09-12T11:28:03.390261+00:00
usp000e36k,BLCB,47.05,4.5,2005-10-31 05:26:38+00:00,usgs,no_data,,2026-09-12T11:28:04.072933+00:00
usp000e36k,AKS,133.33,4.5,2005-10-31 05:26:38+00:00,usgs,no_data,,2026-09-12T11:28:04.591537+00:00
usp000e36k,BODT,137.87,4.5,2005-10-31 05:26:38+00:00,usgs,no_data,,2026-09-12T11:28:05.159871+00:00
usp000e36k,MLSB,142.3,4.5,2005-10-31 05:26:38+00:00,usgs,no_data,,2026-09-12T11:28:05.736583+00:00
usp000e4yn,GAZ,185.87,5.1,2005-11-26 15:56:55+00:00,usgs,no_data,,2026-09-12T11:28:06.245042+00:00
usp000e4yn,SVSK,242.08,5.1,2005-11-26 15:56:55+00:00,usgs,no_data,,2026-09-12T11:28:06.752042+00:00
usp000e5v2,DAT,169.57,4.8,2005-12-09 14:33:20.200000+00:00,usgs,no_data,,2026-09-12T11:28:07.303531+00:00
usp000e5v2,BODT,202.96,4.8,2005-12-09 14:33:20.200000+00:00,usgs,no_data,,2026-09-12T11:28:07.828468+00:00
usp000e5v2,FETY,231.16,4.8,2005-12-09 14:33:20.200000+00:00,usgs,no_data,,2026-09-12T11:28:08.308105+00:00
usp000e5v2,YER,232.7,4.8,2005-12-09 14:33:20.200000+00:00,usgs,no_data,,2026-09-12T11:28:08.811054+00:00
usp000e5w2,KARS,227.81,5.4,2005-12-10 00:09:50.230000+00:00,usgs,no_data,,2026-09-12T11:28:09.306862+00:00
usp000e5w2,VANB,234.34,5.4,2005-12-10 00:09:50.230000+00:00,usgs,no_data,,2026-09-12T11:28:09.915604+00:00
usp000e9kv,CLDR,391.57,5.3,2006-02-06 04:08:03.070000+00:00,usgs,no_data,,2026-09-12T11:28:10.533180+00:00
usp000e9mc,BCA,216.44,4.5,2006-02-06 09:43:21+00:00,usgs,no_data,,2026-09-12T11:28:11.191589+00:00
usp000e9mc,KARS,252.59,4.5,2006-02-06 09:43:21+00:00,usgs,no_data,,2026-09-12T11:28:11.745800+00:00
usp000e9rd,GPA,46.01,4.6,2006-02-08 04:07:41.620000+00:00,usgs,no_data,,2026-09-12T11:28:12.580069+00:00
usp000e9rd,HRTX,58.21,4.6,2006-02-08 04:07:41.620000+00:00,usgs,no_data,,2026-09-12T11:28:13.711256+00:00
usp000e9rd,YLV,84.21,4.6,2006-02-08 04:07:41.620000+00:00,usgs,no_data,,2026-09-12T11:28:14.543398+00:00
usp000e9rd,IZI,85.05,4.6,2006-02-08 04:07:41.620000+00:00,usgs,no_data,,2026-09-12T11:28:15.611273+00:00
usp000eaez,EDRB,100.67,4.6,2006-02-20 17:20:09+00:00,usgs,no_data,,2026-09-12T11:28:16.536949+00:00
usp000eaez,RKY,177.65,4.6,2006-02-20 17:20:09+00:00,usgs,no_data,,2026-09-12T11:28:17.306520+00:00
usp000eaez,LAP,180.31,4.6,2006-02-20 17:20:09+00:00,usgs,no_data,,2026-09-12T11:28:18.159413+00:00
usp000eaez,TKR,184.41,4.6,2006-02-20 17:20:09+00:00,usgs,no_data,,2026-09-12T11:28:18.882995+00:00
usp000eak3,DAT,160.01,4.5,2006-02-22 05:38:24.100000+00:00,usgs,no_data,,2026-09-12T11:28:19.529874+00:00
usp000eak3,BODT,192.26,4.5,2006-02-22 05:38:24.100000+00:00,usgs,no_data,,2026-09-12T11:28:20.536935+00:00
usp000eak3,YER,225.1,4.5,2006-02-22 05:38:24.100000+00:00,usgs,no_data,,2026-09-12T11:28:21.466364+00:00
usp000eak3,MLSB,225.24,4.5,2006-02-22 05:38:24.100000+00:00,usgs,no_data,,2026-09-12T11:28:22.364091+00:00
usp000ed83,MERS,197.22,5.0,2006-03-29 22:05:15.190000+00:00,usgs,no_data,,2026-09-12T11:28:23.095330+00:00
usp000ed83,CEYT,197.65,5.0,2006-03-29 22:05:15.190000+00:00,usgs,no_data,,2026-09-12T11:28:23.964187+00:00
usp000ee23,FETY,232.52,5.3,2006-04-09 23:27:19.810000+00:00,usgs,no_data,,2026-09-12T11:28:27.329913+00:00
usp000ee23,YER,237.67,5.3,2006-04-09 23:27:19.810000+00:00,usgs,no_data,,2026-09-12T11:28:28.918343+00:00
usp000eewp,BODT,54.65,4.7,2006-04-19 05:40:42.300000+00:00,usgs,no_data,,2026-09-12T11:28:30.050325+00:00
usp000eewp,DAT,57.16,4.7,2006-04-19 05:40:42.300000+00:00,usgs,no_data,,2026-09-12T11:28:31.127744+00:00
usp000eewp,MLSB,101.77,4.7,2006-04-19 05:40:42.300000+00:00,usgs,no_data,,2026-09-12T11:28:31.991950+00:00
usp000eewp,YER,130.15,4.7,2006-04-19 05:40:42.300000+00:00,usgs,no_data,,2026-09-12T11:28:32.931041+00:00
usp000ehh8,BZK,174.06,4.6,2006-05-19 23:01:56.160000+00:00,usgs,no_data,,2026-09-12T11:28:33.658383+00:00
usp000ehh8,KVT,174.44,4.6,2006-05-19 23:01:56.160000+00:00,usgs,no_data,,2026-09-12T11:28:34.537171+00:00
usp000ehh8,TOS,237.44,4.6,2006-05-19 23:01:56.160000+00:00,usgs,no_data,,2026-09-12T11:28:35.247181+00:00
usp000ehh8,TOKT,264.34,4.6,2006-05-19 23:01:56.160000+00:00,usgs,no_data,,2026-09-12T11:28:35.874161+00:00
usp000ehkv,SIRT,57.58,4.9,2006-05-21 03:48:31+00:00,usgs,no_data,,2026-09-12T11:28:36.592593+00:00
usp000ehkv,VANB,89.8,4.9,2006-05-21 03:48:31+00:00,usgs,no_data,,2026-09-12T11:28:37.343310+00:00
usp000ehkv,CUKT,121.82,4.9,2006-05-21 03:48:31+00:00,usgs,no_data,,2026-09-12T11:28:38.194350+00:00
usp000ehkv,CLDR,170.69,4.9,2006-05-21 03:48:31+00:00,usgs,no_data,,2026-09-12T11:28:39.133375+00:00
usp000ejqx,DENT,37.22,4.8,2006-06-05 04:23:29+00:00,usgs,no_data,,2026-09-12T11:28:40.296385+00:00
usp000ejqx,KHL,86.35,4.8,2006-06-05 04:23:29+00:00,usgs,no_data,,2026-09-12T11:28:40.967361+00:00
usp000ejqx,YER,95.34,4.8,2006-06-05 04:23:29+00:00,usgs,no_data,,2026-09-12T11:28:41.666960+00:00
usp000ejqx,MLSB,106.25,4.8,2006-06-05 04:23:29+00:00,usgs,no_data,,2026-09-12T11:28:42.300453+00:00
usp000emsw,VANB,228.1,5.0,2006-07-02 19:39:39+00:00,usgs,no_data,,2026-09-12T11:28:43.750895+00:00
usp000emsw,KARS,235.2,5.0,2006-07-02 19:39:39+00:00,usgs,no_data,,2026-09-12T11:28:44.741617+00:00
usp000ergj,YER,235.04,5.1,2006-08-22 09:23:21.200000+00:00,usgs,no_data,,2026-09-12T11:28:45.752717+00:00
usp000ergj,FETY,235.19,5.1,2006-08-22 09:23:21.200000+00:00,usgs,no_data,,2026-09-12T11:28:46.672470+00:00
usp000esqq,DAT,41.85,4.5,2006-09-08 22:39:10.400000+00:00,usgs,no_data,,2026-09-12T11:28:47.451287+00:00
usp000esqq,BODT,84.81,4.5,2006-09-08 22:39:10.400000+00:00,usgs,no_data,,2026-09-12T11:28:48.293720+00:00
usp000esqq,YER,99.12,4.5,2006-09-08 22:39:10.400000+00:00,usgs,no_data,,2026-09-12T11:28:49.051658+00:00
usp000esqq,MLSB,103.06,4.5,2006-09-08 22:39:10.400000+00:00,usgs,no_data,,2026-09-12T11:28:50.075289+00:00
usp000eurj,KRTS,85.7,4.5,2006-10-09 05:01:34+00:00,usgs,no_data,,2026-09-12T11:28:50.940112+00:00
usp000eurj,CEYT,132.59,4.5,2006-10-09 05:01:34+00:00,usgs,no_data,,2026-09-12T11:28:51.930194+00:00
usp000eurj,MERS,150.97,4.5,2006-10-09 05:01:34+00:00,usgs,no_data,,2026-09-12T11:28:52.676251+00:00
usp000eurj,KARA,167.02,4.5,2006-10-09 05:01:34+00:00,usgs,no_data,,2026-09-12T11:28:53.503125+00:00
usp000evmd,EDC,20.75,4.8,2006-10-20 18:15:26.140000+00:00,usgs,no_data,,2026-09-12T11:28:54.364836+00:00
usp000evmd,KCTX,23.63,4.8,2006-10-20 18:15:26.140000+00:00,usgs,no_data,,2026-09-12T11:28:55.115486+00:00
usp000evmd,MRMT,57.81,4.8,2006-10-20 18:15:26.140000+00:00,usgs,no_data,,2026-09-12T11:28:56.050778+00:00
usp000evmd,BALB,67.17,4.8,2006-10-20 18:15:26.140000+00:00,usgs,no_data,,2026-09-12T11:28:56.839257+00:00
usp000evwj,DAT,168.63,4.5,2006-10-24 03:39:37.300000+00:00,usgs,no_data,,2026-09-12T11:28:58.148820+00:00
usp000evwj,BODT,201.12,4.5,2006-10-24 03:39:37.300000+00:00,usgs,no_data,,2026-09-12T11:28:59.360475+00:00
usp000evwj,YER,233.05,4.5,2006-10-24 03:39:37.300000+00:00,usgs,no_data,,2026-09-12T11:29:02.919828+00:00
usp000evwj,FETY,233.71,4.5,2006-10-24 03:39:37.300000+00:00,usgs,no_data,,2026-09-12T11:29:05.900800+00:00
usp000evxq,YLV,27.32,5.0,2006-10-24 14:00:21.670000+00:00,usgs,no_data,,2026-09-12T11:29:07.107113+00:00
usp000evxq,IZI,31.16,5.0,2006-10-24 14:00:21.670000+00:00,usgs,no_data,,2026-09-12T11:29:08.113124+00:00
usp000eweq,PTK,124.23,4.8,2006-11-01 21:19:45+00:00,usgs,no_data,,2026-09-12T11:29:09.611132+00:00
usp000eweq,GUMT,152.58,4.8,2006-11-01 21:19:45+00:00,usgs,no_data,,2026-09-12T11:29:11.043869+00:00
usp000eweq,KTUT,188.61,4.8,2006-11-01 21:19:45+00:00,usgs,no_data,,2026-09-12T11:29:12.118784+00:00
usp000eweq,BCA,238.36,4.8,2006-11-01 21:19:45+00:00,usgs,no_data,,2026-09-12T11:29:14.958534+00:00
usp000eykr,AGRB,49.41,4.6,2006-11-23 04:37:34+00:00,usgs,no_data,,2026-09-12T11:29:17.571997+00:00
usp000eykr,KARS,84.23,4.6,2006-11-23 04:37:34+00:00,usgs,no_data,,2026-09-12T11:29:19.755454+00:00
usp000eykr,CLDR,139.6,4.6,2006-11-23 04:37:34+00:00,usgs,no_data,,2026-09-12T11:29:20.654599+00:00
usp000eykr,VANB,171.37,4.6,2006-11-23 04:37:34+00:00,usgs,no_data,,2026-09-12T11:29:21.653751+00:00
usp000f0k6,KCTX,14.33,4.6,2006-12-19 19:15:37+00:00,usgs,no_data,,2026-09-12T11:29:23.093081+00:00
usp000f0k6,EDC,39.22,4.6,2006-12-19 19:15:37+00:00,usgs,no_data,,2026-09-12T11:29:23.885874+00:00
usp000f0k6,ARMT,50.13,4.6,2006-12-19 19:15:37+00:00,usgs,no_data,,2026-09-12T11:29:24.884771+00:00
usp000f0k6,ORLT,61.84,4.6,2006-12-19 19:15:37+00:00,usgs,no_data,,2026-09-12T11:29:25.918801+00:00
usp000f0wc,DAT,189.19,4.6,2006-12-24 10:26:29.300000+00:00,usgs,no_data,,2026-09-12T11:29:26.698782+00:00
usp000f0wc,BODT,219.09,4.6,2006-12-24 10:26:29.300000+00:00,usgs,no_data,,2026-09-12T11:29:27.883235+00:00
usp000f0wc,MLSB,254.35,4.6,2006-12-24 10:26:29.300000+00:00,usgs,no_data,,2026-09-12T11:29:29.290476+00:00
usp000f0wc,YER,256.08,4.6,2006-12-24 10:26:29.300000+00:00,usgs,no_data,,2026-09-12T11:29:30.444960+00:00
usp000f2y2,LEF,146.1,4.6,2007-01-18 19:57:55.530000+00:00,usgs,no_data,,2026-09-12T11:29:31.555771+00:00
usp000f2y2,ANTB,186.34,4.6,2007-01-18 19:57:55.530000+00:00,usgs,no_data,,2026-09-12T11:29:32.402300+00:00
usp000f2y2,ELL,201.72,4.6,2007-01-18 19:57:55.530000+00:00,usgs,no_data,,2026-09-12T11:29:33.588301+00:00
usp000f2y2,HDMB,216.17,4.6,2007-01-18 19:57:55.530000+00:00,usgs,no_data,,2026-09-12T11:29:34.563221+00:00
usp000f343,KARS,115.45,5.2,2007-01-21 07:38:57+00:00,usgs,no_data,,2026-09-12T11:29:35.486781+00:00
usp000f343,VANB,129.22,5.2,2007-01-21 07:38:57+00:00,usgs,no_data,,2026-09-12T11:29:36.324338+00:00
usp000f3er,DENT,46.11,4.9,2007-01-23 21:22:00.810000+00:00,usgs,no_data,,2026-09-12T11:29:37.263541+00:00
usp000f3er,KHL,65.41,4.9,2007-01-23 21:22:00.810000+00:00,usgs,no_data,,2026-09-12T11:29:37.867625+00:00
usp000f3er,AKS,120.63,4.9,2007-01-23 21:22:00.810000+00:00,usgs,no_data,,2026-09-12T11:29:38.867742+00:00
usp000f3er,YER,120.74,4.9,2007-01-23 21:22:00.810000+00:00,usgs,no_data,,2026-09-12T11:29:39.917425+00:00
usp000f3n4,PTK,88.87,4.9,2007-01-26 08:20:35.990000+00:00,usgs,no_data,,2026-09-12T11:29:40.813959+00:00
usp000f3n4,URFA,163.61,4.9,2007-01-26 08:20:35.990000+00:00,usgs,no_data,,2026-09-12T11:29:41.665856+00:00
usp000f3n4,SIRT,219.96,4.9,2007-01-26 08:20:35.990000+00:00,usgs,no_data,,2026-09-12T11:29:42.568946+00:00
usp000f3n4,GUMT,236.43,4.9,2007-01-26 08:20:35.990000+00:00,usgs,no_data,,2026-09-12T11:29:43.758467+00:00
usp000f4bu,ELL,95.87,4.5,2007-02-06 01:57:43.700000+00:00,usgs,no_data,,2026-09-12T11:29:44.873109+00:00
usp000f4bu,FETY,98.71,4.5,2007-02-06 01:57:43.700000+00:00,usgs,no_data,,2026-09-12T11:29:46.870921+00:00
usp000f4bu,ANTB,139.77,4.5,2007-02-06 01:57:43.700000+00:00,usgs,no_data,,2026-09-12T11:29:47.659785+00:00
usp000f4bu,YER,186.7,4.5,2007-02-06 01:57:43.700000+00:00,usgs,no_data,,2026-09-12T11:29:48.299724+00:00
usp000f4bv,ELL,115.58,4.5,2007-02-06 01:58:12.280000+00:00,usgs,no_data,,2026-09-12T11:29:48.972203+00:00
usp000f4bv,FETY,118.8,4.5,2007-02-06 01:58:12.280000+00:00,usgs,no_data,,2026-09-12T11:29:49.721983+00:00
usp000f4bv,ANTB,154.17,4.5,2007-02-06 01:58:12.280000+00:00,usgs,no_data,,2026-09-12T11:29:50.472529+00:00
usp000f4bv,YER,205.52,4.5,2007-02-06 01:58:12.280000+00:00,usgs,no_data,,2026-09-12T11:29:51.359672+00:00
usp000f4hn,GAZ,210.47,5.5,2007-02-09 02:22:55+00:00,usgs,no_data,,2026-09-12T11:29:52.080174+00:00
usp000f4hn,KMRS,211.92,5.5,2007-02-09 02:22:55+00:00,usgs,no_data,,2026-09-12T11:29:52.784617+00:00
usp000f4vc,KAMT,58.9,4.5,2007-02-14 11:59:12+00:00,usgs,no_data,,2026-09-12T11:29:53.701088+00:00
usp000f4vc,CORM,62.3,4.5,2007-02-14 11:59:12+00:00,usgs,no_data,,2026-09-12T11:29:54.552360+00:00
usp000f4vc,CANT,95.23,4.5,2007-02-14 11:59:12+00:00,usgs,no_data,,2026-09-12T11:29:55.361113+00:00
usp000f4vc,YOZ,108.67,4.5,2007-02-14 11:59:12+00:00,usgs,no_data,,2026-09-12T11:29:56.378338+00:00
usp000f50z,KARS,63.32,4.6,2007-02-17 08:45:04.390000+00:00,usgs,no_data,,2026-09-12T11:29:57.407556+00:00
usp000f50z,AGRB,117.13,4.6,2007-02-17 08:45:04.390000+00:00,usgs,no_data,,2026-09-12T11:29:58.493543+00:00
usp000f50z,BCA,120.88,4.6,2007-02-17 08:45:04.390000+00:00,usgs,no_data,,2026-09-12T11:29:59.548114+00:00
usp000f50z,CLDR,202.04,4.6,2007-02-17 08:45:04.390000+00:00,usgs,no_data,,2026-09-12T11:30:00.778563+00:00
usp000f5an,GAZ,221.84,5.7,2007-02-21 11:05:28.630000+00:00,usgs,no_data,,2026-09-12T11:30:01.692043+00:00
usp000f5an,KMRS,226.94,5.7,2007-02-21 11:05:28.630000+00:00,usgs,no_data,,2026-09-12T11:30:02.530300+00:00
usp000f5uz,PTK,81.28,4.8,2007-02-28 19:55:33.950000+00:00,usgs,no_data,,2026-09-12T11:30:03.665279+00:00
usp000f5uz,URFA,91.23,4.8,2007-02-28 19:55:33.950000+00:00,usgs,no_data,,2026-09-12T11:30:04.604361+00:00
usp000f5uz,GAZ,215.42,4.8,2007-02-28 19:55:33.950000+00:00,usgs,no_data,,2026-09-12T11:30:05.420065+00:00
usp000f5uz,KMRS,223.99,4.8,2007-02-28 19:55:33.950000+00:00,usgs,no_data,,2026-09-12T11:30:06.191859+00:00
usp000f5vb,PTK,57.23,4.7,2007-02-28 23:27:45.700000+00:00,usgs,no_data,,2026-09-12T11:30:07.074072+00:00
usp000f5vb,URFA,111.7,4.7,2007-02-28 23:27:45.700000+00:00,usgs,no_data,,2026-09-12T11:30:07.885217+00:00
usp000f5vb,GAZ,221.88,4.7,2007-02-28 23:27:45.700000+00:00,usgs,no_data,,2026-09-12T11:30:08.598888+00:00
usp000f5vb,KMRS,224.69,4.7,2007-02-28 23:27:45.700000+00:00,usgs,no_data,,2026-09-12T11:30:09.258545+00:00
usp000f6b3,PTK,90.03,4.7,2007-03-08 12:35:39.140000+00:00,usgs,no_data,,2026-09-12T11:30:10.371505+00:00
usp000f6b3,GUMT,174.68,4.7,2007-03-08 12:35:39.140000+00:00,usgs,no_data,,2026-09-12T11:30:11.062364+00:00
usp000f6b3,KTUT,220.28,4.7,2007-03-08 12:35:39.140000+00:00,usgs,no_data,,2026-09-12T11:30:11.962187+00:00
usp000f6b3,URFA,227.92,4.7,2007-03-08 12:35:39.140000+00:00,usgs,no_data,,2026-09-12T11:30:13.116458+00:00
usp000f6dc,PTK,88.87,4.5,2007-03-09 23:24:53.250000+00:00,usgs,no_data,,2026-09-12T11:30:15.665749+00:00
usp000f6dc,GUMT,173.26,4.5,2007-03-09 23:24:53.250000+00:00,usgs,no_data,,2026-09-12T11:30:16.777117+00:00
usp000f6dc,KTUT,219.08,4.5,2007-03-09 23:24:53.250000+00:00,usgs,no_data,,2026-09-12T11:30:17.791931+00:00
usp000f6dc,URFA,227.78,4.5,2007-03-09 23:24:53.250000+00:00,usgs,no_data,,2026-09-12T11:30:18.764888+00:00
usp000f7w3,SUTC,58.42,4.5,2007-03-30 16:56:53+00:00,usgs,no_data,,2026-09-12T11:30:19.529583+00:00
usp000f7w3,BCK,67.02,4.5,2007-03-30 16:56:53+00:00,usgs,no_data,,2026-09-12T11:30:20.327079+00:00
usp000f7w3,SHUT,69.92,4.5,2007-03-30 16:56:53+00:00,usgs,no_data,,2026-09-12T11:30:21.454432+00:00
usp000f7w3,ANTB,124.63,4.5,2007-03-30 16:56:53+00:00,usgs,no_data,,2026-09-12T11:30:22.172350+00:00
usp000f7wm,SUTC,58.01,4.9,2007-03-30 19:23:56.070000+00:00,usgs,no_data,,2026-09-12T11:30:22.998097+00:00
usp000f7wm,BCK,65.98,4.9,2007-03-30 19:23:56.070000+00:00,usgs,no_data,,2026-09-12T11:30:23.876444+00:00
usp000f7wm,SHUT,69.85,4.9,2007-03-30 19:23:56.070000+00:00,usgs,no_data,,2026-09-12T11:30:24.786984+00:00
usp000f7wm,ANTB,123.85,4.9,2007-03-30 19:23:56.070000+00:00,usgs,no_data,,2026-09-12T11:30:25.484588+00:00
usp000f9cr,SHUT,69.05,5.1,2007-04-10 22:00:34.240000+00:00,usgs,no_data,,2026-09-12T11:30:26.285307+00:00
usp000f9cr,ANTB,125.17,5.1,2007-04-10 22:00:34.240000+00:00,usgs,no_data,,2026-09-12T11:30:27.101408+00:00
usp000fc8y,HDMB,80.77,4.5,2007-05-18 23:27:44+00:00,usgs,no_data,,2026-09-12T11:30:28.150605+00:00
usp000fc8y,KONT,108.56,4.5,2007-05-18 23:27:44+00:00,usgs,no_data,,2026-09-12T11:30:29.598835+00:00
usp000fc8y,MERS,120.5,4.5,2007-05-18 23:27:44+00:00,usgs,no_data,,2026-09-12T11:30:31.102137+00:00
usp000fc8y,IKL,125.0,4.5,2007-05-18 23:27:44+00:00,usgs,no_data,,2026-09-12T11:30:32.200956+00:00
usp000fcey,BODT,220.87,5.0,2007-05-21 16:39:08.670000+00:00,usgs,no_data,,2026-09-12T11:30:33.415969+00:00
usp000fcey,YER,228.27,5.0,2007-05-21 16:39:08.670000+00:00,usgs,no_data,,2026-09-12T11:30:34.299915+00:00
usp000feby,DAT,149.52,4.5,2007-06-19 13:35:32.500000+00:00,usgs,no_data,,2026-09-12T11:30:35.505524+00:00
usp000feby,BODT,180.56,4.5,2007-06-19 13:35:32.500000+00:00,usgs,no_data,,2026-09-12T11:30:37.798786+00:00
usp000feby,MLSB,214.72,4.5,2007-06-19 13:35:32.500000+00:00,usgs,no_data,,2026-09-12T11:30:38.929739+00:00
usp000feby,YER,216.52,4.5,2007-06-19 13:35:32.500000+00:00,usgs,no_data,,2026-09-12T11:30:39.894147+00:00
usp000fhbh,AKS,10.69,4.6,2007-07-29 05:43:00+00:00,usgs,no_data,,2026-09-12T11:30:40.479561+00:00
usp000fhbh,BLCB,75.92,4.6,2007-07-29 05:43:00+00:00,usgs,no_data,,2026-09-12T11:30:41.051477+00:00
usp000fhbh,KULA,87.68,4.6,2007-07-29 05:43:00+00:00,usgs,no_data,,2026-09-12T11:30:41.958112+00:00
usp000fhbh,BALB,94.14,4.6,2007-07-29 05:43:00+00:00,usgs,no_data,,2026-09-12T11:30:43.299906+00:00
usp000fkpq,SVRC,186.85,5.3,2007-08-25 22:05:49.600000+00:00,usgs,no_data,,2026-09-12T11:30:44.841786+00:00
usp000fkpq,GUMT,192.55,5.3,2007-08-25 22:05:49.600000+00:00,usgs,no_data,,2026-09-12T11:30:46.142413+00:00
usp000fkw2,GADA,21.08,4.8,2007-08-28 12:44:51.660000+00:00,usgs,no_data,,2026-09-12T11:30:47.864400+00:00
usp000fkw2,ENEZ,43.5,4.8,2007-08-28 12:44:51.660000+00:00,usgs,no_data,,2026-09-12T11:30:48.783961+00:00
usp000fkw2,LAP,68.39,4.8,2007-08-28 12:44:51.660000+00:00,usgs,no_data,,2026-09-12T11:30:49.709349+00:00
usp000fkw2,EZN,68.93,4.8,2007-08-28 12:44:51.660000+00:00,usgs,no_data,,2026-09-12T11:30:50.656624+00:00
usp000fm3f,MLSB,151.44,5.2,2007-08-31 20:52:43.430000+00:00,usgs,no_data,,2026-09-12T11:30:51.546261+00:00
usp000fm3f,YER,186.66,5.2,2007-08-31 20:52:43.430000+00:00,usgs,no_data,,2026-09-12T11:30:52.852067+00:00
usp000fnak,KMRS,40.77,4.6,2007-09-15 05:26:51.670000+00:00,usgs,no_data,,2026-09-12T11:30:53.619060+00:00
usp000fnak,SARI,77.77,4.6,2007-09-15 05:26:51.670000+00:00,usgs,no_data,,2026-09-12T11:30:54.269489+00:00
usp000fnak,GAZ,79.96,4.6,2007-09-15 05:26:51.670000+00:00,usgs,no_data,,2026-09-12T11:30:55.207786+00:00
usp000fnak,DARE,89.35,4.6,2007-09-15 05:26:51.670000+00:00,usgs,no_data,,2026-09-12T11:30:56.135807+00:00
usp000fnd1,KMRS,36.47,4.5,2007-09-15 23:28:48+00:00,usgs,no_data,,2026-09-12T11:30:57.033949+00:00
usp000fnd1,GAZ,76.09,4.5,2007-09-15 23:28:48+00:00,usgs,no_data,,2026-09-12T11:30:57.878881+00:00
usp000fnd1,SARI,80.59,4.5,2007-09-15 23:28:48+00:00,usgs,no_data,,2026-09-12T11:30:59.034866+00:00
usp000fnd1,DARE,93.44,4.5,2007-09-15 23:28:48+00:00,usgs,no_data,,2026-09-12T11:31:00.315418+00:00
usp000fnmm,CUKT,211.72,4.5,2007-09-18 20:53:27.960000+00:00,usgs,no_data,,2026-09-12T11:31:00.945275+00:00
usp000fnmm,SIRT,294.79,4.5,2007-09-18 20:53:27.960000+00:00,usgs,no_data,,2026-09-12T11:31:01.436369+00:00
usp000fnmm,VANB,348.12,4.5,2007-09-18 20:53:27.960000+00:00,usgs,no_data,,2026-09-12T11:31:01.985186+00:00
usp000fnu4,CUKT,59.72,4.5,2007-09-21 10:21:21.880000+00:00,usgs,no_data,,2026-09-12T11:31:02.642312+00:00
usp000fnu4,VANB,150.28,4.5,2007-09-21 10:21:21.880000+00:00,usgs,no_data,,2026-09-12T11:31:03.206867+00:00
usp000fnu4,SIRT,162.8,4.5,2007-09-21 10:21:21.880000+00:00,usgs,no_data,,2026-09-12T11:31:03.714839+00:00
usp000fnu4,CLDR,202.64,4.5,2007-09-21 10:21:21.880000+00:00,usgs,no_data,,2026-09-12T11:31:04.287468+00:00
usp000fnxd,YER,232.05,5.3,2007-09-23 00:54:29.600000+00:00,usgs,no_data,,2026-09-12T11:31:04.927482+00:00
usp000fnxd,MLSB,232.77,5.3,2007-09-23 00:54:29.600000+00:00,usgs,no_data,,2026-09-12T11:31:05.414366+00:00
usp000frbu,PTK,124.03,4.5,2007-10-27 04:02:22+00:00,usgs,no_data,,2026-09-12T11:31:05.972260+00:00
usp000frbu,SVRC,161.09,4.5,2007-10-27 04:02:22+00:00,usgs,no_data,,2026-09-12T11:31:06.537667+00:00
usp000frbu,GUMT,165.99,4.5,2007-10-27 04:02:22+00:00,usgs,no_data,,2026-09-12T11:31:07.057995+00:00
usp000frbu,AGRB,197.09,4.5,2007-10-27 04:02:22+00:00,usgs,no_data,,2026-09-12T11:31:07.551224+00:00
usp000frf9,DAT,186.14,4.5,2007-10-28 12:03:16.130000+00:00,usgs,no_data,,2026-09-12T11:31:08.243040+00:00
usp000frf9,BODT,218.58,4.5,2007-10-28 12:03:16.130000+00:00,usgs,no_data,,2026-09-12T11:31:08.788723+00:00
usp000frf9,FETY,247.81,4.5,2007-10-28 12:03:16.130000+00:00,usgs,no_data,,2026-09-12T11:31:09.296004+00:00
usp000frf9,YER,249.99,4.5,2007-10-28 12:03:16.130000+00:00,usgs,no_data,,2026-09-12T11:31:09.791996+00:00
usp000frhj,DENT,82.08,5.3,2007-10-29 09:23:14+00:00,usgs,no_data,,2026-09-12T11:31:10.330594+00:00
usp000frhj,YER,84.92,5.3,2007-10-29 09:23:14+00:00,usgs,no_data,,2026-09-12T11:31:10.807288+00:00
usp000fs7f,GADA,162.79,5.2,2007-11-09 01:43:04.200000+00:00,usgs,no_data,,2026-09-12T11:31:11.329641+00:00
usp000fs7f,AKS,181.72,5.2,2007-11-09 01:43:04.200000+00:00,usgs,no_data,,2026-09-12T11:31:11.810056+00:00
usp000fs83,BLCB,123.88,4.7,2007-11-09 07:07:37.300000+00:00,usgs,no_data,,2026-09-12T11:31:12.652547+00:00
usp000fs83,EZN,130.1,4.7,2007-11-09 07:07:37.300000+00:00,usgs,no_data,,2026-09-12T11:31:13.708064+00:00
usp000fs83,GADA,160.01,4.7,2007-11-09 07:07:37.300000+00:00,usgs,no_data,,2026-09-12T11:31:14.662567+00:00
usp000fs83,AKS,183.52,4.7,2007-11-09 07:07:37.300000+00:00,usgs,no_data,,2026-09-12T11:31:15.356255+00:00
usp000fs85,BLCB,122.12,4.9,2007-11-09 07:11:55.800000+00:00,usgs,no_data,,2026-09-12T11:31:15.931203+00:00
usp000fs85,EZN,131.34,4.9,2007-11-09 07:11:55.800000+00:00,usgs,no_data,,2026-09-12T11:31:16.445006+00:00
usp000fs85,GADA,161.77,4.9,2007-11-09 07:11:55.800000+00:00,usgs,no_data,,2026-09-12T11:31:16.939963+00:00
usp000fs85,AKS,182.48,4.9,2007-11-09 07:11:55.800000+00:00,usgs,no_data,,2026-09-12T11:31:17.419435+00:00
usp000fs8f,CUKT,109.06,4.7,2007-11-09 09:08:57.130000+00:00,usgs,no_data,,2026-09-12T11:31:17.971943+00:00
usp000fs8f,VANB,184.82,4.7,2007-11-09 09:08:57.130000+00:00,usgs,no_data,,2026-09-12T11:31:18.493841+00:00
usp000fs8f,SIRT,213.27,4.7,2007-11-09 09:08:57.130000+00:00,usgs,no_data,,2026-09-12T11:31:19.100025+00:00
usp000fs8f,CLDR,221.22,4.7,2007-11-09 09:08:57.130000+00:00,usgs,no_data,,2026-09-12T11:31:19.585159+00:00
usp000fspn,DENT,83.86,5.1,2007-11-16 09:08:23+00:00,usgs,no_data,,2026-09-12T11:31:20.125945+00:00
usp000fspn,YER,87.22,5.1,2007-11-16 09:08:23+00:00,usgs,no_data,,2026-09-12T11:31:20.605159+00:00
usp000ftr5,FETY,48.85,4.6,2007-12-02 20:21:49+00:00,usgs,no_data,,2026-09-12T11:31:21.186976+00:00
usp000ftr5,ELL,72.32,4.6,2007-12-02 20:21:49+00:00,usgs,no_data,,2026-09-12T11:31:21.724276+00:00
usp000ftr5,DENT,77.97,4.6,2007-12-02 20:21:49+00:00,usgs,no_data,,2026-09-12T11:31:22.214928+00:00
usp000ftr5,YER,81.42,4.6,2007-12-02 20:21:49+00:00,usgs,no_data,,2026-09-12T11:31:22.748027+00:00
usp000fud9,KAMT,82.78,4.9,2007-12-13 18:06:18+00:00,usgs,no_data,,2026-09-12T11:31:23.249918+00:00
usp000fud9,LADK,91.8,4.9,2007-12-13 18:06:18+00:00,usgs,no_data,,2026-09-12T11:31:23.756035+00:00
usp000fud9,KIZT,101.32,4.9,2007-12-13 18:06:18+00:00,usgs,no_data,,2026-09-12T11:31:24.278283+00:00
usp000fud9,KONT,114.12,4.9,2007-12-13 18:06:18+00:00,usgs,no_data,,2026-09-12T11:31:24.812043+00:00
usp000fuw2,KIZT,129.18,5.7,2007-12-20 09:48:29.950000+00:00,usgs,no_data,,2026-09-12T11:31:25.378093+00:00
usp000fuw2,CANT,136.71,5.7,2007-12-20 09:48:29.950000+00:00,usgs,no_data,,2026-09-12T11:31:25.891098+00:00
usp000fvaw,KIZT,126.92,5.6,2007-12-26 23:47:10.770000+00:00,usgs,no_data,,2026-09-12T11:31:26.423480+00:00
usp000fvaw,CANT,134.76,5.6,2007-12-26 23:47:10.770000+00:00,usgs,no_data,,2026-09-12T11:31:26.942937+00:00
usp000fvcn,KAMT,43.81,4.7,2007-12-27 13:48:00.130000+00:00,usgs,no_data,,2026-09-12T11:31:28.194807+00:00
usp000fvcn,LOD,61.86,4.7,2007-12-27 13:48:00.130000+00:00,usgs,no_data,,2026-09-12T11:31:28.884744+00:00
usp000fvcn,KIZT,130.8,4.7,2007-12-27 13:48:00.130000+00:00,usgs,no_data,,2026-09-12T11:31:29.485670+00:00
usp000fvcn,CANT,133.1,4.7,2007-12-27 13:48:00.130000+00:00,usgs,no_data,,2026-09-12T11:31:30.019878+00:00
usp000fw07,BLCB,26.42,4.5,2008-01-05 05:11:00.230000+00:00,usgs,no_data,,2026-09-12T11:31:30.617317+00:00
usp000fw07,AKS,80.41,4.5,2008-01-05 05:11:00.230000+00:00,usgs,no_data,,2026-09-12T11:31:31.123733+00:00
usp000fw07,BALB,139.8,4.5,2008-01-05 05:11:00.230000+00:00,usgs,no_data,,2026-09-12T11:31:31.764183+00:00
usp000fw07,EZN,145.32,4.5,2008-01-05 05:11:00.230000+00:00,usgs,no_data,,2026-09-12T11:31:32.264706+00:00
usp000fxu1,LOD,53.83,4.9,2008-01-31 00:01:20.430000+00:00,usgs,no_data,,2026-09-12T11:31:32.826076+00:00
usp000fxu1,CANT,54.49,4.9,2008-01-31 00:01:20.430000+00:00,usgs,no_data,,2026-09-12T11:31:33.344099+00:00
usp000fxu1,KAMT,111.53,4.9,2008-01-31 00:01:20.430000+00:00,usgs,no_data,,2026-09-12T11:31:33.862476+00:00
usp000fxu1,TOS,112.48,4.9,2008-01-31 00:01:20.430000+00:00,usgs,no_data,,2026-09-12T11:31:34.361171+00:00
usp000g0sn,DAT,61.95,4.8,2008-03-05 16:11:34.900000+00:00,usgs,no_data,,2026-09-12T11:31:34.878326+00:00
usp000g0sn,BODT,97.39,4.8,2008-03-05 16:11:34.900000+00:00,usgs,no_data,,2026-09-12T11:31:35.419381+00:00
usp000g0sn,MLSB,127.17,4.8,2008-03-05 16:11:34.900000+00:00,usgs,no_data,,2026-09-12T11:31:35.962317+00:00
usp000g0sn,YER,130.71,4.8,2008-03-05 16:11:34.900000+00:00,usgs,no_data,,2026-09-12T11:31:36.477739+00:00
usp000g0sp,DAT,55.74,4.8,2008-03-05 16:14:40+00:00,usgs,no_data,,2026-09-12T11:31:37.032821+00:00
usp000g0sp,BODT,92.27,4.8,2008-03-05 16:14:40+00:00,usgs,no_data,,2026-09-12T11:31:37.546351+00:00
usp000g0sp,MLSB,120.9,4.8,2008-03-05 16:14:40+00:00,usgs,no_data,,2026-09-12T11:31:38.135444+00:00
usp000g0sp,YER,124.11,4.8,2008-03-05 16:14:40+00:00,usgs,no_data,,2026-09-12T11:31:38.640494+00:00
usp000g1fe,BODT,81.37,4.5,2008-03-14 09:31:56.300000+00:00,usgs,no_data,,2026-09-12T11:31:39.148569+00:00
usp000g1fe,DAT,104.49,4.5,2008-03-14 09:31:56.300000+00:00,usgs,no_data,,2026-09-12T11:31:39.655367+00:00
usp000g1fe,MLSB,128.49,4.5,2008-03-14 09:31:56.300000+00:00,usgs,no_data,,2026-09-12T11:31:40.162514+00:00
usp000g1fe,YER,167.7,4.5,2008-03-14 09:31:56.300000+00:00,usgs,no_data,,2026-09-12T11:31:40.673559+00:00
usp000g1hn,LOD,45.97,4.5,2008-03-15 10:15:38+00:00,usgs,no_data,,2026-09-12T11:31:41.211201+00:00
usp000g1hn,KAMT,66.71,4.5,2008-03-15 10:15:38+00:00,usgs,no_data,,2026-09-12T11:31:41.713683+00:00
usp000g1hn,KIZT,115.01,4.5,2008-03-15 10:15:38+00:00,usgs,no_data,,2026-09-12T11:31:42.477827+00:00
usp000g1hn,SVRH,122.71,4.5,2008-03-15 10:15:38+00:00,usgs,no_data,,2026-09-12T11:31:43.412664+00:00
usp000g4sw,KULA,93.22,5.0,2008-04-25 04:48:54+00:00,usgs,no_data,,2026-09-12T11:31:44.215509+00:00
usp000g4sw,YER,114.74,5.0,2008-04-25 04:48:54+00:00,usgs,no_data,,2026-09-12T11:31:44.723593+00:00
usp000g99e,MLSB,281.62,5.1,2008-06-12 00:20:45.600000+00:00,usgs,no_data,,2026-09-12T11:31:45.254585+00:00
usp000g99e,YER,293.25,5.1,2008-06-12 00:20:45.600000+00:00,usgs,no_data,,2026-09-12T11:31:45.772532+00:00
usp000ga0f,DAT,133.26,4.5,2008-06-18 16:39:39+00:00,usgs,no_data,,2026-09-12T11:31:46.279417+00:00
usp000ga0f,BODT,167.1,4.5,2008-06-18 16:39:39+00:00,usgs,no_data,,2026-09-12T11:31:46.795183+00:00
usp000ga0f,YER,197.55,4.5,2008-06-18 16:39:39+00:00,usgs,no_data,,2026-09-12T11:31:47.366043+00:00
usp000ga0f,MLSB,198.42,4.5,2008-06-18 16:39:39+00:00,usgs,no_data,,2026-09-12T11:31:47.856016+00:00
usp000gc72,BODT,148.72,6.4,2008-07-15 03:26:34.700000+00:00,usgs,no_data,,2026-09-12T11:31:48.468061+00:00
usp000gc72,YER,153.06,6.4,2008-07-15 03:26:34.700000+00:00,usgs,no_data,,2026-09-12T11:31:49.033986+00:00
usp000gc9k,DAT,100.01,4.9,2008-07-15 23:52:37.800000+00:00,usgs,no_data,,2026-09-12T11:31:49.538557+00:00
usp000gc9k,FETY,136.03,4.9,2008-07-15 23:52:37.800000+00:00,usgs,no_data,,2026-09-12T11:31:50.025331+00:00
usp000gc9k,BODT,142.67,4.9,2008-07-15 23:52:37.800000+00:00,usgs,no_data,,2026-09-12T11:31:50.559392+00:00
usp000gc9k,YER,144.64,4.9,2008-07-15 23:52:37.800000+00:00,usgs,no_data,,2026-09-12T11:31:51.047796+00:00
usp000gg9s,GAZ,120.25,5.0,2008-09-03 02:22:47+00:00,usgs,no_data,,2026-09-12T11:31:51.583617+00:00
usp000gg9s,KMRS,141.4,5.0,2008-09-03 02:22:47+00:00,usgs,no_data,,2026-09-12T11:31:52.095500+00:00
usp000gh7a,BAYT,44.83,4.8,2008-09-17 12:08:12+00:00,usgs,no_data,,2026-09-12T11:31:52.608926+00:00
usp000gh7a,GUMT,66.22,4.8,2008-09-17 12:08:12+00:00,usgs,no_data,,2026-09-12T11:31:53.120459+00:00
usp000gh7a,KTUT,110.11,4.8,2008-09-17 12:08:12+00:00,usgs,no_data,,2026-09-12T11:31:53.651355+00:00
usp000gh7a,PTK,134.1,4.8,2008-09-17 12:08:12+00:00,usgs,no_data,,2026-09-12T11:31:54.169795+00:00
usp000ghjp,AFSR,2.53,4.5,2008-09-23 09:09:42+00:00,usgs,no_data,,2026-09-12T11:31:54.722468+00:00
usp000ghjp,LOD,53.28,4.5,2008-09-23 09:09:42+00:00,usgs,no_data,,2026-09-12T11:31:55.277172+00:00
usp000ghjp,KAMT,57.54,4.5,2008-09-23 09:09:42+00:00,usgs,no_data,,2026-09-12T11:31:55.962529+00:00
usp000ghjp,KIZT,119.63,4.5,2008-09-23 09:09:42+00:00,usgs,no_data,,2026-09-12T11:31:56.443166+00:00
usp000gm2y,DAT,102.99,4.5,2008-10-26 15:53:54.520000+00:00,usgs,no_data,,2026-09-12T11:31:56.944240+00:00
usp000gm2y,BODT,116.32,4.5,2008-10-26 15:53:54.520000+00:00,usgs,no_data,,2026-09-12T11:31:57.767744+00:00
usp000gm2y,MLSB,160.74,4.5,2008-10-26 15:53:54.520000+00:00,usgs,no_data,,2026-09-12T11:31:58.771172+00:00
usp000gm2y,YER,180.1,4.5,2008-10-26 15:53:54.520000+00:00,usgs,no_data,,2026-09-12T11:31:59.263799+00:00
usp000gnhr,SARI,91.43,5.1,2008-11-12 14:03:18.310000+00:00,usgs,no_data,,2026-09-12T11:31:59.807026+00:00
usp000gnhr,NIG,113.65,5.1,2008-11-12 14:03:18.310000+00:00,usgs,no_data,,2026-09-12T11:32:00.340539+00:00
usp000gnuq,DAT,62.31,4.5,2008-11-16 16:43:28.380000+00:00,usgs,no_data,,2026-09-12T11:32:00.942477+00:00
usp000gnuq,BODT,63.55,4.5,2008-11-16 16:43:28.380000+00:00,usgs,no_data,,2026-09-12T11:32:01.433077+00:00
usp000gnuq,MLSB,110.22,4.5,2008-11-16 16:43:28.380000+00:00,usgs,no_data,,2026-09-12T11:32:01.967683+00:00
usp000gnuq,YER,137.0,4.5,2008-11-16 16:43:28.380000+00:00,usgs,no_data,,2026-09-12T11:32:02.483556+00:00
usp000grr8,GELI,58.8,5.2,2008-12-28 22:58:59+00:00,usgs,no_data,,2026-09-12T11:32:03.159746+00:00
usp000grr8,ERIK,69.39,5.2,2008-12-28 22:58:59+00:00,usgs,no_data,,2026-09-12T11:32:03.656400+00:00
usp000gshs,MLSB,220.08,5.3,2009-01-13 06:12:42.900000+00:00,usgs,no_data,,2026-09-12T11:32:04.229556+00:00
usp000gshs,YER,235.76,5.3,2009-01-13 06:12:42.900000+00:00,usgs,ok,data/processed/waveforms/usp000gshs_YER.mseed,2026-09-12T11:32:04.855234+00:00
usp000gsqz,CEYT,51.05,4.6,2009-01-17 07:45:26.800000+00:00,usgs,ok,data/processed/waveforms/usp000gsqz_CEYT.mseed,2026-09-12T11:32:06.131947+00:00
usp000gsqz,KOZT,60.59,4.6,2009-01-17 07:45:26.800000+00:00,usgs,ok,data/processed/waveforms/usp000gsqz_KOZT.mseed,2026-09-12T11:32:07.333886+00:00
usp000gsqz,KMRS,69.29,4.6,2009-01-17 07:45:26.800000+00:00,usgs,ok,data/processed/waveforms/usp000gsqz_KMRS.mseed,2026-09-12T11:32:08.515538+00:00
usp000gsqz,GAZ,79.93,4.6,2009-01-17 07:45:26.800000+00:00,usgs,no_data,,2026-09-12T11:32:09.594165+00:00
usp000gt21,MRMT,27.04,4.6,2009-01-24 15:58:38+00:00,usgs,no_data,,2026-09-12T11:32:10.196685+00:00
usp000gt21,TKR,29.89,4.6,2009-01-24 15:58:38+00:00,usgs,no_data,,2026-09-12T11:32:10.863012+00:00
usp000gt21,CRLT,37.03,4.6,2009-01-24 15:58:38+00:00,usgs,ok,data/processed/waveforms/usp000gt21_CRLT.mseed,2026-09-12T11:32:11.572468+00:00
usp000gt21,EDC,50.62,4.6,2009-01-24 15:58:38+00:00,usgs,ok,data/processed/waveforms/usp000gt21_EDC.mseed,2026-09-12T11:32:13.284087+00:00
usp000gt7f,DAT,122.74,4.7,2009-01-28 23:59:07.400000+00:00,usgs,no_data,,2026-09-12T11:32:15.236630+00:00
usp000gt7f,FETY,128.39,4.7,2009-01-28 23:59:07.400000+00:00,usgs,no_data,,2026-09-12T11:32:15.978273+00:00
usp000gt7f,YER,155.24,4.7,2009-01-28 23:59:07.400000+00:00,usgs,ok,data/processed/waveforms/usp000gt7f_YER.mseed,2026-09-12T11:32:16.588498+00:00
usp000gt7f,BODT,166.35,4.7,2009-01-28 23:59:07.400000+00:00,usgs,no_data,,2026-09-12T11:32:17.781133+00:00
usp000gu3g,KULA,73.59,5.2,2009-02-17 05:28:19+00:00,usgs,ok,data/processed/waveforms/usp000gu3g_KULA.mseed,2026-09-12T11:32:18.390751+00:00
usp000gu3g,ALT,92.67,5.2,2009-02-17 05:28:19+00:00,usgs,no_data,,2026-09-12T11:32:19.438797+00:00
usp000gujh,BODT,71.78,4.6,2009-03-02 22:02:06.800000+00:00,usgs,no_data,,2026-09-12T11:32:20.095255+00:00
usp000gujh,DAT,81.92,4.6,2009-03-02 22:02:06.800000+00:00,usgs,no_data,,2026-09-12T11:32:20.708847+00:00
usp000gujh,MLSB,120.49,4.6,2009-03-02 22:02:06.800000+00:00,usgs,no_data,,2026-09-12T11:32:21.277371+00:00
usp000gujh,YER,152.95,4.6,2009-03-02 22:02:06.800000+00:00,usgs,ok,data/processed/waveforms/usp000gujh_YER.mseed,2026-09-12T11:32:21.817552+00:00
usp000gx3u,DAT,87.98,4.8,2009-05-14 09:13:42.400000+00:00,usgs,no_data,,2026-09-12T11:32:22.858124+00:00
usp000gx3u,BODT,111.6,4.8,2009-05-14 09:13:42.400000+00:00,usgs,no_data,,2026-09-12T11:32:23.388699+00:00
usp000gx3u,MLSB,150.86,4.8,2009-05-14 09:13:42.400000+00:00,usgs,no_data,,2026-09-12T11:32:23.983003+00:00
usp000gx3u,YER,163.09,4.8,2009-05-14 09:13:42.400000+00:00,usgs,no_data,,2026-09-12T11:32:24.470299+00:00
usp000gy0k,FETY,75.09,4.7,2009-06-09 05:26:56+00:00,usgs,no_data,,2026-09-12T11:32:25.582525+00:00
usp000gy0k,DALY,102.68,4.7,2009-06-09 05:26:56+00:00,usgs,no_data,,2026-09-12T11:32:26.094802+00:00
usp000gy0k,ELL,114.67,4.7,2009-06-09 05:26:56+00:00,usgs,no_data,,2026-09-12T11:32:27.519846+00:00
usp000gy0k,YER,148.74,4.7,2009-06-09 05:26:56+00:00,usgs,no_data,,2026-09-12T11:32:29.871730+00:00
usp000gy9p,KARA,160.09,5.0,2009-06-17 04:29:12+00:00,usgs,no_data,,2026-09-12T11:32:31.002688+00:00
usp000gy9p,KOZT,160.22,5.0,2009-06-17 04:29:12+00:00,usgs,ok,data/processed/waveforms/usp000gy9p_KOZT.mseed,2026-09-12T11:32:31.575370+00:00
usp000gyaw,DAT,168.26,5.0,2009-06-18 04:26:14.700000+00:00,usgs,no_data,,2026-09-12T11:32:32.436183+00:00
usp000gyaw,YER,195.67,5.0,2009-06-18 04:26:14.700000+00:00,usgs,no_data,,2026-09-12T11:32:32.926604+00:00
usp000gybc,FETY,147.96,4.7,2009-06-18 14:03:28.460000+00:00,usgs,no_data,,2026-09-12T11:32:33.958778+00:00
usp000gybc,DALY,159.24,4.7,2009-06-18 14:03:28.460000+00:00,usgs,ok,data/processed/waveforms/usp000gybc_DALY.mseed,2026-09-12T11:32:34.462974+00:00
usp000gybc,DAT,171.04,4.7,2009-06-18 14:03:28.460000+00:00,usgs,no_data,,2026-09-12T11:32:35.597722+00:00
usp000gybc,YER,195.02,4.7,2009-06-18 14:03:28.460000+00:00,usgs,ok,data/processed/waveforms/usp000gybc_YER.mseed,2026-09-12T11:32:36.096495+00:00
usp000gych,DAT,171.78,5.8,2009-06-19 14:04:59.030000+00:00,usgs,no_data,,2026-09-12T11:32:36.805474+00:00
usp000gych,YER,198.02,5.8,2009-06-19 14:04:59.030000+00:00,usgs,ok,data/processed/waveforms/usp000gych_YER.mseed,2026-09-12T11:32:37.401333+00:00
usp000gycm,FETY,147.37,4.5,2009-06-19 14:33:37.440000+00:00,usgs,no_data,,2026-09-12T11:32:38.257672+00:00
usp000gycm,DALY,159.47,4.5,2009-06-19 14:33:37.440000+00:00,usgs,ok,data/processed/waveforms/usp000gycm_DALY.mseed,2026-09-12T11:32:38.803405+00:00
usp000gycm,DAT,172.89,4.5,2009-06-19 14:33:37.440000+00:00,usgs,no_data,,2026-09-12T11:32:39.951860+00:00
usp000gycm,ELL,195.21,4.5,2009-06-19 14:33:37.440000+00:00,usgs,ok,data/processed/waveforms/usp000gycm_ELL.mseed,2026-09-12T11:32:40.465240+00:00
usp000gydg,MLSB,91.5,5.1,2009-06-20 08:28:19+00:00,usgs,no_data,,2026-09-12T11:32:41.512309+00:00
usp000gydg,DAT,123.16,5.1,2009-06-20 08:28:19+00:00,usgs,no_data,,2026-09-12T11:32:42.066247+00:00
usp000gyh9,ELL,87.54,4.5,2009-06-23 04:49:21+00:00,usgs,ok,data/processed/waveforms/usp000gyh9_ELL.mseed,2026-09-12T11:32:42.996719+00:00
usp000gyh9,FETY,113.77,4.5,2009-06-23 04:49:21+00:00,usgs,no_data,,2026-09-12T11:32:43.995694+00:00
usp000gyh9,ANTB,116.87,4.5,2009-06-23 04:49:21+00:00,usgs,no_data,,2026-09-12T11:32:44.533747+00:00
usp000gyh9,DALY,156.33,4.5,2009-06-23 04:49:21+00:00,usgs,ok,data/processed/waveforms/usp000gyh9_DALY.mseed,2026-09-12T11:32:45.096781+00:00
usp000gyn4,BODT,177.2,4.9,2009-06-26 20:37:38.100000+00:00,usgs,no_data,,2026-09-12T11:32:45.694012+00:00
usp000gyn4,DAT,192.48,4.9,2009-06-26 20:37:38.100000+00:00,usgs,no_data,,2026-09-12T11:32:46.208657+00:00
usp000gyn4,MLSB,224.94,4.9,2009-06-26 20:37:38.100000+00:00,usgs,no_data,,2026-09-12T11:32:46.721171+00:00
usp000gyn4,BLCB,250.31,4.9,2009-06-26 20:37:38.100000+00:00,usgs,no_data,,2026-09-12T11:32:47.231969+00:00
usp000gyn6,BODT,169.24,4.7,2009-06-26 22:14:53.500000+00:00,usgs,no_data,,2026-09-12T11:32:47.876633+00:00
usp000gyn6,DAT,184.41,4.7,2009-06-26 22:14:53.500000+00:00,usgs,no_data,,2026-09-12T11:32:48.395113+00:00
usp000gyn6,MLSB,217.06,4.7,2009-06-26 22:14:53.500000+00:00,usgs,no_data,,2026-09-12T11:32:48.894536+00:00
usp000gyn6,BLCB,244.72,4.7,2009-06-26 22:14:53.500000+00:00,usgs,no_data,,2026-09-12T11:32:49.474498+00:00
usp000gze0,VANB,291.48,5.1,2009-07-18 20:32:29.990000+00:00,usgs,no_data,,2026-09-12T11:32:50.004383+00:00
usp000gze0,MAZI,312.57,5.1,2009-07-18 20:32:29.990000+00:00,usgs,ok,data/processed/waveforms/usp000gze0_MAZI.mseed,2026-09-12T11:32:50.627010+00:00
usp000gzju,KOZT,13.82,4.5,2009-07-24 05:48:19+00:00,usgs,ok,data/processed/waveforms/usp000gzju_KOZT.mseed,2026-09-12T11:32:51.811918+00:00
usp000gzju,CEYT,59.73,4.5,2009-07-24 05:48:19+00:00,usgs,ok,data/processed/waveforms/usp000gzju_CEYT.mseed,2026-09-12T11:32:53.005153+00:00
usp000gzju,KARA,64.77,4.5,2009-07-24 05:48:19+00:00,usgs,ok,data/processed/waveforms/usp000gzju_KARA.mseed,2026-09-12T11:32:53.973490+00:00
usp000gzju,KMRS,106.43,4.5,2009-07-24 05:48:19+00:00,usgs,ok,data/processed/waveforms/usp000gzju_KMRS.mseed,2026-09-12T11:32:54.950308+00:00
usp000gzru,ELL,69.71,4.5,2009-07-28 17:38:51.730000+00:00,usgs,ok,data/processed/waveforms/usp000gzru_ELL.mseed,2026-09-12T11:32:55.933845+00:00
usp000gzru,FETY,78.84,4.5,2009-07-28 17:38:51.730000+00:00,usgs,no_data,,2026-09-12T11:32:56.884152+00:00
usp000gzru,ANTB,118.98,4.5,2009-07-28 17:38:51.730000+00:00,usgs,no_data,,2026-09-12T11:32:57.745698+00:00
usp000gzru,DALY,121.03,4.5,2009-07-28 17:38:51.730000+00:00,usgs,ok,data/processed/waveforms/usp000gzru_DALY.mseed,2026-09-12T11:32:58.592734+00:00
usp000gztb,BAYT,96.31,5.0,2009-07-30 07:37:51.720000+00:00,usgs,ok,data/processed/waveforms/usp000gztb_BAYT.mseed,2026-09-12T11:32:59.700799+00:00
usp000gztb,GUMT,99.94,5.0,2009-07-30 07:37:51.720000+00:00,usgs,no_data,,2026-09-12T11:33:00.749896+00:00
usp000h0wb,FETY,150.47,4.5,2009-08-26 14:26:38.230000+00:00,usgs,no_data,,2026-09-12T11:33:01.366027+00:00
usp000h0wb,DALY,163.44,4.5,2009-08-26 14:26:38.230000+00:00,usgs,ok,data/processed/waveforms/usp000h0wb_DALY.mseed,2026-09-12T11:33:01.854223+00:00
usp000h0wb,DAT,177.72,4.5,2009-08-26 14:26:38.230000+00:00,usgs,no_data,,2026-09-12T11:33:02.833611+00:00
usp000h0wb,ELL,196.89,4.5,2009-08-26 14:26:38.230000+00:00,usgs,ok,data/processed/waveforms/usp000h0wb_ELL.mseed,2026-09-12T11:33:03.368751+00:00
usp000h1ar,AGRB,345.05,6.0,2009-09-07 22:41:37.360000+00:00,usgs,ok,data/processed/waveforms/usp000h1ar_AGRB.mseed,2026-09-12T11:33:04.428137+00:00
usp000h1ar,KTUT,356.89,6.0,2009-09-07 22:41:37.360000+00:00,usgs,no_data,,2026-09-12T11:33:05.629268+00:00
usp000h1as,BCA,201.95,4.8,2009-09-07 22:49:29.450000+00:00,usgs,ok,data/processed/waveforms/usp000h1as_BCA.mseed,2026-09-12T11:33:06.668394+00:00
usp000h1as,KARS,225.31,4.8,2009-09-07 22:49:29.450000+00:00,usgs,no_data,,2026-09-12T11:33:07.581694+00:00
usp000h1as,AGRB,341.06,4.8,2009-09-07 22:49:29.450000+00:00,usgs,ok,data/processed/waveforms/usp000h1as_AGRB.mseed,2026-09-12T11:33:08.473527+00:00
usp000h1as,KTUT,357.81,4.8,2009-09-07 22:49:29.450000+00:00,usgs,no_data,,2026-09-12T11:33:09.051405+00:00
usp000h1av,BCA,203.99,4.5,2009-09-07 23:21:03.390000+00:00,usgs,ok,data/processed/waveforms/usp000h1av_BCA.mseed,2026-09-12T11:33:09.603545+00:00
usp000h1av,KARS,233.84,4.5,2009-09-07 23:21:03.390000+00:00,usgs,no_data,,2026-09-12T11:33:10.213422+00:00
usp000h1av,AGRB,349.71,4.5,2009-09-07 23:21:03.390000+00:00,usgs,ok,data/processed/waveforms/usp000h1av_AGRB.mseed,2026-09-12T11:33:10.791152+00:00
usp000h1av,KTUT,357.76,4.5,2009-09-07 23:21:03.390000+00:00,usgs,no_data,,2026-09-12T11:33:11.358074+00:00
usp000h1bq,BCA,200.48,4.7,2009-09-08 17:50:49.160000+00:00,usgs,no_data,,2026-09-12T11:33:11.924209+00:00
usp000h1bq,KARS,229.14,4.7,2009-09-08 17:50:49.160000+00:00,usgs,no_data,,2026-09-12T11:33:13.180101+00:00
usp000h1bq,AGRB,345.02,4.7,2009-09-08 17:50:49.160000+00:00,usgs,no_data,,2026-09-12T11:33:14.313181+00:00
usp000h1bq,KTUT,354.95,4.7,2009-09-08 17:50:49.160000+00:00,usgs,no_data,,2026-09-12T11:33:15.457266+00:00
usp000h1ca,BCA,201.49,4.6,2009-09-09 08:36:16.860000+00:00,usgs,ok,data/processed/waveforms/usp000h1ca_BCA.mseed,2026-09-12T11:33:16.385525+00:00
usp000h1ca,KARS,217.4,4.6,2009-09-09 08:36:16.860000+00:00,usgs,ok,data/processed/waveforms/usp000h1ca_KARS.mseed,2026-09-12T11:33:17.306468+00:00
usp000h1ca,AGRB,332.92,4.6,2009-09-09 08:36:16.860000+00:00,usgs,ok,data/processed/waveforms/usp000h1ca_AGRB.mseed,2026-09-12T11:33:18.259097+00:00
usp000h1ca,KTUT,359.25,4.6,2009-09-09 08:36:16.860000+00:00,usgs,ok,data/processed/waveforms/usp000h1ca_KTUT.mseed,2026-09-12T11:33:19.084835+00:00
usp000h1da,KONT,11.12,4.9,2009-09-10 18:29:52.860000+00:00,usgs,ok,data/processed/waveforms/usp000h1da_KONT.mseed,2026-09-12T11:33:20.010377+00:00
usp000h1da,LADK,29.34,4.9,2009-09-10 18:29:52.860000+00:00,usgs,ok,data/processed/waveforms/usp000h1da_LADK.mseed,2026-09-12T11:33:21.164092+00:00
usp000h1da,CHBY,78.49,4.9,2009-09-10 18:29:52.860000+00:00,usgs,no_data,,2026-09-12T11:33:22.113826+00:00
usp000h1da,SULT,94.44,4.9,2009-09-10 18:29:52.860000+00:00,usgs,ok,data/processed/waveforms/usp000h1da_SULT.mseed,2026-09-12T11:33:22.680766+00:00
usp000h1dp,KONT,7.53,4.9,2009-09-11 01:58:30+00:00,usgs,ok,data/processed/waveforms/usp000h1dp_KONT.mseed,2026-09-12T11:33:23.818725+00:00
usp000h1dp,LADK,30.04,4.9,2009-09-11 01:58:30+00:00,usgs,ok,data/processed/waveforms/usp000h1dp_LADK.mseed,2026-09-12T11:33:24.835956+00:00
usp000h1dp,CHBY,82.0,4.9,2009-09-11 01:58:30+00:00,usgs,no_data,,2026-09-12T11:33:25.839488+00:00
usp000h1dp,SULT,98.77,4.9,2009-09-11 01:58:30+00:00,usgs,ok,data/processed/waveforms/usp000h1dp_SULT.mseed,2026-09-12T11:33:26.346033+00:00
usp000h1ff,BCA,203.08,4.6,2009-09-12 09:41:21.260000+00:00,usgs,no_data,,2026-09-12T11:33:27.427162+00:00
usp000h1ff,KARS,231.63,4.6,2009-09-12 09:41:21.260000+00:00,usgs,no_data,,2026-09-12T11:33:28.749142+00:00
usp000h1ff,AGRB,347.49,4.6,2009-09-12 09:41:21.260000+00:00,usgs,no_data,,2026-09-12T11:33:30.286591+00:00
usp000h1ff,KTUT,357.34,4.6,2009-09-12 09:41:21.260000+00:00,usgs,no_data,,2026-09-12T11:33:31.349638+00:00
usp000h3tw,HDMB,115.81,4.5,2009-11-07 03:13:41+00:00,usgs,no_data,,2026-09-12T11:33:32.444598+00:00
usp000h3tw,AKDN,133.28,4.5,2009-11-07 03:13:41+00:00,usgs,no_data,,2026-09-12T11:33:33.107356+00:00
usp000h3tw,LEF,139.84,4.5,2009-11-07 03:13:41+00:00,usgs,ok,data/processed/waveforms/usp000h3tw_LEF.mseed,2026-09-12T11:33:33.620705+00:00
usp000h3tw,ANTB,140.54,4.5,2009-11-07 03:13:41+00:00,usgs,ok,data/processed/waveforms/usp000h3tw_ANTB.mseed,2026-09-12T11:33:34.600074+00:00
usp000h43p,DAT,179.47,4.5,2009-11-16 11:31:17.160000+00:00,usgs,no_data,,2026-09-12T11:33:35.570176+00:00
usp000h43p,FETY,200.72,4.5,2009-11-16 11:31:17.160000+00:00,usgs,no_data,,2026-09-12T11:33:36.089327+00:00
usp000h43p,DALY,200.74,4.5,2009-11-16 11:31:17.160000+00:00,usgs,ok,data/processed/waveforms/usp000h43p_DALY.mseed,2026-09-12T11:33:36.686390+00:00
usp000h43p,BODT,220.04,4.5,2009-11-16 11:31:17.160000+00:00,usgs,ok,data/processed/waveforms/usp000h43p_BODT.mseed,2026-09-12T11:33:37.626221+00:00
usp000h4a1,TOS,52.2,4.5,2009-11-22 02:01:47+00:00,usgs,no_data,,2026-09-12T11:33:38.725697+00:00
usp000h4a1,SAFT,73.48,4.5,2009-11-22 02:01:47+00:00,usgs,no_data,,2026-09-12T11:33:39.308544+00:00
usp000h4a1,BZK,77.68,4.5,2009-11-22 02:01:47+00:00,usgs,ok,data/processed/waveforms/usp000h4a1_BZK.mseed,2026-09-12T11:33:39.900847+00:00
usp000h4a1,CANT,82.55,4.5,2009-11-22 02:01:47+00:00,usgs,ok,data/processed/waveforms/usp000h4a1_CANT.mseed,2026-09-12T11:33:41.134057+00:00
usp000h4c9,ELL,86.71,4.5,2009-11-24 02:00:01.540000+00:00,usgs,ok,data/processed/waveforms/usp000h4c9_ELL.mseed,2026-09-12T11:33:42.505041+00:00
usp000h4c9,FETY,112.38,4.5,2009-11-24 02:00:01.540000+00:00,usgs,no_data,,2026-09-12T11:33:44.027709+00:00
usp000h4c9,ANTB,116.87,4.5,2009-11-24 02:00:01.540000+00:00,usgs,ok,data/processed/waveforms/usp000h4c9_ANTB.mseed,2026-09-12T11:33:44.901849+00:00
usp000h4c9,DALY,154.92,4.5,2009-11-24 02:00:01.540000+00:00,usgs,ok,data/processed/waveforms/usp000h4c9_DALY.mseed,2026-09-12T11:33:45.829914+00:00
usp000h4dp,DENT,14.62,4.6,2009-11-25 10:53:43.640000+00:00,usgs,no_data,,2026-09-12T11:33:46.738690+00:00
usp000h4dp,KHL,71.12,4.6,2009-11-25 10:53:43.640000+00:00,usgs,no_data,,2026-09-12T11:33:47.354375+00:00
usp000h4dp,KULA,76.14,4.6,2009-11-25 10:53:43.640000+00:00,usgs,ok,data/processed/waveforms/usp000h4dp_KULA.mseed,2026-09-12T11:33:47.881194+00:00
usp000h4dp,AYDB,93.75,4.6,2009-11-25 10:53:43.640000+00:00,usgs,ok,data/processed/waveforms/usp000h4dp_AYDB.mseed,2026-09-12T11:33:48.928984+00:00
usp000h4qu,DENT,32.38,4.9,2009-12-04 06:02:19+00:00,usgs,no_data,,2026-09-12T11:33:49.906731+00:00
usp000h4qu,KULA,66.91,4.9,2009-12-04 06:02:19+00:00,usgs,ok,data/processed/waveforms/usp000h4qu_KULA.mseed,2026-09-12T11:33:50.415167+00:00
usp000h4qu,AYDB,73.34,4.9,2009-12-04 06:02:19+00:00,usgs,ok,data/processed/waveforms/usp000h4qu_AYDB.mseed,2026-09-12T11:33:51.307033+00:00
usp000h4qu,KHL,83.6,4.9,2009-12-04 06:02:19+00:00,usgs,no_data,,2026-09-12T11:33:52.244531+00:00
usp000h4r1,DENT,67.62,4.7,2009-12-04 17:19:47.290000+00:00,usgs,no_data,,2026-09-12T11:33:52.763301+00:00
usp000h4r1,ELL,75.9,4.7,2009-12-04 17:19:47.290000+00:00,usgs,ok,data/processed/waveforms/usp000h4r1_ELL.mseed,2026-09-12T11:33:53.285926+00:00
usp000h4r1,BCK,82.42,4.7,2009-12-04 17:19:47.290000+00:00,usgs,ok,data/processed/waveforms/usp000h4r1_BCK.mseed,2026-09-12T11:33:54.256471+00:00
usp000h4r1,FETY,99.25,4.7,2009-12-04 17:19:47.290000+00:00,usgs,ok,data/processed/waveforms/usp000h4r1_FETY.mseed,2026-09-12T11:33:55.256271+00:00
usp000h4zk,DALY,32.32,4.7,2009-12-12 15:23:16.600000+00:00,usgs,no_data,,2026-09-12T11:33:56.260878+00:00
usp000h4zk,FETY,45.59,4.7,2009-12-12 15:23:16.600000+00:00,usgs,no_data,,2026-09-12T11:33:57.164163+00:00
usp000h4zk,YER,72.43,4.7,2009-12-12 15:23:16.600000+00:00,usgs,no_data,,2026-09-12T11:33:58.280935+00:00
usp000h4zk,DAT,93.14,4.7,2009-12-12 15:23:16.600000+00:00,usgs,no_data,,2026-09-12T11:33:59.225473+00:00
usp000h565,DAT,78.61,4.5,2009-12-19 06:26:00.900000+00:00,usgs,no_data,,2026-09-12T11:33:59.770095+00:00
usp000h565,BODT,107.62,4.5,2009-12-19 06:26:00.900000+00:00,usgs,ok,data/processed/waveforms/usp000h565_BODT.mseed,2026-09-12T11:34:00.274363+00:00
usp000h565,MLSB,143.16,4.5,2009-12-19 06:26:00.900000+00:00,usgs,no_data,,2026-09-12T11:34:01.299551+00:00
usp000h565,YER,151.38,4.5,2009-12-19 06:26:00.900000+00:00,usgs,no_data,,2026-09-12T11:34:02.546406+00:00
usp000h58s,ANTB,152.02,5.3,2009-12-22 06:06:23.430000+00:00,usgs,ok,data/processed/waveforms/usp000h58s_ANTB.mseed,2026-09-12T11:34:03.228454+00:00
usp000h58s,HDMB,163.55,5.3,2009-12-22 06:06:23.430000+00:00,usgs,no_data,,2026-09-12T11:34:04.647626+00:00
usp000h59e,BLCB,92.84,4.5,2009-12-23 04:44:39.300000+00:00,usgs,ok,data/processed/waveforms/usp000h59e_BLCB.mseed,2026-09-12T11:34:05.528542+00:00
usp000h59e,BODT,94.38,4.5,2009-12-23 04:44:39.300000+00:00,usgs,ok,data/processed/waveforms/usp000h59e_BODT.mseed,2026-09-12T11:34:06.641596+00:00
usp000h59e,MLSB,116.04,4.5,2009-12-23 04:44:39.300000+00:00,usgs,no_data,,2026-09-12T11:34:08.254997+00:00
usp000h59e,AYDB,123.18,4.5,2009-12-23 04:44:39.300000+00:00,usgs,ok,data/processed/waveforms/usp000h59e_AYDB.mseed,2026-09-12T11:34:09.225388+00:00
usp000h5r4,BODT,195.91,4.5,2010-01-05 02:47:16.700000+00:00,usgs,ok,data/processed/waveforms/usp000h5r4_BODT.mseed,2026-09-12T11:34:10.651611+00:00
usp000h5r4,DAT,203.22,4.5,2010-01-05 02:47:16.700000+00:00,usgs,no_data,,2026-09-12T11:34:12.055298+00:00
usp000h5r4,MLSB,244.64,4.5,2010-01-05 02:47:16.700000+00:00,usgs,no_data,,2026-09-12T11:34:14.011197+00:00
usp000h5r4,YER,277.42,4.5,2010-01-05 02:47:16.700000+00:00,usgs,no_data,,2026-09-12T11:34:16.234043+00:00
usp000h68q,DAT,165.52,4.9,2010-01-17 20:16:04.100000+00:00,usgs,no_data,,2026-09-12T11:34:18.938147+00:00
usp000h68q,DALY,187.16,4.9,2010-01-17 20:16:04.100000+00:00,usgs,ok,data/processed/waveforms/usp000h68q_DALY.mseed,2026-09-12T11:34:19.763533+00:00
usp000h68q,FETY,188.45,4.9,2010-01-17 20:16:04.100000+00:00,usgs,ok,data/processed/waveforms/usp000h68q_FETY.mseed,2026-09-12T11:34:21.019707+00:00
usp000h68q,BODT,206.38,4.9,2010-01-17 20:16:04.100000+00:00,usgs,ok,data/processed/waveforms/usp000h68q_BODT.mseed,2026-09-12T11:34:22.645496+00:00
usp000h8x1,SVRC,80.1,6.1,2010-03-08 02:32:34.710000+00:00,usgs,no_data,,2026-09-12T11:34:23.887996+00:00
usp000h8x1,ERZN,83.52,6.1,2010-03-08 02:32:34.710000+00:00,usgs,no_data,,2026-09-12T11:34:24.632236+00:00
usp000h8xh,SVRC,74.54,5.6,2010-03-08 07:47:41.960000+00:00,usgs,no_data,,2026-09-12T11:34:25.345343+00:00
usp000h8xh,DYBB,84.39,5.6,2010-03-08 07:47:41.960000+00:00,usgs,no_data,,2026-09-12T11:34:25.858446+00:00
usp000h8xn,BNGB,59.44,4.6,2010-03-08 08:11:21+00:00,usgs,ok,data/processed/waveforms/usp000h8xn_BNGB.mseed,2026-09-12T11:34:26.451416+00:00
usp000h8xn,PTK,61.73,4.6,2010-03-08 08:11:21+00:00,usgs,no_data,,2026-09-12T11:34:27.362280+00:00
usp000h8xn,SVRC,77.92,4.6,2010-03-08 08:11:21+00:00,usgs,no_data,,2026-09-12T11:34:28.530618+00:00
usp000h8xn,DYBB,87.22,4.6,2010-03-08 08:11:21+00:00,usgs,no_data,,2026-09-12T11:34:29.322023+00:00
usp000h8xr,BNGB,59.25,4.9,2010-03-08 09:00:46.400000+00:00,usgs,ok,data/processed/waveforms/usp000h8xr_BNGB.mseed,2026-09-12T11:34:30.044485+00:00
usp000h8xr,PTK,59.82,4.9,2010-03-08 09:00:46.400000+00:00,usgs,no_data,,2026-09-12T11:34:30.625128+00:00
usp000h8xr,SVRC,78.35,4.9,2010-03-08 09:00:46.400000+00:00,usgs,no_data,,2026-09-12T11:34:31.159998+00:00
usp000h8xr,DYBB,90.08,4.9,2010-03-08 09:00:46.400000+00:00,usgs,no_data,,2026-09-12T11:34:31.750970+00:00
usp000h8xy,SVRC,86.6,5.2,2010-03-08 10:14:23.480000+00:00,usgs,no_data,,2026-09-12T11:34:32.330016+00:00
usp000h8xy,ERZN,91.03,5.2,2010-03-08 10:14:23.480000+00:00,usgs,no_data,,2026-09-12T11:34:32.863526+00:00
usp000h8y1,SVRC,85.19,5.1,2010-03-08 11:12:10.790000+00:00,usgs,no_data,,2026-09-12T11:34:33.361658+00:00
usp000h8y1,DYBB,91.49,5.1,2010-03-08 11:12:10.790000+00:00,usgs,no_data,,2026-09-12T11:34:34.072573+00:00
usp000h8yh,PTK,61.83,4.9,2010-03-08 15:04:54.010000+00:00,usgs,no_data,,2026-09-12T11:34:34.577993+00:00
usp000h8yh,BNGB,64.74,4.9,2010-03-08 15:04:54.010000+00:00,usgs,ok,data/processed/waveforms/usp000h8yh_BNGB.mseed,2026-09-12T11:34:35.088930+00:00
usp000h8yh,SVRC,72.79,4.9,2010-03-08 15:04:54.010000+00:00,usgs,no_data,,2026-09-12T11:34:35.960823+00:00
usp000h8yh,DYBB,80.86,4.9,2010-03-08 15:04:54.010000+00:00,usgs,no_data,,2026-09-12T11:34:36.482214+00:00
usp000h9xv,SVRC,87.52,5.1,2010-03-24 14:11:31+00:00,usgs,ok,data/processed/waveforms/usp000h9xv_SVRC.mseed,2026-09-12T11:34:37.002278+00:00
usp000h9xv,ERZN,92.38,5.1,2010-03-24 14:11:31+00:00,usgs,no_data,,2026-09-12T11:34:38.063095+00:00
usp000ha0f,BLCB,76.7,4.9,2010-03-26 18:35:52+00:00,usgs,no_data,,2026-09-12T11:34:38.604182+00:00
usp000ha0f,AYDB,147.91,4.9,2010-03-26 18:35:52+00:00,usgs,ok,data/processed/waveforms/usp000ha0f_AYDB.mseed,2026-09-12T11:34:39.237099+00:00
usp000ha0f,BODT,153.76,4.9,2010-03-26 18:35:52+00:00,usgs,ok,data/processed/waveforms/usp000ha0f_BODT.mseed,2026-09-12T11:34:40.368762+00:00
usp000ha0f,AKS,160.98,4.9,2010-03-26 18:35:52+00:00,usgs,no_data,,2026-09-12T11:34:41.459195+00:00
usp000hfbp,MLSB,93.95,5.1,2010-07-16 08:11:01.900000+00:00,usgs,no_data,,2026-09-12T11:34:42.048888+00:00
usp000hfbp,YER,127.25,5.1,2010-07-16 08:11:01.900000+00:00,usgs,ok,data/processed/waveforms/usp000hfbp_YER.mseed,2026-09-12T11:34:42.948948+00:00
usp000hkuk,SVRC,41.77,4.7,2010-09-17 10:17:05.730000+00:00,usgs,ok,data/processed/waveforms/usp000hkuk_SVRC.mseed,2026-09-12T11:34:44.946241+00:00
usp000hkuk,URFA,72.22,4.7,2010-09-17 10:17:05.730000+00:00,usgs,ok,data/processed/waveforms/usp000hkuk_URFA.mseed,2026-09-12T11:34:45.930726+00:00
usp000hkuk,PTK,96.79,4.7,2010-09-17 10:17:05.730000+00:00,usgs,ok,data/processed/waveforms/usp000hkuk_PTK.mseed,2026-09-12T11:34:47.115554+00:00
usp000hkuk,DYBB,97.59,4.7,2010-09-17 10:17:05.730000+00:00,usgs,no_data,,2026-09-12T11:34:48.228321+00:00
usp000hn37,FETY,74.5,4.5,2010-10-14 09:08:21+00:00,usgs,ok,data/processed/waveforms/usp000hn37_FETY.mseed,2026-09-12T11:34:49.375553+00:00
usp000hn37,ELL,82.51,4.5,2010-10-14 09:08:21+00:00,usgs,ok,data/processed/waveforms/usp000hn37_ELL.mseed,2026-09-12T11:34:50.326908+00:00
usp000hn37,DALY,114.22,4.5,2010-10-14 09:08:21+00:00,usgs,ok,data/processed/waveforms/usp000hn37_DALY.mseed,2026-09-12T11:34:51.250420+00:00
usp000hn37,ANTB,136.2,4.5,2010-10-14 09:08:21+00:00,usgs,ok,data/processed/waveforms/usp000hn37_ANTB.mseed,2026-09-12T11:34:52.279069+00:00
usp000hnya,LAP,36.57,5.3,2010-11-03 02:51:27+00:00,usgs,no_data,,2026-09-12T11:34:53.396992+00:00
usp000hnya,ENEZ,38.0,5.3,2010-11-03 02:51:27+00:00,usgs,no_data,,2026-09-12T11:34:54.044993+00:00
usp000hpe2,MLSB,77.24,5.0,2010-11-11 20:08:00.870000+00:00,usgs,ok,data/processed/waveforms/usp000hpe2_MLSB.mseed,2026-09-12T11:34:54.711120+00:00
usp000hpe2,BODT,93.09,5.0,2010-11-11 20:08:00.870000+00:00,usgs,no_data,,2026-09-12T11:34:55.601688+00:00
usp000hpnf,TAHT,28.24,4.9,2010-11-14 23:08:25.400000+00:00,usgs,ok,data/processed/waveforms/usp000hpnf_TAHT.mseed,2026-09-12T11:34:56.109092+00:00
usp000hpnf,CEYT,52.64,4.9,2010-11-14 23:08:25.400000+00:00,usgs,ok,data/processed/waveforms/usp000hpnf_CEYT.mseed,2026-09-12T11:34:57.344672+00:00
usp000hpnf,KRTS,56.45,4.9,2010-11-14 23:08:25.400000+00:00,usgs,ok,data/processed/waveforms/usp000hpnf_KRTS.mseed,2026-09-12T11:34:59.523898+00:00
usp000hpnf,KOZT,100.75,4.9,2010-11-14 23:08:25.400000+00:00,usgs,no_data,,2026-09-12T11:35:01.451745+00:00
usp000hpr2,KMRS,48.1,4.5,2010-11-16 10:50:32+00:00,usgs,ok,data/processed/waveforms/usp000hpr2_KMRS.mseed,2026-09-12T11:35:02.260097+00:00
usp000hpr2,KOZT,55.23,4.5,2010-11-16 10:50:32+00:00,usgs,ok,data/processed/waveforms/usp000hpr2_KOZT.mseed,2026-09-12T11:35:03.507479+00:00
usp000hpr2,CEYT,67.97,4.5,2010-11-16 10:50:32+00:00,usgs,ok,data/processed/waveforms/usp000hpr2_CEYT.mseed,2026-09-12T11:35:04.277997+00:00
usp000hpr2,GAZ,72.04,4.5,2010-11-16 10:50:32+00:00,usgs,no_data,,2026-09-12T11:35:05.385943+00:00
usp000hqg2,BODT,105.42,4.8,2010-12-04 03:49:10.900000+00:00,usgs,no_data,,2026-09-12T11:35:06.142101+00:00
usp000hqg2,DAT,107.23,4.8,2010-12-04 03:49:10.900000+00:00,usgs,no_data,,2026-09-12T11:35:06.652179+00:00
usp000hqg2,MLSB,153.67,4.8,2010-12-04 03:49:10.900000+00:00,usgs,ok,data/processed/waveforms/usp000hqg2_MLSB.mseed,2026-09-12T11:35:07.311284+00:00
usp000hqg2,YER,182.39,4.8,2010-12-04 03:49:10.900000+00:00,usgs,no_data,,2026-09-12T11:35:08.301528+00:00
usp000hqjn,FETY,156.19,4.8,2010-12-05 23:20:16.750000+00:00,usgs,ok,data/processed/waveforms/usp000hqjn_FETY.mseed,2026-09-12T11:35:09.166969+00:00
usp000hqjn,DALY,169.53,4.8,2010-12-05 23:20:16.750000+00:00,usgs,no_data,,2026-09-12T11:35:10.072588+00:00
usp000hqjn,DAT,183.23,4.8,2010-12-05 23:20:16.750000+00:00,usgs,no_data,,2026-09-12T11:35:10.572198+00:00
usp000hqjn,ELL,201.57,4.8,2010-12-05 23:20:16.750000+00:00,usgs,no_data,,2026-09-12T11:35:11.242935+00:00
usp000hs0j,GADA,15.32,4.6,2010-12-26 05:08:20.090000+00:00,usgs,no_data,,2026-09-12T11:35:11.869176+00:00
usp000hs0j,ENEZ,51.74,4.6,2010-12-26 05:08:20.090000+00:00,usgs,no_data,,2026-09-12T11:35:12.899884+00:00
usp000hs0j,GELI,52.32,4.6,2010-12-26 05:08:20.090000+00:00,usgs,ok,data/processed/waveforms/usp000hs0j_GELI.mseed,2026-09-12T11:35:13.668269+00:00
usp000hs0j,ERIK,66.96,4.6,2010-12-26 05:08:20.090000+00:00,usgs,ok,data/processed/waveforms/usp000hs0j_ERIK.mseed,2026-09-12T11:35:15.382482+00:00
usp000htbr,KTUT,264.02,5.2,2011-01-19 09:17:49.750000+00:00,usgs,ok,data/processed/waveforms/usp000htbr_KTUT.mseed,2026-09-12T11:35:16.459293+00:00
usp000htbr,AGRB,266.75,5.2,2011-01-19 09:17:49.750000+00:00,usgs,ok,data/processed/waveforms/usp000htbr_AGRB.mseed,2026-09-12T11:35:17.653662+00:00
usp000hu73,BODT,56.86,4.6,2011-02-07 18:31:45.100000+00:00,usgs,no_data,,2026-09-12T11:35:18.741931+00:00
usp000hu73,DAT,58.96,4.6,2011-02-07 18:31:45.100000+00:00,usgs,no_data,,2026-09-12T11:35:19.504209+00:00
usp000hu73,MLSB,104.01,4.6,2011-02-07 18:31:45.100000+00:00,usgs,no_data,,2026-09-12T11:35:20.059788+00:00
usp000hu73,YER,132.25,4.6,2011-02-07 18:31:45.100000+00:00,usgs,ok,data/processed/waveforms/usp000hu73_YER.mseed,2026-09-12T11:35:20.709790+00:00
usp000hux6,VRTB,75.25,4.6,2011-02-22 09:11:44+00:00,usgs,ok,data/processed/waveforms/usp000hux6_VRTB.mseed,2026-09-12T11:35:21.800562+00:00
usp000hux6,AGRB,88.99,4.6,2011-02-22 09:11:44+00:00,usgs,ok,data/processed/waveforms/usp000hux6_AGRB.mseed,2026-09-12T11:35:22.974045+00:00
usp000hux6,VANB,109.64,4.6,2011-02-22 09:11:44+00:00,usgs,no_data,,2026-09-12T11:35:24.041689+00:00
usp000hux6,SVAN,132.96,4.6,2011-02-22 09:11:44+00:00,usgs,ok,data/processed/waveforms/usp000hux6_SVAN.mseed,2026-09-12T11:35:24.606963+00:00
usp000huxz,VRTB,80.24,4.5,2011-02-22 18:15:52.900000+00:00,usgs,ok,data/processed/waveforms/usp000huxz_VRTB.mseed,2026-09-12T11:35:25.704733+00:00
usp000huxz,AGRB,91.65,4.5,2011-02-22 18:15:52.900000+00:00,usgs,ok,data/processed/waveforms/usp000huxz_AGRB.mseed,2026-09-12T11:35:26.529526+00:00
usp000huxz,VANB,103.86,4.5,2011-02-22 18:15:52.900000+00:00,usgs,no_data,,2026-09-12T11:35:27.267961+00:00
usp000huxz,SVAN,131.21,4.5,2011-02-22 18:15:52.900000+00:00,usgs,ok,data/processed/waveforms/usp000huxz_SVAN.mseed,2026-09-12T11:35:28.292277+00:00
usp000hv2p,DAT,41.13,4.5,2011-02-25 21:33:26.550000+00:00,usgs,no_data,,2026-09-12T11:35:29.770371+00:00
usp000hv2p,BODT,55.07,4.5,2011-02-25 21:33:26.550000+00:00,usgs,no_data,,2026-09-12T11:35:30.299769+00:00
usp000hv2p,MLSB,96.62,4.5,2011-02-25 21:33:26.550000+00:00,usgs,no_data,,2026-09-12T11:35:30.845065+00:00
usp000hv2p,YER,117.71,4.5,2011-02-25 21:33:26.550000+00:00,usgs,ok,data/processed/waveforms/usp000hv2p_YER.mseed,2026-09-12T11:35:31.346941+00:00
usp000hx7m,CLDR,49.54,4.7,2011-03-14 18:57:10.910000+00:00,usgs,no_data,,2026-09-12T11:35:32.465356+00:00
usp000hx7m,VANB,65.9,4.7,2011-03-14 18:57:10.910000+00:00,usgs,no_data,,2026-09-12T11:35:33.113075+00:00
usp000hx7m,AGRB,135.17,4.7,2011-03-14 18:57:10.910000+00:00,usgs,ok,data/processed/waveforms/usp000hx7m_AGRB.mseed,2026-09-12T11:35:33.695778+00:00
usp000hx7m,CUKT,170.15,4.7,2011-03-14 18:57:10.910000+00:00,usgs,ok,data/processed/waveforms/usp000hx7m_CUKT.mseed,2026-09-12T11:35:34.769166+00:00
usp000hz2h,MLSB,211.7,6.0,2011-04-01 13:29:10.690000+00:00,usgs,no_data,,2026-09-12T11:35:35.912513+00:00
usp000hz2h,YER,224.9,6.0,2011-04-01 13:29:10.690000+00:00,usgs,ok,data/processed/waveforms/usp000hz2h_YER.mseed,2026-09-12T11:35:36.463126+00:00
usp000j0ek,KOZT,21.42,4.5,2011-04-23 05:22:11.060000+00:00,usgs,ok,data/processed/waveforms/usp000j0ek_KOZT.mseed,2026-09-12T11:35:37.377526+00:00
usp000j0ek,KARA,52.25,4.5,2011-04-23 05:22:11.060000+00:00,usgs,no_data,,2026-09-12T11:35:38.470783+00:00
usp000j0ek,CEYT,53.11,4.5,2011-04-23 05:22:11.060000+00:00,usgs,no_data,,2026-09-12T11:35:39.061288+00:00
usp000j0ek,KRTS,101.45,4.5,2011-04-23 05:22:11.060000+00:00,usgs,ok,data/processed/waveforms/usp000j0ek_KRTS.mseed,2026-09-12T11:35:39.789428+00:00
usp000j161,YER,18.03,4.5,2011-05-07 18:00:50.200000+00:00,usgs,ok,data/processed/waveforms/usp000j161_YER.mseed,2026-09-12T11:35:41.074560+00:00
usp000j161,MRSB,29.04,4.5,2011-05-07 18:00:50.200000+00:00,usgs,no_data,,2026-09-12T11:35:42.157948+00:00
usp000j161,DALY,40.08,4.5,2011-05-07 18:00:50.200000+00:00,usgs,ok,data/processed/waveforms/usp000j161_DALY.mseed,2026-09-12T11:35:43.287744+00:00
usp000j161,MLSB,54.97,4.5,2011-05-07 18:00:50.200000+00:00,usgs,no_data,,2026-09-12T11:35:45.816192+00:00
usp000j16w,BODT,40.35,5.1,2011-05-08 06:50:24.300000+00:00,usgs,no_data,,2026-09-12T11:35:46.870947+00:00
usp000j16w,YKAV,46.92,5.1,2011-05-08 06:50:24.300000+00:00,usgs,ok,data/processed/waveforms/usp000j16w_YKAV.mseed,2026-09-12T11:35:47.787457+00:00
usp000j1up,DST,65.09,5.8,2011-05-19 20:15:22.940000+00:00,usgs,no_data,,2026-09-12T11:35:49.484280+00:00
usp000j1up,KULA,80.28,5.8,2011-05-19 20:15:22.940000+00:00,usgs,ok,data/processed/waveforms/usp000j1up_KULA.mseed,2026-09-12T11:35:50.101156+00:00
usp000j1uq,GEDZ,29.95,4.6,2011-05-19 20:25:32.120000+00:00,usgs,no_data,,2026-09-12T11:35:51.508252+00:00
usp000j1uq,TVSB,48.94,4.6,2011-05-19 20:25:32.120000+00:00,usgs,ok,data/processed/waveforms/usp000j1uq_TVSB.mseed,2026-09-12T11:35:52.193676+00:00
usp000j1uq,DST,66.04,4.6,2011-05-19 20:25:32.120000+00:00,usgs,no_data,,2026-09-12T11:35:53.278303+00:00
usp000j1uq,KULA,76.85,4.6,2011-05-19 20:25:32.120000+00:00,usgs,ok,data/processed/waveforms/usp000j1uq_KULA.mseed,2026-09-12T11:35:53.807641+00:00
usp000j1v9,GEDZ,28.35,4.5,2011-05-20 00:58:33.200000+00:00,usgs,no_data,,2026-09-12T11:35:54.746703+00:00
usp000j1v9,TVSB,50.34,4.5,2011-05-20 00:58:33.200000+00:00,usgs,ok,data/processed/waveforms/usp000j1v9_TVSB.mseed,2026-09-12T11:35:55.410399+00:00
usp000j1v9,DST,68.77,4.5,2011-05-20 00:58:33.200000+00:00,usgs,no_data,,2026-09-12T11:35:56.595926+00:00
usp000j1v9,KULA,74.98,4.5,2011-05-20 00:58:33.200000+00:00,usgs,ok,data/processed/waveforms/usp000j1v9_KULA.mseed,2026-09-12T11:35:57.507952+00:00
usp000j2b5,GEDZ,32.28,4.8,2011-05-28 05:47:17+00:00,usgs,no_data,,2026-09-12T11:35:59.563790+00:00
usp000j2b5,TVSB,51.11,4.8,2011-05-28 05:47:17+00:00,usgs,ok,data/processed/waveforms/usp000j2b5_TVSB.mseed,2026-09-12T11:36:00.573943+00:00
usp000j2b5,DST,65.02,4.8,2011-05-28 05:47:17+00:00,usgs,no_data,,2026-09-12T11:36:02.183388+00:00
usp000j2b5,KULA,75.17,4.8,2011-05-28 05:47:17+00:00,usgs,ok,data/processed/waveforms/usp000j2b5_KULA.mseed,2026-09-12T11:36:02.852863+00:00
usp000j2dm,SIRT,15.4,4.5,2011-05-29 11:02:05.540000+00:00,usgs,ok,data/processed/waveforms/usp000j2dm_SIRT.mseed,2026-09-12T11:36:03.960397+00:00
usp000j2dm,CUKT,93.17,4.5,2011-05-29 11:02:05.540000+00:00,usgs,ok,data/processed/waveforms/usp000j2dm_CUKT.mseed,2026-09-12T11:36:05.406749+00:00
usp000j2dm,VANB,141.87,4.5,2011-05-29 11:02:05.540000+00:00,usgs,no_data,,2026-09-12T11:36:07.246714+00:00
usp000j2dm,SVAN,146.13,4.5,2011-05-29 11:02:05.540000+00:00,usgs,ok,data/processed/waveforms/usp000j2dm_SVAN.mseed,2026-09-12T11:36:07.892868+00:00
usp000j3cp,DAT,146.58,4.5,2011-06-18 14:57:19+00:00,usgs,no_data,,2026-09-12T11:36:09.219912+00:00
usp000j3cp,DATC,149.04,4.5,2011-06-18 14:57:19+00:00,usgs,ok,data/processed/waveforms/usp000j3cp_DATC.mseed,2026-09-12T11:36:09.857446+00:00
usp000j3cp,MRSB,149.61,4.5,2011-06-18 14:57:19+00:00,usgs,no_data,,2026-09-12T11:36:11.401377+00:00
usp000j3cp,DALY,175.17,4.5,2011-06-18 14:57:19+00:00,usgs,ok,data/processed/waveforms/usp000j3cp_DALY.mseed,2026-09-12T11:36:12.075613+00:00
usp000j3ku,DYBB,82.02,5.2,2011-06-23 07:34:42.740000+00:00,usgs,no_data,,2026-09-12T11:36:14.103303+00:00
usp000j3ku,BNGB,101.12,5.2,2011-06-23 07:34:42.740000+00:00,usgs,no_data,,2026-09-12T11:36:15.566882+00:00
usp000j3ur,GEDZ,33.66,4.7,2011-06-27 21:13:58.830000+00:00,usgs,ok,data/processed/waveforms/usp000j3ur_GEDZ.mseed,2026-09-12T11:36:16.730930+00:00
usp000j3ur,TVSB,52.6,4.7,2011-06-27 21:13:58.830000+00:00,usgs,ok,data/processed/waveforms/usp000j3ur_TVSB.mseed,2026-09-12T11:36:18.414899+00:00
usp000j3ur,DST,64.64,4.7,2011-06-27 21:13:58.830000+00:00,usgs,no_data,,2026-09-12T11:36:20.125857+00:00
usp000j3ur,KULA,73.98,4.7,2011-06-27 21:13:58.830000+00:00,usgs,ok,data/processed/waveforms/usp000j3ur_KULA.mseed,2026-09-12T11:36:20.742867+00:00
usp000j3yg,KOZT,8.65,4.5,2011-06-29 19:48:05.610000+00:00,usgs,ok,data/processed/waveforms/usp000j3yg_KOZT.mseed,2026-09-12T11:36:22.813018+00:00
usp000j3yg,CEYT,46.04,4.5,2011-06-29 19:48:05.610000+00:00,usgs,no_data,,2026-09-12T11:36:25.172861+00:00
usp000j3yg,KARA,74.45,4.5,2011-06-29 19:48:05.610000+00:00,usgs,no_data,,2026-09-12T11:36:26.054371+00:00
usp000j3yg,KMRS,91.11,4.5,2011-06-29 19:48:05.610000+00:00,usgs,ok,data/processed/waveforms/usp000j3yg_KMRS.mseed,2026-09-12T11:36:26.997275+00:00
usp000j42p,BODT,87.52,4.8,2011-07-02 21:30:44.700000+00:00,usgs,no_data,,2026-09-12T11:36:28.948481+00:00
usp000j42p,DAT,89.7,4.8,2011-07-02 21:30:44.700000+00:00,usgs,no_data,,2026-09-12T11:36:29.920285+00:00
usp000j42p,YKAV,90.71,4.8,2011-07-02 21:30:44.700000+00:00,usgs,ok,data/processed/waveforms/usp000j42p_YKAV.mseed,2026-09-12T11:36:31.203965+00:00
usp000j42p,DATC,97.69,4.8,2011-07-02 21:30:44.700000+00:00,usgs,ok,data/processed/waveforms/usp000j42p_DATC.mseed,2026-09-12T11:36:33.007191+00:00
usp000j4ns,CAVI,11.08,4.5,2011-07-11 16:09:12.960000+00:00,usgs,no_data,,2026-09-12T11:36:34.976052+00:00
usp000j4ns,ADVT,27.62,4.5,2011-07-11 16:09:12.960000+00:00,usgs,ok,data/processed/waveforms/usp000j4ns_ADVT.mseed,2026-09-12T11:36:36.154275+00:00
usp000j4ns,GPA,31.19,4.5,2011-07-11 16:09:12.960000+00:00,usgs,no_data,,2026-09-12T11:36:37.857747+00:00
usp000j4ns,IZI,43.28,4.5,2011-07-11 16:09:12.960000+00:00,usgs,no_data,,2026-09-12T11:36:38.556259+00:00
usp000j5g9,BOTS,28.43,5.1,2011-07-25 17:57:20.610000+00:00,usgs,no_data,,2026-09-12T11:36:39.468096+00:00
usp000j5g9,CRLT,36.39,5.1,2011-07-25 17:57:20.610000+00:00,usgs,ok,data/processed/waveforms/usp000j5g9_CRLT.mseed,2026-09-12T11:36:40.063361+00:00
usp000j5js,LADK,38.03,4.8,2011-07-27 09:58:15.180000+00:00,usgs,ok,data/processed/waveforms/usp000j5js_LADK.mseed,2026-09-12T11:36:41.698884+00:00
usp000j5js,KONT,53.37,4.8,2011-07-27 09:58:15.180000+00:00,usgs,ok,data/processed/waveforms/usp000j5js_KONT.mseed,2026-09-12T11:36:44.199115+00:00
usp000j5js,KIZT,62.69,4.8,2011-07-27 09:58:15.180000+00:00,usgs,no_data,,2026-09-12T11:36:47.016076+00:00
usp000j5js,CHBY,86.34,4.8,2011-07-27 09:58:15.180000+00:00,usgs,ok,data/processed/waveforms/usp000j5js_CHBY.mseed,2026-09-12T11:36:47.866058+00:00
usp000j6mw,BCA,169.28,4.8,2011-08-18 11:57:43.070000+00:00,usgs,no_data,,2026-09-12T11:36:49.681006+00:00
usp000j6mw,KARS,221.7,4.8,2011-08-18 11:57:43.070000+00:00,usgs,ok,data/processed/waveforms/usp000j6mw_KARS.mseed,2026-09-12T11:36:50.503958+00:00
usp000j6mw,SENK,232.72,4.8,2011-08-18 11:57:43.070000+00:00,usgs,ok,data/processed/waveforms/usp000j6mw_SENK.mseed,2026-09-12T11:36:52.154073+00:00
usp000j6mw,KTUT,319.27,4.8,2011-08-18 11:57:43.070000+00:00,usgs,ok,data/processed/waveforms/usp000j6mw_KTUT.mseed,2026-09-12T11:36:53.530487+00:00
usp000j7vg,YKAV,67.08,4.6,2011-09-10 06:06:12.800000+00:00,usgs,no_data,,2026-09-12T11:36:55.112732+00:00
usp000j7vg,BODT,67.32,4.6,2011-09-10 06:06:12.800000+00:00,usgs,no_data,,2026-09-12T11:36:55.814411+00:00
usp000j7vg,DIDI,79.34,4.6,2011-09-10 06:06:12.800000+00:00,usgs,no_data,,2026-09-12T11:36:56.703430+00:00
usp000j7vg,DAT,90.26,4.6,2011-09-10 06:06:12.800000+00:00,usgs,no_data,,2026-09-12T11:36:58.035506+00:00
usp000j82p,DAT,201.37,4.5,2011-09-15 08:42:21+00:00,usgs,no_data,,2026-09-12T11:36:58.875054+00:00
usp000j82p,BODT,204.35,4.5,2011-09-15 08:42:21+00:00,usgs,no_data,,2026-09-12T11:37:00.021395+00:00
usp000j82p,YKAV,207.22,4.5,2011-09-15 08:42:21+00:00,usgs,no_data,,2026-09-12T11:37:01.073056+00:00
usp000j82p,DATC,209.34,4.5,2011-09-15 08:42:21+00:00,usgs,no_data,,2026-09-12T11:37:02.025730+00:00
usp000j8cv,GUMT,93.09,5.5,2011-09-22 03:22:36.070000+00:00,usgs,no_data,,2026-09-12T11:37:02.807447+00:00
usp000j8cv,PTK,109.97,5.5,2011-09-22 03:22:36.070000+00:00,usgs,ok,data/processed/waveforms/usp000j8cv_PTK.mseed,2026-09-12T11:37:03.603482+00:00
usp000j8sm,NIG,54.34,4.5,2011-09-30 20:40:14+00:00,usgs,no_data,,2026-09-12T11:37:05.312015+00:00
usp000j8sm,KOZT,78.23,4.5,2011-09-30 20:40:14+00:00,usgs,no_data,,2026-09-12T11:37:05.835811+00:00
usp000j8sm,KARA,82.56,4.5,2011-09-30 20:40:14+00:00,usgs,no_data,,2026-09-12T11:37:06.779548+00:00
usp000j8sm,GULA,94.29,4.5,2011-09-30 20:40:14+00:00,usgs,no_data,,2026-09-12T11:37:07.438262+00:00
usp000j9rr,AGRB,104.92,7.1,2011-10-23 10:41:23.250000+00:00,usgs,ok,data/processed/waveforms/usp000j9rr_AGRB.mseed,2026-09-12T11:37:08.405002+00:00
usp000j9rr,CUKT,164.1,7.1,2011-10-23 10:41:23.250000+00:00,usgs,ok,data/processed/waveforms/usp000j9rr_CUKT.mseed,2026-09-12T11:37:09.833964+00:00
usp000j9rs,AGRB,105.39,5.6,2011-10-23 10:48:17.420000+00:00,usgs,ok,data/processed/waveforms/usp000j9rs_AGRB.mseed,2026-09-12T11:37:11.409375+00:00
usp000j9rs,CUKT,167.21,5.6,2011-10-23 10:48:17.420000+00:00,usgs,ok,data/processed/waveforms/usp000j9rs_CUKT.mseed,2026-09-12T11:37:13.123231+00:00
usp000j9rt,VANB,31.34,4.8,2011-10-23 10:52:05+00:00,usgs,no_data,,2026-09-12T11:37:14.759017+00:00
usp000j9rt,CLDR,71.37,4.8,2011-10-23 10:52:05+00:00,usgs,no_data,,2026-09-12T11:37:16.088817+00:00
usp000j9rt,AGRB,92.98,4.8,2011-10-23 10:52:05+00:00,usgs,ok,data/processed/waveforms/usp000j9rt_AGRB.mseed,2026-09-12T11:37:16.893808+00:00
usp000j9rt,SIRT,157.41,4.8,2011-10-23 10:52:05+00:00,usgs,no_data,,2026-09-12T11:37:18.082870+00:00
usp000j9rv,AGRB,93.28,5.6,2011-10-23 10:56:49+00:00,usgs,ok,data/processed/waveforms/usp000j9rv_AGRB.mseed,2026-09-12T11:37:18.855596+00:00
usp000j9rv,SIRT,170.48,5.6,2011-10-23 10:56:49+00:00,usgs,no_data,,2026-09-12T11:37:20.188070+00:00
usp000j9rw,VANB,13.39,4.6,2011-10-23 11:00:14.310000+00:00,usgs,no_data,,2026-09-12T11:37:20.751504+00:00
usp000j9rw,CLDR,70.43,4.6,2011-10-23 11:00:14.310000+00:00,usgs,no_data,,2026-09-12T11:37:21.329354+00:00
usp000j9rw,AGRB,118.24,4.6,2011-10-23 11:00:14.310000+00:00,usgs,ok,data/processed/waveforms/usp000j9rw_AGRB.mseed,2026-09-12T11:37:22.526028+00:00
usp000j9rw,CUKT,149.85,4.6,2011-10-23 11:00:14.310000+00:00,usgs,ok,data/processed/waveforms/usp000j9rw_CUKT.mseed,2026-09-12T11:37:24.119225+00:00
usp000j9rx,AGRB,108.55,5.2,2011-10-23 11:00:29.140000+00:00,usgs,ok,data/processed/waveforms/usp000j9rx_AGRB.mseed,2026-09-12T11:37:25.904067+00:00
usp000j9rx,SIRT,135.55,5.2,2011-10-23 11:00:29.140000+00:00,usgs,no_data,,2026-09-12T11:37:27.117275+00:00
usp000j9ry,VANB,12.0,4.5,2011-10-23 11:07:33.720000+00:00,usgs,no_data,,2026-09-12T11:37:27.981061+00:00
usp000j9ry,CLDR,84.99,4.5,2011-10-23 11:07:33.720000+00:00,usgs,no_data,,2026-09-12T11:37:28.981252+00:00
usp000j9ry,AGRB,115.7,4.5,2011-10-23 11:07:33.720000+00:00,usgs,ok,data/processed/waveforms/usp000j9ry_AGRB.mseed,2026-09-12T11:37:29.911480+00:00
usp000j9ry,SIRT,139.07,4.5,2011-10-23 11:07:33.720000+00:00,usgs,no_data,,2026-09-12T11:37:31.291825+00:00
usp000j9rz,SVAN,124.53,5.0,2011-10-23 11:10:47.050000+00:00,usgs,ok,data/processed/waveforms/usp000j9rz_SVAN.mseed,2026-09-12T11:37:31.949751+00:00
usp000j9rz,VRTB,136.36,5.0,2011-10-23 11:10:47.050000+00:00,usgs,ok,data/processed/waveforms/usp000j9rz_VRTB.mseed,2026-09-12T11:37:33.383930+00:00
usp000j9s0,VANB,26.4,4.7,2011-10-23 11:16:26.870000+00:00,usgs,no_data,,2026-09-12T11:37:35.195735+00:00
usp000j9s0,CLDR,67.02,4.7,2011-10-23 11:16:26.870000+00:00,usgs,no_data,,2026-09-12T11:37:36.093915+00:00
usp000j9s0,AGRB,97.55,4.7,2011-10-23 11:16:26.870000+00:00,usgs,ok,data/processed/waveforms/usp000j9s0_AGRB.mseed,2026-09-12T11:37:36.732525+00:00
usp000j9s0,SIRT,158.85,4.7,2011-10-23 11:16:26.870000+00:00,usgs,no_data,,2026-09-12T11:37:37.775807+00:00
usp000j9s1,VANB,25.09,4.5,2011-10-23 11:19:04.510000+00:00,usgs,no_data,,2026-09-12T11:37:38.572771+00:00
usp000j9s1,CLDR,58.32,4.5,2011-10-23 11:19:04.510000+00:00,usgs,no_data,,2026-09-12T11:37:39.531105+00:00
usp000j9s1,AGRB,110.01,4.5,2011-10-23 11:19:04.510000+00:00,usgs,ok,data/processed/waveforms/usp000j9s1_AGRB.mseed,2026-09-12T11:37:40.237862+00:00
usp000j9s1,CUKT,160.9,4.5,2011-10-23 11:19:04.510000+00:00,usgs,ok,data/processed/waveforms/usp000j9s1_CUKT.mseed,2026-09-12T11:37:40.931456+00:00
usp000j9s2,AGRB,89.27,5.7,2011-10-23 11:32:41.220000+00:00,usgs,ok,data/processed/waveforms/usp000j9s2_AGRB.mseed,2026-09-12T11:37:41.714783+00:00
usp000j9s2,SIRT,163.76,5.7,2011-10-23 11:32:41.220000+00:00,usgs,no_data,,2026-09-12T11:37:42.786769+00:00
usp000j9s6,VANB,31.38,4.7,2011-10-23 12:03:10+00:00,usgs,no_data,,2026-09-12T11:37:43.843023+00:00
usp000j9s6,CLDR,83.28,4.7,2011-10-23 12:03:10+00:00,usgs,no_data,,2026-09-12T11:37:44.856029+00:00
usp000j9s6,AGRB,98.09,4.7,2011-10-23 12:03:10+00:00,usgs,ok,data/processed/waveforms/usp000j9s6_AGRB.mseed,2026-09-12T11:37:45.634124+00:00
usp000j9s6,SIRT,146.89,4.7,2011-10-23 12:03:10+00:00,usgs,no_data,,2026-09-12T11:37:46.315072+00:00
usp000j9s8,VANB,37.32,4.5,2011-10-23 12:13:07.830000+00:00,usgs,no_data,,2026-09-12T11:37:46.914810+00:00
usp000j9s8,CLDR,76.4,4.5,2011-10-23 12:13:07.830000+00:00,usgs,no_data,,2026-09-12T11:37:47.685169+00:00
usp000j9s8,AGRB,89.02,4.5,2011-10-23 12:13:07.830000+00:00,usgs,ok,data/processed/waveforms/usp000j9s8_AGRB.mseed,2026-09-12T11:37:48.346729+00:00
usp000j9s8,VRTB,153.34,4.5,2011-10-23 12:13:07.830000+00:00,usgs,ok,data/processed/waveforms/usp000j9s8_VRTB.mseed,2026-09-12T11:37:49.229949+00:00
usp000j9sc,VANB,30.71,4.8,2011-10-23 12:42:09.690000+00:00,usgs,no_data,,2026-09-12T11:37:49.951799+00:00
usp000j9sc,CLDR,77.87,4.8,2011-10-23 12:42:09.690000+00:00,usgs,no_data,,2026-09-12T11:37:50.485503+00:00
usp000j9sc,AGRB,95.69,4.8,2011-10-23 12:42:09.690000+00:00,usgs,ok,data/processed/waveforms/usp000j9sc_AGRB.mseed,2026-09-12T11:37:51.058930+00:00
usp000j9sc,SIRT,151.6,4.8,2011-10-23 12:42:09.690000+00:00,usgs,no_data,,2026-09-12T11:37:51.609208+00:00
usp000j9se,VANB,28.41,4.5,2011-10-23 12:56:49.020000+00:00,usgs,no_data,,2026-09-12T11:37:52.124161+00:00
usp000j9se,CLDR,65.89,4.5,2011-10-23 12:56:49.020000+00:00,usgs,no_data,,2026-09-12T11:37:52.715246+00:00
usp000j9se,AGRB,95.56,4.5,2011-10-23 12:56:49.020000+00:00,usgs,ok,data/processed/waveforms/usp000j9se_AGRB.mseed,2026-09-12T11:37:53.204964+00:00
usp000j9se,SIRT,160.46,4.5,2011-10-23 12:56:49.020000+00:00,usgs,no_data,,2026-09-12T11:37:53.785355+00:00
usp000j9sq,VANB,13.23,4.8,2011-10-23 15:24:31.030000+00:00,usgs,no_data,,2026-09-12T11:37:54.335780+00:00
usp000j9sq,CLDR,92.75,4.8,2011-10-23 15:24:31.030000+00:00,usgs,no_data,,2026-09-12T11:37:54.881655+00:00
usp000j9sq,AGRB,123.06,4.8,2011-10-23 15:24:31.030000+00:00,usgs,ok,data/processed/waveforms/usp000j9sq_AGRB.mseed,2026-09-12T11:37:55.495183+00:00
usp000j9sq,SIRT,131.03,4.8,2011-10-23 15:24:31.030000+00:00,usgs,no_data,,2026-09-12T11:37:56.094458+00:00
usp000j9st,VANB,17.94,4.6,2011-10-23 15:58:00.280000+00:00,usgs,ok,data/processed/waveforms/usp000j9st_VANB.mseed,2026-09-12T11:37:56.591873+00:00
usp000j9st,CLDR,73.84,4.6,2011-10-23 15:58:00.280000+00:00,usgs,no_data,,2026-09-12T11:37:57.749313+00:00
usp000j9st,AGRB,105.96,4.6,2011-10-23 15:58:00.280000+00:00,usgs,ok,data/processed/waveforms/usp000j9st_AGRB.mseed,2026-09-12T11:37:58.748543+00:00
usp000j9st,SIRT,150.76,4.6,2011-10-23 15:58:00.280000+00:00,usgs,no_data,,2026-09-12T11:37:59.389944+00:00
usp000j9su,VANB,35.21,4.6,2011-10-23 16:05:10.800000+00:00,usgs,ok,data/processed/waveforms/usp000j9su_VANB.mseed,2026-09-12T11:37:59.948685+00:00
usp000j9su,CLDR,48.46,4.6,2011-10-23 16:05:10.800000+00:00,usgs,no_data,,2026-09-12T11:38:00.489989+00:00
usp000j9su,AGRB,100.91,4.6,2011-10-23 16:05:10.800000+00:00,usgs,no_data,,2026-09-12T11:38:00.981491+00:00
usp000j9su,CUKT,171.89,4.6,2011-10-23 16:05:10.800000+00:00,usgs,ok,data/processed/waveforms/usp000j9su_CUKT.mseed,2026-09-12T11:38:01.581946+00:00
usp000j9t0,AGRB,100.76,5.1,2011-10-23 18:10:45.160000+00:00,usgs,ok,data/processed/waveforms/usp000j9t0_AGRB.mseed,2026-09-12T11:38:02.277911+00:00
usp000j9t0,SIRT,155.75,5.1,2011-10-23 18:10:45.160000+00:00,usgs,no_data,,2026-09-12T11:38:02.941717+00:00
usp000j9t2,VANB,23.26,4.9,2011-10-23 18:53:48+00:00,usgs,no_data,,2026-09-12T11:38:03.490520+00:00
usp000j9t2,CLDR,69.61,4.9,2011-10-23 18:53:48+00:00,usgs,no_data,,2026-09-12T11:38:04.040335+00:00
usp000j9t2,AGRB,100.6,4.9,2011-10-23 18:53:48+00:00,usgs,ok,data/processed/waveforms/usp000j9t2_AGRB.mseed,2026-09-12T11:38:04.582525+00:00
usp000j9t2,SIRT,155.75,4.9,2011-10-23 18:53:48+00:00,usgs,no_data,,2026-09-12T11:38:05.205867+00:00
usp000j9t4,VANB,32.34,4.8,2011-10-23 19:06:06.480000+00:00,usgs,no_data,,2026-09-12T11:38:05.792340+00:00
usp000j9t4,CLDR,66.78,4.8,2011-10-23 19:06:06.480000+00:00,usgs,no_data,,2026-09-12T11:38:06.329254+00:00
usp000j9t4,AGRB,91.51,4.8,2011-10-23 19:06:06.480000+00:00,usgs,ok,data/processed/waveforms/usp000j9t4_AGRB.mseed,2026-09-12T11:38:06.814345+00:00
usp000j9t4,SIRT,161.44,4.8,2011-10-23 19:06:06.480000+00:00,usgs,no_data,,2026-09-12T11:38:07.390443+00:00
usp000j9t8,AGRB,104.95,5.9,2011-10-23 20:45:34.860000+00:00,usgs,ok,data/processed/waveforms/usp000j9t8_AGRB.mseed,2026-09-12T11:38:07.909934+00:00
usp000j9t8,SIRT,137.8,5.9,2011-10-23 20:45:34.860000+00:00,usgs,no_data,,2026-09-12T11:38:08.567469+00:00
usp000j9t9,VANB,30.39,4.5,2011-10-23 20:56:37.490000+00:00,usgs,no_data,,2026-09-12T11:38:09.075949+00:00
usp000j9t9,CLDR,93.0,4.5,2011-10-23 20:56:37.490000+00:00,usgs,no_data,,2026-09-12T11:38:09.648227+00:00
usp000j9t9,AGRB,106.99,4.5,2011-10-23 20:56:37.490000+00:00,usgs,ok,data/processed/waveforms/usp000j9t9_AGRB.mseed,2026-09-12T11:38:10.185243+00:00
usp000j9t9,SIRT,136.23,4.5,2011-10-23 20:56:37.490000+00:00,usgs,no_data,,2026-09-12T11:38:10.822474+00:00
usp000j9th,VANB,32.1,4.8,2011-10-23 22:21:30.390000+00:00,usgs,no_data,,2026-09-12T11:38:11.326404+00:00
usp000j9th,CLDR,93.59,4.8,2011-10-23 22:21:30.390000+00:00,usgs,no_data,,2026-09-12T11:38:11.844200+00:00
usp000j9th,AGRB,106.0,4.8,2011-10-23 22:21:30.390000+00:00,usgs,ok,data/processed/waveforms/usp000j9th_AGRB.mseed,2026-09-12T11:38:12.886049+00:00
usp000j9th,SIRT,136.43,4.8,2011-10-23 22:21:30.390000+00:00,usgs,no_data,,2026-09-12T11:38:14.411836+00:00
usp000j9u0,VANB,22.2,4.7,2011-10-24 04:43:01.410000+00:00,usgs,no_data,,2026-09-12T11:38:14.978298+00:00
usp000j9u0,CLDR,81.14,4.7,2011-10-24 04:43:01.410000+00:00,usgs,no_data,,2026-09-12T11:38:15.506724+00:00
usp000j9u0,AGRB,104.76,4.7,2011-10-24 04:43:01.410000+00:00,usgs,ok,data/processed/waveforms/usp000j9u0_AGRB.mseed,2026-09-12T11:38:15.998704+00:00
usp000j9u0,SIRT,145.24,4.7,2011-10-24 04:43:01.410000+00:00,usgs,no_data,,2026-09-12T11:38:17.177287+00:00
usp000j9u2,VANB,17.13,4.7,2011-10-24 05:54:57.310000+00:00,usgs,no_data,,2026-09-12T11:38:17.694678+00:00
usp000j9u2,CLDR,77.3,4.7,2011-10-24 05:54:57.310000+00:00,usgs,no_data,,2026-09-12T11:38:18.215178+00:00
usp000j9u2,AGRB,107.41,4.7,2011-10-24 05:54:57.310000+00:00,usgs,ok,data/processed/waveforms/usp000j9u2_AGRB.mseed,2026-09-12T11:38:18.731955+00:00
usp000j9u2,SIRT,147.46,4.7,2011-10-24 05:54:57.310000+00:00,usgs,no_data,,2026-09-12T11:38:19.304414+00:00
usp000j9u8,VANB,38.07,4.5,2011-10-24 08:12:12.340000+00:00,usgs,no_data,,2026-09-12T11:38:19.806702+00:00
usp000j9u8,CLDR,53.58,4.5,2011-10-24 08:12:12.340000+00:00,usgs,no_data,,2026-09-12T11:38:20.335123+00:00
usp000j9u8,AGRB,88.78,4.5,2011-10-24 08:12:12.340000+00:00,usgs,ok,data/processed/waveforms/usp000j9u8_AGRB.mseed,2026-09-12T11:38:20.852180+00:00
usp000j9u8,SIRT,173.08,4.5,2011-10-24 08:12:12.340000+00:00,usgs,no_data,,2026-09-12T11:38:21.503381+00:00
usp000j9u9,VANB,17.37,4.8,2011-10-24 08:28:26.190000+00:00,usgs,no_data,,2026-09-12T11:38:22.074287+00:00
usp000j9u9,CLDR,66.66,4.8,2011-10-24 08:28:26.190000+00:00,usgs,no_data,,2026-09-12T11:38:22.575791+00:00
usp000j9u9,AGRB,116.95,4.8,2011-10-24 08:28:26.190000+00:00,usgs,no_data,,2026-09-12T11:38:23.146274+00:00
usp000j9u9,CUKT,152.39,4.8,2011-10-24 08:28:26.190000+00:00,usgs,ok,data/processed/waveforms/usp000j9u9_CUKT.mseed,2026-09-12T11:38:23.666391+00:00
usp000j9ub,VANB,19.98,4.8,2011-10-24 08:49:21.130000+00:00,usgs,no_data,,2026-09-12T11:38:24.669927+00:00
usp000j9ub,CLDR,63.44,4.8,2011-10-24 08:49:21.130000+00:00,usgs,no_data,,2026-09-12T11:38:25.190819+00:00
usp000j9ub,AGRB,110.64,4.8,2011-10-24 08:49:21.130000+00:00,usgs,no_data,,2026-09-12T11:38:25.696963+00:00
usp000j9ub,CUKT,158.07,4.8,2011-10-24 08:49:21.130000+00:00,usgs,ok,data/processed/waveforms/usp000j9ub_CUKT.mseed,2026-09-12T11:38:26.271742+00:00
usp000j9ur,AGRB,101.8,5.0,2011-10-24 15:28:06.790000+00:00,usgs,ok,data/processed/waveforms/usp000j9ur_AGRB.mseed,2026-09-12T11:38:26.899319+00:00
usp000j9ur,SIRT,146.36,5.0,2011-10-24 15:28:06.790000+00:00,usgs,no_data,,2026-09-12T11:38:28.112303+00:00
usp000j9v8,VANB,28.62,4.6,2011-10-24 23:55:14.380000+00:00,usgs,no_data,,2026-09-12T11:38:29.275165+00:00
usp000j9v8,CLDR,54.84,4.6,2011-10-24 23:55:14.380000+00:00,usgs,no_data,,2026-09-12T11:38:29.783860+00:00
usp000j9v8,AGRB,105.46,4.6,2011-10-24 23:55:14.380000+00:00,usgs,ok,data/processed/waveforms/usp000j9v8_AGRB.mseed,2026-09-12T11:38:30.365178+00:00
usp000j9v8,CUKT,165.59,4.6,2011-10-24 23:55:14.380000+00:00,usgs,ok,data/processed/waveforms/usp000j9v8_CUKT.mseed,2026-09-12T11:38:31.086217+00:00
usp000j9vg,VANB,33.51,4.7,2011-10-25 02:33:53.070000+00:00,usgs,no_data,,2026-09-12T11:38:32.037178+00:00
usp000j9vg,CLDR,78.33,4.7,2011-10-25 02:33:53.070000+00:00,usgs,no_data,,2026-09-12T11:38:32.871882+00:00
usp000j9vg,AGRB,93.38,4.7,2011-10-25 02:33:53.070000+00:00,usgs,ok,data/processed/waveforms/usp000j9vg_AGRB.mseed,2026-09-12T11:38:33.710824+00:00
usp000j9vg,GURO,101.1,4.7,2011-10-25 02:33:53.070000+00:00,usgs,no_data,,2026-09-12T11:38:34.821827+00:00
usp000j9w5,AGRB,100.91,5.6,2011-10-25 14:55:08.240000+00:00,usgs,ok,data/processed/waveforms/usp000j9w5_AGRB.mseed,2026-09-12T11:38:35.375601+00:00
usp000j9w5,TASB,140.72,5.6,2011-10-25 14:55:08.240000+00:00,usgs,no_data,,2026-09-12T11:38:36.129392+00:00
usp000j9x9,VANB,33.79,4.5,2011-10-26 02:59:58.160000+00:00,usgs,no_data,,2026-09-12T11:38:36.764882+00:00
usp000j9x9,CLDR,52.09,4.5,2011-10-26 02:59:58.160000+00:00,usgs,no_data,,2026-09-12T11:38:37.257107+00:00
usp000j9x9,AGRB,96.57,4.5,2011-10-26 02:59:58.160000+00:00,usgs,ok,data/processed/waveforms/usp000j9x9_AGRB.mseed,2026-09-12T11:38:37.782664+00:00
usp000j9x9,GURO,130.8,4.5,2011-10-26 02:59:58.160000+00:00,usgs,no_data,,2026-09-12T11:38:38.756135+00:00
usp000j9xd,VANB,26.23,4.8,2011-10-26 03:16:18.400000+00:00,usgs,no_data,,2026-09-12T11:38:39.287279+00:00
usp000j9xd,CLDR,70.49,4.8,2011-10-26 03:16:18.400000+00:00,usgs,no_data,,2026-09-12T11:38:39.780675+00:00
usp000j9xd,AGRB,97.69,4.8,2011-10-26 03:16:18.400000+00:00,usgs,ok,data/processed/waveforms/usp000j9xd_AGRB.mseed,2026-09-12T11:38:40.421007+00:00
usp000j9xd,GURO,111.9,4.8,2011-10-26 03:16:18.400000+00:00,usgs,no_data,,2026-09-12T11:38:41.107404+00:00
usp000j9yk,VANB,21.15,4.5,2011-10-26 23:42:27.290000+00:00,usgs,no_data,,2026-09-12T11:38:41.600552+00:00
usp000j9yk,CLDR,67.0,4.5,2011-10-26 23:42:27.290000+00:00,usgs,no_data,,2026-09-12T11:38:42.147241+00:00
usp000j9yk,AGRB,103.47,4.5,2011-10-26 23:42:27.290000+00:00,usgs,ok,data/processed/waveforms/usp000j9yk_AGRB.mseed,2026-09-12T11:38:42.864594+00:00
usp000j9yk,GURO,119.53,4.5,2011-10-26 23:42:27.290000+00:00,usgs,no_data,,2026-09-12T11:38:43.943044+00:00
usp000j9z9,VANB,144.92,5.1,2011-10-27 08:04:22.420000+00:00,usgs,no_data,,2026-09-12T11:38:44.476150+00:00
usp000j9z9,CLDR,210.0,5.1,2011-10-27 08:04:22.420000+00:00,usgs,no_data,,2026-09-12T11:38:44.980125+00:00
usp000ja0r,VANB,25.3,4.6,2011-10-28 08:48:07.360000+00:00,usgs,no_data,,2026-09-12T11:38:45.546638+00:00
usp000ja0r,ERCV,48.59,4.6,2011-10-28 08:48:07.360000+00:00,usgs,no_data,,2026-09-12T11:38:48.779583+00:00
usp000ja0r,CLDR,60.22,4.6,2011-10-28 08:48:07.360000+00:00,usgs,no_data,,2026-09-12T11:38:49.644931+00:00
usp000ja0r,AGRB,117.01,4.6,2011-10-28 08:48:07.360000+00:00,usgs,ok,data/processed/waveforms/usp000ja0r_AGRB.mseed,2026-09-12T11:38:50.607045+00:00
usp000ja35,VANB,23.57,4.7,2011-10-29 18:45:48.890000+00:00,usgs,no_data,,2026-09-12T11:38:52.042928+00:00
usp000ja35,ERCV,46.28,4.7,2011-10-29 18:45:48.890000+00:00,usgs,no_data,,2026-09-12T11:38:52.605522+00:00
usp000ja35,CLDR,86.38,4.7,2011-10-29 18:45:48.890000+00:00,usgs,no_data,,2026-09-12T11:38:53.175417+00:00
usp000ja35,GURO,99.82,4.7,2011-10-29 18:45:48.890000+00:00,usgs,no_data,,2026-09-12T11:38:54.016292+00:00
usp000ja3h,VANB,44.43,5.1,2011-10-29 22:24:21.900000+00:00,usgs,no_data,,2026-09-12T11:38:55.120446+00:00
usp000ja3h,AGRB,90.57,5.1,2011-10-29 22:24:21.900000+00:00,usgs,ok,data/processed/waveforms/usp000ja3h_AGRB.mseed,2026-09-12T11:38:55.824611+00:00
usp000ja3q,VANB,29.39,4.5,2011-10-30 01:55:04.670000+00:00,usgs,no_data,,2026-09-12T11:38:58.100698+00:00
usp000ja3q,ERCV,39.15,4.5,2011-10-30 01:55:04.670000+00:00,usgs,no_data,,2026-09-12T11:38:58.813777+00:00
usp000ja3q,CLDR,54.0,4.5,2011-10-30 01:55:04.670000+00:00,usgs,no_data,,2026-09-12T11:38:59.996629+00:00
usp000ja3q,AGRB,107.45,4.5,2011-10-30 01:55:04.670000+00:00,usgs,ok,data/processed/waveforms/usp000ja3q_AGRB.mseed,2026-09-12T11:39:01.560074+00:00
usp000ja7v,ERCV,26.07,4.5,2011-11-02 04:34:20.700000+00:00,usgs,no_data,,2026-09-12T11:39:05.245135+00:00
usp000ja7v,VANB,42.6,4.5,2011-11-02 04:34:20.700000+00:00,usgs,no_data,,2026-09-12T11:39:06.405741+00:00
usp000ja7v,CLDR,42.76,4.5,2011-11-02 04:34:20.700000+00:00,usgs,no_data,,2026-09-12T11:39:07.447426+00:00
usp000ja7v,AGRB,92.91,4.5,2011-11-02 04:34:20.700000+00:00,usgs,ok,data/processed/waveforms/usp000ja7v_AGRB.mseed,2026-09-12T11:39:08.910149+00:00
usp000ja86,CUKT,22.64,4.6,2011-11-02 11:43:04.460000+00:00,usgs,no_data,,2026-09-12T11:39:11.718748+00:00
usp000ja86,SIRT,128.74,4.6,2011-11-02 11:43:04.460000+00:00,usgs,no_data,,2026-09-12T11:39:14.322519+00:00
usp000ja86,VANB,157.17,4.6,2011-11-02 11:43:04.460000+00:00,usgs,no_data,,2026-09-12T11:39:17.587970+00:00
usp000ja86,ERCV,213.89,4.6,2011-11-02 11:43:04.460000+00:00,usgs,no_data,,2026-09-12T11:39:20.912300+00:00
usp000ja89,ERCV,27.54,4.6,2011-11-02 13:24:02.530000+00:00,usgs,no_data,,2026-09-12T11:39:24.829197+00:00
usp000ja89,VANB,41.49,4.6,2011-11-02 13:24:02.530000+00:00,usgs,no_data,,2026-09-12T11:39:27.402350+00:00
usp000ja89,CLDR,43.33,4.6,2011-11-02 13:24:02.530000+00:00,usgs,no_data,,2026-09-12T11:39:28.719165+00:00
usp000ja89,AGRB,94.51,4.6,2011-11-02 13:24:02.530000+00:00,usgs,no_data,,2026-09-12T11:39:29.974969+00:00
usp000jacw,ERCV,29.51,4.5,2011-11-05 19:19:16.830000+00:00,usgs,no_data,,2026-09-12T11:39:32.217200+00:00
usp000jacw,VANB,35.19,4.5,2011-11-05 19:19:16.830000+00:00,usgs,no_data,,2026-09-12T11:39:33.402587+00:00
usp000jacw,CLDR,49.56,4.5,2011-11-05 19:19:16.830000+00:00,usgs,no_data,,2026-09-12T11:39:34.984000+00:00
usp000jacw,AGRB,97.72,4.5,2011-11-05 19:19:16.830000+00:00,usgs,ok,data/processed/waveforms/usp000jacw_AGRB.mseed,2026-09-12T11:39:36.991143+00:00
usp000jadk,ERCV,22.32,4.8,2011-11-06 02:43:12+00:00,usgs,no_data,,2026-09-12T11:39:39.283792+00:00
usp000jadk,CLDR,39.04,4.8,2011-11-06 02:43:12+00:00,usgs,no_data,,2026-09-12T11:39:40.406832+00:00
usp000jadk,VANB,48.17,4.8,2011-11-06 02:43:12+00:00,usgs,no_data,,2026-09-12T11:39:41.289456+00:00
usp000jadk,AGRB,87.65,4.8,2011-11-06 02:43:12+00:00,usgs,ok,data/processed/waveforms/usp000jadk_AGRB.mseed,2026-09-12T11:39:42.518139+00:00
usp000jaft,DAT,200.6,4.8,2011-11-06 20:56:49.500000+00:00,usgs,no_data,,2026-09-12T11:39:45.067460+00:00
usp000jaft,BODT,203.7,4.8,2011-11-06 20:56:49.500000+00:00,usgs,no_data,,2026-09-12T11:39:46.740135+00:00
usp000jaft,YKAV,206.6,4.8,2011-11-06 20:56:49.500000+00:00,usgs,no_data,,2026-09-12T11:39:48.079640+00:00
usp000jaft,DATC,208.57,4.8,2011-11-06 20:56:49.500000+00:00,usgs,no_data,,2026-09-12T11:39:49.506755+00:00
usp000jahb,VANB,27.93,4.8,2011-11-07 15:53:51.310000+00:00,usgs,no_data,,2026-09-12T11:39:51.532763+00:00
usp000jahb,ERCV,44.77,4.8,2011-11-07 15:53:51.310000+00:00,usgs,no_data,,2026-09-12T11:39:52.969387+00:00
usp000jahb,CLDR,56.43,4.8,2011-11-07 15:53:51.310000+00:00,usgs,no_data,,2026-09-12T11:39:54.326392+00:00
usp000jahb,AGRB,113.03,4.8,2011-11-07 15:53:51.310000+00:00,usgs,ok,data/processed/waveforms/usp000jahb_AGRB.mseed,2026-09-12T11:39:55.730428+00:00
usp000jaj1,ERCV,26.06,4.5,2011-11-07 22:14:12.670000+00:00,usgs,no_data,,2026-09-12T11:39:58.197478+00:00
usp000jaj1,CLDR,36.69,4.5,2011-11-07 22:14:12.670000+00:00,usgs,no_data,,2026-09-12T11:39:59.970765+00:00
usp000jaj1,VANB,48.68,4.5,2011-11-07 22:14:12.670000+00:00,usgs,no_data,,2026-09-12T11:40:01.797447+00:00
usp000jaj1,AGRB,90.47,4.5,2011-11-07 22:14:12.670000+00:00,usgs,ok,data/processed/waveforms/usp000jaj1_AGRB.mseed,2026-09-12T11:40:04.101135+00:00
usp000jak5,VANB,27.42,4.5,2011-11-08 14:35:34.780000+00:00,usgs,no_data,,2026-09-12T11:40:06.803585+00:00
usp000jak5,ERCV,47.95,4.5,2011-11-08 14:35:34.780000+00:00,usgs,no_data,,2026-09-12T11:40:08.938917+00:00
usp000jak5,CLDR,58.13,4.5,2011-11-08 14:35:34.780000+00:00,usgs,no_data,,2026-09-12T11:40:10.513394+00:00
usp000jak5,AGRB,116.21,4.5,2011-11-08 14:35:34.780000+00:00,usgs,ok,data/processed/waveforms/usp000jak5_AGRB.mseed,2026-09-12T11:40:12.217344+00:00
usp000jakm,ERCV,26.87,4.5,2011-11-08 19:34:25.380000+00:00,usgs,no_data,,2026-09-12T11:40:14.727469+00:00
usp000jakm,VANB,32.79,4.5,2011-11-08 19:34:25.380000+00:00,usgs,no_data,,2026-09-12T11:40:15.705831+00:00
usp000jakm,CLDR,54.57,4.5,2011-11-08 19:34:25.380000+00:00,usgs,no_data,,2026-09-12T11:40:17.548369+00:00
usp000jakm,AGRB,95.46,4.5,2011-11-08 19:34:25.380000+00:00,usgs,ok,data/processed/waveforms/usp000jakm_AGRB.mseed,2026-09-12T11:40:18.851646+00:00
usp000jakt,CLDR,78.67,5.2,2011-11-08 22:05:51.020000+00:00,usgs,no_data,,2026-09-12T11:40:22.786217+00:00
usp000jakt,AGRB,96.88,5.2,2011-11-08 22:05:51.020000+00:00,usgs,ok,data/processed/waveforms/usp000jakt_AGRB.mseed,2026-09-12T11:40:24.777701+00:00
usp000jamt,DAT,115.46,4.5,2011-11-09 16:19:05.560000+00:00,usgs,no_data,,2026-09-12T11:40:27.236616+00:00
usp000jamt,DATC,118.36,4.5,2011-11-09 16:19:05.560000+00:00,usgs,no_data,,2026-09-12T11:40:29.183192+00:00
usp000jamt,MRSB,123.9,4.5,2011-11-09 16:19:05.560000+00:00,usgs,no_data,,2026-09-12T11:40:30.139348+00:00
usp000jamt,DALY,153.98,4.5,2011-11-09 16:19:05.560000+00:00,usgs,ok,data/processed/waveforms/usp000jamt_DALY.mseed,2026-09-12T11:40:31.817529+00:00
usp000jamz,CLDR,99.39,5.6,2011-11-09 19:23:33.240000+00:00,usgs,no_data,,2026-09-12T11:40:36.282903+00:00
usp000jamz,GURO,105.04,5.6,2011-11-09 19:23:33.240000+00:00,usgs,no_data,,2026-09-12T11:40:38.233699+00:00
usp000jan0,VANB,14.49,4.8,2011-11-09 19:30:11.330000+00:00,usgs,no_data,,2026-09-12T11:40:40.033305+00:00
usp000jan0,ERCV,66.86,4.8,2011-11-09 19:30:11.330000+00:00,usgs,no_data,,2026-09-12T11:40:41.146307+00:00
usp000jan0,CLDR,97.43,4.8,2011-11-09 19:30:11.330000+00:00,usgs,no_data,,2026-09-12T11:40:41.990207+00:00
usp000jan0,GURO,109.92,4.8,2011-11-09 19:30:11.330000+00:00,usgs,no_data,,2026-09-12T11:40:43.330788+00:00
usp000jan5,VANB,11.9,4.5,2011-11-09 20:45:39.360000+00:00,usgs,no_data,,2026-09-12T11:40:44.685956+00:00
usp000jan5,ERCV,59.96,4.5,2011-11-09 20:45:39.360000+00:00,usgs,no_data,,2026-09-12T11:40:45.999180+00:00
usp000jan5,CLDR,92.29,4.5,2011-11-09 20:45:39.360000+00:00,usgs,no_data,,2026-09-12T11:40:47.425966+00:00
usp000jan5,GURO,108.21,4.5,2011-11-09 20:45:39.360000+00:00,usgs,no_data,,2026-09-12T11:40:48.739457+00:00
usp000jan9,VANB,18.37,4.5,2011-11-09 22:38:18.180000+00:00,usgs,no_data,,2026-09-12T11:40:50.731396+00:00
usp000jan9,ERCV,64.25,4.5,2011-11-09 22:38:18.180000+00:00,usgs,no_data,,2026-09-12T11:40:52.267647+00:00
usp000jan9,CLDR,98.57,4.5,2011-11-09 22:38:18.180000+00:00,usgs,no_data,,2026-09-12T11:40:53.616806+00:00
usp000jan9,GURO,102.92,4.5,2011-11-09 22:38:18.180000+00:00,usgs,no_data,,2026-09-12T11:40:54.666659+00:00
usp000jare,VANB,21.56,4.6,2011-11-12 18:20:01.640000+00:00,usgs,no_data,,2026-09-12T11:40:55.453992+00:00
usp000jare,ERCV,44.18,4.6,2011-11-12 18:20:01.640000+00:00,usgs,no_data,,2026-09-12T11:40:56.409717+00:00
usp000jare,CLDR,83.06,4.6,2011-11-12 18:20:01.640000+00:00,usgs,no_data,,2026-09-12T11:40:57.766548+00:00
usp000jare,GURO,103.3,4.6,2011-11-12 18:20:01.640000+00:00,usgs,no_data,,2026-09-12T11:40:58.819201+00:00
usp000javr,VANB,33.02,4.5,2011-11-14 16:31:32.210000+00:00,usgs,no_data,,2026-09-12T11:41:00.076695+00:00
usp000javr,ERCV,46.15,4.5,2011-11-14 16:31:32.210000+00:00,usgs,no_data,,2026-09-12T11:41:01.680318+00:00
usp000javr,CLDR,90.59,4.5,2011-11-14 16:31:32.210000+00:00,usgs,ok,data/processed/waveforms/usp000javr_CLDR.mseed,2026-09-12T11:41:08.491541+00:00
usp000javr,GURO,91.57,4.5,2011-11-14 16:31:32.210000+00:00,usgs,no_data,,2026-09-12T11:41:11.904332+00:00
usp000javs,VANB,34.82,4.7,2011-11-14 16:47:16.200000+00:00,usgs,no_data,,2026-09-12T11:41:13.414790+00:00
usp000javs,ERCV,48.56,4.7,2011-11-14 16:47:16.200000+00:00,usgs,no_data,,2026-09-12T11:41:14.358394+00:00
usp000javs,GURO,88.75,4.7,2011-11-14 16:47:16.200000+00:00,usgs,no_data,,2026-09-12T11:41:15.765762+00:00
usp000javs,CLDR,93.48,4.7,2011-11-14 16:47:16.200000+00:00,usgs,ok,data/processed/waveforms/usp000javs_CLDR.mseed,2026-09-12T11:41:17.208040+00:00
usp000javz,CLDR,84.27,5.2,2011-11-14 22:08:15.410000+00:00,usgs,ok,data/processed/waveforms/usp000javz_CLDR.mseed,2026-09-12T11:41:20.167300+00:00
usp000javz,GURO,99.58,5.2,2011-11-14 22:08:15.410000+00:00,usgs,no_data,,2026-09-12T11:41:23.273405+00:00
usp000jayw,VRTB,9.89,4.9,2011-11-17 02:37:18.400000+00:00,usgs,ok,data/processed/waveforms/usp000jayw_VRTB.mseed,2026-09-12T11:41:25.549936+00:00
usp000jayw,GURO,76.33,4.9,2011-11-17 02:37:18.400000+00:00,usgs,no_data,,2026-09-12T11:41:28.611976+00:00
usp000jayw,BNGB,78.08,4.9,2011-11-17 02:37:18.400000+00:00,usgs,no_data,,2026-09-12T11:41:29.328525+00:00
usp000jayw,YEDI,94.15,4.9,2011-11-17 02:37:18.400000+00:00,usgs,ok,data/processed/waveforms/usp000jayw_YEDI.mseed,2026-09-12T11:41:30.559354+00:00
usp000jazd,ERCV,22.61,4.5,2011-11-17 12:38:31.220000+00:00,usgs,no_data,,2026-09-12T11:41:33.333722+00:00
usp000jazd,CLDR,41.26,4.5,2011-11-17 12:38:31.220000+00:00,usgs,no_data,,2026-09-12T11:41:35.606499+00:00
usp000jazd,VANB,45.75,4.5,2011-11-17 12:38:31.220000+00:00,usgs,no_data,,2026-09-12T11:41:37.507098+00:00
usp000jazd,AGRB,88.93,4.5,2011-11-17 12:38:31.220000+00:00,usgs,no_data,,2026-09-12T11:41:38.751837+00:00
usp000jb2m,CLDR,32.87,4.9,2011-11-18 17:39:40.430000+00:00,usgs,ok,data/processed/waveforms/usp000jb2m_CLDR.mseed,2026-09-12T11:41:40.537128+00:00
usp000jb2m,ERCV,50.37,4.9,2011-11-18 17:39:40.430000+00:00,usgs,no_data,,2026-09-12T11:41:43.252311+00:00
usp000jb2m,VANB,55.85,4.9,2011-11-18 17:39:40.430000+00:00,usgs,no_data,,2026-09-12T11:41:44.478135+00:00
usp000jb2m,AGRB,111.06,4.9,2011-11-18 17:39:40.430000+00:00,usgs,ok,data/processed/waveforms/usp000jb2m_AGRB.mseed,2026-09-12T11:41:46.116204+00:00
usp000jb8a,VANB,15.33,4.6,2011-11-22 03:30:35.800000+00:00,usgs,no_data,,2026-09-12T11:41:49.313354+00:00
usp000jb8a,ERCV,45.67,4.6,2011-11-22 03:30:35.800000+00:00,usgs,no_data,,2026-09-12T11:41:51.139487+00:00
usp000jb8a,CLDR,80.55,4.6,2011-11-22 03:30:35.800000+00:00,usgs,ok,data/processed/waveforms/usp000jb8a_CLDR.mseed,2026-09-12T11:41:52.265404+00:00
usp000jb8a,GURO,109.28,4.6,2011-11-22 03:30:35.800000+00:00,usgs,no_data,,2026-09-12T11:41:54.045012+00:00
usp000jbkq,MRSB,95.46,4.5,2011-11-29 14:07:19.880000+00:00,usgs,no_data,,2026-09-12T11:41:55.036325+00:00
usp000jbkq,FETY,97.15,4.5,2011-11-29 14:07:19.880000+00:00,usgs,ok,data/processed/waveforms/usp000jbkq_FETY.mseed,2026-09-12T11:41:55.944758+00:00
usp000jbkq,FETI,102.94,4.5,2011-11-29 14:07:19.880000+00:00,usgs,no_data,,2026-09-12T11:41:58.355189+00:00
usp000jbkq,DALY,103.25,4.5,2011-11-29 14:07:19.880000+00:00,usgs,ok,data/processed/waveforms/usp000jbkq_DALY.mseed,2026-09-12T11:41:59.539374+00:00
usp000jbmn,CLDR,84.62,5.4,2011-11-30 00:47:21.760000+00:00,usgs,ok,data/processed/waveforms/usp000jbmn_CLDR.mseed,2026-09-12T11:42:02.116712+00:00
usp000jbmn,GURO,124.0,5.4,2011-11-30 00:47:21.760000+00:00,usgs,no_data,,2026-09-12T11:42:05.750865+00:00
usp000jbrf,CLDR,32.57,4.7,2011-12-03 01:30:54.610000+00:00,usgs,ok,data/processed/waveforms/usp000jbrf_CLDR.mseed,2026-09-12T11:42:07.580966+00:00
usp000jbrf,ERCV,42.65,4.7,2011-12-03 01:30:54.610000+00:00,usgs,no_data,,2026-09-12T11:42:10.361506+00:00
usp000jbrf,VANB,52.08,4.7,2011-12-03 01:30:54.610000+00:00,usgs,no_data,,2026-09-12T11:42:12.032895+00:00
usp000jbrf,AGRB,104.53,4.7,2011-12-03 01:30:54.610000+00:00,usgs,ok,data/processed/waveforms/usp000jbrf_AGRB.mseed,2026-09-12T11:42:12.990711+00:00
usp000jbu6,VANB,10.67,4.8,2011-12-04 22:15:02.300000+00:00,usgs,no_data,,2026-09-12T11:42:15.753068+00:00
usp000jbu6,ERCV,62.01,4.8,2011-12-04 22:15:02.300000+00:00,usgs,no_data,,2026-09-12T11:42:16.723139+00:00
usp000jbu6,CLDR,92.81,4.8,2011-12-04 22:15:02.300000+00:00,usgs,no_data,,2026-09-12T11:42:18.455902+00:00
usp000jbu6,GURO,110.57,4.8,2011-12-04 22:15:02.300000+00:00,usgs,no_data,,2026-09-12T11:42:20.308895+00:00
usp000jbuq,KRBN,36.99,4.8,2011-12-05 08:17:26.600000+00:00,usgs,no_data,,2026-09-12T11:42:22.235327+00:00
usp000jbuq,FOCM,44.75,4.8,2011-12-05 08:17:26.600000+00:00,usgs,no_data,,2026-09-12T11:42:23.801844+00:00
usp000jbuq,CAND,52.13,4.8,2011-12-05 08:17:26.600000+00:00,usgs,no_data,,2026-09-12T11:42:25.357972+00:00
usp000jbuq,CESE,53.65,4.8,2011-12-05 08:17:26.600000+00:00,usgs,no_data,,2026-09-12T11:42:27.822015+00:00
usp000jbvv,ERCV,36.86,4.6,2011-12-06 02:55:59.130000+00:00,usgs,no_data,,2026-09-12T11:42:28.561757+00:00
usp000jbvv,VANB,40.77,4.6,2011-12-06 02:55:59.130000+00:00,usgs,no_data,,2026-09-12T11:42:29.381336+00:00
usp000jbvv,CLDR,42.65,4.6,2011-12-06 02:55:59.130000+00:00,usgs,ok,data/processed/waveforms/usp000jbvv_CLDR.mseed,2026-09-12T11:42:30.703055+00:00
usp000jbvv,AGRB,103.06,4.6,2011-12-06 02:55:59.130000+00:00,usgs,ok,data/processed/waveforms/usp000jbvv_AGRB.mseed,2026-09-12T11:42:33.851703+00:00
usp000jbw9,CUKT,9.33,4.5,2011-12-06 15:46:27.880000+00:00,usgs,ok,data/processed/waveforms/usp000jbw9_CUKT.mseed,2026-09-12T11:42:36.803209+00:00
usp000jbw9,SIRT,116.13,4.5,2011-12-06 15:46:27.880000+00:00,usgs,ok,data/processed/waveforms/usp000jbw9_SIRT.mseed,2026-09-12T11:42:39.791173+00:00
usp000jbw9,VANB,143.23,4.5,2011-12-06 15:46:27.880000+00:00,usgs,no_data,,2026-09-12T11:42:42.180498+00:00
usp000jbw9,ERCV,200.16,4.5,2011-12-06 15:46:27.880000+00:00,usgs,no_data,,2026-09-12T11:42:43.044185+00:00
usp000jcqj,CLDR,30.51,4.7,2011-12-27 19:18:52.780000+00:00,usgs,ok,data/processed/waveforms/usp000jcqj_CLDR.mseed,2026-09-12T11:42:44.418552+00:00
usp000jcqj,ERCV,41.73,4.7,2011-12-27 19:18:52.780000+00:00,usgs,no_data,,2026-09-12T11:42:47.057577+00:00
usp000jcqj,VANB,53.75,4.7,2011-12-27 19:18:52.780000+00:00,usgs,no_data,,2026-09-12T11:42:48.180054+00:00
usp000jcqj,AGRB,102.8,4.7,2011-12-27 19:18:52.780000+00:00,usgs,ok,data/processed/waveforms/usp000jcqj_AGRB.mseed,2026-09-12T11:42:49.407633+00:00
usp000jd3j,VANB,29.43,4.5,2012-01-06 00:16:48.900000+00:00,usgs,no_data,,2026-09-12T11:42:51.846544+00:00
usp000jd3j,ERCV,44.13,4.5,2012-01-06 00:16:48.900000+00:00,usgs,ok,data/processed/waveforms/usp000jd3j_ERCV.mseed,2026-09-12T11:42:52.891117+00:00
usp000jd3j,CLDR,54.89,4.5,2012-01-06 00:16:48.900000+00:00,usgs,ok,data/processed/waveforms/usp000jd3j_CLDR.mseed,2026-09-12T11:42:55.308046+00:00
usp000jd3j,AGRB,112.25,4.5,2012-01-06 00:16:48.900000+00:00,usgs,ok,data/processed/waveforms/usp000jd3j_AGRB.mseed,2026-09-12T11:42:58.104866+00:00
usp000jd4z,FETY,49.0,4.5,2012-01-06 20:35:13.860000+00:00,usgs,ok,data/processed/waveforms/usp000jd4z_FETY.mseed,2026-09-12T11:43:00.271392+00:00
usp000jd4z,FETI,55.16,4.5,2012-01-06 20:35:13.860000+00:00,usgs,ok,data/processed/waveforms/usp000jd4z_FETI.mseed,2026-09-12T11:43:03.204401+00:00
usp000jd4z,DEMR,75.91,4.5,2012-01-06 20:35:13.860000+00:00,usgs,ok,data/processed/waveforms/usp000jd4z_DEMR.mseed,2026-09-12T11:43:06.723797+00:00
usp000jd4z,DALY,78.1,4.5,2012-01-06 20:35:13.860000+00:00,usgs,no_data,,2026-09-12T11:43:10.233698+00:00
usp000jdcd,KEMT,76.43,4.5,2012-01-12 00:26:32.820000+00:00,usgs,ok,data/processed/waveforms/usp000jdcd_KEMT.mseed,2026-09-12T11:43:12.646229+00:00
usp000jdcd,MNVG,84.42,4.5,2012-01-12 00:26:32.820000+00:00,usgs,ok,data/processed/waveforms/usp000jdcd_MNVG.mseed,2026-09-12T11:43:14.996873+00:00
usp000jdcd,ALAN,98.85,4.5,2012-01-12 00:26:32.820000+00:00,usgs,ok,data/processed/waveforms/usp000jdcd_ALAN.mseed,2026-09-12T11:43:17.814060+00:00
usp000jdcd,ANTB,99.95,4.5,2012-01-12 00:26:32.820000+00:00,usgs,no_data,,2026-09-12T11:43:21.366580+00:00
usp000jdrj,VANB,21.06,4.7,2012-01-20 09:57:36.970000+00:00,usgs,no_data,,2026-09-12T11:43:22.816238+00:00
usp000jdrj,ERCV,37.42,4.7,2012-01-20 09:57:36.970000+00:00,usgs,ok,data/processed/waveforms/usp000jdrj_ERCV.mseed,2026-09-12T11:43:23.808459+00:00
usp000jdrj,CLDR,64.18,4.7,2012-01-20 09:57:36.970000+00:00,usgs,ok,data/processed/waveforms/usp000jdrj_CLDR.mseed,2026-09-12T11:43:25.636000+00:00
usp000jdrj,AGRB,105.61,4.7,2012-01-20 09:57:36.970000+00:00,usgs,ok,data/processed/waveforms/usp000jdrj_AGRB.mseed,2026-09-12T11:43:27.803691+00:00
usp000jdzp,DAT,236.43,5.2,2012-01-26 04:24:58.300000+00:00,usgs,no_data,,2026-09-12T11:43:30.643306+00:00
usp000jdzp,DIDI,242.56,5.2,2012-01-26 04:24:58.300000+00:00,usgs,ok,data/processed/waveforms/usp000jdzp_DIDI.mseed,2026-09-12T11:43:32.415094+00:00
usp000jdzu,BODT,235.97,4.5,2012-01-26 05:57:56.960000+00:00,usgs,no_data,,2026-09-12T11:43:35.986602+00:00
usp000jdzu,YKAV,237.05,4.5,2012-01-26 05:57:56.960000+00:00,usgs,ok,data/processed/waveforms/usp000jdzu_YKAV.mseed,2026-09-12T11:43:37.459984+00:00
usp000jdzu,DAT,243.19,4.5,2012-01-26 05:57:56.960000+00:00,usgs,no_data,,2026-09-12T11:43:40.235732+00:00
usp000jdzu,DIDI,249.49,4.5,2012-01-26 05:57:56.960000+00:00,usgs,ok,data/processed/waveforms/usp000jdzu_DIDI.mseed,2026-09-12T11:43:41.425069+00:00
usp000je0w,DAT,237.53,5.3,2012-01-27 01:33:24+00:00,usgs,no_data,,2026-09-12T11:43:43.382852+00:00
usp000je0w,DIDI,244.07,5.3,2012-01-27 01:33:24+00:00,usgs,ok,data/processed/waveforms/usp000je0w_DIDI.mseed,2026-09-12T11:43:44.413558+00:00
usp000je1u,BODT,231.23,4.7,2012-01-27 19:06:33.200000+00:00,usgs,no_data,,2026-09-12T11:43:47.878105+00:00
usp000je1u,YKAV,232.26,4.7,2012-01-27 19:06:33.200000+00:00,usgs,ok,data/processed/waveforms/usp000je1u_YKAV.mseed,2026-09-12T11:43:49.107508+00:00
usp000je1u,DAT,238.86,4.7,2012-01-27 19:06:33.200000+00:00,usgs,no_data,,2026-09-12T11:43:52.699357+00:00
usp000je1u,DIDI,244.55,4.7,2012-01-27 19:06:33.200000+00:00,usgs,ok,data/processed/waveforms/usp000je1u_DIDI.mseed,2026-09-12T11:43:54.112001+00:00
usp000je2t,BODT,232.08,4.5,2012-01-28 10:50:55.500000+00:00,usgs,no_data,,2026-09-12T11:43:56.228196+00:00
usp000je2t,YKAV,233.12,4.5,2012-01-28 10:50:55.500000+00:00,usgs,ok,data/processed/waveforms/usp000je2t_YKAV.mseed,2026-09-12T11:43:57.396491+00:00
usp000je2t,DAT,239.62,4.5,2012-01-28 10:50:55.500000+00:00,usgs,no_data,,2026-09-12T11:43:59.615189+00:00
usp000je2t,DIDI,245.45,4.5,2012-01-28 10:50:55.500000+00:00,usgs,ok,data/processed/waveforms/usp000je2t_DIDI.mseed,2026-09-12T11:44:00.886721+00:00
usp000je47,ERCV,31.44,4.5,2012-01-29 04:14:57.560000+00:00,usgs,ok,data/processed/waveforms/usp000je47_ERCV.mseed,2026-09-12T11:44:04.999502+00:00
usp000je47,VANB,38.74,4.5,2012-01-29 04:14:57.560000+00:00,usgs,no_data,,2026-09-12T11:44:12.725044+00:00
usp000je47,CLDR,45.06,4.5,2012-01-29 04:14:57.560000+00:00,usgs,ok,data/processed/waveforms/usp000je47_CLDR.mseed,2026-09-12T11:44:16.354182+00:00
usp000je47,AGRB,98.68,4.5,2012-01-29 04:14:57.560000+00:00,usgs,no_data,,2026-09-12T11:44:21.041929+00:00
usp000je4g,BODT,233.15,4.5,2012-01-29 09:55:06.600000+00:00,usgs,no_data,,2026-09-12T11:44:23.341946+00:00
usp000je4g,YKAV,234.09,4.5,2012-01-29 09:55:06.600000+00:00,usgs,ok,data/processed/waveforms/usp000je4g_YKAV.mseed,2026-09-12T11:44:26.106655+00:00
usp000je4g,DAT,241.19,4.5,2012-01-29 09:55:06.600000+00:00,usgs,no_data,,2026-09-12T11:44:29.717507+00:00
usp000je4g,DIDI,246.11,4.5,2012-01-29 09:55:06.600000+00:00,usgs,ok,data/processed/waveforms/usp000je4g_DIDI.mseed,2026-09-12T11:44:31.061960+00:00
usp000jf0b,DARE,9.38,4.7,2012-02-16 11:01:03.540000+00:00,usgs,no_data,,2026-09-12T11:44:34.135870+00:00
usp000jf0b,MALT,92.51,4.7,2012-02-16 11:01:03.540000+00:00,usgs,no_data,,2026-09-12T11:44:36.230446+00:00
usp000jf0b,SARI,94.41,4.7,2012-02-16 11:01:03.540000+00:00,usgs,no_data,,2026-09-12T11:44:38.672753+00:00
usp000jf0b,ILIC,130.71,4.7,2012-02-16 11:01:03.540000+00:00,usgs,no_data,,2026-09-12T11:44:40.522773+00:00
usp000jf19,VANB,26.75,4.7,2012-02-17 09:32:58.050000+00:00,usgs,no_data,,2026-09-12T11:44:42.051352+00:00
usp000jf19,ERCV,37.62,4.7,2012-02-17 09:32:58.050000+00:00,usgs,ok,data/processed/waveforms/usp000jf19_ERCV.mseed,2026-09-12T11:44:43.241992+00:00
usp000jf19,CLDR,78.76,4.7,2012-02-17 09:32:58.050000+00:00,usgs,ok,data/processed/waveforms/usp000jf19_CLDR.mseed,2026-09-12T11:44:46.494822+00:00
usp000jf19,AGRB,99.62,4.7,2012-02-17 09:32:58.050000+00:00,usgs,ok,data/processed/waveforms/usp000jf19_AGRB.mseed,2026-09-12T11:44:49.139917+00:00
usp000jf4w,KUSD,35.9,4.5,2012-02-20 06:34:27.100000+00:00,usgs,no_data,,2026-09-12T11:44:52.281447+00:00
usp000jf4w,AYDB,41.21,4.5,2012-02-20 06:34:27.100000+00:00,usgs,no_data,,2026-09-12T11:44:54.454673+00:00
usp000jf4w,BLCB,47.62,4.5,2012-02-20 06:34:27.100000+00:00,usgs,no_data,,2026-09-12T11:44:56.567451+00:00
usp000jf4w,GMLD,50.75,4.5,2012-02-20 06:34:27.100000+00:00,usgs,no_data,,2026-09-12T11:44:58.275382+00:00
usp000jftc,CUKT,249.09,4.6,2012-03-05 06:50:37.940000+00:00,usgs,no_data,,2026-09-12T11:45:00.590859+00:00
usp000jftc,SIRT,311.11,4.6,2012-03-05 06:50:37.940000+00:00,usgs,ok,data/processed/waveforms/usp000jftc_SIRT.mseed,2026-09-12T11:45:02.864098+00:00
usp000jftc,VANB,390.37,4.6,2012-03-05 06:50:37.940000+00:00,usgs,no_data,,2026-09-12T11:45:06.399277+00:00
usp000jgts,VRTB,75.38,5.0,2012-03-26 10:35:32.640000+00:00,usgs,ok,data/processed/waveforms/usp000jgts_VRTB.mseed,2026-09-12T11:45:07.711631+00:00
usp000jgts,ERCV,88.61,5.0,2012-03-26 10:35:32.640000+00:00,usgs,ok,data/processed/waveforms/usp000jgts_ERCV.mseed,2026-09-12T11:45:11.654026+00:00
usp000jj2d,SIMA,15.88,4.5,2012-04-16 10:11:09.790000+00:00,usgs,ok,data/processed/waveforms/usp000jj2d_SIMA.mseed,2026-09-12T11:45:15.757417+00:00
usp000jj2d,GEDZ,24.49,4.5,2012-04-16 10:11:09.790000+00:00,usgs,no_data,,2026-09-12T11:45:18.494813+00:00
usp000jj2d,TVSB,43.75,4.5,2012-04-16 10:11:09.790000+00:00,usgs,ok,data/processed/waveforms/usp000jj2d_TVSB.mseed,2026-09-12T11:45:20.642193+00:00
usp000jj2d,DST,68.88,4.5,2012-04-16 10:11:09.790000+00:00,usgs,no_data,,2026-09-12T11:45:23.535282+00:00
usp000jj72,ERCV,29.31,4.5,2012-04-18 23:30:58.170000+00:00,usgs,ok,data/processed/waveforms/usp000jj72_ERCV.mseed,2026-09-12T11:45:25.166621+00:00
usp000jj72,VANB,39.42,4.5,2012-04-18 23:30:58.170000+00:00,usgs,no_data,,2026-09-12T11:45:28.947175+00:00
usp000jj72,CLDR,44.91,4.5,2012-04-18 23:30:58.170000+00:00,usgs,ok,data/processed/waveforms/usp000jj72_CLDR.mseed,2026-09-12T11:45:30.509871+00:00
usp000jj72,AGRB,96.63,4.5,2012-04-18 23:30:58.170000+00:00,usgs,ok,data/processed/waveforms/usp000jj72_AGRB.mseed,2026-09-12T11:45:33.465720+00:00
usp000jjjz,GADA,70.39,4.5,2012-04-25 10:07:01.580000+00:00,usgs,ok,data/processed/waveforms/usp000jjjz_GADA.mseed,2026-09-12T11:45:35.624124+00:00
usp000jjjz,GOKC,71.95,4.5,2012-04-25 10:07:01.580000+00:00,usgs,no_data,,2026-09-12T11:45:39.299777+00:00
usp000jjjz,ENZZ,98.35,4.5,2012-04-25 10:07:01.580000+00:00,usgs,no_data,,2026-09-12T11:45:41.457727+00:00
usp000jjjz,ENEZ,105.71,4.5,2012-04-25 10:07:01.580000+00:00,usgs,ok,data/processed/waveforms/usp000jjjz_ENEZ.mseed,2026-09-12T11:45:43.135466+00:00
usp000jjn3,SIMA,9.48,4.6,2012-04-26 22:05:33.900000+00:00,usgs,ok,data/processed/waveforms/usp000jjn3_SIMA.mseed,2026-09-12T11:45:45.107151+00:00
usp000jjn3,GEDZ,29.95,4.6,2012-04-26 22:05:33.900000+00:00,usgs,no_data,,2026-09-12T11:45:46.715872+00:00
usp000jjn3,TVSB,48.94,4.6,2012-04-26 22:05:33.900000+00:00,usgs,ok,data/processed/waveforms/usp000jjn3_TVSB.mseed,2026-09-12T11:45:47.294017+00:00
usp000jjn3,DST,66.04,4.6,2012-04-26 22:05:33.900000+00:00,usgs,no_data,,2026-09-12T11:45:49.607565+00:00
usp000jjq0,SVAN,54.99,4.7,2012-04-28 03:17:04.110000+00:00,usgs,ok,data/processed/waveforms/usp000jjq0_SVAN.mseed,2026-09-12T11:45:50.463495+00:00
usp000jjq0,BNGB,55.68,4.7,2012-04-28 03:17:04.110000+00:00,usgs,no_data,,2026-09-12T11:45:52.327298+00:00
usp000jjq0,DYBB,79.9,4.7,2012-04-28 03:17:04.110000+00:00,usgs,no_data,,2026-09-12T11:45:53.735731+00:00
usp000jjq0,VRTB,96.53,4.7,2012-04-28 03:17:04.110000+00:00,usgs,ok,data/processed/waveforms/usp000jjq0_VRTB.mseed,2026-09-12T11:45:55.344417+00:00
usp000jjv2,FOCM,9.07,4.9,2012-05-01 14:48:28.480000+00:00,usgs,no_data,,2026-09-12T11:45:57.377981+00:00
usp000jjv2,KRBN,11.28,4.9,2012-05-01 14:48:28.480000+00:00,usgs,no_data,,2026-09-12T11:45:59.157255+00:00
usp000jjv2,CAND,35.45,4.9,2012-05-01 14:48:28.480000+00:00,usgs,ok,data/processed/waveforms/usp000jjv2_CAND.mseed,2026-09-12T11:46:00.891918+00:00
usp000jjv2,BLCB,45.24,4.9,2012-05-01 14:48:28.480000+00:00,usgs,no_data,,2026-09-12T11:46:02.474526+00:00
usp000jjyr,TVSB,44.09,5.2,2012-05-03 15:20:25.670000+00:00,usgs,ok,data/processed/waveforms/usp000jjyr_TVSB.mseed,2026-09-12T11:46:03.462232+00:00
usp000jjyr,DST,62.25,5.2,2012-05-03 15:20:25.670000+00:00,usgs,no_data,,2026-09-12T11:46:05.706699+00:00
usp000jmg2,BOTS,16.6,4.9,2012-06-07 20:54:25.840000+00:00,usgs,no_data,,2026-09-12T11:46:06.313517+00:00
usp000jmg2,CRLT,34.89,4.9,2012-06-07 20:54:25.840000+00:00,usgs,ok,data/processed/waveforms/usp000jmg2_CRLT.mseed,2026-09-12T11:46:07.538399+00:00
usp000jmg2,TKR,36.03,4.9,2012-06-07 20:54:25.840000+00:00,usgs,ok,data/processed/waveforms/usp000jmg2_TKR.mseed,2026-09-12T11:46:10.518413+00:00
usp000jmg2,MRMT,38.94,4.9,2012-06-07 20:54:25.840000+00:00,usgs,no_data,,2026-09-12T11:46:13.541240+00:00
usp000jmkj,DALY,48.48,6.0,2012-06-10 12:44:16.590000+00:00,usgs,ok,data/processed/waveforms/usp000jmkj_DALY.mseed,2026-09-12T11:46:14.527371+00:00
usp000jmkj,MRSB,69.32,6.0,2012-06-10 12:44:16.590000+00:00,usgs,no_data,,2026-09-12T11:46:16.928665+00:00
usp000jmkk,FETY,29.46,4.8,2012-06-10 12:49:36.590000+00:00,usgs,ok,data/processed/waveforms/usp000jmkk_FETY.mseed,2026-09-12T11:46:18.543549+00:00
usp000jmkk,FETI,35.32,4.8,2012-06-10 12:49:36.590000+00:00,usgs,no_data,,2026-09-12T11:46:20.106133+00:00
usp000jmkk,DALY,50.65,4.8,2012-06-10 12:49:36.590000+00:00,usgs,ok,data/processed/waveforms/usp000jmkk_DALY.mseed,2026-09-12T11:46:21.235043+00:00
usp000jmkk,MRSB,72.21,4.8,2012-06-10 12:49:36.590000+00:00,usgs,no_data,,2026-09-12T11:46:22.580110+00:00
usp000jmkw,FETY,23.83,4.5,2012-06-10 18:28:33+00:00,usgs,ok,data/processed/waveforms/usp000jmkw_FETY.mseed,2026-09-12T11:46:24.545991+00:00
usp000jmkw,FETI,29.59,4.5,2012-06-10 18:28:33+00:00,usgs,no_data,,2026-09-12T11:46:27.192574+00:00
usp000jmkw,DALY,46.68,4.5,2012-06-10 18:28:33+00:00,usgs,ok,data/processed/waveforms/usp000jmkw_DALY.mseed,2026-09-12T11:46:28.258115+00:00
usp000jmkw,MRSB,71.38,4.5,2012-06-10 18:28:33+00:00,usgs,ok,data/processed/waveforms/usp000jmkw_MRSB.mseed,2026-09-12T11:46:29.653609+00:00
usp000jmr8,SVAN,137.48,5.3,2012-06-14 05:52:53.610000+00:00,usgs,ok,data/processed/waveforms/usp000jmr8_SVAN.mseed,2026-09-12T11:46:31.424176+00:00
usp000jmr8,GURO,142.1,5.3,2012-06-14 05:52:53.610000+00:00,usgs,ok,data/processed/waveforms/usp000jmr8_GURO.mseed,2026-09-12T11:46:33.428970+00:00
usp000jmyc,SHAP,14.4,4.6,2012-06-19 01:46:13.420000+00:00,usgs,no_data,,2026-09-12T11:46:35.584221+00:00
usp000jmyc,SMAA,15.83,4.6,2012-06-19 01:46:13.420000+00:00,usgs,ok,data/processed/waveforms/usp000jmyc_SMAA.mseed,2026-09-12T11:46:36.154192+00:00
usp000jmyc,SIMA,16.33,4.6,2012-06-19 01:46:13.420000+00:00,usgs,ok,data/processed/waveforms/usp000jmyc_SIMA.mseed,2026-09-12T11:46:37.981126+00:00
usp000jmyc,GEDZ,24.49,4.6,2012-06-19 01:46:13.420000+00:00,usgs,ok,data/processed/waveforms/usp000jmyc_GEDZ.mseed,2026-09-12T11:46:40.683340+00:00
usp000jn6q,VANB,30.45,4.9,2012-06-24 20:07:20.670000+00:00,usgs,no_data,,2026-09-12T11:46:43.586953+00:00
usp000jn6q,ERCV,43.59,4.9,2012-06-24 20:07:20.670000+00:00,usgs,ok,data/processed/waveforms/usp000jn6q_ERCV.mseed,2026-09-12T11:46:44.456598+00:00
usp000jn6q,CLDR,53.8,4.9,2012-06-24 20:07:20.670000+00:00,usgs,ok,data/processed/waveforms/usp000jn6q_CLDR.mseed,2026-09-12T11:46:45.961381+00:00
usp000jn6q,AGRB,111.6,4.9,2012-06-24 20:07:20.670000+00:00,usgs,ok,data/processed/waveforms/usp000jn6q_AGRB.mseed,2026-09-12T11:46:47.765725+00:00
usp000jn7f,DALY,49.18,5.0,2012-06-25 13:05:28+00:00,usgs,ok,data/processed/waveforms/usp000jn7f_DALY.mseed,2026-09-12T11:46:49.139204+00:00
usp000jn7f,MRSB,73.24,5.0,2012-06-25 13:05:28+00:00,usgs,ok,data/processed/waveforms/usp000jn7f_MRSB.mseed,2026-09-12T11:46:50.763862+00:00
usp000jnmj,DAT,201.49,4.8,2012-07-04 23:46:38.800000+00:00,usgs,no_data,,2026-09-12T11:46:52.752817+00:00
usp000jnmj,DATC,207.47,4.8,2012-07-04 23:46:38.800000+00:00,usgs,no_data,,2026-09-12T11:46:54.391733+00:00
usp000jnmj,BODT,228.03,4.8,2012-07-04 23:46:38.800000+00:00,usgs,no_data,,2026-09-12T11:46:56.608211+00:00
usp000jnmj,MRSB,229.1,4.8,2012-07-04 23:46:38.800000+00:00,usgs,no_data,,2026-09-12T11:46:57.840658+00:00
usp000jnt4,FETI,121.83,5.6,2012-07-09 13:55:00.580000+00:00,usgs,no_data,,2026-09-12T11:46:59.451877+00:00
usp000jnt4,DALY,136.88,5.6,2012-07-09 13:55:00.580000+00:00,usgs,ok,data/processed/waveforms/usp000jnt4_DALY.mseed,2026-09-12T11:47:00.222469+00:00
usp000jpab,CEYT,81.94,5.0,2012-07-22 09:26:02.990000+00:00,usgs,no_data,,2026-09-12T11:47:02.051737+00:00
usp000jpab,GAZ,83.98,5.0,2012-07-22 09:26:02.990000+00:00,usgs,ok,data/processed/waveforms/usp000jpab_GAZ.mseed,2026-09-12T11:47:02.713319+00:00
usp000jpe0,VANB,19.7,4.5,2012-07-24 22:53:39.560000+00:00,usgs,no_data,,2026-09-12T11:47:03.890223+00:00
usp000jpe0,ERCV,38.11,4.5,2012-07-24 22:53:39.560000+00:00,usgs,ok,data/processed/waveforms/usp000jpe0_ERCV.mseed,2026-09-12T11:47:04.370222+00:00
usp000jpe0,CLDR,66.08,4.5,2012-07-24 22:53:39.560000+00:00,usgs,ok,data/processed/waveforms/usp000jpe0_CLDR.mseed,2026-09-12T11:47:05.505807+00:00
usp000jpe0,AGRB,106.04,4.5,2012-07-24 22:53:39.560000+00:00,usgs,ok,data/processed/waveforms/usp000jpe0_AGRB.mseed,2026-09-12T11:47:06.922334+00:00
usp000jpxn,VANB,127.0,5.0,2012-08-05 20:37:23.800000+00:00,usgs,no_data,,2026-09-12T11:47:09.138744+00:00
usp000jpxn,GURO,149.89,5.0,2012-08-05 20:37:23.800000+00:00,usgs,ok,data/processed/waveforms/usp000jpxn_GURO.mseed,2026-09-12T11:47:10.229267+00:00
usp000js8e,CUKT,32.11,4.5,2012-09-13 02:42:20.170000+00:00,usgs,no_data,,2026-09-12T11:47:12.364952+00:00
usp000js8e,SIRT,123.25,4.5,2012-09-13 02:42:20.170000+00:00,usgs,ok,data/processed/waveforms/usp000js8e_SIRT.mseed,2026-09-12T11:47:13.506780+00:00
usp000js8e,VANB,173.52,4.5,2012-09-13 02:42:20.170000+00:00,usgs,no_data,,2026-09-12T11:47:15.261100+00:00
usp000js8e,GURO,227.16,4.5,2012-09-13 02:42:20.170000+00:00,usgs,ok,data/processed/waveforms/usp000js8e_GURO.mseed,2026-09-12T11:47:16.295682+00:00
usp000jsk2,GAZ,18.2,4.9,2012-09-19 09:17:46.820000+00:00,usgs,ok,data/processed/waveforms/usp000jsk2_GAZ.mseed,2026-09-12T11:47:17.966629+00:00
usp000jsk2,KMRS,28.21,4.9,2012-09-19 09:17:46.820000+00:00,usgs,ok,data/processed/waveforms/usp000jsk2_KMRS.mseed,2026-09-12T11:47:19.382895+00:00
usp000jsk2,KOZT,113.84,4.9,2012-09-19 09:17:46.820000+00:00,usgs,no_data,,2026-09-12T11:47:21.318716+00:00
usp000jsk2,CEYT,124.08,4.9,2012-09-19 09:17:46.820000+00:00,usgs,no_data,,2026-09-12T11:47:22.875309+00:00
usp000jt7k,MRSB,152.71,4.6,2012-09-29 05:25:42+00:00,usgs,ok,data/processed/waveforms/usp000jt7k_MRSB.mseed,2026-09-12T11:47:24.015514+00:00
usp000jt7k,DAT,153.44,4.6,2012-09-29 05:25:42+00:00,usgs,no_data,,2026-09-12T11:47:27.053007+00:00
usp000jt7k,DATC,155.42,4.6,2012-09-29 05:25:42+00:00,usgs,ok,data/processed/waveforms/usp000jt7k_DATC.mseed,2026-09-12T11:47:27.938543+00:00
usp000jt7k,DALY,175.89,4.6,2012-09-29 05:25:42+00:00,usgs,ok,data/processed/waveforms/usp000jt7k_DALY.mseed,2026-09-12T11:47:29.969807+00:00
usp000ju1f,GAZ,20.95,4.5,2012-10-16 01:16:02.730000+00:00,usgs,ok,data/processed/waveforms/usp000ju1f_GAZ.mseed,2026-09-12T11:47:31.716265+00:00
usp000ju1f,KMRS,59.27,4.5,2012-10-16 01:16:02.730000+00:00,usgs,ok,data/processed/waveforms/usp000ju1f_KMRS.mseed,2026-09-12T11:47:33.689051+00:00
usp000ju1f,TAHT,107.79,4.5,2012-10-16 01:16:02.730000+00:00,usgs,ok,data/processed/waveforms/usp000ju1f_TAHT.mseed,2026-09-12T11:47:35.250792+00:00
usp000ju1f,CEYT,120.78,4.5,2012-10-16 01:16:02.730000+00:00,usgs,no_data,,2026-09-12T11:47:36.776290+00:00
usp000ju1s,GAZ,15.38,4.6,2012-10-16 10:25:04.700000+00:00,usgs,ok,data/processed/waveforms/usp000ju1s_GAZ.mseed,2026-09-12T11:47:37.988094+00:00
usp000ju1s,KMRS,31.39,4.6,2012-10-16 10:25:04.700000+00:00,usgs,ok,data/processed/waveforms/usp000ju1s_KMRS.mseed,2026-09-12T11:47:40.072777+00:00
usp000ju1s,KOZT,117.38,4.6,2012-10-16 10:25:04.700000+00:00,usgs,ok,data/processed/waveforms/usp000ju1s_KOZT.mseed,2026-09-12T11:47:42.005594+00:00
usp000ju1s,CEYT,127.0,4.6,2012-10-16 10:25:04.700000+00:00,usgs,no_data,,2026-09-12T11:47:43.634958+00:00
usp000jvjf,GAZ,14.01,4.5,2012-11-13 23:55:48.900000+00:00,usgs,ok,data/processed/waveforms/usp000jvjf_GAZ.mseed,2026-09-12T11:47:44.451722+00:00
usp000jvjf,KMRS,32.38,4.5,2012-11-13 23:55:48.900000+00:00,usgs,ok,data/processed/waveforms/usp000jvjf_KMRS.mseed,2026-09-12T11:47:46.155430+00:00
usp000jvjf,KOZT,115.79,4.5,2012-11-13 23:55:48.900000+00:00,usgs,ok,data/processed/waveforms/usp000jvjf_KOZT.mseed,2026-09-12T11:47:47.873956+00:00
usp000jvjf,CEYT,124.14,4.5,2012-11-13 23:55:48.900000+00:00,usgs,no_data,,2026-09-12T11:47:49.373127+00:00
usp000jvjy,DEMR,43.87,4.6,2012-11-14 07:24:28.390000+00:00,usgs,ok,data/processed/waveforms/usp000jvjy_DEMR.mseed,2026-09-12T11:47:50.453172+00:00
usp000jvjy,ELL,99.29,4.6,2012-11-14 07:24:28.390000+00:00,usgs,no_data,,2026-09-12T11:47:52.190697+00:00
usp000jvjy,FETY,103.74,4.6,2012-11-14 07:24:28.390000+00:00,usgs,ok,data/processed/waveforms/usp000jvjy_FETY.mseed,2026-09-12T11:47:53.271879+00:00
usp000jvjy,FETI,108.23,4.6,2012-11-14 07:24:28.390000+00:00,usgs,no_data,,2026-09-12T11:47:56.268390+00:00
usp000jvw1,ERZN,15.64,4.5,2012-11-20 17:56:28.360000+00:00,usgs,ok,data/processed/waveforms/usp000jvw1_ERZN.mseed,2026-09-12T11:47:57.238912+00:00
usp000jvw1,YEDI,59.69,4.5,2012-11-20 17:56:28.360000+00:00,usgs,ok,data/processed/waveforms/usp000jvw1_YEDI.mseed,2026-09-12T11:47:59.407220+00:00
usp000jvw1,PTK,77.18,4.5,2012-11-20 17:56:28.360000+00:00,usgs,ok,data/processed/waveforms/usp000jvw1_PTK.mseed,2026-09-12T11:48:01.229960+00:00
usp000jvw1,BNGB,90.14,4.5,2012-11-20 17:56:28.360000+00:00,usgs,no_data,,2026-09-12T11:48:02.971472+00:00
usp000jw1b,MRSB,28.37,4.5,2012-11-24 21:04:16.850000+00:00,usgs,ok,data/processed/waveforms/usp000jw1b_MRSB.mseed,2026-09-12T11:48:04.167450+00:00
usp000jw1b,DATC,29.23,4.5,2012-11-24 21:04:16.850000+00:00,usgs,ok,data/processed/waveforms/usp000jw1b_DATC.mseed,2026-09-12T11:48:05.873210+00:00
usp000jw1b,DAT,33.9,4.5,2012-11-24 21:04:16.850000+00:00,usgs,no_data,,2026-09-12T11:48:07.886352+00:00
usp000jw1b,YER,68.21,4.5,2012-11-24 21:04:16.850000+00:00,usgs,no_data,,2026-09-12T11:48:09.177184+00:00
usp000jw3s,DAT,38.06,5.0,2012-11-26 17:35:41.800000+00:00,usgs,no_data,,2026-09-12T11:48:10.597608+00:00
usp000jw3s,YER,59.18,5.0,2012-11-26 17:35:41.800000+00:00,usgs,no_data,,2026-09-12T11:48:11.752098+00:00
usp000jxa7,ERCV,146.66,5.2,2012-12-23 06:38:57.450000+00:00,usgs,ok,data/processed/waveforms/usp000jxa7_ERCV.mseed,2026-09-12T11:48:13.009814+00:00
usp000jxa7,AKDM,165.17,5.2,2012-12-23 06:38:57.450000+00:00,usgs,ok,data/processed/waveforms/usp000jxa7_AKDM.mseed,2026-09-12T11:48:14.928956+00:00
usp000jxaj,CHOM,149.4,5.7,2012-12-23 13:31:40.760000+00:00,usgs,ok,data/processed/waveforms/usp000jxaj_CHOM.mseed,2026-09-12T11:48:17.700048+00:00
usp000jxaj,CHAY,151.12,5.7,2012-12-23 13:31:40.760000+00:00,usgs,ok,data/processed/waveforms/usp000jxaj_CHAY.mseed,2026-09-12T11:48:21.300602+00:00
usp000jxdg,CHOM,149.93,5.2,2012-12-25 22:44:33.510000+00:00,usgs,ok,data/processed/waveforms/usp000jxdg_CHOM.mseed,2026-09-12T11:48:25.279322+00:00
usp000jxdg,CHAY,151.5,5.2,2012-12-25 22:44:33.510000+00:00,usgs,ok,data/processed/waveforms/usp000jxdg_CHAY.mseed,2026-09-12T11:48:33.183789+00:00
usp000jy2b,GOKC,68.53,5.7,2013-01-08 14:16:08.980000+00:00,usgs,ok,data/processed/waveforms/usp000jy2b_GOKC.mseed,2026-09-12T11:48:41.398601+00:00
usp000jy2b,EZN,69.68,5.7,2013-01-08 14:16:08.980000+00:00,usgs,ok,data/processed/waveforms/usp000jy2b_EZN.mseed,2026-09-12T11:48:44.174466+00:00
usp000jybv,GPNR,53.33,4.5,2013-01-13 08:55:15.260000+00:00,usgs,ok,data/processed/waveforms/usp000jybv_GPNR.mseed,2026-09-12T11:48:46.699296+00:00
usp000jybv,GADA,68.84,4.5,2013-01-13 08:55:15.260000+00:00,usgs,ok,data/processed/waveforms/usp000jybv_GADA.mseed,2026-09-12T11:48:49.952561+00:00
usp000jybv,EZN,69.36,4.5,2013-01-13 08:55:15.260000+00:00,usgs,ok,data/processed/waveforms/usp000jybv_EZN.mseed,2026-09-12T11:48:52.371478+00:00
usp000jybv,GOKC,70.47,4.5,2013-01-13 08:55:15.260000+00:00,usgs,ok,data/processed/waveforms/usp000jybv_GOKC.mseed,2026-09-12T11:48:54.151366+00:00
usc000fayn,DIDI,27.37,4.5,2013-02-21 10:18:49.940000+00:00,usgs,ok,data/processed/waveforms/usc000fayn_DIDI.mseed,2026-09-12T11:48:55.646340+00:00
usc000fayn,YKAV,43.83,4.5,2013-02-21 10:18:49.940000+00:00,usgs,ok,data/processed/waveforms/usc000fayn_YKAV.mseed,2026-09-12T11:48:57.932847+00:00
usc000fayn,BODT,50.74,4.5,2013-02-21 10:18:49.940000+00:00,usgs,ok,data/processed/waveforms/usc000fayn_BODT.mseed,2026-09-12T11:48:59.739316+00:00
usc000fayn,KUSD,59.52,4.5,2013-02-21 10:18:49.940000+00:00,usgs,no_data,,2026-09-12T11:49:01.460733+00:00
usb000fisx,CUKT,65.9,4.9,2013-03-11 14:57:07+00:00,usgs,ok,data/processed/waveforms/usb000fisx_CUKT.mseed,2026-09-12T11:49:02.634151+00:00
usb000fisx,SIRT,128.14,4.9,2013-03-11 14:57:07+00:00,usgs,ok,data/processed/waveforms/usb000fisx_SIRT.mseed,2026-09-12T11:49:06.224652+00:00
usb000fisx,AKDM,188.83,4.9,2013-03-11 14:57:07+00:00,usgs,ok,data/processed/waveforms/usb000fisx_AKDM.mseed,2026-09-12T11:49:12.409474+00:00
usb000fisx,VANB,204.51,4.9,2013-03-11 14:57:07+00:00,usgs,ok,data/processed/waveforms/usb000fisx_VANB.mseed,2026-09-12T11:49:15.544774+00:00
usb000gac8,CLDR,155.81,4.8,2013-04-18 10:39:39.290000+00:00,usgs,ok,data/processed/waveforms/usb000gac8_CLDR.mseed,2026-09-12T11:49:19.168163+00:00
usb000gac8,VANB,177.64,4.8,2013-04-18 10:39:39.290000+00:00,usgs,ok,data/processed/waveforms/usb000gac8_VANB.mseed,2026-09-12T11:49:23.866351+00:00
usb000gac8,ERCV,195.0,4.8,2013-04-18 10:39:39.290000+00:00,usgs,ok,data/processed/waveforms/usb000gac8_ERCV.mseed,2026-09-12T11:49:26.820621+00:00
usb000gac8,TASB,204.24,4.8,2013-04-18 10:39:39.290000+00:00,usgs,ok,data/processed/waveforms/usb000gac8_TASB.mseed,2026-09-12T11:49:28.377676+00:00
usb000gh38,DATC,22.06,4.5,2013-04-28 16:30:53.200000+00:00,usgs,ok,data/processed/waveforms/usb000gh38_DATC.mseed,2026-09-12T11:49:29.854700+00:00
usb000gh38,DAT,28.41,4.5,2013-04-28 16:30:53.200000+00:00,usgs,ok,data/processed/waveforms/usb000gh38_DAT.mseed,2026-09-12T11:49:31.295981+00:00
usb000gh38,BBRN,39.31,4.5,2013-04-28 16:30:53.200000+00:00,usgs,ok,data/processed/waveforms/usb000gh38_BBRN.mseed,2026-09-12T11:49:34.462976+00:00
usb000gh38,MLSB,39.54,4.5,2013-04-28 16:30:53.200000+00:00,usgs,no_data,,2026-09-12T11:49:37.563223+00:00
usb000gwsz,YER,14.45,4.9,2013-05-16 03:02:03.350000+00:00,usgs,no_data,,2026-09-12T11:49:38.593502+00:00
usb000gwsz,DALY,33.77,4.9,2013-05-16 03:02:03.350000+00:00,usgs,ok,data/processed/waveforms/usb000gwsz_DALY.mseed,2026-09-12T11:49:39.582893+00:00
usb000gwsz,MRSB,40.77,4.9,2013-05-16 03:02:03.350000+00:00,usgs,ok,data/processed/waveforms/usb000gwsz_MRSB.mseed,2026-09-12T11:49:41.416705+00:00
usb000gwsz,BBRN,50.74,4.9,2013-05-16 03:02:03.350000+00:00,usgs,ok,data/processed/waveforms/usb000gwsz_BBRN.mseed,2026-09-12T11:49:43.427942+00:00
usb000h85k,SHAP,11.06,4.5,2013-05-29 14:43:32+00:00,usgs,ok,data/processed/waveforms/usb000h85k_SHAP.mseed,2026-09-12T11:49:45.375869+00:00
usb000h85k,SMAA,16.69,4.5,2013-05-29 14:43:32+00:00,usgs,no_data,,2026-09-12T11:49:47.422155+00:00
usb000h85k,SIMA,16.81,4.5,2013-05-29 14:43:32+00:00,usgs,no_data,,2026-09-12T11:49:48.658634+00:00
usb000h85k,GEDZ,21.95,4.5,2013-05-29 14:43:32+00:00,usgs,ok,data/processed/waveforms/usb000h85k_GEDZ.mseed,2026-09-12T11:49:50.586866+00:00
usc000hnc9,VANB,22.19,4.5,2013-06-12 19:02:53.950000+00:00,usgs,ok,data/processed/waveforms/usc000hnc9_VANB.mseed,2026-09-12T11:49:53.975892+00:00
usc000hnc9,ERCV,45.79,4.5,2013-06-12 19:02:53.950000+00:00,usgs,ok,data/processed/waveforms/usc000hnc9_ERCV.mseed,2026-09-12T11:49:55.598695+00:00
usc000hnc9,CLDR,61.77,4.5,2013-06-12 19:02:53.950000+00:00,usgs,ok,data/processed/waveforms/usc000hnc9_CLDR.mseed,2026-09-12T11:49:57.569288+00:00
usc000hnc9,AKDM,63.61,4.5,2013-06-12 19:02:53.950000+00:00,usgs,ok,data/processed/waveforms/usc000hnc9_AKDM.mseed,2026-09-12T11:49:59.242603+00:00
usb000ijb0,TOS,44.86,4.5,2013-07-21 21:43:41.670000+00:00,usgs,ok,data/processed/waveforms/usb000ijb0_TOS.mseed,2026-09-12T11:50:01.245352+00:00
usb000ijb0,CANT,59.7,4.5,2013-07-21 21:43:41.670000+00:00,usgs,ok,data/processed/waveforms/usb000ijb0_CANT.mseed,2026-09-12T11:50:04.631926+00:00
usb000ijb0,SAFT,69.33,4.5,2013-07-21 21:43:41.670000+00:00,usgs,ok,data/processed/waveforms/usb000ijb0_SAFT.mseed,2026-09-12T11:50:07.902181+00:00
usb000ijb0,BZK,100.61,4.5,2013-07-21 21:43:41.670000+00:00,usgs,ok,data/processed/waveforms/usb000ijb0_BZK.mseed,2026-09-12T11:50:10.620428+00:00
usc000isd7,GOKC,11.14,4.6,2013-07-30 05:33:09.760000+00:00,usgs,no_data,,2026-09-12T11:50:12.716655+00:00
usc000isd7,GADA,11.57,4.6,2013-07-30 05:33:09.760000+00:00,usgs,ok,data/processed/waveforms/usc000isd7_GADA.mseed,2026-09-12T11:50:13.880111+00:00
usc000isd7,ENZZ,41.99,4.6,2013-07-30 05:33:09.760000+00:00,usgs,no_data,,2026-09-12T11:50:15.821646+00:00
usc000isd7,GELI,52.79,4.6,2013-07-30 05:33:09.760000+00:00,usgs,ok,data/processed/waveforms/usc000isd7_GELI.mseed,2026-09-12T11:50:16.766919+00:00
usc000jwi4,GURO,70.35,5.0,2013-09-17 20:40:51.140000+00:00,usgs,ok,data/processed/waveforms/usc000jwi4_GURO.mseed,2026-09-12T11:50:19.495943+00:00
usc000jwi4,BNGB,70.36,5.0,2013-09-17 20:40:51.140000+00:00,usgs,ok,data/processed/waveforms/usc000jwi4_BNGB.mseed,2026-09-12T11:50:22.389087+00:00
usb000k0xu,CUKT,118.22,4.5,2013-09-27 10:02:43+00:00,usgs,ok,data/processed/waveforms/usb000k0xu_CUKT.mseed,2026-09-12T11:50:24.789261+00:00
usb000k0xu,VANB,187.88,4.5,2013-09-27 10:02:43+00:00,usgs,ok,data/processed/waveforms/usb000k0xu_VANB.mseed,2026-09-12T11:50:26.411283+00:00
usb000k0xu,AKDM,204.83,4.5,2013-09-27 10:02:43+00:00,usgs,ok,data/processed/waveforms/usb000k0xu_AKDM.mseed,2026-09-12T11:50:29.633764+00:00
usb000k0xu,CLDR,220.6,4.5,2013-09-27 10:02:43+00:00,usgs,ok,data/processed/waveforms/usb000k0xu_CLDR.mseed,2026-09-12T11:50:32.400823+00:00
usb000kj64,SLFK,37.21,4.5,2013-10-23 12:24:22.450000+00:00,usgs,ok,data/processed/waveforms/usb000kj64_SLFK.mseed,2026-09-12T11:50:35.863761+00:00
usb000kj64,IKL,59.29,4.5,2013-10-23 12:24:22.450000+00:00,usgs,ok,data/processed/waveforms/usb000kj64_IKL.mseed,2026-09-12T11:50:40.016071+00:00
usb000kj64,MERS,66.09,4.5,2013-10-23 12:24:22.450000+00:00,usgs,ok,data/processed/waveforms/usb000kj64_MERS.mseed,2026-09-12T11:50:42.368363+00:00
usb000kj64,EREN,86.07,4.5,2013-10-23 12:24:22.450000+00:00,usgs,ok,data/processed/waveforms/usb000kj64_EREN.mseed,2026-09-12T11:50:44.494531+00:00
usb000l5v1,KDZE,65.4,5.1,2013-11-24 20:49:38.670000+00:00,usgs,ok,data/processed/waveforms/usb000l5v1_KDZE.mseed,2026-09-12T11:50:46.118604+00:00
usb000l5v1,MDUB,68.69,5.1,2013-11-24 20:49:38.670000+00:00,usgs,no_data,,2026-09-12T11:50:49.476158+00:00
usb000l74s,BOTS,16.31,4.5,2013-11-27 04:13:37.390000+00:00,usgs,ok,data/processed/waveforms/usb000l74s_BOTS.mseed,2026-09-12T11:50:50.703349+00:00
usb000l74s,CRLT,34.55,4.5,2013-11-27 04:13:37.390000+00:00,usgs,no_data,,2026-09-12T11:50:55.109190+00:00
usb000l74s,TKR,35.79,4.5,2013-11-27 04:13:37.390000+00:00,usgs,ok,data/processed/waveforms/usb000l74s_TKR.mseed,2026-09-12T11:50:55.891668+00:00
usb000l74s,MRMT,39.1,4.5,2013-11-27 04:13:37.390000+00:00,usgs,ok,data/processed/waveforms/usb000l74s_MRMT.mseed,2026-09-12T11:50:58.616251+00:00
usb000lacc,DAT,157.66,4.5,2013-12-03 16:05:08.220000+00:00,usgs,ok,data/processed/waveforms/usb000lacc_DAT.mseed,2026-09-12T11:51:00.648332+00:00
usb000lacc,DATC,163.15,4.5,2013-12-03 16:05:08.220000+00:00,usgs,ok,data/processed/waveforms/usb000lacc_DATC.mseed,2026-09-12T11:51:03.693370+00:00
usb000lacc,BBRN,172.05,4.5,2013-12-03 16:05:08.220000+00:00,usgs,no_data,,2026-09-12T11:51:07.192719+00:00
usb000lacc,MRSB,182.48,4.5,2013-12-03 16:05:08.220000+00:00,usgs,ok,data/processed/waveforms/usb000lacc_MRSB.mseed,2026-09-12T11:51:09.234746+00:00
usb000ldsa,MNVG,25.18,4.9,2013-12-08 17:31:56.380000+00:00,usgs,no_data,,2026-09-12T11:51:11.670533+00:00
usb000ldsa,ANTB,61.29,4.9,2013-12-08 17:31:56.380000+00:00,usgs,ok,data/processed/waveforms/usb000ldsa_ANTB.mseed,2026-09-12T11:51:12.911752+00:00
usb000ldsa,KEMT,61.32,4.9,2013-12-08 17:31:56.380000+00:00,usgs,no_data,,2026-09-12T11:51:14.956399+00:00
usb000ldsa,ALAN,70.83,4.9,2013-12-08 17:31:56.380000+00:00,usgs,ok,data/processed/waveforms/usb000ldsa_ALAN.mseed,2026-09-12T11:51:16.811024+00:00
usc000lrgn,MNVG,35.62,4.5,2013-12-25 18:11:36.900000+00:00,usgs,no_data,,2026-09-12T11:51:19.694757+00:00
usc000lrgn,ANTB,36.39,4.5,2013-12-25 18:11:36.900000+00:00,usgs,no_data,,2026-09-12T11:51:21.271335+00:00
usc000lrgn,KEMT,58.44,4.5,2013-12-25 18:11:36.900000+00:00,usgs,ok,data/processed/waveforms/usc000lrgn_KEMT.mseed,2026-09-12T11:51:22.832805+00:00
usc000lrgn,SUTC,59.89,4.5,2013-12-25 18:11:36.900000+00:00,usgs,no_data,,2026-09-12T11:51:25.136188+00:00
usc000ltax,KEMT,93.08,5.9,2013-12-28 15:21:04.090000+00:00,usgs,ok,data/processed/waveforms/usc000ltax_KEMT.mseed,2026-09-12T11:51:25.714145+00:00
usc000ltax,ANTB,113.32,5.9,2013-12-28 15:21:04.090000+00:00,usgs,no_data,,2026-09-12T11:51:27.979477+00:00
usc000ltdi,ALAN,112.77,4.5,2013-12-28 18:55:03.950000+00:00,usgs,ok,data/processed/waveforms/usc000ltdi_ALAN.mseed,2026-09-12T11:51:28.688180+00:00
usc000ltdi,KEMT,118.89,4.5,2013-12-28 18:55:03.950000+00:00,usgs,ok,data/processed/waveforms/usc000ltdi_KEMT.mseed,2026-09-12T11:51:30.844951+00:00
usc000ltdi,MNVG,119.04,4.5,2013-12-28 18:55:03.950000+00:00,usgs,no_data,,2026-09-12T11:51:32.962194+00:00
usc000ltdi,DEMR,138.73,4.5,2013-12-28 18:55:03.950000+00:00,usgs,ok,data/processed/waveforms/usc000ltdi_DEMR.mseed,2026-09-12T11:51:34.221897+00:00
usc000mq8w,TAHT,41.61,4.7,2014-02-14 00:33:40.500000+00:00,usgs,ok,data/processed/waveforms/usc000mq8w_TAHT.mseed,2026-09-12T11:51:37.913002+00:00
usc000mq8w,CEYT,42.16,4.7,2014-02-14 00:33:40.500000+00:00,usgs,ok,data/processed/waveforms/usc000mq8w_CEYT.mseed,2026-09-12T11:51:40.263946+00:00
usc000mq8w,KRTD,61.45,4.7,2014-02-14 00:33:40.500000+00:00,usgs,ok,data/processed/waveforms/usc000mq8w_KRTD.mseed,2026-09-12T11:51:42.385590+00:00
usc000mq8w,KRTS,65.57,4.7,2014-02-14 00:33:40.500000+00:00,usgs,ok,data/processed/waveforms/usc000mq8w_KRTS.mseed,2026-09-12T11:51:44.779836+00:00
usc000mt3m,ERCV,27.73,4.5,2014-02-18 21:51:36.500000+00:00,usgs,ok,data/processed/waveforms/usc000mt3m_ERCV.mseed,2026-09-12T11:51:47.339852+00:00
usc000mt3m,VANB,36.23,4.5,2014-02-18 21:51:36.500000+00:00,usgs,no_data,,2026-09-12T11:51:50.092574+00:00
usc000mt3m,CLDR,49.17,4.5,2014-02-18 21:51:36.500000+00:00,usgs,no_data,,2026-09-12T11:51:51.855988+00:00
usc000mt3m,AKDM,72.61,4.5,2014-02-18 21:51:36.500000+00:00,usgs,no_data,,2026-09-12T11:51:53.675419+00:00
usc000n43d,MNVG,90.16,4.5,2014-03-06 15:15:22.250000+00:00,usgs,no_data,,2026-09-12T11:51:55.273400+00:00
usc000n43d,ALAN,92.69,4.5,2014-03-06 15:15:22.250000+00:00,usgs,ok,data/processed/waveforms/usc000n43d_ALAN.mseed,2026-09-12T11:51:56.809634+00:00
usc000n43d,KEMT,93.73,4.5,2014-03-06 15:15:22.250000+00:00,usgs,ok,data/processed/waveforms/usc000n43d_KEMT.mseed,2026-09-12T11:51:59.006859+00:00
usc000n43d,ANTB,115.29,4.5,2014-03-06 15:15:22.250000+00:00,usgs,ok,data/processed/waveforms/usc000n43d_ANTB.mseed,2026-09-12T11:52:02.679949+00:00
usb000q4uy,CESE,102.71,4.8,2014-04-30 04:03:32.400000+00:00,usgs,ok,data/processed/waveforms/usb000q4uy_CESE.mseed,2026-09-12T11:52:05.501641+00:00
usb000q4uy,KRBN,130.47,4.8,2014-04-30 04:03:32.400000+00:00,usgs,ok,data/processed/waveforms/usb000q4uy_KRBN.mseed,2026-09-12T11:52:08.263371+00:00
usb000q4uy,FOCM,149.36,4.8,2014-04-30 04:03:32.400000+00:00,usgs,no_data,,2026-09-12T11:52:10.301065+00:00
usb000q4uy,GMLD,157.07,4.8,2014-04-30 04:03:32.400000+00:00,usgs,no_data,,2026-09-12T11:52:11.472002+00:00
usb000qa6c,KEMT,72.92,4.5,2014-05-05 05:05:40.770000+00:00,usgs,ok,data/processed/waveforms/usb000qa6c_KEMT.mseed,2026-09-12T11:52:12.216711+00:00
usb000qa6c,MNVG,84.09,4.5,2014-05-05 05:05:40.770000+00:00,usgs,no_data,,2026-09-12T11:52:14.120600+00:00
usb000qa6c,ANTB,97.05,4.5,2014-05-05 05:05:40.770000+00:00,usgs,no_data,,2026-09-12T11:52:14.797231+00:00
usb000qa6c,ALAN,100.94,4.5,2014-05-05 05:05:40.770000+00:00,usgs,no_data,,2026-09-12T11:52:15.668596+00:00
usb000r2hc,ENZZ,72.76,6.9,2014-05-24 09:25:02.440000+00:00,usgs,no_data,,2026-09-12T11:52:16.858833+00:00
usb000r2hc,ENEZ,81.5,6.9,2014-05-24 09:25:02.440000+00:00,usgs,ok,data/processed/waveforms/usb000r2hc_ENEZ.mseed,2026-09-12T11:52:18.762243+00:00
usb000r2ht,ENZZ,24.22,4.6,2014-05-24 10:11:40.430000+00:00,usgs,no_data,,2026-09-12T11:52:21.622832+00:00
usb000r2ht,GELI,28.17,4.6,2014-05-24 10:11:40.430000+00:00,usgs,ok,data/processed/waveforms/usb000r2ht_GELI.mseed,2026-09-12T11:52:23.473834+00:00
usb000r2ht,GOKC,28.33,4.6,2014-05-24 10:11:40.430000+00:00,usgs,no_data,,2026-09-12T11:52:26.058310+00:00
usb000r2ht,GADA,30.2,4.6,2014-05-24 10:11:40.430000+00:00,usgs,ok,data/processed/waveforms/usb000r2ht_GADA.mseed,2026-09-12T11:52:27.260150+00:00
usb000r2nx,GOKC,22.58,4.5,2014-05-24 14:49:14.300000+00:00,usgs,no_data,,2026-09-12T11:52:29.470414+00:00
usb000r2nx,GADA,23.83,4.5,2014-05-24 14:49:14.300000+00:00,usgs,ok,data/processed/waveforms/usb000r2nx_GADA.mseed,2026-09-12T11:52:30.335372+00:00
usb000r2nx,ENZZ,27.9,4.5,2014-05-24 14:49:14.300000+00:00,usgs,no_data,,2026-09-12T11:52:32.588240+00:00
usb000r2nx,ENEZ,40.94,4.5,2014-05-24 14:49:14.300000+00:00,usgs,ok,data/processed/waveforms/usb000r2nx_ENEZ.mseed,2026-09-12T11:52:33.808963+00:00
usb000r3dw,ENZZ,20.41,4.9,2014-05-25 11:38:38+00:00,usgs,no_data,,2026-09-12T11:52:35.879981+00:00
usb000r3dw,GELI,28.08,4.9,2014-05-25 11:38:38+00:00,usgs,no_data,,2026-09-12T11:52:36.871769+00:00
usb000r3dw,GOKC,31.39,4.9,2014-05-25 11:38:38+00:00,usgs,no_data,,2026-09-12T11:52:38.827516+00:00
usb000r3dw,GADA,33.21,4.9,2014-05-25 11:38:38+00:00,usgs,no_data,,2026-09-12T11:52:39.858531+00:00
usc000rctx,CEYT,39.93,4.6,2014-06-09 03:38:34.900000+00:00,usgs,ok,data/processed/waveforms/usc000rctx_CEYT.mseed,2026-09-12T11:52:41.607232+00:00
usc000rctx,TAHT,42.85,4.6,2014-06-09 03:38:34.900000+00:00,usgs,ok,data/processed/waveforms/usc000rctx_TAHT.mseed,2026-09-12T11:52:43.808692+00:00
usc000rctx,KRTD,59.08,4.6,2014-06-09 03:38:34.900000+00:00,usgs,ok,data/processed/waveforms/usc000rctx_KRTD.mseed,2026-09-12T11:52:45.860730+00:00
usc000rctx,KRTS,63.23,4.6,2014-06-09 03:38:34.900000+00:00,usgs,ok,data/processed/waveforms/usc000rctx_KRTS.mseed,2026-09-12T11:52:48.672039+00:00
usc000retx,DAT,154.96,4.7,2014-06-13 00:34:51.580000+00:00,usgs,ok,data/processed/waveforms/usc000retx_DAT.mseed,2026-09-12T11:52:51.526454+00:00
usc000retx,DATC,160.11,4.7,2014-06-13 00:34:51.580000+00:00,usgs,ok,data/processed/waveforms/usc000retx_DATC.mseed,2026-09-12T11:52:53.389889+00:00
usc000retx,BBRN,167.17,4.7,2014-06-13 00:34:51.580000+00:00,usgs,no_data,,2026-09-12T11:52:55.360407+00:00
usc000retx,MRSB,177.25,4.7,2014-06-13 00:34:51.580000+00:00,usgs,ok,data/processed/waveforms/usc000retx_MRSB.mseed,2026-09-12T11:52:56.458912+00:00
usb000rh6j,ALAN,82.77,4.5,2014-06-19 20:30:47.440000+00:00,usgs,ok,data/processed/waveforms/usb000rh6j_ALAN.mseed,2026-09-12T11:52:58.602988+00:00
usb000rh6j,BOZY,88.71,4.5,2014-06-19 20:30:47.440000+00:00,usgs,ok,data/processed/waveforms/usb000rh6j_BOZY.mseed,2026-09-12T11:53:00.547117+00:00
usb000rh6j,AKDN,100.13,4.5,2014-06-19 20:30:47.440000+00:00,usgs,ok,data/processed/waveforms/usb000rh6j_AKDN.mseed,2026-09-12T11:53:03.246061+00:00
usb000rh6j,LEF,105.41,4.5,2014-06-19 20:30:47.440000+00:00,usgs,ok,data/processed/waveforms/usb000rh6j_LEF.mseed,2026-09-12T11:53:06.207032+00:00
usc000riqb,DALY,47.53,4.5,2014-06-20 13:59:42.400000+00:00,usgs,no_data,,2026-09-12T11:53:08.863086+00:00
usc000riqb,MRSB,48.12,4.5,2014-06-20 13:59:42.400000+00:00,usgs,ok,data/processed/waveforms/usc000riqb_MRSB.mseed,2026-09-12T11:53:10.065615+00:00
usc000riqb,FETY,53.94,4.5,2014-06-20 13:59:42.400000+00:00,usgs,ok,data/processed/waveforms/usc000riqb_FETY.mseed,2026-09-12T11:53:12.020710+00:00
usc000riqb,BBRN,54.72,4.5,2014-06-20 13:59:42.400000+00:00,usgs,no_data,,2026-09-12T11:53:14.445457+00:00
usc000rmvt,CESE,103.62,4.8,2014-06-27 16:14:27.830000+00:00,usgs,no_data,,2026-09-12T11:53:15.657159+00:00
usc000rmvt,KRBN,131.3,4.8,2014-06-27 16:14:27.830000+00:00,usgs,ok,data/processed/waveforms/usc000rmvt_KRBN.mseed,2026-09-12T11:53:16.921240+00:00
usc000rmvt,FOCM,150.16,4.8,2014-06-27 16:14:27.830000+00:00,usgs,no_data,,2026-09-12T11:53:19.723609+00:00
usc000rmvt,GMLD,158.03,4.8,2014-06-27 16:14:27.830000+00:00,usgs,no_data,,2026-09-12T11:53:21.229510+00:00
usc000rpuu,EDC,16.37,4.6,2014-07-03 05:04:46.230000+00:00,usgs,ok,data/processed/waveforms/usc000rpuu_EDC.mseed,2026-09-12T11:53:22.775091+00:00
usc000rpuu,GONE,27.34,4.6,2014-07-03 05:04:46.230000+00:00,usgs,ok,data/processed/waveforms/usc000rpuu_GONE.mseed,2026-09-12T11:53:25.434794+00:00
usc000rpuu,KCTX,35.08,4.6,2014-07-03 05:04:46.230000+00:00,usgs,ok,data/processed/waveforms/usc000rpuu_KCTX.mseed,2026-09-12T11:53:28.102544+00:00
usc000rpuu,MRMT,53.28,4.6,2014-07-03 05:04:46.230000+00:00,usgs,ok,data/processed/waveforms/usc000rpuu_MRMT.mseed,2026-09-12T11:53:30.274966+00:00
usb000s5w4,BASM,58.42,5.1,2014-08-24 19:43:30.750000+00:00,usgs,ok,data/processed/waveforms/usb000s5w4_BASM.mseed,2026-09-12T11:53:32.518526+00:00
usb000s5w4,ANTB,87.12,5.1,2014-08-24 19:43:30.750000+00:00,usgs,ok,data/processed/waveforms/usb000s5w4_ANTB.mseed,2026-09-12T11:53:35.161725+00:00
usc000s9uu,MASR,13.45,4.5,2014-09-04 03:53:01.280000+00:00,usgs,ok,data/processed/waveforms/usc000s9uu_MASR.mseed,2026-09-12T11:53:37.663006+00:00
usc000s9uu,KURC,29.5,4.5,2014-09-04 03:53:01.280000+00:00,usgs,no_data,,2026-09-12T11:53:39.606129+00:00
usc000s9uu,SAFT,47.22,4.5,2014-09-04 03:53:01.280000+00:00,usgs,ok,data/processed/waveforms/usc000s9uu_SAFT.mseed,2026-09-12T11:53:40.961096+00:00
usc000s9uu,KDZE,96.36,4.5,2014-09-04 03:53:01.280000+00:00,usgs,no_data,,2026-09-12T11:53:42.623446+00:00
usb000s99n,DEMR,82.08,5.3,2014-09-04 21:00:04.300000+00:00,usgs,ok,data/processed/waveforms/usb000s99n_DEMR.mseed,2026-09-12T11:53:44.268678+00:00
usb000s99n,MNVG,83.96,5.3,2014-09-04 21:00:04.300000+00:00,usgs,no_data,,2026-09-12T11:53:46.731890+00:00
usb000sirk,DAT,217.99,4.9,2014-10-04 12:27:56.040000+00:00,usgs,no_data,,2026-09-12T11:53:48.151206+00:00
usb000sirk,DATC,224.75,4.9,2014-10-04 12:27:56.040000+00:00,usgs,ok,data/processed/waveforms/usb000sirk_DATC.mseed,2026-09-12T11:53:49.789729+00:00
usb000sirk,BODT,238.68,4.9,2014-10-04 12:27:56.040000+00:00,usgs,ok,data/processed/waveforms/usb000sirk_BODT.mseed,2026-09-12T11:53:52.186052+00:00
usb000sirk,BBRN,240.62,4.9,2014-10-04 12:27:56.040000+00:00,usgs,no_data,,2026-09-12T11:53:54.479806+00:00
usb000smqw,DAT,149.94,4.6,2014-10-16 06:48:28.080000+00:00,usgs,no_data,,2026-09-12T11:53:55.637726+00:00
usb000smqw,DATC,156.92,4.6,2014-10-16 06:48:28.080000+00:00,usgs,ok,data/processed/waveforms/usb000smqw_DATC.mseed,2026-09-12T11:53:56.445522+00:00
usb000smqw,BODT,170.25,4.6,2014-10-16 06:48:28.080000+00:00,usgs,ok,data/processed/waveforms/usb000smqw_BODT.mseed,2026-09-12T11:53:58.202114+00:00
usb000smqw,BBRN,175.4,4.6,2014-10-16 06:48:28.080000+00:00,usgs,no_data,,2026-09-12T11:54:00.961200+00:00
usc000svyz,DALY,37.65,4.8,2014-11-10 06:16:40.460000+00:00,usgs,ok,data/processed/waveforms/usc000svyz_DALY.mseed,2026-09-12T11:54:02.215802+00:00
usc000svyz,YER,44.41,4.8,2014-11-10 06:16:40.460000+00:00,usgs,ok,data/processed/waveforms/usc000svyz_YER.mseed,2026-09-12T11:54:05.060785+00:00
usc000svyz,CAME,50.75,4.8,2014-11-10 06:16:40.460000+00:00,usgs,no_data,,2026-09-12T11:54:11.306423+00:00
usc000svyz,FETI,56.94,4.8,2014-11-10 06:16:40.460000+00:00,usgs,no_data,,2026-09-12T11:54:13.110752+00:00
usb000t0sw,SMAA,24.42,4.5,2014-11-28 02:30:07.600000+00:00,usgs,no_data,,2026-09-12T11:54:14.285121+00:00
usb000t0sw,SIMA,26.33,4.5,2014-11-28 02:30:07.600000+00:00,usgs,ok,data/processed/waveforms/usb000t0sw_SIMA.mseed,2026-09-12T11:54:15.654197+00:00
usb000t0sw,SHAP,38.6,4.5,2014-11-28 02:30:07.600000+00:00,usgs,ok,data/processed/waveforms/usb000t0sw_SHAP.mseed,2026-09-12T11:54:21.251517+00:00
usb000t0sw,TVSB,43.01,4.5,2014-11-28 02:30:07.600000+00:00,usgs,ok,data/processed/waveforms/usb000t0sw_TVSB.mseed,2026-09-12T11:54:26.773241+00:00
usc000t478,CAND,46.43,5.1,2014-12-06 01:45:06.760000+00:00,usgs,no_data,,2026-09-12T11:54:29.879749+00:00
usc000t478,DKL,58.18,5.1,2014-12-06 01:45:06.760000+00:00,usgs,ok,data/processed/waveforms/usc000t478_DKL.mseed,2026-09-12T11:54:31.147314+00:00
usc000t486,KRBN,41.66,4.9,2014-12-06 06:20:53+00:00,usgs,no_data,,2026-09-12T11:54:33.541720+00:00
usc000t486,FOCM,44.85,4.9,2014-12-06 06:20:53+00:00,usgs,no_data,,2026-09-12T11:54:34.681032+00:00
usc000t486,CAND,46.64,4.9,2014-12-06 06:20:53+00:00,usgs,no_data,,2026-09-12T11:54:35.693264+00:00
usc000t486,DKL,58.34,4.9,2014-12-06 06:20:53+00:00,usgs,ok,data/processed/waveforms/usc000t486_DKL.mseed,2026-09-12T11:54:36.744974+00:00
usc000thtl,AKDM,13.63,4.5,2015-01-21 13:58:03.400000+00:00,usgs,ok,data/processed/waveforms/usc000thtl_AKDM.mseed,2026-09-12T11:54:38.733553+00:00
usc000thtl,VANB,55.6,4.5,2015-01-21 13:58:03.400000+00:00,usgs,ok,data/processed/waveforms/usc000thtl_VANB.mseed,2026-09-12T11:54:40.830460+00:00
usc000thtl,GURO,79.52,4.5,2015-01-21 13:58:03.400000+00:00,usgs,ok,data/processed/waveforms/usc000thtl_GURO.mseed,2026-09-12T11:54:42.994790+00:00
usc000thtl,SIRT,91.11,4.5,2015-01-21 13:58:03.400000+00:00,usgs,ok,data/processed/waveforms/usc000thtl_SIRT.mseed,2026-09-12T11:54:44.877811+00:00
usc000tnmn,ELL,47.52,4.5,2015-02-10 08:56:29.860000+00:00,usgs,ok,data/processed/waveforms/usc000tnmn_ELL.mseed,2026-09-12T11:54:46.681981+00:00
usc000tnmn,BCK,60.89,4.5,2015-02-10 08:56:29.860000+00:00,usgs,ok,data/processed/waveforms/usc000tnmn_BCK.mseed,2026-09-12T11:54:49.012286+00:00
usc000tnmn,ANTB,64.82,4.5,2015-02-10 08:56:29.860000+00:00,usgs,ok,data/processed/waveforms/usc000tnmn_ANTB.mseed,2026-09-12T11:54:51.553680+00:00
usc000tnmn,CAME,67.25,4.5,2015-02-10 08:56:29.860000+00:00,usgs,no_data,,2026-09-12T11:54:53.868051+00:00
usb000tpmv,BCK,52.05,4.7,2015-02-16 11:52:46.190000+00:00,usgs,ok,data/processed/waveforms/usb000tpmv_BCK.mseed,2026-09-12T11:54:54.974932+00:00
usb000tpmv,ELL,54.59,4.7,2015-02-16 11:52:46.190000+00:00,usgs,ok,data/processed/waveforms/usb000tpmv_ELL.mseed,2026-09-12T11:54:56.668459+00:00
usb000tpmv,ANTB,61.76,4.7,2015-02-16 11:52:46.190000+00:00,usgs,ok,data/processed/waveforms/usb000tpmv_ANTB.mseed,2026-09-12T11:54:58.494537+00:00
usb000tpmv,CAME,75.81,4.7,2015-02-16 11:52:46.190000+00:00,usgs,no_data,,2026-09-12T11:55:00.405480+00:00
us10001rdw,BODT,162.62,5.2,2015-03-27 23:34:54.300000+00:00,usgs,ok,data/processed/waveforms/us10001rdw_BODT.mseed,2026-09-12T11:55:01.281049+00:00
us10001rdw,YKAV,168.09,5.2,2015-03-27 23:34:54.300000+00:00,usgs,ok,data/processed/waveforms/us10001rdw_YKAV.mseed,2026-09-12T11:55:03.713009+00:00
us10001udq,DAT,159.13,4.5,2015-04-06 16:42:31.550000+00:00,usgs,no_data,,2026-09-12T11:55:10.502260+00:00
us10001udq,BBRN,159.27,4.5,2015-04-06 16:42:31.550000+00:00,usgs,no_data,,2026-09-12T11:55:11.917705+00:00
us10001udq,DATC,162.34,4.5,2015-04-06 16:42:31.550000+00:00,usgs,no_data,,2026-09-12T11:55:13.139693+00:00
us10001udq,MRSB,166.86,4.5,2015-04-06 16:42:31.550000+00:00,usgs,no_data,,2026-09-12T11:55:14.167433+00:00
us2000272b,BBRN,199.58,6.0,2015-04-16 18:07:43.610000+00:00,usgs,no_data,,2026-09-12T11:55:15.210819+00:00
us2000272b,MRSB,210.02,6.0,2015-04-16 18:07:43.610000+00:00,usgs,no_data,,2026-09-12T11:55:16.123363+00:00
us2000272w,DAT,193.46,4.8,2015-04-16 18:52:35.100000+00:00,usgs,no_data,,2026-09-12T11:55:17.154808+00:00
us2000272w,DATC,199.14,4.8,2015-04-16 18:52:35.100000+00:00,usgs,no_data,,2026-09-12T11:55:17.879865+00:00
us2000272w,BBRN,208.37,4.8,2015-04-16 18:52:35.100000+00:00,usgs,no_data,,2026-09-12T11:55:19.009144+00:00
us2000272w,MRSB,218.71,4.8,2015-04-16 18:52:35.100000+00:00,usgs,no_data,,2026-09-12T11:55:19.958941+00:00
us20002732,BBRN,208.77,5.0,2015-04-16 19:02:12.040000+00:00,usgs,no_data,,2026-09-12T11:55:20.700932+00:00
us20002732,MRSB,218.76,5.0,2015-04-16 19:02:12.040000+00:00,usgs,no_data,,2026-09-12T11:55:21.959005+00:00
us2000277l,BBRN,216.04,5.3,2015-04-17 02:05:40.330000+00:00,usgs,no_data,,2026-09-12T11:55:22.898921+00:00
us2000277l,MRSB,226.23,5.3,2015-04-17 02:05:40.330000+00:00,usgs,no_data,,2026-09-12T11:55:23.697609+00:00
us200029kh,DAT,202.64,4.5,2015-04-27 14:16:29.870000+00:00,usgs,no_data,,2026-09-12T11:55:24.936778+00:00
us200029kh,DATC,208.1,4.5,2015-04-27 14:16:29.870000+00:00,usgs,no_data,,2026-09-12T11:55:26.012816+00:00
us200029kh,BBRN,215.91,4.5,2015-04-27 14:16:29.870000+00:00,usgs,no_data,,2026-09-12T11:55:27.079401+00:00
us200029kh,MRSB,225.91,4.5,2015-04-27 14:16:29.870000+00:00,usgs,ok,data/processed/waveforms/us200029kh_MRSB.mseed,2026-09-12T11:55:27.618188+00:00
us20002ney,BBRN,215.19,5.4,2015-06-09 21:49:46.700000+00:00,usgs,no_data,,2026-09-12T11:55:29.169196+00:00
us20002ney,MRSB,225.39,5.4,2015-06-09 21:49:46.700000+00:00,usgs,ok,data/processed/waveforms/us20002ney_MRSB.mseed,2026-09-12T11:55:29.800052+00:00
us10002l9m,VANB,27.9,4.5,2015-06-23 22:35:20.120000+00:00,usgs,ok,data/processed/waveforms/us10002l9m_VANB.mseed,2026-09-12T11:55:31.702481+00:00
us10002l9m,ERCV,39.43,4.5,2015-06-23 22:35:20.120000+00:00,usgs,ok,data/processed/waveforms/us10002l9m_ERCV.mseed,2026-09-12T11:55:34.209995+00:00
us10002l9m,AKDM,43.52,4.5,2015-06-23 22:35:20.120000+00:00,usgs,ok,data/processed/waveforms/us10002l9m_AKDM.mseed,2026-09-12T11:55:37.122686+00:00
us10002l9m,MLAZ,74.28,4.5,2015-06-23 22:35:20.120000+00:00,usgs,ok,data/processed/waveforms/us10002l9m_MLAZ.mseed,2026-09-12T11:55:39.605557+00:00
us10002lbs,DAT,41.14,4.8,2015-06-24 08:37:15.210000+00:00,usgs,ok,data/processed/waveforms/us10002lbs_DAT.mseed,2026-09-12T11:55:41.768530+00:00
us10002lbs,DATC,49.13,4.8,2015-06-24 08:37:15.210000+00:00,usgs,no_data,,2026-09-12T11:55:43.842676+00:00
us10002lbs,BODT,49.87,4.8,2015-06-24 08:37:15.210000+00:00,usgs,ok,data/processed/waveforms/us10002lbs_BODT.mseed,2026-09-12T11:55:44.861385+00:00
us10002lbs,YKAV,55.78,4.8,2015-06-24 08:37:15.210000+00:00,usgs,no_data,,2026-09-12T11:55:46.708666+00:00
us20002zr5,GELI,21.7,4.8,2015-07-24 02:39:43.740000+00:00,usgs,ok,data/processed/waveforms/us20002zr5_GELI.mseed,2026-09-12T11:55:47.800311+00:00
us20002zr5,GOKC,30.97,4.8,2015-07-24 02:39:43.740000+00:00,usgs,no_data,,2026-09-12T11:55:50.329004+00:00
us20002zr5,GADA,32.87,4.8,2015-07-24 02:39:43.740000+00:00,usgs,ok,data/processed/waveforms/us20002zr5_GADA.mseed,2026-09-12T11:55:51.799725+00:00
us20002zr5,ENZZ,37.41,4.8,2015-07-24 02:39:43.740000+00:00,usgs,no_data,,2026-09-12T11:55:54.367062+00:00
us20002zt0,DAT,68.43,5.1,2015-07-24 09:58:38.280000+00:00,usgs,ok,data/processed/waveforms/us20002zt0_DAT.mseed,2026-09-12T11:55:55.452290+00:00
us20002zt0,DATC,76.04,5.1,2015-07-24 09:58:38.280000+00:00,usgs,no_data,,2026-09-12T11:55:59.212813+00:00
us10002w89,KRTS,35.4,4.9,2015-07-29 22:00:55.810000+00:00,usgs,ok,data/processed/waveforms/us10002w89_KRTS.mseed,2026-09-12T11:56:00.170161+00:00
us10002w89,KRTD,39.15,4.9,2015-07-29 22:00:55.810000+00:00,usgs,no_data,,2026-09-12T11:56:01.425185+00:00
us10002w89,MERS,52.86,4.9,2015-07-29 22:00:55.810000+00:00,usgs,ok,data/processed/waveforms/us10002w89_MERS.mseed,2026-09-12T11:56:02.603842+00:00
us10002w89,KARA,77.7,4.9,2015-07-29 22:00:55.810000+00:00,usgs,no_data,,2026-09-12T11:56:05.189591+00:00
us1000339b,MNVG,127.98,5.0,2015-08-18 21:19:44.530000+00:00,usgs,no_data,,2026-09-12T11:56:06.609664+00:00
us1000339b,DEMR,140.57,5.0,2015-08-18 21:19:44.530000+00:00,usgs,ok,data/processed/waveforms/us1000339b_DEMR.mseed,2026-09-12T11:56:07.829556+00:00
us20003h1b,YEDI,36.58,4.5,2015-09-07 00:37:37.900000+00:00,usgs,ok,data/processed/waveforms/us20003h1b_YEDI.mseed,2026-09-12T11:56:09.864447+00:00
us20003h1b,BNGB,40.34,4.5,2015-09-07 00:37:37.900000+00:00,usgs,ok,data/processed/waveforms/us20003h1b_BNGB.mseed,2026-09-12T11:56:11.654386+00:00
us20003h1b,ERZN,65.92,4.5,2015-09-07 00:37:37.900000+00:00,usgs,ok,data/processed/waveforms/us20003h1b_ERZN.mseed,2026-09-12T11:56:13.327098+00:00
us20003h1b,KARO,67.78,4.5,2015-09-07 00:37:37.900000+00:00,usgs,ok,data/processed/waveforms/us20003h1b_KARO.mseed,2026-09-12T11:56:14.932833+00:00
us20003hpu,KRBN,42.25,4.7,2015-09-10 08:12:45+00:00,usgs,ok,data/processed/waveforms/us20003hpu_KRBN.mseed,2026-09-12T11:56:16.647455+00:00
us20003hpu,FOCM,52.18,4.7,2015-09-10 08:12:45+00:00,usgs,ok,data/processed/waveforms/us20003hpu_FOCM.mseed,2026-09-12T11:56:18.795947+00:00
us20003hpu,CESE,53.07,4.7,2015-09-10 08:12:45+00:00,usgs,no_data,,2026-09-12T11:56:21.729434+00:00
us20003hpu,CAND,60.42,4.7,2015-09-10 08:12:45+00:00,usgs,ok,data/processed/waveforms/us20003hpu_CAND.mseed,2026-09-12T11:56:23.105734+00:00
us20003j43,CAME,35.47,4.5,2015-09-13 02:57:27.600000+00:00,usgs,ok,data/processed/waveforms/us20003j43_CAME.mseed,2026-09-12T11:56:25.193296+00:00
us20003j43,DALY,43.58,4.5,2015-09-13 02:57:27.600000+00:00,usgs,ok,data/processed/waveforms/us20003j43_DALY.mseed,2026-09-12T11:56:26.721573+00:00
us20003j43,FETI,48.84,4.5,2015-09-13 02:57:27.600000+00:00,usgs,no_data,,2026-09-12T11:56:28.652995+00:00
us20003j43,FETY,54.59,4.5,2015-09-13 02:57:27.600000+00:00,usgs,ok,data/processed/waveforms/us20003j43_FETY.mseed,2026-09-12T11:56:29.336973+00:00
us20003k4g,BBRN,150.26,4.9,2015-09-16 19:52:11.600000+00:00,usgs,no_data,,2026-09-12T11:56:30.944666+00:00
us20003k4g,DAT,155.2,4.9,2015-09-16 19:52:11.600000+00:00,usgs,ok,data/processed/waveforms/us20003k4g_DAT.mseed,2026-09-12T11:56:31.773600+00:00
us20003k4g,MRSB,156.69,4.9,2015-09-16 19:52:11.600000+00:00,usgs,ok,data/processed/waveforms/us20003k4g_MRSB.mseed,2026-09-12T11:56:33.876513+00:00
us20003k4g,DATC,157.51,4.9,2015-09-16 19:52:11.600000+00:00,usgs,no_data,,2026-09-12T11:56:36.067622+00:00
us10003ksq,KEMT,76.43,5.2,2015-10-06 21:27:33+00:00,usgs,ok,data/processed/waveforms/us10003ksq_KEMT.mseed,2026-09-12T11:56:37.087566+00:00
us10003ksq,FETY,89.3,5.2,2015-10-06 21:27:33+00:00,usgs,ok,data/processed/waveforms/us10003ksq_FETY.mseed,2026-09-12T11:56:38.359073+00:00
us10003mgj,RSDY,62.65,5.1,2015-10-09 14:39:15+00:00,usgs,ok,data/processed/waveforms/us10003mgj_RSDY.mseed,2026-09-12T11:56:39.423899+00:00
us10003mgj,HKOY,63.38,5.1,2015-10-09 14:39:15+00:00,usgs,ok,data/processed/waveforms/us10003mgj_HKOY.mseed,2026-09-12T11:56:40.481419+00:00
us200040e1,CLDR,12.62,4.7,2015-10-29 09:46:42.170000+00:00,usgs,ok,data/processed/waveforms/us200040e1_CLDR.mseed,2026-09-12T11:56:41.574228+00:00
us200040e1,ERCV,40.49,4.7,2015-10-29 09:46:42.170000+00:00,usgs,ok,data/processed/waveforms/us200040e1_ERCV.mseed,2026-09-12T11:56:42.729630+00:00
us200040e1,VANB,71.63,4.7,2015-10-29 09:46:42.170000+00:00,usgs,ok,data/processed/waveforms/us200040e1_VANB.mseed,2026-09-12T11:56:43.767527+00:00
us200040e1,AGRB,89.19,4.7,2015-10-29 09:46:42.170000+00:00,usgs,ok,data/processed/waveforms/us200040e1_AGRB.mseed,2026-09-12T11:56:44.851109+00:00
us100041yx,DARE,35.61,4.9,2015-11-29 00:28:11.870000+00:00,usgs,ok,data/processed/waveforms/us100041yx_DARE.mseed,2026-09-12T11:56:46.048032+00:00
us100041yx,ARPRA,59.89,4.9,2015-11-29 00:28:11.870000+00:00,usgs,ok,data/processed/waveforms/us100041yx_ARPRA.mseed,2026-09-12T11:56:47.087199+00:00
us100041yx,MALT,82.66,4.9,2015-11-29 00:28:11.870000+00:00,usgs,ok,data/processed/waveforms/us100041yx_MALT.mseed,2026-09-12T11:56:48.625766+00:00
us100041yx,ILIC,100.12,4.9,2015-11-29 00:28:11.870000+00:00,usgs,ok,data/processed/waveforms/us100041yx_ILIC.mseed,2026-09-12T11:56:50.405204+00:00
us100042v4,ERZN,56.93,5.4,2015-12-02 23:27:09.890000+00:00,usgs,ok,data/processed/waveforms/us100042v4_ERZN.mseed,2026-09-12T11:56:51.558546+00:00
us100042v4,KARO,68.39,5.4,2015-12-02 23:27:09.890000+00:00,usgs,ok,data/processed/waveforms/us100042v4_KARO.mseed,2026-09-12T11:56:52.675926+00:00
us100044xr,YEDI,34.36,4.5,2015-12-07 23:27:19.390000+00:00,usgs,ok,data/processed/waveforms/us100044xr_YEDI.mseed,2026-09-12T11:56:53.718598+00:00
us100044xr,BNGB,40.85,4.5,2015-12-07 23:27:19.390000+00:00,usgs,ok,data/processed/waveforms/us100044xr_BNGB.mseed,2026-09-12T11:56:54.704149+00:00
us100044xr,ERZN,65.02,4.5,2015-12-07 23:27:19.390000+00:00,usgs,ok,data/processed/waveforms/us100044xr_ERZN.mseed,2026-09-12T11:56:55.663187+00:00
us100044xr,KARO,66.54,4.5,2015-12-07 23:27:19.390000+00:00,usgs,ok,data/processed/waveforms/us100044xr_KARO.mseed,2026-09-12T11:56:56.686684+00:00
us100049m3,BBRN,142.76,5.2,2015-12-26 11:00:52.980000+00:00,usgs,no_data,,2026-09-12T11:56:58.165859+00:00
us100049m3,MRSB,151.98,5.2,2015-12-26 11:00:52.980000+00:00,usgs,no_data,,2026-09-12T11:56:58.655587+00:00
us10004dbv,CORM,72.66,5.0,2016-01-10 17:40:49.510000+00:00,usgs,ok,data/processed/waveforms/us10004dbv_CORM.mseed,2026-09-12T11:56:59.193579+00:00
us10004dbv,YAYX,83.05,5.0,2016-01-10 17:40:49.510000+00:00,usgs,no_data,,2026-09-12T11:57:00.350359+00:00
us10004fnv,DAT,55.28,4.7,2016-01-19 19:04:42.610000+00:00,usgs,ok,data/processed/waveforms/us10004fnv_DAT.mseed,2026-09-12T11:57:01.402906+00:00
us10004fnv,BODT,56.42,4.7,2016-01-19 19:04:42.610000+00:00,usgs,ok,data/processed/waveforms/us10004fnv_BODT.mseed,2026-09-12T11:57:02.517379+00:00
us10004fnv,YKAV,61.1,4.7,2016-01-19 19:04:42.610000+00:00,usgs,ok,data/processed/waveforms/us10004fnv_YKAV.mseed,2026-09-12T11:57:04.527664+00:00
us10004fnv,DATC,63.19,4.7,2016-01-19 19:04:42.610000+00:00,usgs,no_data,,2026-09-12T11:57:06.812696+00:00
us20005bpy,ALAN,92.5,4.5,2016-03-22 13:25:18.310000+00:00,usgs,no_data,,2026-09-12T11:57:07.520089+00:00
us20005bpy,MNVG,118.26,4.5,2016-03-22 13:25:18.310000+00:00,usgs,no_data,,2026-09-12T11:57:08.229328+00:00
us20005bpy,BOZY,118.37,4.5,2016-03-22 13:25:18.310000+00:00,usgs,no_data,,2026-09-12T11:57:09.068385+00:00
us20005bpy,AKDN,123.06,4.5,2016-03-22 13:25:18.310000+00:00,usgs,ok,data/processed/waveforms/us20005bpy_AKDN.mseed,2026-09-12T11:57:10.337184+00:00
us20005dx2,BODT,225.81,4.6,2016-04-01 14:30:48.300000+00:00,usgs,ok,data/processed/waveforms/us20005dx2_BODT.mseed,2026-09-12T11:57:11.830922+00:00
us20005dx2,YKAV,227.32,4.6,2016-04-01 14:30:48.300000+00:00,usgs,ok,data/processed/waveforms/us20005dx2_YKAV.mseed,2026-09-12T11:57:13.018296+00:00
us20005dx2,DAT,230.7,4.6,2016-04-01 14:30:48.300000+00:00,usgs,ok,data/processed/waveforms/us20005dx2_DAT.mseed,2026-09-12T11:57:14.199758+00:00
us20005dx2,DATC,238.75,4.6,2016-04-01 14:30:48.300000+00:00,usgs,no_data,,2026-09-12T11:57:15.330900+00:00
us100062vt,KARS,126.88,4.8,2016-07-12 10:14:01.910000+00:00,usgs,ok,data/processed/waveforms/us100062vt_KARS.mseed,2026-09-12T11:57:16.012578+00:00
us100062vt,TASB,159.38,4.8,2016-07-12 10:14:01.910000+00:00,usgs,ok,data/processed/waveforms/us100062vt_TASB.mseed,2026-09-12T11:57:17.341517+00:00
us100062vt,SENK,179.92,4.8,2016-07-12 10:14:01.910000+00:00,usgs,ok,data/processed/waveforms/us100062vt_SENK.mseed,2026-09-12T11:57:18.583341+00:00
us100062vt,BCA,212.47,4.8,2016-07-12 10:14:01.910000+00:00,usgs,ok,data/processed/waveforms/us100062vt_BCA.mseed,2026-09-12T11:57:20.129186+00:00
us10006ndm,YKAV,151.73,4.6,2016-09-09 17:24:20.990000+00:00,usgs,no_data,,2026-09-12T11:57:21.607812+00:00
us10006ndm,BODT,153.28,4.6,2016-09-09 17:24:20.990000+00:00,usgs,ok,data/processed/waveforms/us10006ndm_BODT.mseed,2026-09-12T11:57:22.129040+00:00
us10006ndm,DIDI,155.88,4.6,2016-09-09 17:24:20.990000+00:00,usgs,no_data,,2026-09-12T11:57:23.235640+00:00
us10006ndm,CESE,174.07,4.6,2016-09-09 17:24:20.990000+00:00,usgs,no_data,,2026-09-12T11:57:23.845531+00:00
us10006nzz,AKS,6.23,4.5,2016-09-12 08:26:04.930000+00:00,usgs,ok,data/processed/waveforms/us10006nzz_AKS.mseed,2026-09-12T11:57:24.912338+00:00
us10006nzz,GOMA,26.08,4.5,2016-09-12 08:26:04.930000+00:00,usgs,ok,data/processed/waveforms/us10006nzz_GOMA.mseed,2026-09-12T11:57:26.196273+00:00
us10006nzz,DKL,75.17,4.5,2016-09-12 08:26:04.930000+00:00,usgs,ok,data/processed/waveforms/us10006nzz_DKL.mseed,2026-09-12T11:57:27.276585+00:00
us10006nzz,CAND,81.86,4.5,2016-09-12 08:26:04.930000+00:00,usgs,no_data,,2026-09-12T11:57:28.342167+00:00
us10006td4,BBRN,51.22,5.1,2016-09-27 20:57:08.120000+00:00,usgs,no_data,,2026-09-12T11:57:28.877885+00:00
us10006td4,MRSB,63.52,5.1,2016-09-27 20:57:08.120000+00:00,usgs,no_data,,2026-09-12T11:57:29.389267+00:00
us20007ebw,MASR,152.37,5.1,2016-10-15 08:18:32.870000+00:00,usgs,no_data,,2026-09-12T11:57:29.989959+00:00
us20007ebw,SAUV,166.63,5.1,2016-10-15 08:18:32.870000+00:00,usgs,ok,data/processed/waveforms/us20007ebw_SAUV.mseed,2026-09-12T11:57:30.503591+00:00
us20007fbb,DEMR,56.63,4.7,2016-10-19 12:18:47.060000+00:00,usgs,no_data,,2026-09-12T11:57:32.210690+00:00
us20007fbb,KEMT,57.22,4.7,2016-10-19 12:18:47.060000+00:00,usgs,no_data,,2026-09-12T11:57:33.628207+00:00
us20007fbb,ELL,90.81,4.7,2016-10-19 12:18:47.060000+00:00,usgs,ok,data/processed/waveforms/us20007fbb_ELL.mseed,2026-09-12T11:57:35.153894+00:00
us20007fbb,ANTB,90.92,4.7,2016-10-19 12:18:47.060000+00:00,usgs,no_data,,2026-09-12T11:57:36.880862+00:00
us200082q4,DATC,70.49,5.4,2016-12-20 06:03:44.240000+00:00,usgs,no_data,,2026-09-12T11:57:37.973800+00:00
us200082q4,YKAV,72.6,5.4,2016-12-20 06:03:44.240000+00:00,usgs,no_data,,2026-09-12T11:57:38.735663+00:00
us10007vdu,BODT,205.63,5.2,2017-01-25 18:50:51.790000+00:00,usgs,no_data,,2026-09-12T11:57:39.625007+00:00
us10007vdu,BBRN,208.12,5.2,2017-01-25 18:50:51.790000+00:00,usgs,no_data,,2026-09-12T11:57:40.650624+00:00
us10007vud,FETY,76.11,4.8,2017-01-27 20:51:26.740000+00:00,usgs,ok,data/processed/waveforms/us10007vud_FETY.mseed,2026-09-12T11:57:41.474838+00:00
us10007vud,FETI,82.18,4.8,2017-01-27 20:51:26.740000+00:00,usgs,no_data,,2026-09-12T11:57:43.344159+00:00
us10007vud,DALY,90.47,4.8,2017-01-27 20:51:26.740000+00:00,usgs,ok,data/processed/waveforms/us10007vud_DALY.mseed,2026-09-12T11:57:45.311729+00:00
us10007vud,MRSB,93.13,4.8,2017-01-27 20:51:26.740000+00:00,usgs,no_data,,2026-09-12T11:57:47.166247+00:00
us20008hv1,CUND,59.33,5.3,2017-02-06 03:51:40.640000+00:00,usgs,no_data,,2026-09-12T11:57:48.588441+00:00
us20008hv1,GADA,67.36,5.3,2017-02-06 03:51:40.640000+00:00,usgs,ok,data/processed/waveforms/us20008hv1_GADA.mseed,2026-09-12T11:57:49.759404+00:00
us20008hwm,CUND,57.18,5.2,2017-02-06 10:58:02.270000+00:00,usgs,no_data,,2026-09-12T11:57:52.635922+00:00
us20008hwm,GADA,70.29,5.2,2017-02-06 10:58:02.270000+00:00,usgs,ok,data/processed/waveforms/us20008hwm_GADA.mseed,2026-09-12T11:57:53.438391+00:00
us20008hwu,GPNR,9.28,4.9,2017-02-06 11:45:01.970000+00:00,usgs,ok,data/processed/waveforms/us20008hwu_GPNR.mseed,2026-09-12T11:57:54.684287+00:00
us20008hwu,EZN,35.62,4.9,2017-02-06 11:45:01.970000+00:00,usgs,ok,data/processed/waveforms/us20008hwu_EZN.mseed,2026-09-12T11:57:56.702565+00:00
us20008hwu,CUND,50.75,4.9,2017-02-06 11:45:01.970000+00:00,usgs,no_data,,2026-09-12T11:57:58.786625+00:00
us20008hwu,GADA,75.24,4.9,2017-02-06 11:45:01.970000+00:00,usgs,ok,data/processed/waveforms/us20008hwu_GADA.mseed,2026-09-12T11:57:59.821303+00:00
us20008i2k,CUND,53.17,5.3,2017-02-07 02:24:04.150000+00:00,usgs,no_data,,2026-09-12T11:58:01.287541+00:00
us20008i2k,GADA,75.67,5.3,2017-02-07 02:24:04.150000+00:00,usgs,ok,data/processed/waveforms/us20008i2k_GADA.mseed,2026-09-12T11:58:02.087649+00:00
us20008kiw,GPNR,11.17,4.6,2017-02-07 05:17:09.110000+00:00,usgs,ok,data/processed/waveforms/us20008kiw_GPNR.mseed,2026-09-12T11:58:05.574402+00:00
us20008kiw,EZN,37.26,4.6,2017-02-07 05:17:09.110000+00:00,usgs,ok,data/processed/waveforms/us20008kiw_EZN.mseed,2026-09-12T11:58:09.295464+00:00
us20008kiw,CUND,39.66,4.6,2017-02-07 05:17:09.110000+00:00,usgs,no_data,,2026-09-12T11:58:12.377614+00:00
us20008kiw,DKL,73.29,4.6,2017-02-07 05:17:09.110000+00:00,usgs,ok,data/processed/waveforms/us20008kiw_DKL.mseed,2026-09-12T11:58:13.583567+00:00
us20008ibf,GPNR,12.83,4.5,2017-02-07 21:00:54.360000+00:00,usgs,ok,data/processed/waveforms/us20008ibf_GPNR.mseed,2026-09-12T11:58:16.659609+00:00
us20008ibf,EZN,31.64,4.5,2017-02-07 21:00:54.360000+00:00,usgs,ok,data/processed/waveforms/us20008ibf_EZN.mseed,2026-09-12T11:58:19.012839+00:00
us20008ibf,CUND,50.21,4.5,2017-02-07 21:00:54.360000+00:00,usgs,no_data,,2026-09-12T11:58:21.683194+00:00
us20008ibf,GADA,72.82,4.5,2017-02-07 21:00:54.360000+00:00,usgs,ok,data/processed/waveforms/us20008ibf_GADA.mseed,2026-09-12T11:58:22.965919+00:00
us20008idh,GPNR,10.35,4.5,2017-02-08 01:38:03.780000+00:00,usgs,ok,data/processed/waveforms/us20008idh_GPNR.mseed,2026-09-12T11:58:26.409630+00:00
us20008idh,EZN,33.9,4.5,2017-02-08 01:38:03.780000+00:00,usgs,ok,data/processed/waveforms/us20008idh_EZN.mseed,2026-09-12T11:58:28.726964+00:00
us20008idh,CUND,48.31,4.5,2017-02-08 01:38:03.780000+00:00,usgs,no_data,,2026-09-12T11:58:31.704513+00:00
us20008idh,GADA,75.62,4.5,2017-02-08 01:38:03.780000+00:00,usgs,ok,data/processed/waveforms/us20008idh_GADA.mseed,2026-09-12T11:58:32.800867+00:00
us20008ivd,GPNR,11.45,4.5,2017-02-10 08:55:26.860000+00:00,usgs,ok,data/processed/waveforms/us20008ivd_GPNR.mseed,2026-09-12T11:58:35.099029+00:00
us20008ivd,EZN,32.82,4.5,2017-02-10 08:55:26.860000+00:00,usgs,ok,data/processed/waveforms/us20008ivd_EZN.mseed,2026-09-12T11:58:37.579412+00:00
us20008ivd,CUND,47.15,4.5,2017-02-10 08:55:26.860000+00:00,usgs,no_data,,2026-09-12T11:58:40.287935+00:00
us20008ivd,GADA,75.64,4.5,2017-02-10 08:55:26.860000+00:00,usgs,ok,data/processed/waveforms/us20008ivd_GADA.mseed,2026-09-12T11:58:41.738549+00:00
us20008iwv,AGRB,40.15,4.5,2017-02-10 12:27:32.940000+00:00,usgs,ok,data/processed/waveforms/us20008iwv_AGRB.mseed,2026-09-12T11:58:44.307432+00:00
us20008iwv,KOPR,68.11,4.5,2017-02-10 12:27:32.940000+00:00,usgs,ok,data/processed/waveforms/us20008iwv_KOPR.mseed,2026-09-12T11:58:47.059190+00:00
us20008iwv,MLAZ,70.36,4.5,2017-02-10 12:27:32.940000+00:00,usgs,ok,data/processed/waveforms/us20008iwv_MLAZ.mseed,2026-09-12T11:58:49.224057+00:00
us20008iwv,SENK,90.21,4.5,2017-02-10 12:27:32.940000+00:00,usgs,ok,data/processed/waveforms/us20008iwv_SENK.mseed,2026-09-12T11:58:52.002049+00:00
us20008jcc,CUND,57.66,5.3,2017-02-12 13:48:16.090000+00:00,usgs,no_data,,2026-09-12T11:58:55.320442+00:00
us20008jcc,GADA,67.61,5.3,2017-02-12 13:48:16.090000+00:00,usgs,ok,data/processed/waveforms/us20008jcc_GADA.mseed,2026-09-12T11:58:56.782114+00:00
us20008k41,GPNR,9.83,4.5,2017-02-16 00:19:00.240000+00:00,usgs,ok,data/processed/waveforms/us20008k41_GPNR.mseed,2026-09-12T11:58:59.440543+00:00
us20008k41,EZN,35.84,4.5,2017-02-16 00:19:00.240000+00:00,usgs,ok,data/processed/waveforms/us20008k41_EZN.mseed,2026-09-12T11:59:01.879258+00:00
us20008k41,CUND,52.24,4.5,2017-02-16 00:19:00.240000+00:00,usgs,no_data,,2026-09-12T11:59:03.988931+00:00
us20008k41,GADA,74.39,4.5,2017-02-16 00:19:00.240000+00:00,usgs,ok,data/processed/waveforms/us20008k41_GADA.mseed,2026-09-12T11:59:05.186820+00:00
us20008mfu,CEYT,29.16,4.6,2017-02-25 21:06:04.610000+00:00,usgs,ok,data/processed/waveforms/us20008mfu_CEYT.mseed,2026-09-12T11:59:07.985135+00:00
us20008mfu,KOZT,51.51,4.6,2017-02-25 21:06:04.610000+00:00,usgs,ok,data/processed/waveforms/us20008mfu_KOZT.mseed,2026-09-12T11:59:13.979487+00:00
us20008mfu,TAHT,76.69,4.6,2017-02-25 21:06:04.610000+00:00,usgs,no_data,,2026-09-12T11:59:21.331217+00:00
us20008mfu,KRTD,77.96,4.6,2017-02-25 21:06:04.610000+00:00,usgs,no_data,,2026-09-12T11:59:26.798086+00:00
us100085uc,GPNR,7.26,4.6,2017-02-28 23:27:33.770000+00:00,usgs,ok,data/processed/waveforms/us100085uc_GPNR.mseed,2026-09-12T11:59:29.061593+00:00
us100085uc,EZN,37.93,4.6,2017-02-28 23:27:33.770000+00:00,usgs,ok,data/processed/waveforms/us100085uc_EZN.mseed,2026-09-12T11:59:32.678354+00:00
us100085uc,CUND,50.85,4.6,2017-02-28 23:27:33.770000+00:00,usgs,no_data,,2026-09-12T11:59:36.039882+00:00
us100085uc,GADA,76.94,4.6,2017-02-28 23:27:33.770000+00:00,usgs,ok,data/processed/waveforms/us100085uc_GADA.mseed,2026-09-12T11:59:37.468382+00:00
us100086gw,SVRC,114.26,5.6,2017-03-02 11:07:26.880000+00:00,usgs,no_data,,2026-09-12T11:59:40.883738+00:00
us100086gw,KHMN,115.04,5.6,2017-03-02 11:07:26.880000+00:00,usgs,no_data,,2026-09-12T11:59:42.357958+00:00
us20008tb9,SVRC,44.94,4.5,2017-03-20 14:39:46.380000+00:00,usgs,no_data,,2026-09-12T11:59:44.067643+00:00
us20008tb9,PTK,53.68,4.5,2017-03-20 14:39:46.380000+00:00,usgs,no_data,,2026-09-12T11:59:45.668929+00:00
us20008tb9,DYBB,70.23,4.5,2017-03-20 14:39:46.380000+00:00,usgs,ok,data/processed/waveforms/us20008tb9_DYBB.mseed,2026-09-12T11:59:47.030762+00:00
us20008tb9,BNGB,93.26,4.5,2017-03-20 14:39:46.380000+00:00,usgs,ok,data/processed/waveforms/us20008tb9_BNGB.mseed,2026-09-12T11:59:54.596959+00:00
us10008d42,SHUT,58.53,4.5,2017-03-29 18:10:45.770000+00:00,usgs,ok,data/processed/waveforms/us10008d42_SHUT.mseed,2026-09-12T11:59:57.731312+00:00
us10008d42,SUTC,79.22,4.5,2017-03-29 18:10:45.770000+00:00,usgs,no_data,,2026-09-12T12:00:00.283787+00:00
us10008d42,BCK,89.98,4.5,2017-03-29 18:10:45.770000+00:00,usgs,ok,data/processed/waveforms/us10008d42_BCK.mseed,2026-09-12T12:00:01.508791+00:00
us10008d42,BASM,92.54,4.5,2017-03-29 18:10:45.770000+00:00,usgs,ok,data/processed/waveforms/us10008d42_BASM.mseed,2026-09-12T12:00:04.721604+00:00
us10008hbd,CAME,57.88,5.0,2017-04-13 16:22:16.250000+00:00,usgs,ok,data/processed/waveforms/us10008hbd_CAME.mseed,2026-09-12T12:00:10.172637+00:00
us10008hbd,FETI,60.29,5.0,2017-04-13 16:22:16.250000+00:00,usgs,no_data,,2026-09-12T12:00:14.070568+00:00
us10008ji3,SMAA,37.35,5.0,2017-04-21 13:09:22.060000+00:00,usgs,ok,data/processed/waveforms/us10008ji3_SMAA.mseed,2026-09-12T12:00:15.133333+00:00
us10008ji3,GEDZ,42.73,5.0,2017-04-21 13:09:22.060000+00:00,usgs,ok,data/processed/waveforms/us10008ji3_GEDZ.mseed,2026-09-12T12:00:17.922443+00:00
us10008jiy,GOMA,22.17,4.9,2017-04-21 14:12:22.570000+00:00,usgs,ok,data/processed/waveforms/us10008jiy_GOMA.mseed,2026-09-12T12:00:21.330693+00:00
us10008jiy,AKS,27.21,4.9,2017-04-21 14:12:22.570000+00:00,usgs,ok,data/processed/waveforms/us10008jiy_AKS.mseed,2026-09-12T12:00:24.894975+00:00
us10008jiy,BLCB,62.58,4.9,2017-04-21 14:12:22.570000+00:00,usgs,ok,data/processed/waveforms/us10008jiy_BLCB.mseed,2026-09-12T12:00:28.644225+00:00
us10008jiy,DKL,80.35,4.9,2017-04-21 14:12:22.570000+00:00,usgs,ok,data/processed/waveforms/us10008jiy_DKL.mseed,2026-09-12T12:00:31.900459+00:00
us10008mku,AKDM,11.57,4.5,2017-05-01 16:30:42.480000+00:00,usgs,ok,data/processed/waveforms/us10008mku_AKDM.mseed,2026-09-12T12:00:34.867636+00:00
us10008mku,VANB,50.61,4.5,2017-05-01 16:30:42.480000+00:00,usgs,ok,data/processed/waveforms/us10008mku_VANB.mseed,2026-09-12T12:00:38.800032+00:00
us10008mku,GURO,87.69,4.5,2017-05-01 16:30:42.480000+00:00,usgs,ok,data/processed/waveforms/us10008mku_GURO.mseed,2026-09-12T12:00:42.250390+00:00
us10008mku,SIRT,92.35,4.5,2017-05-01 16:30:42.480000+00:00,usgs,ok,data/processed/waveforms/us10008mku_SIRT.mseed,2026-09-12T12:00:44.164411+00:00
us10008riw,KARO,85.25,5.1,2017-05-11 17:58:02.740000+00:00,usgs,ok,data/processed/waveforms/us10008riw_KARO.mseed,2026-09-12T12:00:46.630727+00:00
us10008riw,KOPR,94.78,5.1,2017-05-11 17:58:02.740000+00:00,usgs,ok,data/processed/waveforms/us10008riw_KOPR.mseed,2026-09-12T12:00:49.487925+00:00
us10008t03,DAT,84.18,4.9,2017-05-17 11:30:33.280000+00:00,usgs,no_data,,2026-09-12T12:00:52.471698+00:00
us10008t03,DATC,88.09,4.9,2017-05-17 11:30:33.280000+00:00,usgs,no_data,,2026-09-12T12:00:54.197549+00:00
us10008t03,BBRN,92.55,4.9,2017-05-17 11:30:33.280000+00:00,usgs,no_data,,2026-09-12T12:00:55.885751+00:00
us10008t03,MRSB,102.92,4.9,2017-05-17 11:30:33.280000+00:00,usgs,no_data,,2026-09-12T12:00:57.029338+00:00
us10008vt5,KULA,78.19,5.1,2017-05-27 15:53:24.250000+00:00,usgs,ok,data/processed/waveforms/us10008vt5_KULA.mseed,2026-09-12T12:00:58.204015+00:00
us10008vt5,BLCB,80.44,5.1,2017-05-27 15:53:24.250000+00:00,usgs,no_data,,2026-09-12T12:01:01.350270+00:00
us10008vup,AKS,12.44,4.6,2017-05-28 02:50:27.280000+00:00,usgs,no_data,,2026-09-12T12:01:02.907535+00:00
us10008vup,GOMA,13.37,4.6,2017-05-28 02:50:27.280000+00:00,usgs,ok,data/processed/waveforms/us10008vup_GOMA.mseed,2026-09-12T12:01:05.558755+00:00
us10008vup,BLCB,77.38,4.6,2017-05-28 02:50:27.280000+00:00,usgs,no_data,,2026-09-12T12:01:10.008986+00:00
us10008vup,KULA,81.16,4.6,2017-05-28 02:50:27.280000+00:00,usgs,ok,data/processed/waveforms/us10008vup_KULA.mseed,2026-09-12T12:01:11.348053+00:00
us10008vur,AKS,10.86,4.8,2017-05-28 02:52:56.460000+00:00,usgs,no_data,,2026-09-12T12:01:14.029718+00:00
us10008vur,GOMA,12.85,4.8,2017-05-28 02:52:56.460000+00:00,usgs,ok,data/processed/waveforms/us10008vur_GOMA.mseed,2026-09-12T12:01:15.543487+00:00
us10008vur,BLCB,79.46,4.8,2017-05-28 02:52:56.460000+00:00,usgs,no_data,,2026-09-12T12:01:17.909368+00:00
us10008vur,KULA,80.16,4.8,2017-05-28 02:52:56.460000+00:00,usgs,ok,data/processed/waveforms/us10008vur_KULA.mseed,2026-09-12T12:01:19.125309+00:00
us10008vw5,AKS,13.08,4.9,2017-05-28 11:04:59.370000+00:00,usgs,ok,data/processed/waveforms/us10008vw5_AKS.mseed,2026-09-12T12:01:22.679229+00:00
us10008vw5,GOMA,13.59,4.9,2017-05-28 11:04:59.370000+00:00,usgs,ok,data/processed/waveforms/us10008vw5_GOMA.mseed,2026-09-12T12:01:26.050717+00:00
us10008vw5,BLCB,76.62,4.9,2017-05-28 11:04:59.370000+00:00,usgs,no_data,,2026-09-12T12:01:28.333741+00:00
us10008vw5,KULA,81.5,4.9,2017-05-28 11:04:59.370000+00:00,usgs,ok,data/processed/waveforms/us10008vw5_KULA.mseed,2026-09-12T12:01:30.052763+00:00
us20009ly0,KRBN,40.79,6.3,2017-06-12 12:28:39.150000+00:00,usgs,no_data,,2026-09-12T12:01:31.958542+00:00
us20009ly0,DKL,49.28,6.3,2017-06-12 12:28:39.150000+00:00,usgs,no_data,,2026-09-12T12:01:33.570071+00:00
us20009n8a,KRBN,44.87,4.6,2017-06-17 03:40:37.360000+00:00,usgs,no_data,,2026-09-12T12:01:35.521271+00:00
us20009n8a,FOCM,49.22,4.6,2017-06-17 03:40:37.360000+00:00,usgs,no_data,,2026-09-12T12:01:37.530378+00:00
us20009n8a,CAND,51.22,4.6,2017-06-17 03:40:37.360000+00:00,usgs,no_data,,2026-09-12T12:01:39.420498+00:00
us20009n8a,CUND,62.26,4.6,2017-06-17 03:40:37.360000+00:00,usgs,no_data,,2026-09-12T12:01:41.149563+00:00
us20009nb8,KRBN,34.6,5.2,2017-06-17 19:50:04.790000+00:00,usgs,ok,data/processed/waveforms/us20009nb8_KRBN.mseed,2026-09-12T12:01:42.360459+00:00
us20009nb8,DKL,46.83,5.2,2017-06-17 19:50:04.790000+00:00,usgs,ok,data/processed/waveforms/us20009nb8_DKL.mseed,2026-09-12T12:02:25.457208+00:00
us20009nz3,FOCM,26.09,4.8,2017-06-22 02:48:53.110000+00:00,usgs,no_data,,2026-09-12T12:03:11.398687+00:00
us20009nz3,KRBN,26.83,4.8,2017-06-22 02:48:53.110000+00:00,usgs,no_data,,2026-09-12T12:03:13.873099+00:00
us20009nz3,CAND,32.48,4.8,2017-06-22 02:48:53.110000+00:00,usgs,no_data,,2026-09-12T12:03:15.180388+00:00
us20009nz3,DKL,46.79,4.8,2017-06-22 02:48:53.110000+00:00,usgs,no_data,,2026-09-12T12:03:16.393704+00:00
us100096da,DAT,201.24,4.5,2017-07-03 13:53:45.100000+00:00,usgs,ok,data/processed/waveforms/us100096da_DAT.mseed,2026-09-12T12:03:19.231200+00:00
us100096da,DATC,207.27,4.5,2017-07-03 13:53:45.100000+00:00,usgs,no_data,,2026-09-12T12:03:22.711419+00:00
us100096da,BBRN,218.52,4.5,2017-07-03 13:53:45.100000+00:00,usgs,no_data,,2026-09-12T12:03:24.562176+00:00
us100096da,BODT,227.5,4.5,2017-07-03 13:53:45.100000+00:00,usgs,no_data,,2026-09-12T12:03:26.412467+00:00
us20009ynd,DAT,26.4,6.6,2017-07-20 22:31:11.260000+00:00,usgs,ok,data/processed/waveforms/us20009ynd_DAT.mseed,2026-09-12T12:03:27.447514+00:00
us20009ynd,DATC,29.01,6.6,2017-07-20 22:31:11.260000+00:00,usgs,no_data,,2026-09-12T12:03:30.479876+00:00
us20009ypp,BODT,13.29,4.7,2017-07-20 23:23:51.780000+00:00,usgs,no_data,,2026-09-12T12:03:31.339313+00:00
us20009ypp,YKAV,19.66,4.7,2017-07-20 23:23:51.780000+00:00,usgs,no_data,,2026-09-12T12:03:33.041364+00:00
us20009ypp,DAT,36.77,4.7,2017-07-20 23:23:51.780000+00:00,usgs,ok,data/processed/waveforms/us20009ypp_DAT.mseed,2026-09-12T12:03:34.604855+00:00
us20009ypp,DATC,40.99,4.7,2017-07-20 23:23:51.780000+00:00,usgs,no_data,,2026-09-12T12:03:37.208165+00:00
us20009ys1,DATC,13.1,4.6,2017-07-21 01:38:49.930000+00:00,usgs,no_data,,2026-09-12T12:03:38.718299+00:00
us20009ys1,DAT,13.93,4.6,2017-07-21 01:38:49.930000+00:00,usgs,ok,data/processed/waveforms/us20009ys1_DAT.mseed,2026-09-12T12:03:39.969806+00:00
us20009ys1,BODT,33.02,4.6,2017-07-21 01:38:49.930000+00:00,usgs,no_data,,2026-09-12T12:03:42.550921+00:00
us20009ys1,YKAV,39.89,4.6,2017-07-21 01:38:49.930000+00:00,usgs,no_data,,2026-09-12T12:03:43.243462+00:00
us20009ysa,DAT,22.15,4.7,2017-07-21 02:12:35.180000+00:00,usgs,ok,data/processed/waveforms/us20009ysa_DAT.mseed,2026-09-12T12:03:44.187422+00:00
us20009ysa,DATC,28.51,4.7,2017-07-21 02:12:35.180000+00:00,usgs,no_data,,2026-09-12T12:03:46.392633+00:00
us20009ysa,BODT,28.98,4.7,2017-07-21 02:12:35.180000+00:00,usgs,no_data,,2026-09-12T12:03:47.713849+00:00
us20009ysa,YKAV,36.21,4.7,2017-07-21 02:12:35.180000+00:00,usgs,no_data,,2026-09-12T12:03:48.942753+00:00
us20009zaf,DAT,31.42,5.0,2017-07-21 17:09:45.290000+00:00,usgs,ok,data/processed/waveforms/us20009zaf_DAT.mseed,2026-09-12T12:03:50.459586+00:00
us20009zaf,DATC,35.99,5.0,2017-07-21 17:09:45.290000+00:00,usgs,no_data,,2026-09-12T12:03:53.253520+00:00
us20009zs4,BODT,11.7,4.7,2017-07-22 17:09:21.510000+00:00,usgs,no_data,,2026-09-12T12:03:54.120212+00:00
us20009zs4,YKAV,19.1,4.7,2017-07-22 17:09:21.510000+00:00,usgs,no_data,,2026-09-12T12:03:55.482132+00:00
us20009zs4,DAT,32.97,4.7,2017-07-22 17:09:21.510000+00:00,usgs,ok,data/processed/waveforms/us20009zs4_DAT.mseed,2026-09-12T12:03:56.242419+00:00
us20009zs4,DATC,36.13,4.7,2017-07-22 17:09:21.510000+00:00,usgs,no_data,,2026-09-12T12:03:58.515251+00:00
us20009zsc,BODT,70.83,4.6,2017-07-22 17:25:45.970000+00:00,usgs,no_data,,2026-09-12T12:03:59.738508+00:00
us20009zsc,DAT,73.24,4.6,2017-07-22 17:25:45.970000+00:00,usgs,ok,data/processed/waveforms/us20009zsc_DAT.mseed,2026-09-12T12:04:01.501095+00:00
us20009zsc,YKAV,74.43,4.6,2017-07-22 17:25:45.970000+00:00,usgs,no_data,,2026-09-12T12:04:03.233014+00:00
us20009zsc,DATC,81.17,4.6,2017-07-22 17:25:45.970000+00:00,usgs,no_data,,2026-09-12T12:04:04.410217+00:00
us2000a5ft,DATC,21.2,4.6,2017-08-07 05:18:48.480000+00:00,usgs,no_data,,2026-09-12T12:04:05.216075+00:00
us2000a5ft,DAT,21.8,4.6,2017-08-07 05:18:48.480000+00:00,usgs,ok,data/processed/waveforms/us2000a5ft_DAT.mseed,2026-09-12T12:04:06.383748+00:00
us2000a5ft,BODT,25.8,4.6,2017-08-07 05:18:48.480000+00:00,usgs,ok,data/processed/waveforms/us2000a5ft_BODT.mseed,2026-09-12T12:04:09.149710+00:00
us2000a5ft,YKAV,32.31,4.6,2017-08-07 05:18:48.480000+00:00,usgs,no_data,,2026-09-12T12:04:12.206275+00:00
us2000a5vf,DAT,25.99,5.3,2017-08-08 07:42:22.230000+00:00,usgs,ok,data/processed/waveforms/us2000a5vf_DAT.mseed,2026-09-12T12:04:13.140757+00:00
us2000a5vf,YKAV,31.37,5.3,2017-08-08 07:42:22.230000+00:00,usgs,no_data,,2026-09-12T12:04:15.602156+00:00
us2000a7s6,MLSB,27.95,4.9,2017-08-13 11:16:52.430000+00:00,usgs,ok,data/processed/waveforms/us2000a7s6_MLSB.mseed,2026-09-12T12:04:17.412356+00:00
us2000a7s6,DATC,32.78,4.9,2017-08-13 11:16:52.430000+00:00,usgs,no_data,,2026-09-12T12:04:23.870387+00:00
us2000a7s6,BODT,34.64,4.9,2017-08-13 11:16:52.430000+00:00,usgs,ok,data/processed/waveforms/us2000a7s6_BODT.mseed,2026-09-12T12:04:27.320411+00:00
us2000a7s6,DAT,37.31,4.9,2017-08-13 11:16:52.430000+00:00,usgs,ok,data/processed/waveforms/us2000a7s6_DAT.mseed,2026-09-12T12:04:32.432881+00:00
us2000a7wg,MLSB,23.23,4.7,2017-08-14 02:43:48.460000+00:00,usgs,ok,data/processed/waveforms/us2000a7wg_MLSB.mseed,2026-09-12T12:04:35.406765+00:00
us2000a7wg,BODT,34.72,4.7,2017-08-14 02:43:48.460000+00:00,usgs,ok,data/processed/waveforms/us2000a7wg_BODT.mseed,2026-09-12T12:04:38.086300+00:00
us2000a7wg,YKAV,37.32,4.7,2017-08-14 02:43:48.460000+00:00,usgs,no_data,,2026-09-12T12:04:41.781967+00:00
us2000a7wg,DATC,37.67,4.7,2017-08-14 02:43:48.460000+00:00,usgs,no_data,,2026-09-12T12:04:42.819687+00:00
us2000aay1,SIRT,266.12,5.1,2017-08-23 13:42:53.880000+00:00,usgs,ok,data/processed/waveforms/us2000aay1_SIRT.mseed,2026-09-12T12:04:44.219267+00:00
us2000aay1,VANB,291.83,5.1,2017-08-23 13:42:53.880000+00:00,usgs,ok,data/processed/waveforms/us2000aay1_VANB.mseed,2026-09-12T12:04:45.937938+00:00
us2000aay1,AKDM,294.71,5.1,2017-08-23 13:42:53.880000+00:00,usgs,ok,data/processed/waveforms/us2000aay1_AKDM.mseed,2026-09-12T12:04:48.285509+00:00
us2000advt,BBRN,75.13,4.9,2017-09-01 16:48:34.030000+00:00,usgs,no_data,,2026-09-12T12:04:50.580531+00:00
us2000advt,MRSB,80.74,4.9,2017-09-01 16:48:34.030000+00:00,usgs,no_data,,2026-09-12T12:04:51.494201+00:00
us2000advt,DATC,89.6,4.9,2017-09-01 16:48:34.030000+00:00,usgs,no_data,,2026-09-12T12:04:52.431914+00:00
us2000advt,DAT,89.75,4.9,2017-09-01 16:48:34.030000+00:00,usgs,ok,data/processed/waveforms/us2000advt_DAT.mseed,2026-09-12T12:04:53.763483+00:00
us2000awn9,ANTB,7.79,4.5,2017-09-29 16:08:40.400000+00:00,usgs,ok,data/processed/waveforms/us2000awn9_ANTB.mseed,2026-09-12T12:04:56.046849+00:00
us2000awn9,KEMT,41.44,4.5,2017-09-29 16:08:40.400000+00:00,usgs,no_data,,2026-09-12T12:04:58.250084+00:00
us2000awn9,BCK,54.79,4.5,2017-09-29 16:08:40.400000+00:00,usgs,ok,data/processed/waveforms/us2000awn9_BCK.mseed,2026-09-12T12:04:59.584374+00:00
us2000awn9,SUTC,64.53,4.5,2017-09-29 16:08:40.400000+00:00,usgs,no_data,,2026-09-12T12:05:01.396080+00:00
us1000aw8c,BODT,11.83,4.6,2017-10-24 09:36:24.200000+00:00,usgs,ok,data/processed/waveforms/us1000aw8c_BODT.mseed,2026-09-12T12:05:02.091874+00:00
us1000aw8c,YKAV,19.26,4.6,2017-10-24 09:36:24.200000+00:00,usgs,no_data,,2026-09-12T12:05:03.502994+00:00
us1000aw8c,DAT,32.47,4.6,2017-10-24 09:36:24.200000+00:00,usgs,ok,data/processed/waveforms/us1000aw8c_DAT.mseed,2026-09-12T12:05:04.601513+00:00
us1000aw8c,DATC,35.45,4.6,2017-10-24 09:36:24.200000+00:00,usgs,no_data,,2026-09-12T12:05:06.709269+00:00
us2000bjnj,MRSB,52.02,4.9,2017-11-07 02:40:32.880000+00:00,usgs,no_data,,2026-09-12T12:05:07.631147+00:00
us2000bjnj,BBRN,54.52,4.9,2017-11-07 02:40:32.880000+00:00,usgs,no_data,,2026-09-12T12:05:08.724752+00:00
us2000bjnj,DALY,62.9,4.9,2017-11-07 02:40:32.880000+00:00,usgs,ok,data/processed/waveforms/us2000bjnj_DALY.mseed,2026-09-12T12:05:09.800971+00:00
us2000bjnj,FETY,71.28,4.9,2017-11-07 02:40:32.880000+00:00,usgs,ok,data/processed/waveforms/us2000bjnj_FETY.mseed,2026-09-12T12:05:12.856378+00:00
us2000bt6a,MRSB,54.4,5.1,2017-11-22 20:22:53.540000+00:00,usgs,no_data,,2026-09-12T12:05:14.885012+00:00
us2000bt6a,FETI,56.88,5.1,2017-11-22 20:22:53.540000+00:00,usgs,no_data,,2026-09-12T12:05:16.027985+00:00
us2000bu6g,MRSB,55.76,5.2,2017-11-24 21:49:15.170000+00:00,usgs,no_data,,2026-09-12T12:05:16.941541+00:00
us2000bu6g,FETI,60.8,5.2,2017-11-24 21:49:15.170000+00:00,usgs,no_data,,2026-09-12T12:05:17.713593+00:00
us2000c1yf,DAT,47.35,4.5,2017-12-08 05:20:40.950000+00:00,usgs,ok,data/processed/waveforms/us2000c1yf_DAT.mseed,2026-09-12T12:05:18.743349+00:00
us2000c1yf,DATC,50.39,4.5,2017-12-08 05:20:40.950000+00:00,usgs,no_data,,2026-09-12T12:05:20.511707+00:00
us2000c1yf,BBRN,57.07,4.5,2017-12-08 05:20:40.950000+00:00,usgs,no_data,,2026-09-12T12:05:21.475779+00:00
us2000c1yf,MRSB,68.77,4.5,2017-12-08 05:20:40.950000+00:00,usgs,no_data,,2026-09-12T12:05:22.439050+00:00
us1000bvut,FOCM,14.52,4.6,2017-12-25 05:13:51.270000+00:00,usgs,ok,data/processed/waveforms/us1000bvut_FOCM.mseed,2026-09-12T12:05:23.795605+00:00
us1000bvut,KRBN,16.05,4.6,2017-12-25 05:13:51.270000+00:00,usgs,no_data,,2026-09-12T12:05:26.442693+00:00
us1000bvut,BLCB,34.39,4.6,2017-12-25 05:13:51.270000+00:00,usgs,no_data,,2026-09-12T12:05:27.378856+00:00
us1000bvut,CAND,41.71,4.6,2017-12-25 05:13:51.270000+00:00,usgs,ok,data/processed/waveforms/us1000bvut_CAND.mseed,2026-09-12T12:05:28.651165+00:00
us2000d4wi,CUKT,178.63,4.5,2018-02-19 19:20:45.260000+00:00,usgs,ok,data/processed/waveforms/us2000d4wi_CUKT.mseed,2026-09-12T12:05:31.150635+00:00
us2000d4wi,SIRT,273.22,4.5,2018-02-19 19:20:45.260000+00:00,usgs,no_data,,2026-09-12T12:05:33.335883+00:00
us2000d4wi,VANB,307.72,4.5,2018-02-19 19:20:45.260000+00:00,usgs,ok,data/processed/waveforms/us2000d4wi_VANB.mseed,2026-09-12T12:05:34.542439+00:00
us2000d4wi,AKDM,308.37,4.5,2018-02-19 19:20:45.260000+00:00,usgs,ok,data/processed/waveforms/us2000d4wi_AKDM.mseed,2026-09-12T12:05:36.993139+00:00
us2000d7pi,CESE,67.71,4.5,2018-02-25 15:21:15.480000+00:00,usgs,no_data,,2026-09-12T12:05:39.749000+00:00
us2000d7pi,KRBN,84.04,4.5,2018-02-25 15:21:15.480000+00:00,usgs,no_data,,2026-09-12T12:05:41.334312+00:00
us2000d7pi,FOCM,100.52,4.5,2018-02-25 15:21:15.480000+00:00,usgs,ok,data/processed/waveforms/us2000d7pi_FOCM.mseed,2026-09-12T12:05:42.731735+00:00
us2000d7pi,GPNR,108.78,4.5,2018-02-25 15:21:15.480000+00:00,usgs,ok,data/processed/waveforms/us2000d7pi_GPNR.mseed,2026-09-12T12:05:44.346189+00:00
us2000dw6w,GRDE,49.09,4.7,2018-04-07 21:16:33.030000+00:00,usgs,no_data,,2026-09-12T12:05:46.235421+00:00
us2000dw6w,YUVA,50.46,4.7,2018-04-07 21:16:33.030000+00:00,usgs,ok,data/processed/waveforms/us2000dw6w_YUVA.mseed,2026-09-12T12:05:47.735700+00:00
us2000dw6w,KDZE,54.63,4.7,2018-04-07 21:16:33.030000+00:00,usgs,no_data,,2026-09-12T12:05:50.900852+00:00
us2000dw6w,MDUB,55.17,4.7,2018-04-07 21:16:33.030000+00:00,usgs,ok,data/processed/waveforms/us2000dw6w_MDUB.mseed,2026-09-12T12:05:52.069201+00:00
us2000dxk8,BODT,113.71,4.9,2018-04-10 15:56:19.220000+00:00,usgs,ok,data/processed/waveforms/us2000dxk8_BODT.mseed,2026-09-12T12:05:54.419713+00:00
us2000dxk8,YKAV,114.19,4.9,2018-04-10 15:56:19.220000+00:00,usgs,ok,data/processed/waveforms/us2000dxk8_YKAV.mseed,2026-09-12T12:05:57.292945+00:00
us2000dxk8,DIDI,126.4,4.9,2018-04-10 15:56:19.220000+00:00,usgs,no_data,,2026-09-12T12:05:59.963942+00:00
us2000dxk8,DAT,128.73,4.9,2018-04-10 15:56:19.220000+00:00,usgs,ok,data/processed/waveforms/us2000dxk8_DAT.mseed,2026-09-12T12:06:01.526720+00:00
us2000dzu5,SEYD,28.85,4.8,2018-04-13 17:14:00.680000+00:00,usgs,ok,data/processed/waveforms/us2000dzu5_SEYD.mseed,2026-09-12T12:06:03.818306+00:00
us2000dzu5,HDMB,53.38,4.8,2018-04-13 17:14:00.680000+00:00,usgs,ok,data/processed/waveforms/us2000dzu5_HDMB.mseed,2026-09-12T12:06:06.600225+00:00
us2000dzu5,MNVG,61.41,4.8,2018-04-13 17:14:00.680000+00:00,usgs,ok,data/processed/waveforms/us2000dzu5_MNVG.mseed,2026-09-12T12:06:09.853313+00:00
us2000dzu5,ALAN,67.39,4.8,2018-04-13 17:14:00.680000+00:00,usgs,ok,data/processed/waveforms/us2000dzu5_ALAN.mseed,2026-09-12T12:06:13.046293+00:00
us2000e0te,CUKT,178.93,4.6,2018-04-16 04:30:35.400000+00:00,usgs,ok,data/processed/waveforms/us2000e0te_CUKT.mseed,2026-09-12T12:06:16.240866+00:00
us2000e0te,SIRT,268.67,4.6,2018-04-16 04:30:35.400000+00:00,usgs,no_data,,2026-09-12T12:06:18.471682+00:00
us2000e0te,AKDM,310.38,4.6,2018-04-16 04:30:35.400000+00:00,usgs,ok,data/processed/waveforms/us2000e0te_AKDM.mseed,2026-09-12T12:06:19.305234+00:00
us2000e0te,VANB,312.39,4.6,2018-04-16 04:30:35.400000+00:00,usgs,ok,data/processed/waveforms/us2000e0te_VANB.mseed,2026-09-12T12:06:21.442731+00:00
us1000dr1j,SVRC,111.18,5.2,2018-04-24 00:34:31.180000+00:00,usgs,no_data,,2026-09-12T12:06:23.606732+00:00
us1000dr1j,KHMN,121.85,5.2,2018-04-24 00:34:31.180000+00:00,usgs,ok,data/processed/waveforms/us1000dr1j_KHMN.mseed,2026-09-12T12:06:26.453189+00:00
us1000dw8h,BBRN,100.47,4.6,2018-05-02 21:16:08.060000+00:00,usgs,no_data,,2026-09-12T12:06:29.680437+00:00
us1000dw8h,MRSB,101.78,4.6,2018-05-02 21:16:08.060000+00:00,usgs,no_data,,2026-09-12T12:06:30.766349+00:00
us1000dw8h,FETY,111.8,4.6,2018-05-02 21:16:08.060000+00:00,usgs,ok,data/processed/waveforms/us1000dw8h_FETY.mseed,2026-09-12T12:06:31.787499+00:00
us1000dw8h,DALY,114.59,4.6,2018-05-02 21:16:08.060000+00:00,usgs,ok,data/processed/waveforms/us1000dw8h_DALY.mseed,2026-09-12T12:06:33.533552+00:00
us1000ezck,CLDR,72.07,4.6,2018-06-23 03:50:06.150000+00:00,usgs,no_data,,2026-09-12T12:06:35.870686+00:00
us1000ezck,VANB,83.98,4.6,2018-06-23 03:50:06.150000+00:00,usgs,ok,data/processed/waveforms/us1000ezck_VANB.mseed,2026-09-12T12:06:37.196462+00:00
us1000ezck,ERCV,100.59,4.6,2018-06-23 03:50:06.150000+00:00,usgs,ok,data/processed/waveforms/us1000ezck_ERCV.mseed,2026-09-12T12:06:39.987044+00:00
us1000ezck,AKDM,124.22,4.6,2018-06-23 03:50:06.150000+00:00,usgs,ok,data/processed/waveforms/us1000ezck_AKDM.mseed,2026-09-12T12:06:42.750983+00:00
us2000g3yw,DAT,237.87,4.7,2018-07-13 12:42:41.300000+00:00,usgs,ok,data/processed/waveforms/us2000g3yw_DAT.mseed,2026-09-12T12:06:45.409396+00:00
us2000g3yw,DATC,244.9,4.7,2018-07-13 12:42:41.300000+00:00,usgs,ok,data/processed/waveforms/us2000g3yw_DATC.mseed,2026-09-12T12:06:47.760273+00:00
us2000g3yw,BODT,255.78,4.7,2018-07-13 12:42:41.300000+00:00,usgs,ok,data/processed/waveforms/us2000g3yw_BODT.mseed,2026-09-12T12:06:49.691364+00:00
us2000g3yw,YKAV,260.66,4.7,2018-07-13 12:42:41.300000+00:00,usgs,ok,data/processed/waveforms/us2000g3yw_YKAV.mseed,2026-09-12T12:06:51.216210+00:00
us2000gbkk,BASM,44.71,4.9,2018-07-23 02:40:24.650000+00:00,usgs,ok,data/processed/waveforms/us2000gbkk_BASM.mseed,2026-09-12T12:06:52.482323+00:00
us2000gbkk,APMY,54.09,4.9,2018-07-23 02:40:24.650000+00:00,usgs,ok,data/processed/waveforms/us2000gbkk_APMY.mseed,2026-09-12T12:06:55.458506+00:00
us2000gbkk,BCK,60.3,4.9,2018-07-23 02:40:24.650000+00:00,usgs,ok,data/processed/waveforms/us2000gbkk_BCK.mseed,2026-09-12T12:06:56.846416+00:00
us2000gbkk,DENT,81.19,4.9,2018-07-23 02:40:24.650000+00:00,usgs,no_data,,2026-09-12T12:06:58.145345+00:00
us2000ge8i,DIDI,54.1,4.5,2018-07-26 08:17:51.670000+00:00,usgs,ok,data/processed/waveforms/us2000ge8i_DIDI.mseed,2026-09-12T12:06:58.651310+00:00
us2000ge8i,GMLD,57.32,4.5,2018-07-26 08:17:51.670000+00:00,usgs,ok,data/processed/waveforms/us2000ge8i_GMLD.mseed,2026-09-12T12:07:00.231021+00:00
us2000ge8i,KUSD,60.32,4.5,2018-07-26 08:17:51.670000+00:00,usgs,ok,data/processed/waveforms/us2000ge8i_KUSD.mseed,2026-09-12T12:07:01.363705+00:00
us2000ge8i,YKAV,73.67,4.5,2018-07-26 08:17:51.670000+00:00,usgs,ok,data/processed/waveforms/us2000ge8i_YKAV.mseed,2026-09-12T12:07:02.617182+00:00
us1000gdb1,CEYT,62.82,5.1,2018-08-19 15:22:14.240000+00:00,usgs,ok,data/processed/waveforms/us1000gdb1_CEYT.mseed,2026-09-12T12:07:03.763510+00:00
us1000gdb1,KHMN,71.05,5.1,2018-08-19 15:22:14.240000+00:00,usgs,ok,data/processed/waveforms/us1000gdb1_KHMN.mseed,2026-09-12T12:07:04.956627+00:00
us2000hc6y,SUTC,43.78,5.1,2018-09-10 23:02:56.060000+00:00,usgs,no_data,,2026-09-12T12:07:06.160911+00:00
us2000hc6y,KEMT,69.87,5.1,2018-09-10 23:02:56.060000+00:00,usgs,no_data,,2026-09-12T12:07:06.805973+00:00
us2000hdam,ANTB,87.24,5.3,2018-09-12 06:21:48.440000+00:00,usgs,ok,data/processed/waveforms/us2000hdam_ANTB.mseed,2026-09-12T12:07:07.679014+00:00
us2000hdam,ALAN,96.71,5.3,2018-09-12 06:21:48.440000+00:00,usgs,ok,data/processed/waveforms/us2000hdam_ALAN.mseed,2026-09-12T12:07:09.418637+00:00
us1000h4mx,DAT,219.43,4.9,2018-09-30 13:15:57.300000+00:00,usgs,ok,data/processed/waveforms/us1000h4mx_DAT.mseed,2026-09-12T12:07:11.213713+00:00
us1000h4mx,DATC,226.11,4.9,2018-09-30 13:15:57.300000+00:00,usgs,no_data,,2026-09-12T12:07:12.331075+00:00
us1000h4mx,BODT,240.78,4.9,2018-09-30 13:15:57.300000+00:00,usgs,ok,data/processed/waveforms/us1000h4mx_BODT.mseed,2026-09-12T12:07:12.930616+00:00
us1000h4mx,BBRN,241.37,4.9,2018-09-30 13:15:57.300000+00:00,usgs,no_data,,2026-09-12T12:07:14.087509+00:00
us1000h5mr,KHMN,37.46,4.6,2018-10-02 15:29:05.160000+00:00,usgs,ok,data/processed/waveforms/us1000h5mr_KHMN.mseed,2026-09-12T12:07:14.776038+00:00
us1000h5mr,KMRS,47.29,4.6,2018-10-02 15:29:05.160000+00:00,usgs,ok,data/processed/waveforms/us1000h5mr_KMRS.mseed,2026-09-12T12:07:15.988451+00:00
us1000h5mr,GAZ,57.77,4.6,2018-10-02 15:29:05.160000+00:00,usgs,ok,data/processed/waveforms/us1000h5mr_GAZ.mseed,2026-09-12T12:07:17.155373+00:00
us1000h5mr,DARE,100.51,4.6,2018-10-02 15:29:05.160000+00:00,usgs,ok,data/processed/waveforms/us1000h5mr_DARE.mseed,2026-09-12T12:07:18.349079+00:00
us1000h7gc,ALAN,71.82,4.5,2018-10-05 11:32:11.930000+00:00,usgs,ok,data/processed/waveforms/us1000h7gc_ALAN.mseed,2026-09-12T12:07:19.534807+00:00
us1000h7gc,MNVG,92.26,4.5,2018-10-05 11:32:11.930000+00:00,usgs,ok,data/processed/waveforms/us1000h7gc_MNVG.mseed,2026-09-12T12:07:20.767758+00:00
us1000h7gc,BOZY,119.4,4.5,2018-10-05 11:32:11.930000+00:00,usgs,ok,data/processed/waveforms/us1000h7gc_BOZY.mseed,2026-09-12T12:07:22.138482+00:00
us1000h7gc,KEMT,120.16,4.5,2018-10-05 11:32:11.930000+00:00,usgs,no_data,,2026-09-12T12:07:23.784708+00:00
us2000i5zt,BBRN,116.66,4.7,2018-10-28 21:58:56.030000+00:00,usgs,no_data,,2026-09-12T12:07:24.873864+00:00
us2000i5zt,MRSB,119.43,4.7,2018-10-28 21:58:56.030000+00:00,usgs,ok,data/processed/waveforms/us2000i5zt_MRSB.mseed,2026-09-12T12:07:25.527764+00:00
us2000i5zt,FETY,132.74,4.7,2018-10-28 21:58:56.030000+00:00,usgs,ok,data/processed/waveforms/us2000i5zt_FETY.mseed,2026-09-12T12:07:26.681166+00:00
us2000i5zt,DALY,135.08,4.7,2018-10-28 21:58:56.030000+00:00,usgs,ok,data/processed/waveforms/us2000i5zt_DALY.mseed,2026-09-12T12:07:27.946853+00:00
us2000i79c,HOPA,218.77,5.0,2018-11-06 01:17:19.800000+00:00,usgs,ok,data/processed/waveforms/us2000i79c_HOPA.mseed,2026-09-12T12:07:28.896652+00:00
us2000i79c,SENK,242.5,5.0,2018-11-06 01:17:19.800000+00:00,usgs,ok,data/processed/waveforms/us2000i79c_SENK.mseed,2026-09-12T12:07:30.172454+00:00
us1000hwa8,BBRN,109.31,4.5,2018-11-25 02:40:12.270000+00:00,usgs,no_data,,2026-09-12T12:07:31.213473+00:00
us1000hwa8,MRSB,110.0,4.5,2018-11-25 02:40:12.270000+00:00,usgs,ok,data/processed/waveforms/us1000hwa8_MRSB.mseed,2026-09-12T12:07:31.715222+00:00
us1000hwa8,FETY,114.15,4.5,2018-11-25 02:40:12.270000+00:00,usgs,ok,data/processed/waveforms/us1000hwa8_FETY.mseed,2026-09-12T12:07:32.730784+00:00
us1000hwa8,FETI,120.01,4.5,2018-11-25 02:40:12.270000+00:00,usgs,ok,data/processed/waveforms/us1000hwa8_FETI.mseed,2026-09-12T12:07:33.921758+00:00
us1000hx8s,BODT,148.27,4.9,2018-11-27 23:16:11+00:00,usgs,ok,data/processed/waveforms/us1000hx8s_BODT.mseed,2026-09-12T12:07:35.097256+00:00
us1000hx8s,YKAV,148.27,4.9,2018-11-27 23:16:11+00:00,usgs,ok,data/processed/waveforms/us1000hx8s_YKAV.mseed,2026-09-12T12:07:36.388807+00:00
us1000hx8s,DIDI,158.11,4.9,2018-11-27 23:16:11+00:00,usgs,ok,data/processed/waveforms/us1000hx8s_DIDI.mseed,2026-09-12T12:07:37.587035+00:00
us1000hx8s,DAT,163.88,4.9,2018-11-27 23:16:11+00:00,usgs,ok,data/processed/waveforms/us1000hx8s_DAT.mseed,2026-09-12T12:07:39.523352+00:00
us2000j6mu,BBRN,121.37,4.9,2019-01-20 15:49:50.320000+00:00,usgs,no_data,,2026-09-12T12:07:40.963741+00:00
us2000j6mu,MRSB,123.89,4.9,2019-01-20 15:49:50.320000+00:00,usgs,ok,data/processed/waveforms/us2000j6mu_MRSB.mseed,2026-09-12T12:07:41.554149+00:00
us2000j6mu,FETY,134.83,4.9,2019-01-20 15:49:50.320000+00:00,usgs,ok,data/processed/waveforms/us2000j6mu_FETY.mseed,2026-09-12T12:07:42.729436+00:00
us2000j6mu,DALY,138.55,4.9,2019-01-20 15:49:50.320000+00:00,usgs,no_data,,2026-09-12T12:07:43.853685+00:00
us2000j7fs,BBRN,15.98,4.8,2019-01-22 20:12:06.770000+00:00,usgs,no_data,,2026-09-12T12:07:44.519342+00:00
us2000j7fs,MRSB,20.88,4.8,2019-01-22 20:12:06.770000+00:00,usgs,ok,data/processed/waveforms/us2000j7fs_MRSB.mseed,2026-09-12T12:07:45.046146+00:00
us2000j7fs,DATC,30.66,4.8,2019-01-22 20:12:06.770000+00:00,usgs,ok,data/processed/waveforms/us2000j7fs_DATC.mseed,2026-09-12T12:07:46.276177+00:00
us2000j7fs,DAT,38.6,4.8,2019-01-22 20:12:06.770000+00:00,usgs,ok,data/processed/waveforms/us2000j7fs_DAT.mseed,2026-09-12T12:07:47.593042+00:00
us2000j898,DATC,86.26,5.1,2019-01-24 14:30:54.040000+00:00,usgs,ok,data/processed/waveforms/us2000j898_DATC.mseed,2026-09-12T12:07:48.635742+00:00
us2000j898,DAT,87.24,5.1,2019-01-24 14:30:54.040000+00:00,usgs,ok,data/processed/waveforms/us2000j898_DAT.mseed,2026-09-12T12:07:49.697611+00:00
us2000jbrb,DAT,109.34,4.9,2019-02-01 10:29:46.390000+00:00,usgs,no_data,,2026-09-12T12:07:50.652924+00:00
us2000jbrb,DATC,114.16,4.9,2019-02-01 10:29:46.390000+00:00,usgs,ok,data/processed/waveforms/us2000jbrb_DATC.mseed,2026-09-12T12:07:51.387675+00:00
us2000jbrb,BBRN,121.3,4.9,2019-02-01 10:29:46.390000+00:00,usgs,no_data,,2026-09-12T12:07:52.403670+00:00
us2000jbrb,MRSB,131.79,4.9,2019-02-01 10:29:46.390000+00:00,usgs,ok,data/processed/waveforms/us2000jbrb_MRSB.mseed,2026-09-12T12:07:53.163121+00:00
us2000jhgj,DAT,94.63,4.5,2019-02-01 10:32:51.220000+00:00,usgs,no_data,,2026-09-12T12:07:55.063580+00:00
us2000jhgj,DATC,100.58,4.5,2019-02-01 10:32:51.220000+00:00,usgs,ok,data/processed/waveforms/us2000jhgj_DATC.mseed,2026-09-12T12:07:55.655345+00:00
us2000jhgj,BBRN,114.57,4.5,2019-02-01 10:32:51.220000+00:00,usgs,no_data,,2026-09-12T12:07:56.256644+00:00
us2000jhgj,BODT,124.4,4.5,2019-02-01 10:32:51.220000+00:00,usgs,ok,data/processed/waveforms/us2000jhgj_BODT.mseed,2026-09-12T12:07:56.759819+00:00
us2000jcdz,CEYT,16.56,4.5,2019-02-02 12:20:37.950000+00:00,usgs,ok,data/processed/waveforms/us2000jcdz_CEYT.mseed,2026-09-12T12:07:57.808815+00:00
us2000jcdz,KOZT,36.13,4.5,2019-02-02 12:20:37.950000+00:00,usgs,ok,data/processed/waveforms/us2000jcdz_KOZT.mseed,2026-09-12T12:07:59.043273+00:00
us2000jcdz,KARA,65.9,4.5,2019-02-02 12:20:37.950000+00:00,usgs,ok,data/processed/waveforms/us2000jcdz_KARA.mseed,2026-09-12T12:08:00.060556+00:00
us2000jcdz,KRTD,70.76,4.5,2019-02-02 12:20:37.950000+00:00,usgs,no_data,,2026-09-12T12:08:01.164138+00:00
us2000jdne,ELL,28.26,4.5,2019-02-05 15:11:51.880000+00:00,usgs,ok,data/processed/waveforms/us2000jdne_ELL.mseed,2026-09-12T12:08:01.673562+00:00
us2000jdne,KEMT,33.84,4.5,2019-02-05 15:11:51.880000+00:00,usgs,ok,data/processed/waveforms/us2000jdne_KEMT.mseed,2026-09-12T12:08:02.685542+00:00
us2000jdne,DEMR,48.41,4.5,2019-02-05 15:11:51.880000+00:00,usgs,ok,data/processed/waveforms/us2000jdne_DEMR.mseed,2026-09-12T12:08:03.950120+00:00
us2000jdne,ANTB,53.11,4.5,2019-02-05 15:11:51.880000+00:00,usgs,ok,data/processed/waveforms/us2000jdne_ANTB.mseed,2026-09-12T12:08:05.247081+00:00
us2000jgqe,CANT,55.77,4.8,2019-02-12 17:14:30.950000+00:00,usgs,ok,data/processed/waveforms/us2000jgqe_CANT.mseed,2026-09-12T12:08:06.513038+00:00
us2000jgqe,GRDE,67.6,4.8,2019-02-12 17:14:30.950000+00:00,usgs,no_data,,2026-09-12T12:08:07.565919+00:00
us2000jgqe,SAFT,76.79,4.8,2019-02-12 17:14:30.950000+00:00,usgs,no_data,,2026-09-12T12:08:08.261833+00:00
us2000jgqe,LOD,78.76,4.8,2019-02-12 17:14:30.950000+00:00,usgs,ok,data/processed/waveforms/us2000jgqe_LOD.mseed,2026-09-12T12:08:08.956703+00:00
us2000jkr3,GPNR,34.82,5.1,2019-02-20 18:23:29.480000+00:00,usgs,ok,data/processed/waveforms/us2000jkr3_GPNR.mseed,2026-09-12T12:08:10.511069+00:00
us2000jkr3,CUND,45.64,5.1,2019-02-20 18:23:29.480000+00:00,usgs,no_data,,2026-09-12T12:08:11.609727+00:00
us1000jbx8,KEMT,123.62,4.5,2019-03-07 16:25:39.870000+00:00,usgs,ok,data/processed/waveforms/us1000jbx8_KEMT.mseed,2026-09-12T12:08:12.160501+00:00
us1000jbx8,DEMR,129.76,4.5,2019-03-07 16:25:39.870000+00:00,usgs,ok,data/processed/waveforms/us1000jbx8_DEMR.mseed,2026-09-12T12:08:13.317254+00:00
us1000jbx8,ALAN,137.12,4.5,2019-03-07 16:25:39.870000+00:00,usgs,ok,data/processed/waveforms/us1000jbx8_ALAN.mseed,2026-09-12T12:08:14.713843+00:00
us1000jbx8,MNVG,137.68,4.5,2019-03-07 16:25:39.870000+00:00,usgs,ok,data/processed/waveforms/us1000jbx8_MNVG.mseed,2026-09-12T12:08:16.059719+00:00
us1000jj23,DENT,58.36,5.7,2019-03-20 06:34:27.835000+00:00,usgs,no_data,,2026-09-12T12:08:17.587447+00:00
us1000jj23,BASM,72.14,5.7,2019-03-20 06:34:27.835000+00:00,usgs,ok,data/processed/waveforms/us1000jj23_BASM.mseed,2026-09-12T12:08:18.233967+00:00
us1000jl8f,ARPRA,50.35,4.6,2019-03-25 11:29:26.323000+00:00,usgs,ok,data/processed/waveforms/us1000jl8f_ARPRA.mseed,2026-09-12T12:08:19.924486+00:00
us1000jl8f,MALT,52.15,4.6,2019-03-25 11:29:26.323000+00:00,usgs,no_data,,2026-09-12T12:08:21.213333+00:00
us1000jl8f,DARE,52.67,4.6,2019-03-25 11:29:26.323000+00:00,usgs,ok,data/processed/waveforms/us1000jl8f_DARE.mseed,2026-09-12T12:08:21.795813+00:00
us1000jl8f,ILIC,94.97,4.6,2019-03-25 11:29:26.323000+00:00,usgs,no_data,,2026-09-12T12:08:22.934024+00:00
us2000k7yn,CAME,62.95,5.1,2019-03-31 11:30:17.785000+00:00,usgs,ok,data/processed/waveforms/us2000k7yn_CAME.mseed,2026-09-12T12:08:24.450569+00:00
us2000k7yn,BASM,73.78,5.1,2019-03-31 11:30:17.785000+00:00,usgs,ok,data/processed/waveforms/us2000k7yn_BASM.mseed,2026-09-12T12:08:25.966086+00:00
us2000kacn,PTK,68.8,5.2,2019-04-04 17:31:10.169000+00:00,usgs,ok,data/processed/waveforms/us2000kacn_PTK.mseed,2026-09-12T12:08:27.583191+00:00
us2000kacn,DYBB,93.75,5.2,2019-04-04 17:31:10.169000+00:00,usgs,no_data,,2026-09-12T12:08:28.584316+00:00
us7000365s,ARPRA,49.59,4.5,2019-04-15 04:41:31.885000+00:00,usgs,ok,data/processed/waveforms/us7000365s_ARPRA.mseed,2026-09-12T12:08:29.183157+00:00
us7000365s,MALT,52.74,4.5,2019-04-15 04:41:31.885000+00:00,usgs,no_data,,2026-09-12T12:08:30.149692+00:00
us7000365s,DARE,52.96,4.5,2019-04-15 04:41:31.885000+00:00,usgs,ok,data/processed/waveforms/us7000365s_DARE.mseed,2026-09-12T12:08:30.666374+00:00
us7000365s,ILIC,94.21,4.5,2019-04-15 04:41:31.885000+00:00,usgs,no_data,,2026-09-12T12:08:31.705096+00:00
us70003dri,BBRN,149.34,4.8,2019-04-29 04:43:17.623000+00:00,usgs,no_data,,2026-09-12T12:08:32.217085+00:00
us70003dri,DAT,151.57,4.8,2019-04-29 04:43:17.623000+00:00,usgs,ok,data/processed/waveforms/us70003dri_DAT.mseed,2026-09-12T12:08:32.708669+00:00
us70003dri,DATC,154.33,4.8,2019-04-29 04:43:17.623000+00:00,usgs,ok,data/processed/waveforms/us70003dri_DATC.mseed,2026-09-12T12:08:33.736733+00:00
us70003dri,MRSB,156.48,4.8,2019-04-29 04:43:17.623000+00:00,usgs,no_data,,2026-09-12T12:08:34.901263+00:00
us70003e5j,GPNR,14.54,4.6,2019-04-29 18:02:43.592000+00:00,usgs,ok,data/processed/waveforms/us70003e5j_GPNR.mseed,2026-09-12T12:08:35.450552+00:00
us70003e5j,CUND,33.77,4.6,2019-04-29 18:02:43.592000+00:00,usgs,no_data,,2026-09-12T12:08:36.597464+00:00
us70003e5j,EZNE,41.24,4.6,2019-04-29 18:02:43.592000+00:00,usgs,ok,data/processed/waveforms/us70003e5j_EZNE.mseed,2026-09-12T12:08:37.095733+00:00
us70003e5j,EZN,48.47,4.6,2019-04-29 18:02:43.592000+00:00,usgs,ok,data/processed/waveforms/us70003e5j_EZN.mseed,2026-09-12T12:08:38.546463+00:00
us60003sex,MLSB,22.93,4.5,2019-05-26 12:07:11.990000+00:00,usgs,ok,data/processed/waveforms/us60003sex_MLSB.mseed,2026-09-12T12:08:40.578692+00:00
us60003sex,YER,25.53,4.5,2019-05-26 12:07:11.990000+00:00,usgs,ok,data/processed/waveforms/us60003sex_YER.mseed,2026-09-12T12:08:41.806107+00:00
us60003sex,MRSB,59.24,4.5,2019-05-26 12:07:11.990000+00:00,usgs,no_data,,2026-09-12T12:08:42.779873+00:00
us60003sex,BBRN,61.32,4.5,2019-05-26 12:07:11.990000+00:00,usgs,no_data,,2026-09-12T12:08:43.296787+00:00
us60003sy2,DATC,20.71,4.6,2019-05-28 05:27:47.890000+00:00,usgs,ok,data/processed/waveforms/us60003sy2_DATC.mseed,2026-09-12T12:08:43.908391+00:00
us60003sy2,DAT,23.89,4.6,2019-05-28 05:27:47.890000+00:00,usgs,ok,data/processed/waveforms/us60003sy2_DAT.mseed,2026-09-12T12:08:45.204292+00:00
us60003sy2,BODT,30.85,4.6,2019-05-28 05:27:47.890000+00:00,usgs,ok,data/processed/waveforms/us60003sy2_BODT.mseed,2026-09-12T12:08:46.142434+00:00
us60003sy2,YKAV,36.61,4.6,2019-05-28 05:27:47.890000+00:00,usgs,ok,data/processed/waveforms/us60003sy2_YKAV.mseed,2026-09-12T12:08:47.362235+00:00
us70003uej,SAUV,38.75,4.5,2019-06-02 13:08:47.500000+00:00,usgs,ok,data/processed/waveforms/us70003uej_SAUV.mseed,2026-09-12T12:08:48.482263+00:00
us70003uej,SPNC,41.47,4.5,2019-06-02 13:08:47.500000+00:00,usgs,no_data,,2026-09-12T12:08:49.705337+00:00
us70003uej,GULT,45.08,4.5,2019-06-02 13:08:47.500000+00:00,usgs,ok,data/processed/waveforms/us70003uej_GULT.mseed,2026-09-12T12:08:50.203409+00:00
us70003uej,MDUB,49.16,4.5,2019-06-02 13:08:47.500000+00:00,usgs,ok,data/processed/waveforms/us70003uej_MDUB.mseed,2026-09-12T12:08:51.463809+00:00
us7000491h,BBRN,185.24,4.6,2019-07-03 01:02:08.912000+00:00,usgs,no_data,,2026-09-12T12:08:52.501242+00:00
us7000491h,MRSB,190.7,4.6,2019-07-03 01:02:08.912000+00:00,usgs,no_data,,2026-09-12T12:08:53.588811+00:00
us7000491h,DAT,192.36,4.6,2019-07-03 01:02:08.912000+00:00,usgs,ok,data/processed/waveforms/us7000491h_DAT.mseed,2026-09-12T12:08:54.374731+00:00
us7000491h,DATC,194.46,4.6,2019-07-03 01:02:08.912000+00:00,usgs,ok,data/processed/waveforms/us7000491h_DATC.mseed,2026-09-12T12:08:55.345326+00:00
us6000504d,DAT,169.27,5.1,2019-08-03 09:51:24.191000+00:00,usgs,ok,data/processed/waveforms/us6000504d_DAT.mseed,2026-09-12T12:08:56.506425+00:00
us6000504d,DATC,171.41,5.1,2019-08-03 09:51:24.191000+00:00,usgs,ok,data/processed/waveforms/us6000504d_DATC.mseed,2026-09-12T12:08:57.423081+00:00
us6000528z,GMLD,10.3,4.7,2019-08-08 08:39:08.691000+00:00,usgs,ok,data/processed/waveforms/us6000528z_GMLD.mseed,2026-09-12T12:08:58.534010+00:00
us6000528z,KUSD,37.3,4.7,2019-08-08 08:39:08.691000+00:00,usgs,ok,data/processed/waveforms/us6000528z_KUSD.mseed,2026-09-12T12:09:00.309010+00:00
us6000528z,BLCB,46.31,4.7,2019-08-08 08:39:08.691000+00:00,usgs,ok,data/processed/waveforms/us6000528z_BLCB.mseed,2026-09-12T12:09:01.571234+00:00
us6000528z,CESE,64.46,4.7,2019-08-08 08:39:08.691000+00:00,usgs,ok,data/processed/waveforms/us6000528z_CESE.mseed,2026-09-12T12:09:02.695067+00:00
us6000529r,DENT,61.95,5.9,2019-08-08 11:25:31.104000+00:00,usgs,no_data,,2026-09-12T12:09:03.853722+00:00
us6000529r,APMY,62.31,5.9,2019-08-08 11:25:31.104000+00:00,usgs,ok,data/processed/waveforms/us6000529r_APMY.mseed,2026-09-12T12:09:04.420846+00:00
us600053xb,DAT,199.82,4.5,2019-08-12 07:57:07.017000+00:00,usgs,ok,data/processed/waveforms/us600053xb_DAT.mseed,2026-09-12T12:09:05.631232+00:00
us600053xb,BODT,200.76,4.5,2019-08-12 07:57:07.017000+00:00,usgs,no_data,,2026-09-12T12:09:06.552350+00:00
us600053xb,YKAV,203.33,4.5,2019-08-12 07:57:07.017000+00:00,usgs,ok,data/processed/waveforms/us600053xb_YKAV.mseed,2026-09-12T12:09:07.114484+00:00
us600053xb,DATC,207.83,4.5,2019-08-12 07:57:07.017000+00:00,usgs,ok,data/processed/waveforms/us600053xb_DATC.mseed,2026-09-12T12:09:08.479118+00:00
us7000594r,DAT,116.56,4.9,2019-08-28 11:58:18.490000+00:00,usgs,ok,data/processed/waveforms/us7000594r_DAT.mseed,2026-09-12T12:09:14.173100+00:00
us7000594r,BBRN,117.07,4.9,2019-08-28 11:58:18.490000+00:00,usgs,no_data,,2026-09-12T12:09:21.508628+00:00
us7000594r,DATC,119.53,4.9,2019-08-28 11:58:18.490000+00:00,usgs,ok,data/processed/waveforms/us7000594r_DATC.mseed,2026-09-12T12:09:22.386611+00:00
us7000594r,MRSB,125.36,4.9,2019-08-28 11:58:18.490000+00:00,usgs,no_data,,2026-09-12T12:09:24.323285+00:00
us70005a9c,DIDI,37.91,4.6,2019-08-30 15:38:14.496000+00:00,usgs,ok,data/processed/waveforms/us70005a9c_DIDI.mseed,2026-09-12T12:09:26.165389+00:00
us70005a9c,YKAV,56.35,4.6,2019-08-30 15:38:14.496000+00:00,usgs,ok,data/processed/waveforms/us70005a9c_YKAV.mseed,2026-09-12T12:09:29.884232+00:00
us70005a9c,KUSD,57.75,4.6,2019-08-30 15:38:14.496000+00:00,usgs,ok,data/processed/waveforms/us70005a9c_KUSD.mseed,2026-09-12T12:09:32.211413+00:00
us70005a9c,BODT,63.24,4.6,2019-08-30 15:38:14.496000+00:00,usgs,no_data,,2026-09-12T12:09:33.985607+00:00
us70005abi,DIDI,40.01,4.5,2019-08-30 17:21:04.367000+00:00,usgs,ok,data/processed/waveforms/us70005abi_DIDI.mseed,2026-09-12T12:09:34.523118+00:00
us70005abi,KUSD,55.53,4.5,2019-08-30 17:21:04.367000+00:00,usgs,ok,data/processed/waveforms/us70005abi_KUSD.mseed,2026-09-12T12:09:35.671406+00:00
us70005abi,YKAV,59.69,4.5,2019-08-30 17:21:04.367000+00:00,usgs,ok,data/processed/waveforms/us70005abi_YKAV.mseed,2026-09-12T12:09:36.261260+00:00
us70005abi,GMLD,62.33,4.5,2019-08-30 17:21:04.367000+00:00,usgs,ok,data/processed/waveforms/us70005abi_GMLD.mseed,2026-09-12T12:09:36.859903+00:00
us70005b4k,FETY,40.87,4.6,2019-09-02 06:13:18.046000+00:00,usgs,no_data,,2026-09-12T12:09:38.050813+00:00
us70005b4k,FETI,46.35,4.6,2019-09-02 06:13:18.046000+00:00,usgs,ok,data/processed/waveforms/us70005b4k_FETI.mseed,2026-09-12T12:09:38.583010+00:00
us70005b4k,DALY,52.67,4.6,2019-09-02 06:13:18.046000+00:00,usgs,no_data,,2026-09-12T12:09:40.451745+00:00
us70005b4k,MRSB,66.33,4.6,2019-09-02 06:13:18.046000+00:00,usgs,no_data,,2026-09-12T12:09:41.379530+00:00
us70005bq9,BBRN,168.08,4.6,2019-09-04 01:01:32.884000+00:00,usgs,no_data,,2026-09-12T12:09:42.296924+00:00
us70005bq9,MRSB,173.63,4.6,2019-09-04 01:01:32.884000+00:00,usgs,no_data,,2026-09-12T12:09:42.913471+00:00
us70005bq9,DAT,175.52,4.6,2019-09-04 01:01:32.884000+00:00,usgs,ok,data/processed/waveforms/us70005bq9_DAT.mseed,2026-09-12T12:09:43.420922+00:00
us70005bq9,DATC,177.49,4.6,2019-09-04 01:01:32.884000+00:00,usgs,ok,data/processed/waveforms/us70005bq9_DATC.mseed,2026-09-12T12:09:44.334445+00:00
us70005e8a,KARS,99.85,4.7,2019-09-10 16:22:47.212000+00:00,usgs,no_data,,2026-09-12T12:09:45.613698+00:00
us70005e8a,TASB,117.43,4.7,2019-09-10 16:22:47.212000+00:00,usgs,ok,data/processed/waveforms/us70005e8a_TASB.mseed,2026-09-12T12:09:46.219661+00:00
us70005e8a,SENK,159.74,4.7,2019-09-10 16:22:47.212000+00:00,usgs,ok,data/processed/waveforms/us70005e8a_SENK.mseed,2026-09-12T12:09:47.298402+00:00
us70005e8a,AGRB,189.51,4.7,2019-09-10 16:22:47.212000+00:00,usgs,ok,data/processed/waveforms/us70005e8a_AGRB.mseed,2026-09-12T12:09:48.466223+00:00
us70005g9r,CANT,50.51,4.7,2019-09-14 06:03:13.477000+00:00,usgs,no_data,,2026-09-12T12:09:49.842729+00:00
us70005g9r,SAFT,67.96,4.7,2019-09-14 06:03:13.477000+00:00,usgs,ok,data/processed/waveforms/us70005g9r_SAFT.mseed,2026-09-12T12:09:50.369761+00:00
us70005g9r,GRDE,70.08,4.7,2019-09-14 06:03:13.477000+00:00,usgs,no_data,,2026-09-12T12:09:51.466397+00:00
us70005g9r,LOD,91.54,4.7,2019-09-14 06:03:13.477000+00:00,usgs,no_data,,2026-09-12T12:09:51.998947+00:00
us60005mmr,BOTS,20.19,4.9,2019-09-24 08:00:24.160000+00:00,usgs,no_data,,2026-09-12T12:09:52.516468+00:00
us60005mmr,SINB,36.66,4.9,2019-09-24 08:00:24.160000+00:00,usgs,no_data,,2026-09-12T12:09:53.126736+00:00
us60005mmr,SLVT,41.61,4.9,2019-09-24 08:00:24.160000+00:00,usgs,ok,data/processed/waveforms/us60005mmr_SLVT.mseed,2026-09-12T12:09:53.843422+00:00
us60005mmr,CRLT,45.72,4.9,2019-09-24 08:00:24.160000+00:00,usgs,no_data,,2026-09-12T12:09:55.571465+00:00
us70005lkl,SLVT,36.52,5.7,2019-09-26 10:59:25.648000+00:00,usgs,ok,data/processed/waveforms/us70005lkl_SLVT.mseed,2026-09-12T12:09:56.505662+00:00
us70005lkl,CRLT,42.85,5.7,2019-09-26 10:59:25.648000+00:00,usgs,no_data,,2026-09-12T12:09:57.616533+00:00
us70005s19,BOTS,22.33,4.5,2019-09-26 20:02:41.002000+00:00,usgs,no_data,,2026-09-12T12:09:58.125738+00:00
us70005s19,SINB,35.27,4.5,2019-09-26 20:02:41.002000+00:00,usgs,no_data,,2026-09-12T12:09:58.690224+00:00
us70005s19,SLVT,42.36,4.5,2019-09-26 20:02:41.002000+00:00,usgs,ok,data/processed/waveforms/us70005s19_SLVT.mseed,2026-09-12T12:09:59.204559+00:00
us70005s19,YKBL,44.71,4.5,2019-09-26 20:02:41.002000+00:00,usgs,no_data,,2026-09-12T12:10:00.234409+00:00
us70005q4l,FETY,60.69,5.1,2019-10-03 04:44:56.550000+00:00,usgs,ok,data/processed/waveforms/us70005q4l_FETY.mseed,2026-09-12T12:10:00.833455+00:00
us70005q4l,BBRN,64.16,5.1,2019-10-03 04:44:56.550000+00:00,usgs,no_data,,2026-09-12T12:10:02.015729+00:00
us70005r33,DAT,89.93,5.0,2019-10-05 14:51:37.881000+00:00,usgs,ok,data/processed/waveforms/us70005r33_DAT.mseed,2026-09-12T12:10:02.505489+00:00
us70005r33,DATC,90.12,5.0,2019-10-05 14:51:37.881000+00:00,usgs,ok,data/processed/waveforms/us70005r33_DATC.mseed,2026-09-12T12:10:03.486614+00:00
us600062ps,DALY,39.47,4.6,2019-10-24 21:06:47.506000+00:00,usgs,ok,data/processed/waveforms/us600062ps_DALY.mseed,2026-09-12T12:10:04.636606+00:00
us600062ps,FETY,41.37,4.6,2019-10-24 21:06:47.506000+00:00,usgs,ok,data/processed/waveforms/us600062ps_FETY.mseed,2026-09-12T12:10:05.631513+00:00
us600062ps,FETI,45.46,4.6,2019-10-24 21:06:47.506000+00:00,usgs,ok,data/processed/waveforms/us600062ps_FETI.mseed,2026-09-12T12:10:06.873586+00:00
us600062ps,MRSB,51.14,4.6,2019-10-24 21:06:47.506000+00:00,usgs,no_data,,2026-09-12T12:10:08.003279+00:00
us600064e2,DAT,249.95,4.5,2019-10-29 13:01:52.372000+00:00,usgs,ok,data/processed/waveforms/us600064e2_DAT.mseed,2026-09-12T12:10:08.491528+00:00
us600064e2,BODT,250.54,4.5,2019-10-29 13:01:52.372000+00:00,usgs,ok,data/processed/waveforms/us600064e2_BODT.mseed,2026-09-12T12:10:09.608979+00:00
us600064e2,YKAV,252.87,4.5,2019-10-29 13:01:52.372000+00:00,usgs,ok,data/processed/waveforms/us600064e2_YKAV.mseed,2026-09-12T12:10:11.432927+00:00
us600064e2,BODA,257.13,4.5,2019-10-29 13:01:52.372000+00:00,usgs,no_data,,2026-09-12T12:10:13.011099+00:00
us700069pz,CLDR,78.8,4.7,2019-11-19 00:14:13.557000+00:00,usgs,no_data,,2026-09-12T12:10:13.510284+00:00
us700069pz,VANB,86.77,4.7,2019-11-19 00:14:13.557000+00:00,usgs,ok,data/processed/waveforms/us700069pz_VANB.mseed,2026-09-12T12:10:14.005101+00:00
us700069pz,ERCV,106.31,4.7,2019-11-19 00:14:13.557000+00:00,usgs,ok,data/processed/waveforms/us700069pz_ERCV.mseed,2026-09-12T12:10:15.216717+00:00
us700069pz,AKDM,126.16,4.7,2019-11-19 00:14:13.557000+00:00,usgs,ok,data/processed/waveforms/us700069pz_AKDM.mseed,2026-09-12T12:10:16.320590+00:00
us70006cg8,KOZT,16.27,4.5,2019-11-24 13:33:23.519000+00:00,usgs,ok,data/processed/waveforms/us70006cg8_KOZT.mseed,2026-09-12T12:10:17.405868+00:00
us70006cg8,CEYT,68.66,4.5,2019-11-24 13:33:23.519000+00:00,usgs,ok,data/processed/waveforms/us70006cg8_CEYT.mseed,2026-09-12T12:10:18.366506+00:00
us70006cg8,CMRD,72.81,4.5,2019-11-24 13:33:23.519000+00:00,usgs,ok,data/processed/waveforms/us70006cg8_CMRD.mseed,2026-09-12T12:10:19.375494+00:00
us70006cg8,KARA,78.49,4.5,2019-11-24 13:33:23.519000+00:00,usgs,ok,data/processed/waveforms/us70006cg8_KARA.mseed,2026-09-12T12:10:20.952158+00:00
us70006fht,DAT,165.83,4.5,2019-12-03 09:46:00.260000+00:00,usgs,ok,data/processed/waveforms/us70006fht_DAT.mseed,2026-09-12T12:10:22.047297+00:00
us70006fht,DATC,170.67,4.5,2019-12-03 09:46:00.260000+00:00,usgs,ok,data/processed/waveforms/us70006fht_DATC.mseed,2026-09-12T12:10:23.016658+00:00
us70006fht,BBRN,175.77,4.5,2019-12-03 09:46:00.260000+00:00,usgs,no_data,,2026-09-12T12:10:24.219623+00:00
us70006fht,MRSB,185.35,4.5,2019-12-03 09:46:00.260000+00:00,usgs,no_data,,2026-09-12T12:10:24.865282+00:00
us60006pvc,BALB,21.93,4.6,2019-12-10 20:14:03.159000+00:00,usgs,ok,data/processed/waveforms/us60006pvc_BALB.mseed,2026-09-12T12:10:25.624517+00:00
us60006pvc,SOMA,45.43,4.6,2019-12-10 20:14:03.159000+00:00,usgs,ok,data/processed/waveforms/us60006pvc_SOMA.mseed,2026-09-12T12:10:27.251180+00:00
us60006pvc,SUSR,58.73,4.6,2019-12-10 20:14:03.159000+00:00,usgs,ok,data/processed/waveforms/us60006pvc_SUSR.mseed,2026-09-12T12:10:28.353563+00:00
us60006pvc,AKS,64.48,4.6,2019-12-10 20:14:03.159000+00:00,usgs,ok,data/processed/waveforms/us60006pvc_AKS.mseed,2026-09-12T12:10:29.226934+00:00
us60006pxs,BODT,190.46,5.4,2019-12-10 21:58:28.855000+00:00,usgs,ok,data/processed/waveforms/us60006pxs_BODT.mseed,2026-09-12T12:10:30.286096+00:00
us60006pxs,BODA,192.38,5.4,2019-12-10 21:58:28.855000+00:00,usgs,no_data,,2026-09-12T12:10:31.299400+00:00
us70006rg4,SVRC,25.85,4.9,2019-12-27 07:02:27.680000+00:00,usgs,no_data,,2026-09-12T12:10:31.977636+00:00
us70006rg4,MALT,52.42,4.9,2019-12-27 07:02:27.680000+00:00,usgs,no_data,,2026-09-12T12:10:32.947010+00:00
us70006rg4,PTK,73.34,4.9,2019-12-27 07:02:27.680000+00:00,usgs,no_data,,2026-09-12T12:10:33.455295+00:00
us70006rg4,URFA,96.96,4.9,2019-12-27 07:02:27.680000+00:00,usgs,ok,data/processed/waveforms/us70006rg4_URFA.mseed,2026-09-12T12:10:33.943481+00:00
us70006s5q,SENK,35.85,4.5,2019-12-29 11:20:09.198000+00:00,usgs,ok,data/processed/waveforms/us70006s5q_SENK.mseed,2026-09-12T12:10:34.979750+00:00
us70006s5q,KOPR,40.48,4.5,2019-12-29 11:20:09.198000+00:00,usgs,ok,data/processed/waveforms/us70006s5q_KOPR.mseed,2026-09-12T12:10:35.892935+00:00
us70006s5q,KARS,91.72,4.5,2019-12-29 11:20:09.198000+00:00,usgs,ok,data/processed/waveforms/us70006s5q_KARS.mseed,2026-09-12T12:10:37.024967+00:00
us70006s5q,AGRB,112.26,4.5,2019-12-29 11:20:09.198000+00:00,usgs,ok,data/processed/waveforms/us70006s5q_AGRB.mseed,2026-09-12T12:10:38.160462+00:00
us70006ye3,BOTS,22.74,4.9,2020-01-11 13:37:37.109000+00:00,usgs,ok,data/processed/waveforms/us70006ye3_BOTS.mseed,2026-09-12T12:10:39.177780+00:00
us70006ye3,SINB,26.38,4.9,2020-01-11 13:37:37.109000+00:00,usgs,ok,data/processed/waveforms/us70006ye3_SINB.mseed,2026-09-12T12:10:41.062386+00:00
us70006ye3,SLVT,33.44,4.9,2020-01-11 13:37:37.109000+00:00,usgs,ok,data/processed/waveforms/us70006ye3_SLVT.mseed,2026-09-12T12:10:43.273555+00:00
us70006ye3,YKBL,36.63,4.9,2020-01-11 13:37:37.109000+00:00,usgs,ok,data/processed/waveforms/us70006ye3_YKBL.mseed,2026-09-12T12:10:44.604597+00:00
us60007d2r,GORD,34.41,5.6,2020-01-22 19:22:16.298000+00:00,usgs,ok,data/processed/waveforms/us60007d2r_GORD.mseed,2026-09-12T12:10:46.174202+00:00
us60007d2r,GOMA,41.12,5.6,2020-01-22 19:22:16.298000+00:00,usgs,ok,data/processed/waveforms/us60007d2r_GOMA.mseed,2026-09-12T12:10:47.467971+00:00
us60007ewc,PTK,58.79,6.7,2020-01-24 17:55:14.147000+00:00,usgs,no_data,,2026-09-12T12:10:48.824026+00:00
us60007ewc,ARPRA,96.79,6.7,2020-01-24 17:55:14.147000+00:00,usgs,ok,data/processed/waveforms/us60007ewc_ARPRA.mseed,2026-09-12T12:10:49.359381+00:00
us60007f7j,SVRC,11.62,4.8,2020-01-24 18:08:07.074000+00:00,usgs,ok,data/processed/waveforms/us60007f7j_SVRC.mseed,2026-09-12T12:10:50.547062+00:00
us60007f7j,PTK,54.76,4.8,2020-01-24 18:08:07.074000+00:00,usgs,no_data,,2026-09-12T12:10:51.777036+00:00
us60007f7j,MALT,67.51,4.8,2020-01-24 18:08:07.074000+00:00,usgs,no_data,,2026-09-12T12:10:52.259197+00:00
us60007f7j,DYBB,98.38,4.8,2020-01-24 18:08:07.074000+00:00,usgs,ok,data/processed/waveforms/us60007f7j_DYBB.mseed,2026-09-12T12:10:52.789134+00:00
us60007fkb,SVRC,4.8,4.5,2020-01-25 08:40:04.736000+00:00,usgs,ok,data/processed/waveforms/us60007fkb_SVRC.mseed,2026-09-12T12:10:54.001030+00:00
us60007fkb,PTK,62.13,4.5,2020-01-25 08:40:04.736000+00:00,usgs,no_data,,2026-09-12T12:10:55.773788+00:00
us60007fkb,MALT,74.17,4.5,2020-01-25 08:40:04.736000+00:00,usgs,no_data,,2026-09-12T12:10:56.618688+00:00
us60007fkb,DYBB,86.87,4.5,2020-01-25 08:40:04.736000+00:00,usgs,ok,data/processed/waveforms/us60007fkb_DYBB.mseed,2026-09-12T12:10:57.593116+00:00
us60007flw,MALT,32.94,4.5,2020-01-25 10:14:59.234000+00:00,usgs,no_data,,2026-09-12T12:10:58.558500+00:00
us60007flw,SVRC,50.14,4.5,2020-01-25 10:14:59.234000+00:00,usgs,ok,data/processed/waveforms/us60007flw_SVRC.mseed,2026-09-12T12:10:59.044463+00:00
us60007flw,URFA,84.71,4.5,2020-01-25 10:14:59.234000+00:00,usgs,ok,data/processed/waveforms/us60007flw_URFA.mseed,2026-09-12T12:10:59.636247+00:00
us60007flw,PTK,93.59,4.5,2020-01-25 10:14:59.234000+00:00,usgs,no_data,,2026-09-12T12:11:00.918180+00:00
us60007fs4,PTK,63.93,5.1,2020-01-25 16:30:11.109000+00:00,usgs,no_data,,2026-09-12T12:11:01.446707+00:00
us60007fs4,DYBB,100.83,5.1,2020-01-25 16:30:11.109000+00:00,usgs,ok,data/processed/waveforms/us60007fs4_DYBB.mseed,2026-09-12T12:11:01.925826+00:00
us60007i49,GORD,34.08,5.0,2020-01-28 11:26:15+00:00,usgs,ok,data/processed/waveforms/us60007i49_GORD.mseed,2026-09-12T12:11:02.738253+00:00
us60007i49,GOMA,44.45,5.0,2020-01-28 11:26:15+00:00,usgs,ok,data/processed/waveforms/us60007i49_GOMA.mseed,2026-09-12T12:11:03.810665+00:00
us60007i7j,DAT,170.56,5.5,2020-01-28 15:38:34.436000+00:00,usgs,ok,data/processed/waveforms/us60007i7j_DAT.mseed,2026-09-12T12:11:04.984752+00:00
us60007i7j,DATC,172.51,5.5,2020-01-28 15:38:34.436000+00:00,usgs,ok,data/processed/waveforms/us60007i7j_DATC.mseed,2026-09-12T12:11:06.271554+00:00
us60007i7x,BBRN,163.01,4.5,2020-01-28 16:12:41.207000+00:00,usgs,no_data,,2026-09-12T12:11:07.437344+00:00
us60007i7x,MRSB,168.91,4.5,2020-01-28 16:12:41.207000+00:00,usgs,no_data,,2026-09-12T12:11:07.981215+00:00
us60007i7x,DAT,169.35,4.5,2020-01-28 16:12:41.207000+00:00,usgs,ok,data/processed/waveforms/us60007i7x_DAT.mseed,2026-09-12T12:11:08.468285+00:00
us60007i7x,DATC,171.49,4.5,2020-01-28 16:12:41.207000+00:00,usgs,ok,data/processed/waveforms/us60007i7x_DATC.mseed,2026-09-12T12:11:09.673511+00:00
us70007k4y,BBRN,154.02,4.5,2020-01-28 16:13:13.703000+00:00,usgs,no_data,,2026-09-12T12:11:12.017073+00:00
us70007k4y,MRSB,159.3,4.5,2020-01-28 16:13:13.703000+00:00,usgs,no_data,,2026-09-12T12:11:12.502161+00:00
us70007k4y,DAT,162.94,4.5,2020-01-28 16:13:13.703000+00:00,usgs,ok,data/processed/waveforms/us70007k4y_DAT.mseed,2026-09-12T12:11:13.010278+00:00
us70007k4y,DATC,164.58,4.5,2020-01-28 16:13:13.703000+00:00,usgs,ok,data/processed/waveforms/us70007k4y_DATC.mseed,2026-09-12T12:11:13.666284+00:00
us60007ii1,BBRN,172.93,4.5,2020-01-28 21:44:57.993000+00:00,usgs,no_data,,2026-09-12T12:11:14.282618+00:00
us60007ii1,MRSB,178.45,4.5,2020-01-28 21:44:57.993000+00:00,usgs,no_data,,2026-09-12T12:11:14.922191+00:00
us60007ii1,DAT,180.27,4.5,2020-01-28 21:44:57.993000+00:00,usgs,ok,data/processed/waveforms/us60007ii1_DAT.mseed,2026-09-12T12:11:15.432532+00:00
us60007ii1,DATC,182.28,4.5,2020-01-28 21:44:57.993000+00:00,usgs,ok,data/processed/waveforms/us60007ii1_DATC.mseed,2026-09-12T12:11:16.003877+00:00
us60007j2q,BBRN,168.02,4.8,2020-01-29 13:36:59.488000+00:00,usgs,no_data,,2026-09-12T12:11:16.866679+00:00
us60007j2q,MRSB,173.59,4.8,2020-01-29 13:36:59.488000+00:00,usgs,no_data,,2026-09-12T12:11:17.391780+00:00
us60007j2q,DAT,175.33,4.8,2020-01-29 13:36:59.488000+00:00,usgs,ok,data/processed/waveforms/us60007j2q_DAT.mseed,2026-09-12T12:11:17.904571+00:00
us60007j2q,DATC,177.32,4.8,2020-01-29 13:36:59.488000+00:00,usgs,ok,data/processed/waveforms/us60007j2q_DATC.mseed,2026-09-12T12:11:18.852194+00:00
us60007jb3,CUKT,115.42,4.9,2020-01-29 18:07:31.086000+00:00,usgs,ok,data/processed/waveforms/us60007jb3_CUKT.mseed,2026-09-12T12:11:19.873306+00:00
us60007jb3,VANB,201.71,4.9,2020-01-29 18:07:31.086000+00:00,usgs,ok,data/processed/waveforms/us60007jb3_VANB.mseed,2026-09-12T12:11:20.958685+00:00
us60007jb3,AKDM,215.06,4.9,2020-01-29 18:07:31.086000+00:00,usgs,ok,data/processed/waveforms/us60007jb3_AKDM.mseed,2026-09-12T12:11:22.161873+00:00
us60007jb3,SIRT,221.66,4.9,2020-01-29 18:07:31.086000+00:00,usgs,no_data,,2026-09-12T12:11:23.455721+00:00
us60007jpa,DAT,177.23,5.5,2020-01-30 01:28:05.202000+00:00,usgs,ok,data/processed/waveforms/us60007jpa_DAT.mseed,2026-09-12T12:11:23.940202+00:00
us60007jpa,DATC,179.26,5.5,2020-01-30 01:28:05.202000+00:00,usgs,ok,data/processed/waveforms/us60007jpa_DATC.mseed,2026-09-12T12:11:26.459482+00:00
us60007jzj,MRSB,174.67,5.7,2020-01-30 11:21:36.743000+00:00,usgs,no_data,,2026-09-12T12:11:28.244888+00:00
us60007jzj,DATC,175.66,5.7,2020-01-30 11:21:36.743000+00:00,usgs,ok,data/processed/waveforms/us60007jzj_DATC.mseed,2026-09-12T12:11:28.731796+00:00
us60007l19,BBRN,160.58,4.7,2020-01-31 04:34:38.218000+00:00,usgs,no_data,,2026-09-12T12:11:29.485927+00:00
us60007l19,MRSB,165.69,4.7,2020-01-31 04:34:38.218000+00:00,usgs,no_data,,2026-09-12T12:11:30.075530+00:00
us60007l19,DAT,169.84,4.7,2020-01-31 04:34:38.218000+00:00,usgs,ok,data/processed/waveforms/us60007l19_DAT.mseed,2026-09-12T12:11:30.604278+00:00
us60007l19,DATC,171.46,4.7,2020-01-31 04:34:38.218000+00:00,usgs,ok,data/processed/waveforms/us60007l19_DATC.mseed,2026-09-12T12:11:31.432912+00:00
us60007lub,SVRC,13.48,4.7,2020-01-31 23:32:51.609000+00:00,usgs,ok,data/processed/waveforms/us60007lub_SVRC.mseed,2026-09-12T12:11:32.674124+00:00
us60007lub,PTK,44.3,4.7,2020-01-31 23:32:51.609000+00:00,usgs,no_data,,2026-09-12T12:11:33.669093+00:00
us60007lub,MALT,81.93,4.7,2020-01-31 23:32:51.609000+00:00,usgs,no_data,,2026-09-12T12:11:34.201115+00:00
us60007lub,DYBB,92.42,4.7,2020-01-31 23:32:51.609000+00:00,usgs,ok,data/processed/waveforms/us60007lub_DYBB.mseed,2026-09-12T12:11:34.718762+00:00
us60007phg,AKS,17.3,4.5,2020-02-04 16:47:10.864000+00:00,usgs,ok,data/processed/waveforms/us60007phg_AKS.mseed,2026-09-12T12:11:36.020705+00:00
us60007phg,GORD,22.62,4.5,2020-02-04 16:47:10.864000+00:00,usgs,ok,data/processed/waveforms/us60007phg_GORD.mseed,2026-09-12T12:11:37.220557+00:00
us60007phg,GOMA,32.3,4.5,2020-02-04 16:47:10.864000+00:00,usgs,ok,data/processed/waveforms/us60007phg_GOMA.mseed,2026-09-12T12:11:38.229447+00:00
us60007phg,SOMA,39.36,4.5,2020-02-04 16:47:10.864000+00:00,usgs,ok,data/processed/waveforms/us60007phg_SOMA.mseed,2026-09-12T12:11:39.828891+00:00
us60007pkf,AKS,18.74,4.9,2020-02-04 17:55:23.965000+00:00,usgs,ok,data/processed/waveforms/us60007pkf_AKS.mseed,2026-09-12T12:11:41.650267+00:00
us60007pkf,GORD,29.31,4.9,2020-02-04 17:55:23.965000+00:00,usgs,ok,data/processed/waveforms/us60007pkf_GORD.mseed,2026-09-12T12:11:42.763161+00:00
us60007pkf,SOMA,32.74,4.9,2020-02-04 17:55:23.965000+00:00,usgs,ok,data/processed/waveforms/us60007pkf_SOMA.mseed,2026-09-12T12:11:43.518670+00:00
us60007pkf,GOMA,36.89,4.9,2020-02-04 17:55:23.965000+00:00,usgs,ok,data/processed/waveforms/us60007pkf_GOMA.mseed,2026-09-12T12:11:44.129903+00:00
us70007kmm,DAT,210.52,4.7,2020-02-07 03:11:46.579000+00:00,usgs,ok,data/processed/waveforms/us70007kmm_DAT.mseed,2026-09-12T12:11:44.707645+00:00
us70007kmm,DATC,216.63,4.7,2020-02-07 03:11:46.579000+00:00,usgs,ok,data/processed/waveforms/us70007kmm_DATC.mseed,2026-09-12T12:11:45.541849+00:00
us70007kmm,BBRN,228.27,4.7,2020-02-07 03:11:46.579000+00:00,usgs,no_data,,2026-09-12T12:11:46.747458+00:00
us70007kmm,BODT,236.11,4.7,2020-02-07 03:11:46.579000+00:00,usgs,ok,data/processed/waveforms/us70007kmm_BODT.mseed,2026-09-12T12:11:47.305400+00:00
us70007mw0,BBRN,168.57,4.9,2020-02-10 22:46:50.831000+00:00,usgs,no_data,,2026-09-12T12:11:48.658143+00:00
us70007mw0,MRSB,174.02,4.9,2020-02-10 22:46:50.831000+00:00,usgs,no_data,,2026-09-12T12:11:49.156866+00:00
us70007mw0,DAT,176.31,4.9,2020-02-10 22:46:50.831000+00:00,usgs,ok,data/processed/waveforms/us70007mw0_DAT.mseed,2026-09-12T12:11:49.661960+00:00
us70007mw0,DATC,178.23,4.9,2020-02-10 22:46:50.831000+00:00,usgs,ok,data/processed/waveforms/us70007mw0_DATC.mseed,2026-09-12T12:11:50.585517+00:00
us70007q3r,DAT,120.01,4.9,2020-02-14 16:02:16.346000+00:00,usgs,ok,data/processed/waveforms/us70007q3r_DAT.mseed,2026-09-12T12:11:52.047868+00:00
us70007q3r,DATC,126.33,4.9,2020-02-14 16:02:16.346000+00:00,usgs,ok,data/processed/waveforms/us70007q3r_DATC.mseed,2026-09-12T12:11:53.010367+00:00
us70007q3r,BBRN,141.25,4.9,2020-02-14 16:02:16.346000+00:00,usgs,no_data,,2026-09-12T12:11:54.085979+00:00
us70007q3r,BODA,146.32,4.9,2020-02-14 16:02:16.346000+00:00,usgs,no_data,,2026-09-12T12:11:55.310761+00:00
us70007rei,CLDR,80.27,4.7,2020-02-16 18:02:15.429000+00:00,usgs,no_data,,2026-09-12T12:11:56.198744+00:00
us70007rei,VANB,85.49,4.7,2020-02-16 18:02:15.429000+00:00,usgs,ok,data/processed/waveforms/us70007rei_VANB.mseed,2026-09-12T12:11:56.917855+00:00
us70007rei,ERCV,106.52,4.7,2020-02-16 18:02:15.429000+00:00,usgs,ok,data/processed/waveforms/us70007rei_ERCV.mseed,2026-09-12T12:11:58.117447+00:00
us70007rei,AKDM,124.54,4.7,2020-02-16 18:02:15.429000+00:00,usgs,ok,data/processed/waveforms/us70007rei_AKDM.mseed,2026-09-12T12:11:59.510480+00:00
us70007u9g,BBRN,164.68,4.5,2020-02-17 07:10:09.702000+00:00,usgs,no_data,,2026-09-12T12:12:00.620614+00:00
us70007u9g,MRSB,169.87,4.5,2020-02-17 07:10:09.702000+00:00,usgs,no_data,,2026-09-12T12:12:01.135532+00:00
us70007u9g,DAT,173.51,4.5,2020-02-17 07:10:09.702000+00:00,usgs,no_data,,2026-09-12T12:12:01.681093+00:00
us70007u9g,DATC,175.22,4.5,2020-02-17 07:10:09.702000+00:00,usgs,ok,data/processed/waveforms/us70007u9g_DATC.mseed,2026-09-12T12:12:02.589837+00:00
us70007sgb,SOMA,25.08,4.8,2020-02-18 16:09:23.758000+00:00,usgs,ok,data/processed/waveforms/us70007sgb_SOMA.mseed,2026-09-12T12:12:03.873978+00:00
us70007sgb,AKS,25.46,4.8,2020-02-18 16:09:23.758000+00:00,usgs,ok,data/processed/waveforms/us70007sgb_AKS.mseed,2026-09-12T12:12:05.640067+00:00
us70007sgb,GORD,38.08,4.8,2020-02-18 16:09:23.758000+00:00,usgs,ok,data/processed/waveforms/us70007sgb_GORD.mseed,2026-09-12T12:12:07.084274+00:00
us70007sgb,GOMA,45.27,4.8,2020-02-18 16:09:23.758000+00:00,usgs,ok,data/processed/waveforms/us70007sgb_GOMA.mseed,2026-09-12T12:12:08.480181+00:00
us70007uxg,SEYD,32.65,4.7,2020-02-22 22:26:41.698000+00:00,usgs,ok,data/processed/waveforms/us70007uxg_SEYD.mseed,2026-09-12T12:12:10.325358+00:00
us70007uxg,SUTC,41.97,4.7,2020-02-22 22:26:41.698000+00:00,usgs,no_data,,2026-09-12T12:12:14.331673+00:00
us70007uxg,MNVG,69.06,4.7,2020-02-22 22:26:41.698000+00:00,usgs,ok,data/processed/waveforms/us70007uxg_MNVG.mseed,2026-09-12T12:12:15.058374+00:00
us70007uxg,BCK,77.86,4.7,2020-02-22 22:26:41.698000+00:00,usgs,ok,data/processed/waveforms/us70007uxg_BCK.mseed,2026-09-12T12:12:16.973522+00:00
us70007v29,ERCV,113.22,5.8,2020-02-23 05:53:01.055000+00:00,usgs,ok,data/processed/waveforms/us70007v29_ERCV.mseed,2026-09-12T12:12:18.885212+00:00
us70007v29,AKDM,125.91,5.8,2020-02-23 05:53:01.055000+00:00,usgs,ok,data/processed/waveforms/us70007v29_AKDM.mseed,2026-09-12T12:12:20.348265+00:00
us70007v9g,ERCV,107.01,6.0,2020-02-23 16:00:31.626000+00:00,usgs,ok,data/processed/waveforms/us70007v9g_ERCV.mseed,2026-09-12T12:12:21.861547+00:00
us70007v9g,AKDM,122.8,6.0,2020-02-23 16:00:31.626000+00:00,usgs,ok,data/processed/waveforms/us70007v9g_AKDM.mseed,2026-09-12T12:12:23.497784+00:00
us70007vj1,AKS,22.01,4.6,2020-02-24 02:43:34.990000+00:00,usgs,ok,data/processed/waveforms/us70007vj1_AKS.mseed,2026-09-12T12:12:25.176398+00:00
us70007vj1,GORD,28.1,4.6,2020-02-24 02:43:34.990000+00:00,usgs,ok,data/processed/waveforms/us70007vj1_GORD.mseed,2026-09-12T12:12:27.090817+00:00
us70007vj1,SOMA,34.67,4.6,2020-02-24 02:43:34.990000+00:00,usgs,ok,data/processed/waveforms/us70007vj1_SOMA.mseed,2026-09-12T12:12:28.500493+00:00
us70007vj1,GOMA,39.12,4.6,2020-02-24 02:43:34.990000+00:00,usgs,ok,data/processed/waveforms/us70007vj1_GOMA.mseed,2026-09-12T12:12:29.574370+00:00
us70007wg2,VANB,82.4,4.5,2020-02-25 14:14:05.050000+00:00,usgs,ok,data/processed/waveforms/us70007wg2_VANB.mseed,2026-09-12T12:12:30.557287+00:00
us70007wg2,CLDR,89.29,4.5,2020-02-25 14:14:05.050000+00:00,usgs,no_data,,2026-09-12T12:12:31.555382+00:00
us70007wg2,ERCV,110.3,4.5,2020-02-25 14:14:05.050000+00:00,usgs,ok,data/processed/waveforms/us70007wg2_ERCV.mseed,2026-09-12T12:12:32.398043+00:00
us70007wg2,AKDM,119.28,4.5,2020-02-25 14:14:05.050000+00:00,usgs,ok,data/processed/waveforms/us70007wg2_AKDM.mseed,2026-09-12T12:12:33.518462+00:00
us600084bs,PTK,79.52,5.0,2020-02-25 23:03:37.816000+00:00,usgs,no_data,,2026-09-12T12:12:34.639140+00:00
us600084bs,ARPRA,91.91,5.0,2020-02-25 23:03:37.816000+00:00,usgs,ok,data/processed/waveforms/us600084bs_ARPRA.mseed,2026-09-12T12:12:35.144614+00:00
us600084lh,BBRN,159.12,4.6,2020-02-26 14:20:11.092000+00:00,usgs,no_data,,2026-09-12T12:12:36.208351+00:00
us600084lh,DAT,164.2,4.6,2020-02-26 14:20:11.092000+00:00,usgs,ok,data/processed/waveforms/us600084lh_DAT.mseed,2026-09-12T12:12:36.716500+00:00
us600084lh,MRSB,165.4,4.6,2020-02-26 14:20:11.092000+00:00,usgs,no_data,,2026-09-12T12:12:37.557848+00:00
us600084lh,DATC,166.53,4.6,2020-02-26 14:20:11.092000+00:00,usgs,ok,data/processed/waveforms/us600084lh_DATC.mseed,2026-09-12T12:12:38.092921+00:00
us60008522,MALT,24.36,4.6,2020-02-27 02:08:46.182000+00:00,usgs,no_data,,2026-09-12T12:12:39.320422+00:00
us60008522,SVRC,56.63,4.6,2020-02-27 02:08:46.182000+00:00,usgs,ok,data/processed/waveforms/us60008522_SVRC.mseed,2026-09-12T12:12:40.278408+00:00
us60008522,URFA,88.49,4.6,2020-02-27 02:08:46.182000+00:00,usgs,ok,data/processed/waveforms/us60008522_URFA.mseed,2026-09-12T12:12:41.684960+00:00
us60008522,PTK,96.0,4.6,2020-02-27 02:08:46.182000+00:00,usgs,no_data,,2026-09-12T12:12:42.683304+00:00
us6000857v,BBRN,154.87,4.5,2020-02-27 12:20:19.197000+00:00,usgs,no_data,,2026-09-12T12:12:43.156914+00:00
us6000857v,MRSB,160.31,4.5,2020-02-27 12:20:19.197000+00:00,usgs,no_data,,2026-09-12T12:12:43.686401+00:00
us6000857v,DAT,163.23,4.5,2020-02-27 12:20:19.197000+00:00,usgs,ok,data/processed/waveforms/us6000857v_DAT.mseed,2026-09-12T12:12:44.161988+00:00
us6000857v,DATC,164.97,4.5,2020-02-27 12:20:19.197000+00:00,usgs,ok,data/processed/waveforms/us6000857v_DATC.mseed,2026-09-12T12:12:45.044668+00:00
us60008594,BBRN,148.73,4.8,2020-02-27 14:36:14.358000+00:00,usgs,no_data,,2026-09-12T12:12:46.176754+00:00
us60008594,MRSB,154.12,4.8,2020-02-27 14:36:14.358000+00:00,usgs,no_data,,2026-09-12T12:12:46.676852+00:00
us60008594,DAT,157.56,4.8,2020-02-27 14:36:14.358000+00:00,usgs,ok,data/processed/waveforms/us60008594_DAT.mseed,2026-09-12T12:12:47.155470+00:00
us60008594,DATC,159.18,4.8,2020-02-27 14:36:14.358000+00:00,usgs,ok,data/processed/waveforms/us60008594_DATC.mseed,2026-09-12T12:12:47.735658+00:00
us600086w9,SVRC,4.4,4.5,2020-02-29 12:29:48.614000+00:00,usgs,ok,data/processed/waveforms/us600086w9_SVRC.mseed,2026-09-12T12:12:48.440333+00:00
us600086w9,PTK,61.68,4.5,2020-02-29 12:29:48.614000+00:00,usgs,no_data,,2026-09-12T12:12:49.419122+00:00
us600086w9,MALT,74.23,4.5,2020-02-29 12:29:48.614000+00:00,usgs,no_data,,2026-09-12T12:12:49.926820+00:00
us600086w9,DYBB,87.06,4.5,2020-02-29 12:29:48.614000+00:00,usgs,ok,data/processed/waveforms/us600086w9_DYBB.mseed,2026-09-12T12:12:50.421273+00:00
us60008g9t,DAT,177.42,4.6,2020-03-16 01:53:23.527000+00:00,usgs,ok,data/processed/waveforms/us60008g9t_DAT.mseed,2026-09-12T12:12:51.445608+00:00
us60008g9t,DATC,182.62,4.6,2020-03-16 01:53:23.527000+00:00,usgs,ok,data/processed/waveforms/us60008g9t_DATC.mseed,2026-09-12T12:12:52.499713+00:00
us60008g9t,BBRN,189.38,4.6,2020-03-16 01:53:23.527000+00:00,usgs,no_data,,2026-09-12T12:12:53.690001+00:00
us60008g9t,MRSB,199.27,4.6,2020-03-16 01:53:23.527000+00:00,usgs,no_data,,2026-09-12T12:12:54.217196+00:00
us70008cbe,PTK,62.21,5.2,2020-03-19 17:53:33.384000+00:00,usgs,no_data,,2026-09-12T12:12:54.912616+00:00
us70008cbe,ARPRA,100.85,5.2,2020-03-19 17:53:33.384000+00:00,usgs,ok,data/processed/waveforms/us70008cbe_ARPRA.mseed,2026-09-12T12:12:55.685190+00:00
us70008mc2,ERCV,24.84,4.7,2020-04-03 05:44:26.600000+00:00,usgs,ok,data/processed/waveforms/us70008mc2_ERCV.mseed,2026-09-12T12:12:56.806744+00:00
us70008mc2,VANB,39.14,4.7,2020-04-03 05:44:26.600000+00:00,usgs,ok,data/processed/waveforms/us70008mc2_VANB.mseed,2026-09-12T12:12:57.815596+00:00
us70008mc2,CLDR,47.3,4.7,2020-04-03 05:44:26.600000+00:00,usgs,no_data,,2026-09-12T12:12:58.851169+00:00
us70008mc2,AKDM,74.67,4.7,2020-04-03 05:44:26.600000+00:00,usgs,ok,data/processed/waveforms/us70008mc2_AKDM.mseed,2026-09-12T12:12:59.401298+00:00
us70008mx0,KRTS,71.31,4.7,2020-04-03 18:15:42.603000+00:00,usgs,ok,data/processed/waveforms/us70008mx0_KRTS.mseed,2026-09-12T12:13:00.468033+00:00
us70008mx0,KRTD,73.14,4.7,2020-04-03 18:15:42.603000+00:00,usgs,no_data,,2026-09-12T12:13:01.728007+00:00
us70008mx0,TAHT,79.13,4.7,2020-04-03 18:15:42.603000+00:00,usgs,ok,data/processed/waveforms/us70008mx0_TAHT.mseed,2026-09-12T12:13:02.220453+00:00
us70008mx0,CEYT,121.42,4.7,2020-04-03 18:15:42.603000+00:00,usgs,no_data,,2026-09-12T12:13:03.279343+00:00
us70008try,DAT,227.74,4.9,2020-04-11 10:22:54.805000+00:00,usgs,ok,data/processed/waveforms/us70008try_DAT.mseed,2026-09-12T12:13:04.006624+00:00
us70008try,DATC,234.52,4.9,2020-04-11 10:22:54.805000+00:00,usgs,ok,data/processed/waveforms/us70008try_DATC.mseed,2026-09-12T12:13:04.889668+00:00
us70008try,BODT,248.04,4.9,2020-04-11 10:22:54.805000+00:00,usgs,ok,data/processed/waveforms/us70008try_BODT.mseed,2026-09-12T12:13:05.984713+00:00
us70008try,BODA,250.03,4.9,2020-04-11 10:22:54.805000+00:00,usgs,no_data,,2026-09-12T12:13:06.967718+00:00
us70008ui2,VANB,78.74,4.6,2020-04-12 02:23:13.223000+00:00,usgs,ok,data/processed/waveforms/us70008ui2_VANB.mseed,2026-09-12T12:13:07.629311+00:00
us70008ui2,CLDR,82.85,4.6,2020-04-12 02:23:13.223000+00:00,usgs,no_data,,2026-09-12T12:13:08.810123+00:00
us70008ui2,ERCV,104.4,4.6,2020-04-12 02:23:13.223000+00:00,usgs,ok,data/processed/waveforms/us70008ui2_ERCV.mseed,2026-09-12T12:13:09.542202+00:00
us70008ui2,AKDM,116.75,4.6,2020-04-12 02:23:13.223000+00:00,usgs,ok,data/processed/waveforms/us70008ui2_AKDM.mseed,2026-09-12T12:13:11.019436+00:00
us70008wkw,KRTS,80.11,4.6,2020-04-15 07:40:05.467000+00:00,usgs,ok,data/processed/waveforms/us70008wkw_KRTS.mseed,2026-09-12T12:13:12.298590+00:00
us70008wkw,KRTD,81.83,4.6,2020-04-15 07:40:05.467000+00:00,usgs,no_data,,2026-09-12T12:13:13.425317+00:00
us70008wkw,TAHT,82.28,4.6,2020-04-15 07:40:05.467000+00:00,usgs,ok,data/processed/waveforms/us70008wkw_TAHT.mseed,2026-09-12T12:13:13.925893+00:00
us70008wkw,EREN,127.5,4.6,2020-04-15 07:40:05.467000+00:00,usgs,ok,data/processed/waveforms/us70008wkw_EREN.mseed,2026-09-12T12:13:14.926838+00:00
us70008wl9,TAHT,83.28,4.5,2020-04-15 08:18:38.002000+00:00,usgs,ok,data/processed/waveforms/us70008wl9_TAHT.mseed,2026-09-12T12:13:16.185802+00:00
us70008wl9,KRTS,83.57,4.5,2020-04-15 08:18:38.002000+00:00,usgs,ok,data/processed/waveforms/us70008wl9_KRTS.mseed,2026-09-12T12:13:16.767262+00:00
us70008wl9,KRTD,85.22,4.5,2020-04-15 08:18:38.002000+00:00,usgs,no_data,,2026-09-12T12:13:17.359394+00:00
us70008wl9,EREN,128.37,4.5,2020-04-15 08:18:38.002000+00:00,usgs,ok,data/processed/waveforms/us70008wl9_EREN.mseed,2026-09-12T12:13:17.859284+00:00
us60009bfq,BBRN,85.29,4.8,2020-04-24 13:16:03.950000+00:00,usgs,no_data,,2026-09-12T12:13:18.528938+00:00
us60009bfq,MRSB,91.53,4.8,2020-04-24 13:16:03.950000+00:00,usgs,no_data,,2026-09-12T12:13:19.008907+00:00
us60009bfq,DAT,96.35,4.8,2020-04-24 13:16:03.950000+00:00,usgs,ok,data/processed/waveforms/us60009bfq_DAT.mseed,2026-09-12T12:13:19.510173+00:00
us60009bfq,DATC,96.98,4.8,2020-04-24 13:16:03.950000+00:00,usgs,ok,data/processed/waveforms/us60009bfq_DATC.mseed,2026-09-12T12:13:20.485984+00:00
us60009ety,CUKT,228.61,4.8,2020-04-29 17:01:35.721000+00:00,usgs,ok,data/processed/waveforms/us60009ety_CUKT.mseed,2026-09-12T12:13:21.592740+00:00
us60009ety,SIRT,319.24,4.8,2020-04-29 17:01:35.721000+00:00,usgs,no_data,,2026-09-12T12:13:23.000887+00:00
us60009ety,VANB,359.24,4.8,2020-04-29 17:01:35.721000+00:00,usgs,ok,data/processed/waveforms/us60009ety_VANB.mseed,2026-09-12T12:13:23.581928+00:00
us60009ety,AKDM,359.27,4.8,2020-04-29 17:01:35.721000+00:00,usgs,ok,data/processed/waveforms/us60009ety_AKDM.mseed,2026-09-12T12:13:26.669008+00:00
us700097h4,DALY,17.04,4.9,2020-04-30 10:09:46.791000+00:00,usgs,ok,data/processed/waveforms/us700097h4_DALY.mseed,2026-09-12T12:13:28.251415+00:00
us700097h4,YER,32.38,4.9,2020-04-30 10:09:46.791000+00:00,usgs,ok,data/processed/waveforms/us700097h4_YER.mseed,2026-09-12T12:13:29.593716+00:00
us700097h4,MRSB,42.68,4.9,2020-04-30 10:09:46.791000+00:00,usgs,no_data,,2026-09-12T12:13:30.744066+00:00
us700097h4,BBRN,55.03,4.9,2020-04-30 10:09:46.791000+00:00,usgs,no_data,,2026-09-12T12:13:31.228726+00:00
us70009lsl,BBRN,163.65,4.7,2020-05-20 15:44:50.486000+00:00,usgs,no_data,,2026-09-12T12:13:31.738839+00:00
us70009lsl,MRSB,169.42,4.7,2020-05-20 15:44:50.486000+00:00,usgs,no_data,,2026-09-12T12:13:32.290867+00:00
us70009lsl,DAT,170.41,4.7,2020-05-20 15:44:50.486000+00:00,usgs,ok,data/processed/waveforms/us70009lsl_DAT.mseed,2026-09-12T12:13:32.811403+00:00
us70009lsl,DATC,172.48,4.7,2020-05-20 15:44:50.486000+00:00,usgs,ok,data/processed/waveforms/us70009lsl_DATC.mseed,2026-09-12T12:13:34.056937+00:00
us6000a2s4,DAT,152.72,4.6,2020-05-30 18:21:56.516000+00:00,usgs,ok,data/processed/waveforms/us6000a2s4_DAT.mseed,2026-09-12T12:13:35.553824+00:00
us6000a2s4,DATC,159.22,4.6,2020-05-30 18:21:56.516000+00:00,usgs,ok,data/processed/waveforms/us6000a2s4_DATC.mseed,2026-09-12T12:13:36.669647+00:00
us6000a2s4,BBRN,174.34,4.6,2020-05-30 18:21:56.516000+00:00,usgs,no_data,,2026-09-12T12:13:38.130934+00:00
us6000a2s4,BODT,176.89,4.6,2020-05-30 18:21:56.516000+00:00,usgs,ok,data/processed/waveforms/us6000a2s4_BODT.mseed,2026-09-12T12:13:38.714313+00:00
us6000a6qw,URFA,88.79,5.1,2020-06-05 18:06:21.607000+00:00,usgs,ok,data/processed/waveforms/us6000a6qw_URFA.mseed,2026-09-12T12:13:40.661034+00:00
us6000a6qw,PTK,91.27,5.1,2020-06-05 18:06:21.607000+00:00,usgs,no_data,,2026-09-12T12:13:42.475735+00:00
us6000abnv,BNGB,48.05,5.9,2020-06-14 14:24:29.501000+00:00,usgs,ok,data/processed/waveforms/us6000abnv_BNGB.mseed,2026-09-12T12:13:42.964807+00:00
us6000abnv,VRTB,70.72,5.9,2020-06-14 14:24:29.501000+00:00,usgs,ok,data/processed/waveforms/us6000abnv_VRTB.mseed,2026-09-12T12:13:44.535571+00:00
us6000abp5,YEDI,17.89,4.5,2020-06-14 14:34:50.289000+00:00,usgs,ok,data/processed/waveforms/us6000abp5_YEDI.mseed,2026-09-12T12:13:45.764380+00:00
us6000abp5,KARO,28.34,4.5,2020-06-14 14:34:50.289000+00:00,usgs,ok,data/processed/waveforms/us6000abp5_KARO.mseed,2026-09-12T12:13:46.952350+00:00
us6000abp5,BNGB,47.74,4.5,2020-06-14 14:34:50.289000+00:00,usgs,ok,data/processed/waveforms/us6000abp5_BNGB.mseed,2026-09-12T12:13:48.565984+00:00
us6000abp5,VRTB,67.05,4.5,2020-06-14 14:34:50.289000+00:00,usgs,ok,data/processed/waveforms/us6000abp5_VRTB.mseed,2026-09-12T12:13:49.179971+00:00
us6000abpe,YEDI,18.73,4.5,2020-06-14 15:09:18.396000+00:00,usgs,ok,data/processed/waveforms/us6000abpe_YEDI.mseed,2026-09-12T12:13:49.775400+00:00
us6000abpe,KARO,27.09,4.5,2020-06-14 15:09:18.396000+00:00,usgs,ok,data/processed/waveforms/us6000abpe_KARO.mseed,2026-09-12T12:13:50.360085+00:00
us6000abpe,BNGB,42.68,4.5,2020-06-14 15:09:18.396000+00:00,usgs,ok,data/processed/waveforms/us6000abpe_BNGB.mseed,2026-09-12T12:13:50.998844+00:00
us6000abpe,VRTB,65.56,4.5,2020-06-14 15:09:18.396000+00:00,usgs,no_data,,2026-09-12T12:13:51.721828+00:00
us6000aew8,YEDI,19.68,4.5,2020-06-14 22:40:36.458000+00:00,usgs,ok,data/processed/waveforms/us6000aew8_YEDI.mseed,2026-09-12T12:13:52.320379+00:00
us6000aew8,KARO,26.35,4.5,2020-06-14 22:40:36.458000+00:00,usgs,ok,data/processed/waveforms/us6000aew8_KARO.mseed,2026-09-12T12:13:52.911304+00:00
us6000aew8,BNGB,46.73,4.5,2020-06-14 22:40:36.458000+00:00,usgs,ok,data/processed/waveforms/us6000aew8_BNGB.mseed,2026-09-12T12:13:53.584159+00:00
us6000aew8,VRTB,65.06,4.5,2020-06-14 22:40:36.458000+00:00,usgs,ok,data/processed/waveforms/us6000aew8_VRTB.mseed,2026-09-12T12:13:54.231155+00:00
us6000ac28,BNGB,48.32,5.5,2020-06-15 06:51:31.776000+00:00,usgs,ok,data/processed/waveforms/us6000ac28_BNGB.mseed,2026-09-12T12:13:55.718684+00:00
us6000ac28,VRTB,67.54,5.5,2020-06-15 06:51:31.776000+00:00,usgs,ok,data/processed/waveforms/us6000ac28_VRTB.mseed,2026-09-12T12:13:56.860094+00:00
us6000aexu,YEDI,7.83,4.5,2020-06-15 16:52:37.882000+00:00,usgs,ok,data/processed/waveforms/us6000aexu_YEDI.mseed,2026-09-12T12:13:58.132574+00:00
us6000aexu,KARO,38.44,4.5,2020-06-15 16:52:37.882000+00:00,usgs,ok,data/processed/waveforms/us6000aexu_KARO.mseed,2026-09-12T12:13:59.226750+00:00
us6000aexu,BNGB,50.01,4.5,2020-06-15 16:52:37.882000+00:00,usgs,ok,data/processed/waveforms/us6000aexu_BNGB.mseed,2026-09-12T12:14:00.577486+00:00
us6000aexu,VRTB,77.13,4.5,2020-06-15 16:52:37.882000+00:00,usgs,ok,data/processed/waveforms/us6000aexu_VRTB.mseed,2026-09-12T12:14:01.317690+00:00
us7000aavx,ERCV,75.23,5.4,2020-06-25 10:03:30.648000+00:00,usgs,ok,data/processed/waveforms/us7000aavx_ERCV.mseed,2026-09-12T12:14:01.974609+00:00
us7000aavx,AKDM,86.71,5.4,2020-06-25 10:03:30.648000+00:00,usgs,ok,data/processed/waveforms/us7000aavx_AKDM.mseed,2026-09-12T12:14:03.405049+00:00
us7000abxv,GORD,35.75,5.2,2020-06-26 07:21:12.533000+00:00,usgs,ok,data/processed/waveforms/us7000abxv_GORD.mseed,2026-09-12T12:14:04.857908+00:00
us7000abxv,SOMA,46.52,5.2,2020-06-26 07:21:12.533000+00:00,usgs,ok,data/processed/waveforms/us7000abxv_SOMA.mseed,2026-09-12T12:14:06.001551+00:00
us7000ackw,DAT,158.26,4.9,2020-06-26 19:36:36.560000+00:00,usgs,ok,data/processed/waveforms/us7000ackw_DAT.mseed,2026-09-12T12:14:07.227092+00:00
us7000ackw,DATC,164.77,4.9,2020-06-26 19:36:36.560000+00:00,usgs,ok,data/processed/waveforms/us7000ackw_DATC.mseed,2026-09-12T12:14:08.570811+00:00
us7000ackw,BBRN,179.88,4.9,2020-06-26 19:36:36.560000+00:00,usgs,no_data,,2026-09-12T12:14:12.654470+00:00
us7000ackw,BODT,182.14,4.9,2020-06-26 19:36:36.560000+00:00,usgs,ok,data/processed/waveforms/us7000ackw_BODT.mseed,2026-09-12T12:14:15.806040+00:00
us7000adtk,DALY,36.85,5.4,2020-06-28 17:43:28.644000+00:00,usgs,ok,data/processed/waveforms/us7000adtk_DALY.mseed,2026-09-12T12:14:22.579015+00:00
us7000adtk,YER,42.98,5.4,2020-06-28 17:43:28.644000+00:00,usgs,ok,data/processed/waveforms/us7000adtk_YER.mseed,2026-09-12T12:14:25.045496+00:00
us7000ae1r,MRSB,1.47,4.6,2020-06-29 04:06:24.606000+00:00,usgs,no_data,,2026-09-12T12:14:27.247953+00:00
us7000ae1r,BBRN,14.18,4.6,2020-06-29 04:06:24.606000+00:00,usgs,no_data,,2026-09-12T12:14:29.084320+00:00
us7000ae1r,DALY,41.02,4.6,2020-06-29 04:06:24.606000+00:00,usgs,ok,data/processed/waveforms/us7000ae1r_DALY.mseed,2026-09-12T12:14:30.002734+00:00
us7000ae1r,YER,45.75,4.6,2020-06-29 04:06:24.606000+00:00,usgs,ok,data/processed/waveforms/us7000ae1r_YER.mseed,2026-09-12T12:14:32.731279+00:00
us7000akqg,DAT,168.67,4.5,2020-07-03 06:16:33.822000+00:00,usgs,ok,data/processed/waveforms/us7000akqg_DAT.mseed,2026-09-12T12:14:34.348454+00:00
us7000akqg,DATC,174.98,4.5,2020-07-03 06:16:33.822000+00:00,usgs,ok,data/processed/waveforms/us7000akqg_DATC.mseed,2026-09-12T12:14:36.068212+00:00
us7000akqg,BBRN,188.52,4.5,2020-07-03 06:16:33.822000+00:00,usgs,no_data,,2026-09-12T12:14:37.762085+00:00
us7000akqg,BODT,193.77,4.5,2020-07-03 06:16:33.822000+00:00,usgs,ok,data/processed/waveforms/us7000akqg_BODT.mseed,2026-09-12T12:14:38.438786+00:00
us7000aptd,KRBN,23.36,4.5,2020-07-16 18:09:26.005000+00:00,usgs,ok,data/processed/waveforms/us7000aptd_KRBN.mseed,2026-09-12T12:14:39.973580+00:00
us7000aptd,BLCB,32.76,4.5,2020-07-16 18:09:26.005000+00:00,usgs,ok,data/processed/waveforms/us7000aptd_BLCB.mseed,2026-09-12T12:14:41.790081+00:00
us7000aptd,CESE,33.0,4.5,2020-07-16 18:09:26.005000+00:00,usgs,ok,data/processed/waveforms/us7000aptd_CESE.mseed,2026-09-12T12:14:43.688815+00:00
us7000aptd,FOCM,34.92,4.5,2020-07-16 18:09:26.005000+00:00,usgs,ok,data/processed/waveforms/us7000aptd_FOCM.mseed,2026-09-12T12:14:45.899953+00:00
us6000b930,URFA,83.75,5.6,2020-08-04 09:37:37.015000+00:00,usgs,ok,data/processed/waveforms/us6000b930_URFA.mseed,2026-09-12T12:14:47.852163+00:00
us6000b930,PTK,98.91,5.6,2020-08-04 09:37:37.015000+00:00,usgs,no_data,,2026-09-12T12:14:49.799400+00:00
us6000b9bt,MALT,27.87,4.5,2020-08-04 18:40:04.876000+00:00,usgs,no_data,,2026-09-12T12:14:50.615586+00:00
us6000b9bt,SVRC,52.49,4.5,2020-08-04 18:40:04.876000+00:00,usgs,ok,data/processed/waveforms/us6000b9bt_SVRC.mseed,2026-09-12T12:14:51.199069+00:00
us6000b9bt,URFA,88.92,4.5,2020-08-04 18:40:04.876000+00:00,usgs,ok,data/processed/waveforms/us6000b9bt_URFA.mseed,2026-09-12T12:14:52.751044+00:00
us6000b9bt,PTK,92.76,4.5,2020-08-04 18:40:04.876000+00:00,usgs,no_data,,2026-09-12T12:14:53.904789+00:00
us6000bas2,AKDM,50.68,4.8,2020-08-07 19:20:12.498000+00:00,usgs,ok,data/processed/waveforms/us6000bas2_AKDM.mseed,2026-09-12T12:14:54.555288+00:00
us6000bas2,SIRT,53.42,4.8,2020-08-07 19:20:12.498000+00:00,usgs,no_data,,2026-09-12T12:14:56.207176+00:00
us6000bas2,GURO,86.56,4.8,2020-08-07 19:20:12.498000+00:00,usgs,ok,data/processed/waveforms/us6000bas2_GURO.mseed,2026-09-12T12:14:56.845544+00:00
us6000bas2,VANB,90.14,4.8,2020-08-07 19:20:12.498000+00:00,usgs,no_data,,2026-09-12T12:14:59.366476+00:00
us7000bjmq,MALT,41.43,4.7,2020-09-08 10:44:09.556000+00:00,usgs,no_data,,2026-09-12T12:15:00.531093+00:00
us7000bjmq,SVRC,58.04,4.7,2020-09-08 10:44:09.556000+00:00,usgs,ok,data/processed/waveforms/us7000bjmq_SVRC.mseed,2026-09-12T12:15:01.539046+00:00
us7000bjmq,URFA,69.15,4.7,2020-09-08 10:44:09.556000+00:00,usgs,ok,data/processed/waveforms/us7000bjmq_URFA.mseed,2026-09-12T12:15:03.416636+00:00
us7000bjmq,PTK,106.76,4.7,2020-09-08 10:44:09.556000+00:00,usgs,no_data,,2026-09-12T12:15:05.121275+00:00
us7000bnxn,GURO,18.27,4.6,2020-09-16 14:48:21.604000+00:00,usgs,no_data,,2026-09-12T12:15:05.764916+00:00
us7000bnxn,MLAZ,65.43,4.6,2020-09-16 14:48:21.604000+00:00,usgs,ok,data/processed/waveforms/us7000bnxn_MLAZ.mseed,2026-09-12T12:15:06.488058+00:00
us7000bnxn,VRTB,69.97,4.6,2020-09-16 14:48:21.604000+00:00,usgs,ok,data/processed/waveforms/us7000bnxn_VRTB.mseed,2026-09-12T12:15:08.214938+00:00
us7000bnxn,AKDM,93.35,4.6,2020-09-16 14:48:21.604000+00:00,usgs,ok,data/processed/waveforms/us7000bnxn_AKDM.mseed,2026-09-12T12:15:10.098879+00:00
us7000bpvt,DAT,278.24,5.9,2020-09-18 16:28:17.575000+00:00,usgs,ok,data/processed/waveforms/us7000bpvt_DAT.mseed,2026-09-12T12:15:11.789741+00:00
us7000bpvt,DATC,285.84,5.9,2020-09-18 16:28:17.575000+00:00,usgs,ok,data/processed/waveforms/us7000bpvt_DATC.mseed,2026-09-12T12:15:14.060007+00:00
us7000bpvt,BODT,288.56,5.9,2020-09-18 16:28:17.575000+00:00,usgs,ok,data/processed/waveforms/us7000bpvt_BODT.mseed,2026-09-12T12:15:16.966160+00:00
us7000bpvt,YKAV,292.3,5.9,2020-09-18 16:28:17.575000+00:00,usgs,ok,data/processed/waveforms/us7000bpvt_YKAV.mseed,2026-09-12T12:15:19.507204+00:00
us7000bqjg,SULT,50.25,5.1,2020-09-20 19:08:07.568000+00:00,usgs,no_data,,2026-09-12T12:15:21.956759+00:00
us7000bqjg,NIG,51.1,5.1,2020-09-20 19:08:07.568000+00:00,usgs,no_data,,2026-09-12T12:15:22.716024+00:00
us6000c3tv,BODA,68.99,5.0,2020-10-01 11:05:38.322000+00:00,usgs,no_data,,2026-09-12T12:15:23.453726+00:00
us6000c3tv,DAT,73.78,5.0,2020-10-01 11:05:38.322000+00:00,usgs,ok,data/processed/waveforms/us6000c3tv_DAT.mseed,2026-09-12T12:15:24.459739+00:00
us6000c7m8,BODT,189.94,5.1,2020-10-12 00:30:39.934000+00:00,usgs,ok,data/processed/waveforms/us6000c7m8_BODT.mseed,2026-09-12T12:15:25.763062+00:00
us6000c7m8,BODA,193.03,5.1,2020-10-12 00:30:39.934000+00:00,usgs,no_data,,2026-09-12T12:15:27.054947+00:00
us6000c7nd,BODT,184.18,5.2,2020-10-12 04:11:27.566000+00:00,usgs,ok,data/processed/waveforms/us6000c7nd_BODT.mseed,2026-09-12T12:15:27.619046+00:00
us6000c7nd,BODA,187.45,5.2,2020-10-12 04:11:27.566000+00:00,usgs,no_data,,2026-09-12T12:15:29.106344+00:00
us7000c6pg,YEDI,48.22,4.5,2020-10-28 09:16:15.572000+00:00,usgs,ok,data/processed/waveforms/us7000c6pg_YEDI.mseed,2026-09-12T12:15:30.147388+00:00
us7000c6pg,ERZN,55.81,4.5,2020-10-28 09:16:15.572000+00:00,usgs,ok,data/processed/waveforms/us7000c6pg_ERZN.mseed,2026-09-12T12:15:31.524773+00:00
us7000c6pg,BAYT,64.41,4.5,2020-10-28 09:16:15.572000+00:00,usgs,no_data,,2026-09-12T12:15:33.207259+00:00
us7000c6pg,KARO,86.56,4.5,2020-10-28 09:16:15.572000+00:00,usgs,ok,data/processed/waveforms/us7000c6pg_KARO.mseed,2026-09-12T12:15:34.141361+00:00
us7000c7y0,BLCB,58.77,7.0,2020-10-30 11:51:27.348000+00:00,usgs,ok,data/processed/waveforms/us7000c7y0_BLCB.mseed,2026-09-12T12:15:35.867673+00:00
us7000c7y0,CESE,64.15,7.0,2020-10-30 11:51:27.348000+00:00,usgs,ok,data/processed/waveforms/us7000c7y0_CESE.mseed,2026-09-12T12:15:37.179831+00:00
us7000c7ye,GMLD,24.87,4.9,2020-10-30 13:00:43.929000+00:00,usgs,ok,data/processed/waveforms/us7000c7ye_GMLD.mseed,2026-09-12T12:15:38.635454+00:00
us7000c7ye,KUSD,36.02,4.9,2020-10-30 13:00:43.929000+00:00,usgs,ok,data/processed/waveforms/us7000c7ye_KUSD.mseed,2026-09-12T12:15:40.083638+00:00
us7000c7ye,BLCB,60.71,4.9,2020-10-30 13:00:43.929000+00:00,usgs,ok,data/processed/waveforms/us7000c7ye_BLCB.mseed,2026-09-12T12:15:41.542177+00:00
us7000c7ye,DIDI,62.07,4.9,2020-10-30 13:00:43.929000+00:00,usgs,ok,data/processed/waveforms/us7000c7ye_DIDI.mseed,2026-09-12T12:15:42.248817+00:00
us7000c7zh,DIDI,62.57,5.3,2020-10-30 15:14:55.887000+00:00,usgs,ok,data/processed/waveforms/us7000c7zh_DIDI.mseed,2026-09-12T12:15:44.762459+00:00
us7000c7zh,BLCB,64.47,5.3,2020-10-30 15:14:55.887000+00:00,usgs,ok,data/processed/waveforms/us7000c7zh_BLCB.mseed,2026-09-12T12:15:46.067265+00:00
us7000cat9,KUSD,31.9,4.8,2020-10-30 15:19:15.900000+00:00,usgs,ok,data/processed/waveforms/us7000cat9_KUSD.mseed,2026-09-12T12:15:46.854914+00:00
us7000cat9,GMLD,37.31,4.8,2020-10-30 15:19:15.900000+00:00,usgs,ok,data/processed/waveforms/us7000cat9_GMLD.mseed,2026-09-12T12:15:47.527781+00:00
us7000cat9,DIDI,47.77,4.8,2020-10-30 15:19:15.900000+00:00,usgs,ok,data/processed/waveforms/us7000cat9_DIDI.mseed,2026-09-12T12:15:48.193790+00:00
us7000cat9,BLCB,71.86,4.8,2020-10-30 15:19:15.900000+00:00,usgs,ok,data/processed/waveforms/us7000cat9_BLCB.mseed,2026-09-12T12:15:48.870812+00:00
us7000c8jq,GMLD,25.34,4.9,2020-10-31 05:31:30.230000+00:00,usgs,ok,data/processed/waveforms/us7000c8jq_GMLD.mseed,2026-09-12T12:15:49.449168+00:00
us7000c8jq,KUSD,39.72,4.9,2020-10-31 05:31:30.230000+00:00,usgs,ok,data/processed/waveforms/us7000c8jq_KUSD.mseed,2026-09-12T12:15:50.908426+00:00
us7000c8jq,BLCB,61.39,4.9,2020-10-31 05:31:30.230000+00:00,usgs,ok,data/processed/waveforms/us7000c8jq_BLCB.mseed,2026-09-12T12:15:52.300079+00:00
us7000c8jq,DIDI,64.33,4.9,2020-10-31 05:31:30.230000+00:00,usgs,ok,data/processed/waveforms/us7000c8jq_DIDI.mseed,2026-09-12T12:15:53.646538+00:00
us7000c9df,GMLD,46.17,4.5,2020-11-02 19:16:40.054000+00:00,usgs,ok,data/processed/waveforms/us7000c9df_GMLD.mseed,2026-09-12T12:15:55.077267+00:00
us7000c9df,CESE,58.38,4.5,2020-11-02 19:16:40.054000+00:00,usgs,ok,data/processed/waveforms/us7000c9df_CESE.mseed,2026-09-12T12:15:56.584700+00:00
us7000c9df,KUSD,69.73,4.5,2020-11-02 19:16:40.054000+00:00,usgs,ok,data/processed/waveforms/us7000c9df_KUSD.mseed,2026-09-12T12:15:58.483633+00:00
us7000c9df,BLCB,78.34,4.5,2020-11-02 19:16:40.054000+00:00,usgs,ok,data/processed/waveforms/us7000c9df_BLCB.mseed,2026-09-12T12:16:00.927954+00:00
us7000ccpb,CUKT,238.92,4.9,2020-11-09 23:18:25.241000+00:00,usgs,ok,data/processed/waveforms/us7000ccpb_CUKT.mseed,2026-09-12T12:16:02.513810+00:00
us7000ccpb,SIRT,328.42,4.9,2020-11-09 23:18:25.241000+00:00,usgs,no_data,,2026-09-12T12:16:03.724977+00:00
us7000ccpb,AKDM,369.86,4.9,2020-11-09 23:18:25.241000+00:00,usgs,ok,data/processed/waveforms/us7000ccpb_AKDM.mseed,2026-09-12T12:16:04.214046+00:00
us7000ccpb,VANB,370.19,4.9,2020-11-09 23:18:25.241000+00:00,usgs,no_data,,2026-09-12T12:16:05.599076+00:00
us7000cda2,GMLD,25.8,4.6,2020-11-11 06:49:45.963000+00:00,usgs,ok,data/processed/waveforms/us7000cda2_GMLD.mseed,2026-09-12T12:16:06.227595+00:00
us7000cda2,KUSD,28.3,4.6,2020-11-11 06:49:45.963000+00:00,usgs,ok,data/processed/waveforms/us7000cda2_KUSD.mseed,2026-09-12T12:16:07.685506+00:00
us7000cda2,DIDI,57.71,4.6,2020-11-11 06:49:45.963000+00:00,usgs,ok,data/processed/waveforms/us7000cda2_DIDI.mseed,2026-09-12T12:16:09.010595+00:00
us7000cda2,BLCB,60.15,4.6,2020-11-11 06:49:45.963000+00:00,usgs,ok,data/processed/waveforms/us7000cda2_BLCB.mseed,2026-09-12T12:16:10.614566+00:00
us6000cpnj,CORM,46.27,4.5,2020-11-17 23:05:48.934000+00:00,usgs,no_data,,2026-09-12T12:16:11.960921+00:00
us6000cpnj,CANT,59.28,4.5,2020-11-17 23:05:48.934000+00:00,usgs,ok,data/processed/waveforms/us6000cpnj_CANT.mseed,2026-09-12T12:16:12.903906+00:00
us6000cpnj,TOS,62.73,4.5,2020-11-17 23:05:48.934000+00:00,usgs,ok,data/processed/waveforms/us6000cpnj_TOS.mseed,2026-09-12T12:16:15.345030+00:00
us6000cpnj,KMON,105.15,4.5,2020-11-17 23:05:48.934000+00:00,usgs,ok,data/processed/waveforms/us6000cpnj_KMON.mseed,2026-09-12T12:16:17.824731+00:00
us6000csja,BAYT,18.51,4.6,2020-11-22 14:40:27.066000+00:00,usgs,ok,data/processed/waveforms/us6000csja_BAYT.mseed,2026-09-12T12:16:19.610542+00:00
us6000csja,GUMT,68.28,4.6,2020-11-22 14:40:27.066000+00:00,usgs,ok,data/processed/waveforms/us6000csja_GUMT.mseed,2026-09-12T12:16:20.910479+00:00
us6000csja,ERZN,84.55,4.6,2020-11-22 14:40:27.066000+00:00,usgs,ok,data/processed/waveforms/us6000csja_ERZN.mseed,2026-09-12T12:16:22.325150+00:00
us6000csja,KTUT,91.63,4.6,2020-11-22 14:40:27.066000+00:00,usgs,ok,data/processed/waveforms/us6000csja_KTUT.mseed,2026-09-12T12:16:23.801238+00:00
us7000ckak,MALT,23.86,4.6,2020-11-27 08:27:56.609000+00:00,usgs,no_data,,2026-09-12T12:16:25.335198+00:00
us7000ckak,SVRC,62.12,4.6,2020-11-27 08:27:56.609000+00:00,usgs,ok,data/processed/waveforms/us7000ckak_SVRC.mseed,2026-09-12T12:16:25.821052+00:00
us7000ckak,URFA,83.63,4.6,2020-11-27 08:27:56.609000+00:00,usgs,ok,data/processed/waveforms/us7000ckak_URFA.mseed,2026-09-12T12:16:27.154598+00:00
us7000ckak,PTK,102.76,4.6,2020-11-27 08:27:56.609000+00:00,usgs,no_data,,2026-09-12T12:16:29.731878+00:00
us7000cmfa,SIRT,81.9,5.0,2020-12-03 05:45:19.821000+00:00,usgs,no_data,,2026-09-12T12:16:30.802644+00:00
us7000cmfa,AKDM,120.01,5.0,2020-12-03 05:45:19.821000+00:00,usgs,ok,data/processed/waveforms/us7000cmfa_AKDM.mseed,2026-09-12T12:16:31.843110+00:00
us7000cmy8,GMLD,30.45,4.5,2020-12-04 09:34:15.954000+00:00,usgs,ok,data/processed/waveforms/us7000cmy8_GMLD.mseed,2026-09-12T12:16:33.457001+00:00
us7000cmy8,KUSD,42.49,4.5,2020-12-04 09:34:15.954000+00:00,usgs,ok,data/processed/waveforms/us7000cmy8_KUSD.mseed,2026-09-12T12:16:35.497796+00:00
us7000cmy8,DIDI,62.09,4.5,2020-12-04 09:34:15.954000+00:00,usgs,ok,data/processed/waveforms/us7000cmy8_DIDI.mseed,2026-09-12T12:16:37.041162+00:00
us7000cmy8,BLCB,66.5,4.5,2020-12-04 09:34:15.954000+00:00,usgs,ok,data/processed/waveforms/us7000cmy8_BLCB.mseed,2026-09-12T12:16:38.913769+00:00
us7000cnf1,BOZY,98.51,5.3,2020-12-05 12:44:40.454000+00:00,usgs,ok,data/processed/waveforms/us7000cnf1_BOZY.mseed,2026-09-12T12:16:40.151674+00:00
us7000cnf1,HDMB,112.95,5.3,2020-12-05 12:44:40.454000+00:00,usgs,ok,data/processed/waveforms/us7000cnf1_HDMB.mseed,2026-09-12T12:16:42.140139+00:00
us7000cr3p,ERCV,23.59,4.7,2020-12-14 21:58:46.488000+00:00,usgs,ok,data/processed/waveforms/us7000cr3p_ERCV.mseed,2026-09-12T12:16:44.530331+00:00
us7000cr3p,VANB,36.14,4.7,2020-12-14 21:58:46.488000+00:00,usgs,ok,data/processed/waveforms/us7000cr3p_VANB.mseed,2026-09-12T12:16:46.598165+00:00
us7000cr3p,CLDR,52.5,4.7,2020-12-14 21:58:46.488000+00:00,usgs,no_data,,2026-09-12T12:16:48.252903+00:00
us7000cr3p,AKDM,69.87,4.7,2020-12-14 21:58:46.488000+00:00,usgs,ok,data/processed/waveforms/us7000cr3p_AKDM.mseed,2026-09-12T12:16:48.990712+00:00
us7000crsr,DAT,167.48,4.8,2020-12-17 13:36:45.404000+00:00,usgs,ok,data/processed/waveforms/us7000crsr_DAT.mseed,2026-09-12T12:16:50.428396+00:00
us7000crsr,DATC,174.95,4.8,2020-12-17 13:36:45.404000+00:00,usgs,ok,data/processed/waveforms/us7000crsr_DATC.mseed,2026-09-12T12:16:51.877690+00:00
us7000crsr,BODT,181.79,4.8,2020-12-17 13:36:45.404000+00:00,usgs,ok,data/processed/waveforms/us7000crsr_BODT.mseed,2026-09-12T12:16:54.109994+00:00
us7000crsr,BODA,185.07,4.8,2020-12-17 13:36:45.404000+00:00,usgs,no_data,,2026-09-12T12:16:56.225789+00:00
us6000d3dd,MALT,71.76,5.5,2020-12-27 06:37:32.897000+00:00,usgs,no_data,,2026-09-12T12:16:56.851411+00:00
us6000d3dd,DYBB,97.16,5.5,2020-12-27 06:37:32.897000+00:00,usgs,ok,data/processed/waveforms/us6000d3dd_DYBB.mseed,2026-09-12T12:16:57.460801+00:00
us7000d112,DAT,170.09,4.5,2021-01-18 04:23:12.565000+00:00,usgs,ok,data/processed/waveforms/us7000d112_DAT.mseed,2026-09-12T12:16:59.661177+00:00
us7000d112,DATC,177.53,4.5,2021-01-18 04:23:12.565000+00:00,usgs,ok,data/processed/waveforms/us7000d112_DATC.mseed,2026-09-12T12:17:01.497263+00:00
us7000d112,BODT,184.78,4.5,2021-01-18 04:23:12.565000+00:00,usgs,ok,data/processed/waveforms/us7000d112_BODT.mseed,2026-09-12T12:17:03.515431+00:00
us7000d112,BODA,187.98,4.5,2021-01-18 04:23:12.565000+00:00,usgs,no_data,,2026-09-12T12:17:05.032763+00:00
us7000d1v3,GMLD,26.48,4.8,2021-01-20 23:37:55.968000+00:00,usgs,ok,data/processed/waveforms/us7000d1v3_GMLD.mseed,2026-09-12T12:17:05.627154+00:00
us7000d1v3,KUSD,45.8,4.8,2021-01-20 23:37:55.968000+00:00,usgs,ok,data/processed/waveforms/us7000d1v3_KUSD.mseed,2026-09-12T12:17:07.598070+00:00
us7000d1v3,BLCB,62.19,4.8,2021-01-20 23:37:55.968000+00:00,usgs,ok,data/processed/waveforms/us7000d1v3_BLCB.mseed,2026-09-12T12:17:09.600186+00:00
us7000d1v3,CESE,65.43,4.8,2021-01-20 23:37:55.968000+00:00,usgs,ok,data/processed/waveforms/us7000d1v3_CESE.mseed,2026-09-12T12:17:10.966544+00:00
us7000d23a,EREN,67.67,5.0,2021-01-21 14:27:06.745000+00:00,usgs,ok,data/processed/waveforms/us7000d23a_EREN.mseed,2026-09-12T12:17:13.105866+00:00
us7000d23a,AKDN,73.45,5.0,2021-01-21 14:27:06.745000+00:00,usgs,no_data,,2026-09-12T12:17:16.370862+00:00
us7000d3ec,MAZI,153.27,4.9,2021-01-26 11:17:40.769000+00:00,usgs,no_data,,2026-09-12T12:17:17.170041+00:00
us7000d3ec,SIRT,191.98,4.9,2021-01-26 11:17:40.769000+00:00,usgs,no_data,,2026-09-12T12:17:17.791970+00:00
us7000d3ec,DYBB,214.31,4.9,2021-01-26 11:17:40.769000+00:00,usgs,ok,data/processed/waveforms/us7000d3ec_DYBB.mseed,2026-09-12T12:17:18.437393+00:00
us7000d3ec,SVAN,220.4,4.9,2021-01-26 11:17:40.769000+00:00,usgs,ok,data/processed/waveforms/us7000d3ec_SVAN.mseed,2026-09-12T12:17:19.766926+00:00
us6000ddkk,GPNR,54.66,4.8,2021-02-01 05:46:52.958000+00:00,usgs,no_data,,2026-09-12T12:17:20.935444+00:00
us6000ddkk,KRBN,59.69,4.8,2021-02-01 05:46:52.958000+00:00,usgs,ok,data/processed/waveforms/us6000ddkk_KRBN.mseed,2026-09-12T12:17:21.499582+00:00
us6000ddkk,CAND,64.28,4.8,2021-02-01 05:46:52.958000+00:00,usgs,no_data,,2026-09-12T12:17:23.498018+00:00
us6000ddkk,FOCM,64.64,4.8,2021-02-01 05:46:52.958000+00:00,usgs,ok,data/processed/waveforms/us6000ddkk_FOCM.mseed,2026-09-12T12:17:24.000035+00:00
us6000dfvn,KRBN,59.4,4.8,2021-02-01 05:47:52.716000+00:00,usgs,ok,data/processed/waveforms/us6000dfvn_KRBN.mseed,2026-09-12T12:17:25.734429+00:00
us6000dfvn,GPNR,65.39,4.8,2021-02-01 05:47:52.716000+00:00,usgs,no_data,,2026-09-12T12:17:26.356750+00:00
us6000dfvn,CESE,67.32,4.8,2021-02-01 05:47:52.716000+00:00,usgs,ok,data/processed/waveforms/us6000dfvn_CESE.mseed,2026-09-12T12:17:26.886646+00:00
us6000dfvn,FOCM,68.02,4.8,2021-02-01 05:47:52.716000+00:00,usgs,ok,data/processed/waveforms/us6000dfvn_FOCM.mseed,2026-09-12T12:17:28.762977+00:00
us6000ddkp,KRBN,57.41,4.8,2021-02-01 06:00:05.082000+00:00,usgs,ok,data/processed/waveforms/us6000ddkp_KRBN.mseed,2026-09-12T12:17:30.109509+00:00
us6000ddkp,GPNR,61.6,4.8,2021-02-01 06:00:05.082000+00:00,usgs,no_data,,2026-09-12T12:17:30.731946+00:00
us6000ddkp,FOCM,64.6,4.8,2021-02-01 06:00:05.082000+00:00,usgs,ok,data/processed/waveforms/us6000ddkp_FOCM.mseed,2026-09-12T12:17:31.245599+00:00
us6000ddkp,CAND,67.2,4.8,2021-02-01 06:00:05.082000+00:00,usgs,no_data,,2026-09-12T12:17:31.962687+00:00
us6000ddle,KRBN,62.95,5.2,2021-02-01 08:35:18.153000+00:00,usgs,ok,data/processed/waveforms/us6000ddle_KRBN.mseed,2026-09-12T12:17:32.505305+00:00
us6000ddle,CAND,63.08,5.2,2021-02-01 08:35:18.153000+00:00,usgs,no_data,,2026-09-12T12:17:33.169246+00:00
us6000ddmm,GPNR,54.82,4.9,2021-02-01 13:10:15.874000+00:00,usgs,no_data,,2026-09-12T12:17:33.684274+00:00
us6000ddmm,KRBN,60.99,4.9,2021-02-01 13:10:15.874000+00:00,usgs,ok,data/processed/waveforms/us6000ddmm_KRBN.mseed,2026-09-12T12:17:34.237993+00:00
us6000ddmm,CAND,66.01,4.9,2021-02-01 13:10:15.874000+00:00,usgs,no_data,,2026-09-12T12:17:35.018593+00:00
us6000ddmm,FOCM,66.23,4.9,2021-02-01 13:10:15.874000+00:00,usgs,ok,data/processed/waveforms/us6000ddmm_FOCM.mseed,2026-09-12T12:17:35.517553+00:00
us6000ddra,GPNR,53.44,4.8,2021-02-01 20:46:15.897000+00:00,usgs,no_data,,2026-09-12T12:17:36.278100+00:00
us6000ddra,KRBN,59.26,4.8,2021-02-01 20:46:15.897000+00:00,usgs,no_data,,2026-09-12T12:17:36.840820+00:00
us6000ddra,CAND,62.65,4.8,2021-02-01 20:46:15.897000+00:00,usgs,no_data,,2026-09-12T12:17:37.526211+00:00
us6000ddra,FOCM,63.63,4.8,2021-02-01 20:46:15.897000+00:00,usgs,ok,data/processed/waveforms/us6000ddra_FOCM.mseed,2026-09-12T12:17:38.038747+00:00
us6000dds6,BNN,35.2,4.5,2021-02-02 00:02:45.031000+00:00,usgs,ok,data/processed/waveforms/us6000dds6_BNN.mseed,2026-09-12T12:17:38.761585+00:00
us6000dds6,SARI,82.01,4.5,2021-02-02 00:02:45.031000+00:00,usgs,ok,data/processed/waveforms/us6000dds6_SARI.mseed,2026-09-12T12:17:39.962310+00:00
us6000dds6,YOZ,89.93,4.5,2021-02-02 00:02:45.031000+00:00,usgs,ok,data/processed/waveforms/us6000dds6_YOZ.mseed,2026-09-12T12:17:41.200651+00:00
us6000dds6,KOZK,106.77,4.5,2021-02-02 00:02:45.031000+00:00,usgs,ok,data/processed/waveforms/us6000dds6_KOZK.mseed,2026-09-12T12:17:42.538941+00:00
us6000detl,CLDR,194.3,5.2,2021-02-05 15:36:11.039000+00:00,usgs,no_data,,2026-09-12T12:17:45.816071+00:00
us6000detl,AGRB,225.53,5.2,2021-02-05 15:36:11.039000+00:00,usgs,ok,data/processed/waveforms/us6000detl_AGRB.mseed,2026-09-12T12:17:46.432507+00:00
us6000dfyz,YUNK,28.04,4.8,2021-02-09 15:51:56.018000+00:00,usgs,no_data,,2026-09-12T12:17:48.049875+00:00
us6000dfyz,KIZT,41.14,4.8,2021-02-09 15:51:56.018000+00:00,usgs,ok,data/processed/waveforms/us6000dfyz_KIZT.mseed,2026-09-12T12:17:48.585716+00:00
us6000dfyz,BLVD,45.59,4.8,2021-02-09 15:51:56.018000+00:00,usgs,ok,data/processed/waveforms/us6000dfyz_BLVD.mseed,2026-09-12T12:17:49.866543+00:00
us6000dfyz,SDAG,59.17,4.8,2021-02-09 15:51:56.018000+00:00,usgs,ok,data/processed/waveforms/us6000dfyz_SDAG.mseed,2026-09-12T12:17:51.308796+00:00
us6000di2c,YUNK,22.21,4.6,2021-02-09 15:53:57.080000+00:00,usgs,no_data,,2026-09-12T12:17:52.821128+00:00
us6000di2c,KIZT,35.23,4.6,2021-02-09 15:53:57.080000+00:00,usgs,ok,data/processed/waveforms/us6000di2c_KIZT.mseed,2026-09-12T12:17:53.318964+00:00
us6000di2c,BLVD,48.02,4.6,2021-02-09 15:53:57.080000+00:00,usgs,ok,data/processed/waveforms/us6000di2c_BLVD.mseed,2026-09-12T12:17:53.921191+00:00
us6000di2c,SDAG,64.65,4.6,2021-02-09 15:53:57.080000+00:00,usgs,ok,data/processed/waveforms/us6000di2c_SDAG.mseed,2026-09-12T12:17:54.553474+00:00
us6000dgvq,KMON,21.54,4.6,2021-02-12 03:37:56.354000+00:00,usgs,ok,data/processed/waveforms/us6000dgvq_KMON.mseed,2026-09-12T12:17:55.175055+00:00
us6000dgvq,TOS,60.09,4.6,2021-02-12 03:37:56.354000+00:00,usgs,ok,data/processed/waveforms/us6000dgvq_TOS.mseed,2026-09-12T12:17:56.453180+00:00
us6000dgvq,BZK,69.85,4.6,2021-02-12 03:37:56.354000+00:00,usgs,ok,data/processed/waveforms/us6000dgvq_BZK.mseed,2026-09-12T12:17:58.198345+00:00
us6000dgvq,SAFT,74.42,4.6,2021-02-12 03:37:56.354000+00:00,usgs,ok,data/processed/waveforms/us6000dgvq_SAFT.mseed,2026-09-12T12:18:00.108310+00:00
us6000dhd5,TASB,18.95,4.9,2021-02-13 11:29:23.758000+00:00,usgs,ok,data/processed/waveforms/us6000dhd5_TASB.mseed,2026-09-12T12:18:01.634751+00:00
us6000dhd5,CLDR,108.75,4.9,2021-02-13 11:29:23.758000+00:00,usgs,no_data,,2026-09-12T12:18:03.245257+00:00
us6000dhd5,KARS,132.23,4.9,2021-02-13 11:29:23.758000+00:00,usgs,ok,data/processed/waveforms/us6000dhd5_KARS.mseed,2026-09-12T12:18:03.778473+00:00
us6000dhd5,AGRB,134.62,4.9,2021-02-13 11:29:23.758000+00:00,usgs,ok,data/processed/waveforms/us6000dhd5_AGRB.mseed,2026-09-12T12:18:05.527146+00:00
us7000dlb9,DAT,168.41,4.7,2021-03-20 22:50:39.788000+00:00,usgs,no_data,,2026-09-12T12:18:06.815837+00:00
us7000dlb9,BBRN,170.03,4.7,2021-03-20 22:50:39.788000+00:00,usgs,no_data,,2026-09-12T12:18:07.661792+00:00
us7000dlb9,DATC,171.92,4.7,2021-03-20 22:50:39.788000+00:00,usgs,ok,data/processed/waveforms/us7000dlb9_DATC.mseed,2026-09-12T12:18:08.184622+00:00
us7000dlb9,MRSB,177.86,4.7,2021-03-20 22:50:39.788000+00:00,usgs,no_data,,2026-09-12T12:18:09.775209+00:00
us6000dy7s,DAT,109.58,4.7,2021-04-01 12:33:40.141000+00:00,usgs,no_data,,2026-09-12T12:18:10.271686+00:00
us6000dy7s,BODT,115.73,4.7,2021-04-01 12:33:40.141000+00:00,usgs,no_data,,2026-09-12T12:18:10.775100+00:00
us6000dy7s,DATC,117.58,4.7,2021-04-01 12:33:40.141000+00:00,usgs,ok,data/processed/waveforms/us6000dy7s_DATC.mseed,2026-09-12T12:18:11.876737+00:00
us6000dy7s,YKAV,119.7,4.7,2021-04-01 12:33:40.141000+00:00,usgs,ok,data/processed/waveforms/us6000dy7s_YKAV.mseed,2026-09-12T12:18:13.648186+00:00
us6000dzl3,DAT,58.17,4.6,2021-04-07 07:08:18.018000+00:00,usgs,no_data,,2026-09-12T12:18:16.852091+00:00
us6000dzl3,DATC,65.23,4.6,2021-04-07 07:08:18.018000+00:00,usgs,ok,data/processed/waveforms/us6000dzl3_DATC.mseed,2026-09-12T12:18:17.522748+00:00
us6000dzl3,BODA,83.25,4.6,2021-04-07 07:08:18.018000+00:00,usgs,no_data,,2026-09-12T12:18:18.759083+00:00
us6000dzl3,BODT,84.13,4.6,2021-04-07 07:08:18.018000+00:00,usgs,ok,data/processed/waveforms/us6000dzl3_BODT.mseed,2026-09-12T12:18:19.342730+00:00
us6000dzvs,DAT,47.82,4.5,2021-04-08 00:33:48.339000+00:00,usgs,no_data,,2026-09-12T12:18:20.642876+00:00
us6000dzvs,DATC,55.61,4.5,2021-04-08 00:33:48.339000+00:00,usgs,ok,data/processed/waveforms/us6000dzvs_DATC.mseed,2026-09-12T12:18:21.450482+00:00
us6000dzvs,BODT,68.0,4.5,2021-04-08 00:33:48.339000+00:00,usgs,ok,data/processed/waveforms/us6000dzvs_BODT.mseed,2026-09-12T12:18:22.810571+00:00
us6000dzvs,BODA,68.07,4.5,2021-04-08 00:33:48.339000+00:00,usgs,no_data,,2026-09-12T12:18:24.032250+00:00
us6000e1bu,BODT,63.0,5.3,2021-04-13 20:28:02.233000+00:00,usgs,no_data,,2026-09-12T12:18:24.619909+00:00
us6000e1bu,BODA,64.9,5.3,2021-04-13 20:28:02.233000+00:00,usgs,no_data,,2026-09-12T12:18:25.640766+00:00
us6000e1pd,GPNR,24.38,4.5,2021-04-15 04:10:20.963000+00:00,usgs,no_data,,2026-09-12T12:18:26.178543+00:00
us6000e1pd,CUND,50.56,4.5,2021-04-15 04:10:20.963000+00:00,usgs,no_data,,2026-09-12T12:18:26.851819+00:00
us6000e1pd,EZNE,62.08,4.5,2021-04-15 04:10:20.963000+00:00,usgs,ok,data/processed/waveforms/us6000e1pd_EZNE.mseed,2026-09-12T12:18:27.350086+00:00
us6000e1pd,EZN,68.19,4.5,2021-04-15 04:10:20.963000+00:00,usgs,ok,data/processed/waveforms/us6000e1pd_EZN.mseed,2026-09-12T12:18:29.134614+00:00
us6000e2f0,BODT,75.38,5.0,2021-04-17 17:08:00.786000+00:00,usgs,ok,data/processed/waveforms/us6000e2f0_BODT.mseed,2026-09-12T12:18:31.110021+00:00
us6000e2f0,BODA,75.97,5.0,2021-04-17 17:08:00.786000+00:00,usgs,no_data,,2026-09-12T12:18:32.492601+00:00
us6000e33i,DAT,53.39,4.6,2021-04-20 05:09:53.067000+00:00,usgs,no_data,,2026-09-12T12:18:33.002938+00:00
us6000e33i,DATC,60.97,4.6,2021-04-20 05:09:53.067000+00:00,usgs,ok,data/processed/waveforms/us6000e33i_DATC.mseed,2026-09-12T12:18:33.520707+00:00
us6000e33i,BODA,75.1,4.6,2021-04-20 05:09:53.067000+00:00,usgs,no_data,,2026-09-12T12:18:34.804615+00:00
us6000e33i,BODT,75.15,4.6,2021-04-20 05:09:53.067000+00:00,usgs,ok,data/processed/waveforms/us6000e33i_BODT.mseed,2026-09-12T12:18:35.323762+00:00
us7000e4ey,GMLD,11.27,4.6,2021-05-19 11:14:59.459000+00:00,usgs,ok,data/processed/waveforms/us7000e4ey_GMLD.mseed,2026-09-12T12:18:36.626695+00:00
us7000e4ey,KUSD,32.02,4.6,2021-05-19 11:14:59.459000+00:00,usgs,ok,data/processed/waveforms/us7000e4ey_KUSD.mseed,2026-09-12T12:18:37.817769+00:00
us7000e4ey,BLCB,34.39,4.6,2021-05-19 11:14:59.459000+00:00,usgs,ok,data/processed/waveforms/us7000e4ey_BLCB.mseed,2026-09-12T12:18:39.264152+00:00
us7000e4ey,CESE,70.96,4.6,2021-05-19 11:14:59.459000+00:00,usgs,ok,data/processed/waveforms/us7000e4ey_CESE.mseed,2026-09-12T12:18:40.596709+00:00
us7000e9kp,DAT,267.95,4.6,2021-06-04 01:05:26.569000+00:00,usgs,no_data,,2026-09-12T12:18:42.078735+00:00
us7000e9kp,BODT,275.49,4.6,2021-06-04 01:05:26.569000+00:00,usgs,ok,data/processed/waveforms/us7000e9kp_BODT.mseed,2026-09-12T12:18:42.798446+00:00
us7000e9kp,DATC,275.71,4.6,2021-06-04 01:05:26.569000+00:00,usgs,no_data,,2026-09-12T12:18:44.734817+00:00
us7000e9kp,YKAV,278.85,4.6,2021-06-04 01:05:26.569000+00:00,usgs,no_data,,2026-09-12T12:18:45.479848+00:00
us7000ef1g,BODT,73.3,5.5,2021-06-21 22:14:13.556000+00:00,usgs,ok,data/processed/waveforms/us7000ef1g_BODT.mseed,2026-09-12T12:18:46.136478+00:00
us7000ef1g,BODA,74.75,5.5,2021-06-21 22:14:13.556000+00:00,usgs,no_data,,2026-09-12T12:18:47.572894+00:00
us6000epst,ERZN,58.63,5.4,2021-06-25 18:28:37.298000+00:00,usgs,ok,data/processed/waveforms/us6000epst_ERZN.mseed,2026-09-12T12:18:48.105401+00:00
us6000epst,PTK,74.47,5.4,2021-06-25 18:28:37.298000+00:00,usgs,no_data,,2026-09-12T12:18:49.635940+00:00
us6000etsj,CUKT,143.88,4.9,2021-07-09 15:41:19.448000+00:00,usgs,no_data,,2026-09-12T12:18:50.185161+00:00
us6000etsj,VANB,240.02,4.9,2021-07-09 15:41:19.448000+00:00,usgs,no_data,,2026-09-12T12:18:50.833950+00:00
us6000etsj,SIRT,250.89,4.9,2021-07-09 15:41:19.448000+00:00,usgs,no_data,,2026-09-12T12:18:53.169006+00:00
us6000etsj,AKDM,252.2,4.9,2021-07-09 15:41:19.448000+00:00,usgs,no_data,,2026-09-12T12:18:53.703449+00:00
us6000exyx,DAT,62.75,4.8,2021-07-22 14:16:29.499000+00:00,usgs,no_data,,2026-09-12T12:18:54.871877+00:00
us6000exyx,DATC,70.39,4.8,2021-07-22 14:16:29.499000+00:00,usgs,no_data,,2026-09-12T12:18:55.375400+00:00
us6000exyx,BODT,82.13,4.8,2021-07-22 14:16:29.499000+00:00,usgs,ok,data/processed/waveforms/us6000exyx_BODT.mseed,2026-09-12T12:18:55.873157+00:00
us6000exyx,BODA,82.91,4.8,2021-07-22 14:16:29.499000+00:00,usgs,no_data,,2026-09-12T12:18:57.632215+00:00
us6000eyju,DAT,271.99,4.7,2021-07-24 02:07:38.229000+00:00,usgs,no_data,,2026-09-12T12:18:58.502818+00:00
us6000eyju,DATC,279.74,4.7,2021-07-24 02:07:38.229000+00:00,usgs,no_data,,2026-09-12T12:18:59.412924+00:00
us6000eyju,BODT,279.74,4.7,2021-07-24 02:07:38.229000+00:00,usgs,ok,data/processed/waveforms/us6000eyju_BODT.mseed,2026-09-12T12:18:59.957369+00:00
us6000eyju,YKAV,283.12,4.7,2021-07-24 02:07:38.229000+00:00,usgs,no_data,,2026-09-12T12:19:01.632534+00:00
us6000ez0a,KMRS,60.24,4.6,2021-07-25 20:55:06.014000+00:00,usgs,ok,data/processed/waveforms/us6000ez0a_KMRS.mseed,2026-09-12T12:19:02.243995+00:00
us6000ez0a,CEYT,62.17,4.6,2021-07-25 20:55:06.014000+00:00,usgs,no_data,,2026-09-12T12:19:03.559803+00:00
us6000ez0a,KOZT,67.76,4.6,2021-07-25 20:55:06.014000+00:00,usgs,ok,data/processed/waveforms/us6000ez0a_KOZT.mseed,2026-09-12T12:19:04.165475+00:00
us6000ez0a,GAZ,68.82,4.6,2021-07-25 20:55:06.014000+00:00,usgs,ok,data/processed/waveforms/us6000ez0a_GAZ.mseed,2026-09-12T12:19:05.438787+00:00
us6000f11n,DAT,58.11,4.7,2021-07-31 19:57:55.108000+00:00,usgs,no_data,,2026-09-12T12:19:06.705122+00:00
us6000f11n,DATC,65.9,4.7,2021-07-31 19:57:55.108000+00:00,usgs,no_data,,2026-09-12T12:19:07.255197+00:00
us6000f11n,BODT,75.77,4.7,2021-07-31 19:57:55.108000+00:00,usgs,ok,data/processed/waveforms/us6000f11n_BODT.mseed,2026-09-12T12:19:07.815149+00:00
us6000f11n,BODA,76.78,4.7,2021-07-31 19:57:55.108000+00:00,usgs,no_data,,2026-09-12T12:19:09.136081+00:00
us6000f155,BODT,78.75,5.6,2021-08-01 04:31:26.956000+00:00,usgs,ok,data/processed/waveforms/us6000f155_BODT.mseed,2026-09-12T12:19:09.657198+00:00
us6000f155,BODA,80.28,5.6,2021-08-01 04:31:26.956000+00:00,usgs,no_data,,2026-09-12T12:19:11.200181+00:00
us6000f16z,DAT,62.55,4.5,2021-08-01 09:14:27.986000+00:00,usgs,no_data,,2026-09-12T12:19:11.955486+00:00
us6000f16z,DATC,70.26,4.5,2021-08-01 09:14:27.986000+00:00,usgs,no_data,,2026-09-12T12:19:13.561683+00:00
us6000f16z,BODT,80.94,4.5,2021-08-01 09:14:27.986000+00:00,usgs,ok,data/processed/waveforms/us6000f16z_BODT.mseed,2026-09-12T12:19:17.081384+00:00
us6000f16z,BODA,81.94,4.5,2021-08-01 09:14:27.986000+00:00,usgs,no_data,,2026-09-12T12:19:22.088152+00:00
us6000f1u4,BODT,78.41,5.2,2021-08-03 12:38:17.754000+00:00,usgs,ok,data/processed/waveforms/us6000f1u4_BODT.mseed,2026-09-12T12:19:25.098598+00:00
us6000f1u4,BODA,79.54,5.2,2021-08-03 12:38:17.754000+00:00,usgs,no_data,,2026-09-12T12:19:26.786705+00:00
us6000f1yr,DAT,65.53,4.6,2021-08-03 19:53:13.644000+00:00,usgs,no_data,,2026-09-12T12:19:27.440979+00:00
us6000f1yr,DATC,73.32,4.6,2021-08-03 19:53:13.644000+00:00,usgs,no_data,,2026-09-12T12:19:28.078608+00:00
us6000f1yr,BODT,82.21,4.6,2021-08-03 19:53:13.644000+00:00,usgs,ok,data/processed/waveforms/us6000f1yr_BODT.mseed,2026-09-12T12:19:29.033415+00:00
us6000f1yr,BODA,83.67,4.6,2021-08-03 19:53:13.644000+00:00,usgs,no_data,,2026-09-12T12:19:30.600779+00:00
us6000f328,BODT,91.18,5.0,2021-08-07 01:39:45.606000+00:00,usgs,ok,data/processed/waveforms/us6000f328_BODT.mseed,2026-09-12T12:19:31.128144+00:00
us6000f328,BODA,91.8,5.0,2021-08-07 01:39:45.606000+00:00,usgs,no_data,,2026-09-12T12:19:32.292234+00:00
us6000f6s8,KARS,96.16,4.8,2021-08-16 01:44:05.896000+00:00,usgs,ok,data/processed/waveforms/us6000f6s8_KARS.mseed,2026-09-12T12:19:32.917229+00:00
us6000f6s8,TASB,133.7,4.8,2021-08-16 01:44:05.896000+00:00,usgs,no_data,,2026-09-12T12:19:34.158830+00:00
us6000f6s8,SENK,152.19,4.8,2021-08-16 01:44:05.896000+00:00,usgs,no_data,,2026-09-12T12:19:34.725352+00:00
us6000f6s8,AGRB,195.69,4.8,2021-08-16 01:44:05.896000+00:00,usgs,ok,data/processed/waveforms/us6000f6s8_AGRB.mseed,2026-09-12T12:19:35.546529+00:00
us6000f8b9,DAT,60.0,4.7,2021-08-19 11:26:33.046000+00:00,usgs,no_data,,2026-09-12T12:19:36.999366+00:00
us6000f8b9,DATC,67.4,4.7,2021-08-19 11:26:33.046000+00:00,usgs,no_data,,2026-09-12T12:19:37.491575+00:00
us6000f8b9,BODA,82.55,4.7,2021-08-19 11:26:33.046000+00:00,usgs,no_data,,2026-09-12T12:19:38.019436+00:00
us6000f8b9,BODT,82.58,4.7,2021-08-19 11:26:33.046000+00:00,usgs,ok,data/processed/waveforms/us6000f8b9_BODT.mseed,2026-09-12T12:19:38.552647+00:00
us7000f66b,GEDZ,67.27,5.1,2021-08-31 11:04:26.926000+00:00,usgs,no_data,,2026-09-12T12:19:39.788646+00:00
us7000f66b,TVSB,77.34,5.1,2021-08-31 11:04:26.926000+00:00,usgs,no_data,,2026-09-12T12:19:40.450816+00:00
us7000f8cs,DAT,85.14,4.6,2021-09-05 21:27:51.422000+00:00,usgs,no_data,,2026-09-12T12:19:41.367009+00:00
us7000f8cs,DATC,89.2,4.6,2021-09-05 21:27:51.422000+00:00,usgs,no_data,,2026-09-12T12:19:41.864155+00:00
us7000f8cs,BBRN,94.29,4.6,2021-09-05 21:27:51.422000+00:00,usgs,no_data,,2026-09-12T12:19:42.369498+00:00
us7000f8cs,MRSB,104.75,4.6,2021-09-05 21:27:51.422000+00:00,usgs,no_data,,2026-09-12T12:19:42.953451+00:00
us7000f8ku,DAT,61.33,4.6,2021-09-06 15:04:39.119000+00:00,usgs,no_data,,2026-09-12T12:19:44.039027+00:00
us7000f8ku,DATC,68.49,4.6,2021-09-06 15:04:39.119000+00:00,usgs,no_data,,2026-09-12T12:19:44.879435+00:00
us7000f8ku,BODA,85.57,4.6,2021-09-06 15:04:39.119000+00:00,usgs,no_data,,2026-09-12T12:19:45.556753+00:00
us7000f8ku,BODT,86.07,4.6,2021-09-06 15:04:39.119000+00:00,usgs,ok,data/processed/waveforms/us7000f8ku_BODT.mseed,2026-09-12T12:19:46.165437+00:00
us7000f8tq,KEMT,69.01,4.6,2021-09-07 11:15:00.102000+00:00,usgs,no_data,,2026-09-12T12:19:47.469272+00:00
us7000f8tq,MNVG,82.7,4.6,2021-09-07 11:15:00.102000+00:00,usgs,no_data,,2026-09-12T12:19:48.080830+00:00
us7000f8tq,ANTB,93.47,4.6,2021-09-07 11:15:00.102000+00:00,usgs,no_data,,2026-09-12T12:19:48.754149+00:00
us7000f8tq,ALAN,102.05,4.6,2021-09-07 11:15:00.102000+00:00,usgs,no_data,,2026-09-12T12:19:49.511350+00:00
us7000f93t,DAT,45.85,4.5,2021-09-08 01:40:02.143000+00:00,usgs,no_data,,2026-09-12T12:19:50.295328+00:00
us7000f93t,DATC,53.66,4.5,2021-09-08 01:40:02.143000+00:00,usgs,no_data,,2026-09-12T12:19:50.787533+00:00
us7000f93t,BODA,66.04,4.5,2021-09-08 01:40:02.143000+00:00,usgs,no_data,,2026-09-12T12:19:51.287397+00:00
us7000f93t,BODT,66.08,4.5,2021-09-08 01:40:02.143000+00:00,usgs,ok,data/processed/waveforms/us7000f93t_BODT.mseed,2026-09-12T12:19:51.840789+00:00
us7000fes8,DAT,265.35,6.0,2021-09-27 06:17:21.478000+00:00,usgs,no_data,,2026-09-12T12:19:52.994853+00:00
us7000fes8,BODT,272.82,6.0,2021-09-27 06:17:21.478000+00:00,usgs,ok,data/processed/waveforms/us7000fes8_BODT.mseed,2026-09-12T12:19:53.565301+00:00
us7000fes8,DATC,273.11,6.0,2021-09-27 06:17:21.478000+00:00,usgs,no_data,,2026-09-12T12:19:54.776009+00:00
us7000fes8,YKAV,276.18,6.0,2021-09-27 06:17:21.478000+00:00,usgs,no_data,,2026-09-12T12:19:55.320597+00:00
us7000fesd,DAT,276.88,4.7,2021-09-27 06:37:44.467000+00:00,usgs,no_data,,2026-09-12T12:19:55.869195+00:00
us7000fesd,DATC,284.55,4.7,2021-09-27 06:37:44.467000+00:00,usgs,no_data,,2026-09-12T12:19:56.356219+00:00
us7000fesd,BODT,286.15,4.7,2021-09-27 06:37:44.467000+00:00,usgs,ok,data/processed/waveforms/us7000fesd_BODT.mseed,2026-09-12T12:19:56.901201+00:00
us7000fesd,YKAV,289.74,4.7,2021-09-27 06:37:44.467000+00:00,usgs,no_data,,2026-09-12T12:19:57.610501+00:00
us7000fesr,DAT,259.93,4.5,2021-09-27 07:30:46.215000+00:00,usgs,no_data,,2026-09-12T12:19:58.625885+00:00
us7000fesr,BODT,266.26,4.5,2021-09-27 07:30:46.215000+00:00,usgs,ok,data/processed/waveforms/us7000fesr_BODT.mseed,2026-09-12T12:19:59.522458+00:00
us7000fesr,DATC,267.75,4.5,2021-09-27 07:30:46.215000+00:00,usgs,no_data,,2026-09-12T12:20:00.341440+00:00
us7000fesr,YKAV,269.45,4.5,2021-09-27 07:30:46.215000+00:00,usgs,no_data,,2026-09-12T12:20:00.822306+00:00
us7000fetq,DAT,284.22,4.8,2021-09-27 11:02:25.962000+00:00,usgs,no_data,,2026-09-12T12:20:01.419939+00:00
us7000fetq,DATC,291.87,4.8,2021-09-27 11:02:25.962000+00:00,usgs,no_data,,2026-09-12T12:20:01.926502+00:00
us7000fetq,BODT,293.47,4.8,2021-09-27 11:02:25.962000+00:00,usgs,ok,data/processed/waveforms/us7000fetq_BODT.mseed,2026-09-12T12:20:02.442627+00:00
us7000fetq,YKAV,297.05,4.8,2021-09-27 11:02:25.962000+00:00,usgs,no_data,,2026-09-12T12:20:03.046770+00:00
us7000feyd,DAT,271.91,4.7,2021-09-27 20:10:01.502000+00:00,usgs,no_data,,2026-09-12T12:20:03.559086+00:00
us7000feyd,BODT,279.57,4.7,2021-09-27 20:10:01.502000+00:00,usgs,ok,data/processed/waveforms/us7000feyd_BODT.mseed,2026-09-12T12:20:04.080066+00:00
us7000feyd,DATC,279.67,4.7,2021-09-27 20:10:01.502000+00:00,usgs,no_data,,2026-09-12T12:20:04.832207+00:00
us7000feyd,YKAV,282.93,4.7,2021-09-27 20:10:01.502000+00:00,usgs,no_data,,2026-09-12T12:20:05.368156+00:00
us7000ff36,DAT,281.72,5.3,2021-09-28 04:48:08.650000+00:00,usgs,no_data,,2026-09-12T12:20:05.885153+00:00
us7000ff36,DATC,289.41,5.3,2021-09-28 04:48:08.650000+00:00,usgs,no_data,,2026-09-12T12:20:06.392417+00:00
us7000ff36,BODT,290.51,5.3,2021-09-28 04:48:08.650000+00:00,usgs,ok,data/processed/waveforms/us7000ff36_BODT.mseed,2026-09-12T12:20:06.875563+00:00
us7000ff36,YKAV,294.03,5.3,2021-09-28 04:48:08.650000+00:00,usgs,no_data,,2026-09-12T12:20:08.178200+00:00
us7000ff84,DAT,267.43,4.7,2021-09-28 15:13:16.867000+00:00,usgs,no_data,,2026-09-12T12:20:08.682213+00:00
us7000ff84,DATC,275.16,4.7,2021-09-28 15:13:16.867000+00:00,usgs,no_data,,2026-09-12T12:20:09.159693+00:00
us7000ff84,BODT,275.49,4.7,2021-09-28 15:13:16.867000+00:00,usgs,ok,data/processed/waveforms/us7000ff84_BODT.mseed,2026-09-12T12:20:09.725971+00:00
us7000ff84,YKAV,278.93,4.7,2021-09-28 15:13:16.867000+00:00,usgs,no_data,,2026-09-12T12:20:10.388099+00:00
us6000fq3y,DAT,288.88,4.6,2021-09-29 11:54:48.885000+00:00,usgs,no_data,,2026-09-12T12:20:10.909437+00:00
us6000fq3y,DATC,296.55,4.6,2021-09-29 11:54:48.885000+00:00,usgs,no_data,,2026-09-12T12:20:11.407844+00:00
us6000fq3y,BODT,297.86,4.6,2021-09-29 11:54:48.885000+00:00,usgs,ok,data/processed/waveforms/us6000fq3y_BODT.mseed,2026-09-12T12:20:11.897639+00:00
us6000fq3y,YKAV,301.39,4.6,2021-09-29 11:54:48.885000+00:00,usgs,ok,data/processed/waveforms/us6000fq3y_YKAV.mseed,2026-09-12T12:20:13.431330+00:00
us6000fq9m,DAT,45.11,4.6,2021-09-29 22:22:17.468000+00:00,usgs,no_data,,2026-09-12T12:20:15.113351+00:00
us6000fq9m,DATC,52.96,4.6,2021-09-29 22:22:17.468000+00:00,usgs,no_data,,2026-09-12T12:20:15.905676+00:00
us6000fq9m,BODT,64.88,4.6,2021-09-29 22:22:17.468000+00:00,usgs,ok,data/processed/waveforms/us6000fq9m_BODT.mseed,2026-09-12T12:20:16.594035+00:00
us6000fq9m,BODA,64.9,4.6,2021-09-29 22:22:17.468000+00:00,usgs,no_data,,2026-09-12T12:20:17.246790+00:00
us6000fq9n,DAT,45.78,4.5,2021-09-29 22:22:59.853000+00:00,usgs,no_data,,2026-09-12T12:20:17.773286+00:00
us6000fq9n,DATC,53.7,4.5,2021-09-29 22:22:59.853000+00:00,usgs,no_data,,2026-09-12T12:20:18.377894+00:00
us6000fq9n,BODT,63.82,4.5,2021-09-29 22:22:59.853000+00:00,usgs,ok,data/processed/waveforms/us6000fq9n_BODT.mseed,2026-09-12T12:20:18.888098+00:00
us6000fq9n,BODA,64.22,4.5,2021-09-29 22:22:59.853000+00:00,usgs,no_data,,2026-09-12T12:20:19.506139+00:00
us6000fsp1,DAT,274.71,4.6,2021-10-03 14:31:27.622000+00:00,usgs,no_data,,2026-09-12T12:20:20.029522+00:00
us6000fsp1,DATC,282.43,4.6,2021-10-03 14:31:27.622000+00:00,usgs,no_data,,2026-09-12T12:20:20.536626+00:00
us6000fsp1,BODT,283.11,4.6,2021-10-03 14:31:27.622000+00:00,usgs,ok,data/processed/waveforms/us6000fsp1_BODT.mseed,2026-09-12T12:20:21.059092+00:00
us6000fsp1,YKAV,286.59,4.6,2021-10-03 14:31:27.622000+00:00,usgs,ok,data/processed/waveforms/us6000fsp1_YKAV.mseed,2026-09-12T12:20:22.479129+00:00
us6000ftxu,BODT,232.35,6.4,2021-10-12 09:24:05.099000+00:00,usgs,ok,data/processed/waveforms/us6000ftxu_BODT.mseed,2026-09-12T12:20:23.813649+00:00
us6000ftxu,BODA,234.42,6.4,2021-10-12 09:24:05.099000+00:00,usgs,no_data,,2026-09-12T12:20:25.639467+00:00
us6000fwd6,DAT,267.92,4.8,2021-10-21 08:12:57.487000+00:00,usgs,ok,data/processed/waveforms/us6000fwd6_DAT.mseed,2026-09-12T12:20:26.179901+00:00
us6000fwd6,BODT,275.23,4.8,2021-10-21 08:12:57.487000+00:00,usgs,ok,data/processed/waveforms/us6000fwd6_BODT.mseed,2026-09-12T12:20:27.465330+00:00
us6000fwd6,DATC,275.7,4.8,2021-10-21 08:12:57.487000+00:00,usgs,ok,data/processed/waveforms/us6000fwd6_DATC.mseed,2026-09-12T12:20:29.207943+00:00
us6000fwd6,YKAV,278.56,4.8,2021-10-21 08:12:57.487000+00:00,usgs,ok,data/processed/waveforms/us6000fwd6_YKAV.mseed,2026-09-12T12:20:31.728416+00:00
us7000fp8n,DAT,282.45,4.5,2021-10-21 08:44:48.799000+00:00,usgs,ok,data/processed/waveforms/us7000fp8n_DAT.mseed,2026-09-12T12:20:32.942193+00:00
us7000fp8n,BODT,290.14,4.5,2021-10-21 08:44:48.799000+00:00,usgs,ok,data/processed/waveforms/us7000fp8n_BODT.mseed,2026-09-12T12:20:33.491592+00:00
us7000fp8n,DATC,290.2,4.5,2021-10-21 08:44:48.799000+00:00,usgs,ok,data/processed/waveforms/us7000fp8n_DATC.mseed,2026-09-12T12:20:34.054168+00:00
us7000fp8n,YKAV,293.49,4.5,2021-10-21 08:44:48.799000+00:00,usgs,ok,data/processed/waveforms/us7000fp8n_YKAV.mseed,2026-09-12T12:20:34.742134+00:00
us6000fwdx,DAT,288.19,4.7,2021-10-21 09:38:38.445000+00:00,usgs,ok,data/processed/waveforms/us6000fwdx_DAT.mseed,2026-09-12T12:20:35.425523+00:00
us6000fwdx,DATC,295.86,4.7,2021-10-21 09:38:38.445000+00:00,usgs,ok,data/processed/waveforms/us6000fwdx_DATC.mseed,2026-09-12T12:20:36.116662+00:00
us6000fwdx,BODT,297.16,4.7,2021-10-21 09:38:38.445000+00:00,usgs,ok,data/processed/waveforms/us6000fwdx_BODT.mseed,2026-09-12T12:20:36.750582+00:00
us6000fwdx,YKAV,300.69,4.7,2021-10-21 09:38:38.445000+00:00,usgs,ok,data/processed/waveforms/us6000fwdx_YKAV.mseed,2026-09-12T12:20:37.329062+00:00
us6000fwpx,DAT,282.94,4.5,2021-10-22 10:11:30.851000+00:00,usgs,ok,data/processed/waveforms/us6000fwpx_DAT.mseed,2026-09-12T12:20:38.062039+00:00
us6000fwpx,DATC,290.63,4.5,2021-10-22 10:11:30.851000+00:00,usgs,ok,data/processed/waveforms/us6000fwpx_DATC.mseed,2026-09-12T12:20:39.060760+00:00
us6000fwpx,BODT,291.79,4.5,2021-10-22 10:11:30.851000+00:00,usgs,ok,data/processed/waveforms/us6000fwpx_BODT.mseed,2026-09-12T12:20:40.364056+00:00
us6000fwpx,YKAV,295.32,4.5,2021-10-22 10:11:30.851000+00:00,usgs,ok,data/processed/waveforms/us6000fwpx_YKAV.mseed,2026-09-12T12:20:41.478573+00:00
us7000fsfm,SEYD,56.85,5.1,2021-11-08 17:43:21.856000+00:00,usgs,ok,data/processed/waveforms/us7000fsfm_SEYD.mseed,2026-09-12T12:20:42.692864+00:00
us7000fsfm,HDMB,101.67,5.1,2021-11-08 17:43:21.856000+00:00,usgs,no_data,,2026-09-12T12:20:46.292769+00:00
us7000fthz,MALT,33.57,4.8,2021-11-12 09:19:15.325000+00:00,usgs,no_data,,2026-09-12T12:20:47.238871+00:00
us7000fthz,SVRC,49.75,4.8,2021-11-12 09:19:15.325000+00:00,usgs,ok,data/processed/waveforms/us7000fthz_SVRC.mseed,2026-09-12T12:20:47.738199+00:00
us7000fthz,URFA,84.37,4.8,2021-11-12 09:19:15.325000+00:00,usgs,ok,data/processed/waveforms/us7000fthz_URFA.mseed,2026-09-12T12:20:48.971757+00:00
us7000fthz,PTK,93.53,4.8,2021-11-12 09:19:15.325000+00:00,usgs,no_data,,2026-09-12T12:20:50.378049+00:00
us7000futw,UVEZ,8.93,4.8,2021-11-17 12:40:16.760000+00:00,usgs,ok,data/processed/waveforms/us7000futw_UVEZ.mseed,2026-09-12T12:20:50.982773+00:00
us7000futw,MDUB,46.91,4.8,2021-11-17 12:40:16.760000+00:00,usgs,ok,data/processed/waveforms/us7000futw_MDUB.mseed,2026-09-12T12:20:52.586049+00:00
us7000futw,SAUV,57.92,4.8,2021-11-17 12:40:16.760000+00:00,usgs,no_data,,2026-09-12T12:20:53.947244+00:00
us7000futw,SPNC,61.16,4.8,2021-11-17 12:40:16.760000+00:00,usgs,no_data,,2026-09-12T12:20:54.596551+00:00
us7000fvfl,SENK,89.42,5.1,2021-11-19 12:40:53.461000+00:00,usgs,ok,data/processed/waveforms/us7000fvfl_SENK.mseed,2026-09-12T12:20:55.115737+00:00
us7000fvfl,MLAZ,93.34,5.1,2021-11-19 12:40:53.461000+00:00,usgs,no_data,,2026-09-12T12:20:56.630962+00:00
us7000fw5n,KOPR,28.43,4.7,2021-11-22 08:31:25.499000+00:00,usgs,ok,data/processed/waveforms/us7000fw5n_KOPR.mseed,2026-09-12T12:20:57.230956+00:00
us7000fw5n,VRTB,73.76,4.7,2021-11-22 08:31:25.499000+00:00,usgs,ok,data/processed/waveforms/us7000fw5n_VRTB.mseed,2026-09-12T12:20:59.039855+00:00
us7000fw5n,KARO,85.73,4.7,2021-11-22 08:31:25.499000+00:00,usgs,ok,data/processed/waveforms/us7000fw5n_KARO.mseed,2026-09-12T12:21:01.267345+00:00
us7000fw5n,MLAZ,87.7,4.7,2021-11-22 08:31:25.499000+00:00,usgs,no_data,,2026-09-12T12:21:02.794417+00:00
us6000g7ta,KRBN,103.88,5.1,2021-11-30 04:00:40.529000+00:00,usgs,ok,data/processed/waveforms/us6000g7ta_KRBN.mseed,2026-09-12T12:21:03.393822+00:00
us6000g7ta,KUSD,106.99,5.1,2021-11-30 04:00:40.529000+00:00,usgs,ok,data/processed/waveforms/us6000g7ta_KUSD.mseed,2026-09-12T12:21:04.916229+00:00
us6000g9c1,ERCV,19.07,4.9,2021-12-05 21:46:49.571000+00:00,usgs,ok,data/processed/waveforms/us6000g9c1_ERCV.mseed,2026-09-12T12:21:06.300743+00:00
us6000g9c1,VANB,43.09,4.9,2021-12-05 21:46:49.571000+00:00,usgs,ok,data/processed/waveforms/us6000g9c1_VANB.mseed,2026-09-12T12:21:07.971703+00:00
us6000g9c1,CLDR,46.74,4.9,2021-12-05 21:46:49.571000+00:00,usgs,no_data,,2026-09-12T12:21:09.604684+00:00
us6000g9c1,AKDM,76.44,4.9,2021-12-05 21:46:49.571000+00:00,usgs,ok,data/processed/waveforms/us6000g9c1_AKDM.mseed,2026-09-12T12:21:10.258844+00:00
us6000gffm,BBRN,200.28,5.1,2021-12-26 15:15:11.703000+00:00,usgs,no_data,,2026-09-12T12:21:11.775090+00:00
us6000gffm,MRSB,210.41,5.1,2021-12-26 15:15:11.703000+00:00,usgs,no_data,,2026-09-12T12:21:12.293547+00:00
us6000gfhq,BBRN,192.43,5.6,2021-12-26 18:59:02.711000+00:00,usgs,no_data,,2026-09-12T12:21:12.803843+00:00
us6000gfhq,MRSB,202.45,5.6,2021-12-26 18:59:02.711000+00:00,usgs,no_data,,2026-09-12T12:21:13.599710+00:00
us7000g9ms,DAT,195.33,4.7,2021-12-26 19:01:24.161000+00:00,usgs,ok,data/processed/waveforms/us7000g9ms_DAT.mseed,2026-09-12T12:21:14.960919+00:00
us7000g9ms,DATC,200.61,4.7,2021-12-26 19:01:24.161000+00:00,usgs,ok,data/processed/waveforms/us7000g9ms_DATC.mseed,2026-09-12T12:21:16.709744+00:00
us7000g9ms,BBRN,207.54,4.7,2021-12-26 19:01:24.161000+00:00,usgs,no_data,,2026-09-12T12:21:18.235218+00:00
us7000g9ms,MRSB,217.37,4.7,2021-12-26 19:01:24.161000+00:00,usgs,no_data,,2026-09-12T12:21:18.804929+00:00
us7000g94d,KEMT,83.43,5.1,2022-01-05 03:21:16.251000+00:00,usgs,ok,data/processed/waveforms/us7000g94d_KEMT.mseed,2026-09-12T12:21:19.377726+00:00
us7000g94d,ANTB,101.56,5.1,2022-01-05 03:21:16.251000+00:00,usgs,ok,data/processed/waveforms/us7000g94d_ANTB.mseed,2026-09-12T12:21:20.861892+00:00
us7000gamy,CUKT,224.78,4.5,2022-01-10 18:29:47.868000+00:00,usgs,no_data,,2026-09-12T12:21:22.270148+00:00
us7000gamy,SIRT,312.38,4.5,2022-01-10 18:29:47.868000+00:00,usgs,no_data,,2026-09-12T12:21:22.948405+00:00
us7000gamy,AKDM,356.31,4.5,2022-01-10 18:29:47.868000+00:00,usgs,ok,data/processed/waveforms/us7000gamy_AKDM.mseed,2026-09-12T12:21:23.611139+00:00
us7000gamy,VANB,358.0,4.5,2022-01-10 18:29:47.868000+00:00,usgs,ok,data/processed/waveforms/us7000gamy_VANB.mseed,2026-09-12T12:21:25.030666+00:00
us7000gd7k,CUKT,229.19,4.6,2022-01-10 20:11:16.954000+00:00,usgs,no_data,,2026-09-12T12:21:26.575762+00:00
us7000gd7k,SIRT,315.97,4.6,2022-01-10 20:11:16.954000+00:00,usgs,no_data,,2026-09-12T12:21:27.051341+00:00
us7000gd7k,AKDM,360.87,4.6,2022-01-10 20:11:16.954000+00:00,usgs,ok,data/processed/waveforms/us7000gd7k_AKDM.mseed,2026-09-12T12:21:27.690098+00:00
us7000gd7k,VANB,362.86,4.6,2022-01-10 20:11:16.954000+00:00,usgs,ok,data/processed/waveforms/us7000gd7k_VANB.mseed,2026-09-12T12:21:29.198426+00:00
us7000gaqu,BOZY,135.22,6.6,2022-01-11 01:07:48.064000+00:00,usgs,ok,data/processed/waveforms/us7000gaqu_BOZY.mseed,2026-09-12T12:21:30.561730+00:00
us7000gaqu,AKIN,140.46,6.6,2022-01-11 01:07:48.064000+00:00,usgs,no_data,,2026-09-12T12:21:32.012252+00:00
us7000gcr9,BNN,22.61,4.9,2022-01-17 23:28:57.923000+00:00,usgs,ok,data/processed/waveforms/us7000gcr9_BNN.mseed,2026-09-12T12:21:32.606145+00:00
us7000gcr9,YOZ,83.41,4.9,2022-01-17 23:28:57.923000+00:00,usgs,ok,data/processed/waveforms/us7000gcr9_YOZ.mseed,2026-09-12T12:21:33.929088+00:00
us7000gcr9,SARI,83.57,4.9,2022-01-17 23:28:57.923000+00:00,usgs,ok,data/processed/waveforms/us7000gcr9_SARI.mseed,2026-09-12T12:21:35.656047+00:00
us7000gcr9,KOZK,92.13,4.9,2022-01-17 23:28:57.923000+00:00,usgs,ok,data/processed/waveforms/us7000gcr9_KOZK.mseed,2026-09-12T12:21:37.050069+00:00
us7000ge92,DST,17.12,4.6,2022-01-22 19:31:42.837000+00:00,usgs,ok,data/processed/waveforms/us7000ge92_DST.mseed,2026-09-12T12:21:39.694038+00:00
us7000ge92,ORLT,52.46,4.6,2022-01-22 19:31:42.837000+00:00,usgs,ok,data/processed/waveforms/us7000ge92_ORLT.mseed,2026-09-12T12:21:41.094763+00:00
us7000ge92,SMAA,54.61,4.6,2022-01-22 19:31:42.837000+00:00,usgs,ok,data/processed/waveforms/us7000ge92_SMAA.mseed,2026-09-12T12:21:42.404206+00:00
us7000ge92,SIMA,56.51,4.6,2022-01-22 19:31:42.837000+00:00,usgs,ok,data/processed/waveforms/us7000ge92_SIMA.mseed,2026-09-12T12:21:44.620584+00:00
us7000gfrj,LEF,82.75,4.9,2022-01-28 03:57:47.440000+00:00,usgs,no_data,,2026-09-12T12:21:46.512877+00:00
us7000gfrj,AKDN,96.98,4.9,2022-01-28 03:57:47.440000+00:00,usgs,no_data,,2026-09-12T12:21:47.091236+00:00
us7000gfrj,AKIN,139.6,4.9,2022-01-28 03:57:47.440000+00:00,usgs,no_data,,2026-09-12T12:21:47.619845+00:00
us7000gfrj,LFK,147.08,4.9,2022-01-28 03:57:47.440000+00:00,usgs,no_data,,2026-09-12T12:21:48.352253+00:00
us7000gghf,YEDI,42.92,4.7,2022-01-31 00:49:57.323000+00:00,usgs,ok,data/processed/waveforms/us7000gghf_YEDI.mseed,2026-09-12T12:21:48.917707+00:00
us7000gghf,BNGB,50.21,4.7,2022-01-31 00:49:57.323000+00:00,usgs,ok,data/processed/waveforms/us7000gghf_BNGB.mseed,2026-09-12T12:21:50.296510+00:00
us7000gghf,ERZN,57.67,4.7,2022-01-31 00:49:57.323000+00:00,usgs,ok,data/processed/waveforms/us7000gghf_ERZN.mseed,2026-09-12T12:21:51.584677+00:00
us7000gghf,PTK,74.14,4.7,2022-01-31 00:49:57.323000+00:00,usgs,no_data,,2026-09-12T12:21:53.152346+00:00
us7000ghzy,BNGB,53.39,4.6,2022-01-31 06:07:00.573000+00:00,usgs,ok,data/processed/waveforms/us7000ghzy_BNGB.mseed,2026-09-12T12:21:53.668066+00:00
us7000ghzy,YEDI,58.42,4.6,2022-01-31 06:07:00.573000+00:00,usgs,ok,data/processed/waveforms/us7000ghzy_YEDI.mseed,2026-09-12T12:21:54.212591+00:00
us7000ghzy,PTK,61.44,4.6,2022-01-31 06:07:00.573000+00:00,usgs,no_data,,2026-09-12T12:21:54.913740+00:00
us7000ghzy,ERZN,65.35,4.6,2022-01-31 06:07:00.573000+00:00,usgs,ok,data/processed/waveforms/us7000ghzy_ERZN.mseed,2026-09-12T12:21:55.573834+00:00
us7000ggki,KONT,22.9,4.5,2022-01-31 09:30:36.617000+00:00,usgs,ok,data/processed/waveforms/us7000ggki_KONT.mseed,2026-09-12T12:21:56.931367+00:00
us7000ggki,LADK,38.34,4.5,2022-01-31 09:30:36.617000+00:00,usgs,ok,data/processed/waveforms/us7000ggki_LADK.mseed,2026-09-12T12:21:58.652691+00:00
us7000ggki,SEYD,62.28,4.5,2022-01-31 09:30:36.617000+00:00,usgs,ok,data/processed/waveforms/us7000ggki_SEYD.mseed,2026-09-12T12:22:00.493070+00:00
us7000ggki,CHBY,100.51,4.5,2022-01-31 09:30:36.617000+00:00,usgs,ok,data/processed/waveforms/us7000ggki_CHBY.mseed,2026-09-12T12:22:02.970143+00:00
us7000ghf9,AKIN,149.94,5.3,2022-02-02 21:03:48.327000+00:00,usgs,no_data,,2026-09-12T12:22:04.424467+00:00
us7000ghf9,BOZY,156.17,5.3,2022-02-02 21:03:48.327000+00:00,usgs,ok,data/processed/waveforms/us7000ghf9_BOZY.mseed,2026-09-12T12:22:04.920449+00:00
us7000gkl5,SENK,154.61,5.3,2022-02-13 18:25:56.058000+00:00,usgs,ok,data/processed/waveforms/us7000gkl5_SENK.mseed,2026-09-12T12:22:06.538537+00:00
us7000gkl5,AGRB,196.14,5.3,2022-02-13 18:25:56.058000+00:00,usgs,ok,data/processed/waveforms/us7000gkl5_AGRB.mseed,2026-09-12T12:22:07.782798+00:00
us6000h4c4,KARS,293.46,4.5,2022-03-14 01:15:46.546000+00:00,usgs,ok,data/processed/waveforms/us6000h4c4_KARS.mseed,2026-09-12T12:22:09.141020+00:00
us6000h4c4,TASB,310.79,4.5,2022-03-14 01:15:46.546000+00:00,usgs,ok,data/processed/waveforms/us6000h4c4_TASB.mseed,2026-09-12T12:22:10.491857+00:00
us6000h4c4,BCA,334.74,4.5,2022-03-14 01:15:46.546000+00:00,usgs,ok,data/processed/waveforms/us6000h4c4_BCA.mseed,2026-09-12T12:22:11.820628+00:00
us6000h4c4,SENK,340.19,4.5,2022-03-14 01:15:46.546000+00:00,usgs,ok,data/processed/waveforms/us6000h4c4_SENK.mseed,2026-09-12T12:22:13.506650+00:00
us6000h4pa,BCA,114.48,4.7,2022-03-15 12:25:58.936000+00:00,usgs,ok,data/processed/waveforms/us6000h4pa_BCA.mseed,2026-09-12T12:22:15.240167+00:00
us6000h4pa,HOPA,130.25,4.7,2022-03-15 12:25:58.936000+00:00,usgs,ok,data/processed/waveforms/us6000h4pa_HOPA.mseed,2026-09-12T12:22:16.728082+00:00
us6000h4pa,KARS,161.14,4.7,2022-03-15 12:25:58.936000+00:00,usgs,ok,data/processed/waveforms/us6000h4pa_KARS.mseed,2026-09-12T12:22:18.238072+00:00
us6000h4pa,SENK,167.82,4.7,2022-03-15 12:25:58.936000+00:00,usgs,ok,data/processed/waveforms/us6000h4pa_SENK.mseed,2026-09-12T12:22:20.012148+00:00
us7000h0wh,URFA,76.31,5.3,2022-04-09 14:02:15.496000+00:00,usgs,ok,data/processed/waveforms/us7000h0wh_URFA.mseed,2026-09-12T12:22:21.112503+00:00
us7000h0wh,PTK,107.25,5.3,2022-04-09 14:02:15.496000+00:00,usgs,no_data,,2026-09-12T12:22:22.554350+00:00
us7000h1b2,KDZE,115.97,4.6,2022-04-11 17:38:42.313000+00:00,usgs,ok,data/processed/waveforms/us7000h1b2_KDZE.mseed,2026-09-12T12:22:23.199481+00:00
us7000h1b2,MASR,128.97,4.6,2022-04-11 17:38:42.313000+00:00,usgs,no_data,,2026-09-12T12:22:24.611549+00:00
us7000h1b2,KURC,145.53,4.6,2022-04-11 17:38:42.313000+00:00,usgs,ok,data/processed/waveforms/us7000h1b2_KURC.mseed,2026-09-12T12:22:25.098736+00:00
us7000h1b2,UVEZ,158.84,4.6,2022-04-11 17:38:42.313000+00:00,usgs,ok,data/processed/waveforms/us7000h1b2_UVEZ.mseed,2026-09-12T12:22:26.497990+00:00
us6000hfzb,DAT,183.46,4.7,2022-04-24 04:14:04.933000+00:00,usgs,ok,data/processed/waveforms/us6000hfzb_DAT.mseed,2026-09-12T12:22:27.953997+00:00
us6000hfzb,DATC,188.72,4.7,2022-04-24 04:14:04.933000+00:00,usgs,no_data,,2026-09-12T12:22:29.880385+00:00
us6000hfzb,BBRN,195.75,4.7,2022-04-24 04:14:04.933000+00:00,usgs,no_data,,2026-09-12T12:22:30.901444+00:00
us6000hfzb,MRSB,205.67,4.7,2022-04-24 04:14:04.933000+00:00,usgs,no_data,,2026-09-12T12:22:31.387167+00:00
us7000h5uf,DAT,295.95,4.9,2022-04-29 14:01:12.059000+00:00,usgs,ok,data/processed/waveforms/us7000h5uf_DAT.mseed,2026-09-12T12:22:31.907866+00:00
us7000h5uf,BODT,303.0,4.9,2022-04-29 14:01:12.059000+00:00,usgs,ok,data/processed/waveforms/us7000h5uf_BODT.mseed,2026-09-12T12:22:32.976701+00:00
us7000h5uf,DATC,303.72,4.9,2022-04-29 14:01:12.059000+00:00,usgs,no_data,,2026-09-12T12:22:34.754436+00:00
us7000h5uf,YKAV,306.23,4.9,2022-04-29 14:01:12.059000+00:00,usgs,ok,data/processed/waveforms/us7000h5uf_YKAV.mseed,2026-09-12T12:22:35.831995+00:00
us7000h68m,KARS,98.56,4.9,2022-05-01 19:35:53.019000+00:00,usgs,ok,data/processed/waveforms/us7000h68m_KARS.mseed,2026-09-12T12:22:37.333125+00:00
us7000h68m,TASB,126.48,4.9,2022-05-01 19:35:53.019000+00:00,usgs,ok,data/processed/waveforms/us7000h68m_TASB.mseed,2026-09-12T12:22:38.626037+00:00
us7000h68m,SENK,156.6,4.9,2022-05-01 19:35:53.019000+00:00,usgs,ok,data/processed/waveforms/us7000h68m_SENK.mseed,2026-09-12T12:22:40.000648+00:00
us7000h68m,AGRB,193.6,4.9,2022-05-01 19:35:53.019000+00:00,usgs,ok,data/processed/waveforms/us7000h68m_AGRB.mseed,2026-09-12T12:22:41.143311+00:00
us7000h7xj,DAT,278.57,4.7,2022-05-08 13:22:31.254000+00:00,usgs,ok,data/processed/waveforms/us7000h7xj_DAT.mseed,2026-09-12T12:22:42.631746+00:00
us7000h7xj,DATC,286.22,4.7,2022-05-08 13:22:31.254000+00:00,usgs,ok,data/processed/waveforms/us7000h7xj_DATC.mseed,2026-09-12T12:22:44.330996+00:00
us7000h7xj,BODT,288.07,4.7,2022-05-08 13:22:31.254000+00:00,usgs,ok,data/processed/waveforms/us7000h7xj_BODT.mseed,2026-09-12T12:22:46.292623+00:00
us7000h7xj,YKAV,291.69,4.7,2022-05-08 13:22:31.254000+00:00,usgs,ok,data/processed/waveforms/us7000h7xj_YKAV.mseed,2026-09-12T12:22:47.434636+00:00
us7000hepi,DAT,74.42,4.9,2022-06-03 16:05:10.959000+00:00,usgs,ok,data/processed/waveforms/us7000hepi_DAT.mseed,2026-09-12T12:22:48.835011+00:00
us7000hepi,DATC,78.36,4.9,2022-06-03 16:05:10.959000+00:00,usgs,ok,data/processed/waveforms/us7000hepi_DATC.mseed,2026-09-12T12:22:49.981752+00:00
us7000hepi,BBRN,84.01,4.9,2022-06-03 16:05:10.959000+00:00,usgs,no_data,,2026-09-12T12:22:51.285758+00:00
us7000hepi,MRSB,94.79,4.9,2022-06-03 16:05:10.959000+00:00,usgs,no_data,,2026-09-12T12:22:51.794355+00:00
us7000hge7,ERCV,20.95,4.6,2022-06-10 06:02:28.549000+00:00,usgs,ok,data/processed/waveforms/us7000hge7_ERCV.mseed,2026-09-12T12:22:52.292813+00:00
us7000hge7,VANB,36.61,4.6,2022-06-10 06:02:28.549000+00:00,usgs,no_data,,2026-09-12T12:22:53.642238+00:00
us7000hge7,CLDR,55.97,4.6,2022-06-10 06:02:28.549000+00:00,usgs,no_data,,2026-09-12T12:22:55.018172+00:00
us7000hge7,AKDM,67.55,4.6,2022-06-10 06:02:28.549000+00:00,usgs,ok,data/processed/waveforms/us7000hge7_AKDM.mseed,2026-09-12T12:22:55.717525+00:00
us7000hgyu,CLDR,57.55,5.2,2022-06-12 18:35:20.871000+00:00,usgs,no_data,,2026-09-12T12:22:57.141839+00:00
us7000hgyu,AKDM,64.49,5.2,2022-06-12 18:35:20.871000+00:00,usgs,ok,data/processed/waveforms/us7000hgyu_AKDM.mseed,2026-09-12T12:22:57.653420+00:00
us7000hilt,DAT,160.61,4.9,2022-06-19 23:24:32.968000+00:00,usgs,ok,data/processed/waveforms/us7000hilt_DAT.mseed,2026-09-12T12:22:59.703373+00:00
us7000hilt,DATC,165.56,4.9,2022-06-19 23:24:32.968000+00:00,usgs,ok,data/processed/waveforms/us7000hilt_DATC.mseed,2026-09-12T12:23:01.493393+00:00
us7000hilt,BBRN,171.35,4.9,2022-06-19 23:24:32.968000+00:00,usgs,no_data,,2026-09-12T12:23:03.436233+00:00
us7000hilt,MRSB,181.12,4.9,2022-06-19 23:24:32.968000+00:00,usgs,no_data,,2026-09-12T12:23:03.934091+00:00
us6000i1i3,KARS,95.19,4.7,2022-07-11 03:36:22.891000+00:00,usgs,ok,data/processed/waveforms/us6000i1i3_KARS.mseed,2026-09-12T12:23:04.427047+00:00
us6000i1i3,TASB,129.72,4.7,2022-07-11 03:36:22.891000+00:00,usgs,ok,data/processed/waveforms/us6000i1i3_TASB.mseed,2026-09-12T12:23:05.760086+00:00
us6000i1i3,SENK,152.17,4.7,2022-07-11 03:36:22.891000+00:00,usgs,ok,data/processed/waveforms/us6000i1i3_SENK.mseed,2026-09-12T12:23:07.243429+00:00
us6000i1i3,AGRB,193.07,4.7,2022-07-11 03:36:22.891000+00:00,usgs,ok,data/processed/waveforms/us6000i1i3_AGRB.mseed,2026-09-12T12:23:08.389670+00:00
us7000hs2d,DAT,252.89,4.6,2022-07-20 09:01:02.174000+00:00,usgs,ok,data/processed/waveforms/us7000hs2d_DAT.mseed,2026-09-12T12:23:09.692339+00:00
us7000hs2d,BODT,260.28,4.6,2022-07-20 09:01:02.174000+00:00,usgs,ok,data/processed/waveforms/us7000hs2d_BODT.mseed,2026-09-12T12:23:10.756219+00:00
us7000hs2d,DATC,260.67,4.6,2022-07-20 09:01:02.174000+00:00,usgs,ok,data/processed/waveforms/us7000hs2d_DATC.mseed,2026-09-12T12:23:12.009435+00:00
us7000hs2d,YKAV,263.66,4.6,2022-07-20 09:01:02.174000+00:00,usgs,ok,data/processed/waveforms/us7000hs2d_YKAV.mseed,2026-09-12T12:23:13.918906+00:00
us6000ianw,BLCB,44.41,5.0,2022-08-14 03:24:22.958000+00:00,usgs,ok,data/processed/waveforms/us6000ianw_BLCB.mseed,2026-09-12T12:23:15.763852+00:00
us6000ianw,AYDB,65.06,5.0,2022-08-14 03:24:22.958000+00:00,usgs,ok,data/processed/waveforms/us6000ianw_AYDB.mseed,2026-09-12T12:23:17.187839+00:00
us7000i1xl,DAT,202.06,4.5,2022-08-24 03:44:00.931000+00:00,usgs,ok,data/processed/waveforms/us7000i1xl_DAT.mseed,2026-09-12T12:23:18.646637+00:00
us7000i1xl,DATC,209.19,4.5,2022-08-24 03:44:00.931000+00:00,usgs,ok,data/processed/waveforms/us7000i1xl_DATC.mseed,2026-09-12T12:23:20.149538+00:00
us7000i1xl,BODT,219.54,4.5,2022-08-24 03:44:00.931000+00:00,usgs,ok,data/processed/waveforms/us7000i1xl_BODT.mseed,2026-09-12T12:23:21.640291+00:00
us7000i1xl,BODA,222.18,4.5,2022-08-24 03:44:00.931000+00:00,usgs,ok,data/processed/waveforms/us7000i1xl_BODA.mseed,2026-09-12T12:23:22.838180+00:00
us7000i3ss,LEF,79.96,4.5,2022-08-30 20:42:30.165000+00:00,usgs,no_data,,2026-09-12T12:23:24.214058+00:00
us7000i3ss,AKDN,93.8,4.5,2022-08-30 20:42:30.165000+00:00,usgs,no_data,,2026-09-12T12:23:24.736572+00:00
us7000i3ss,AKIN,137.01,4.5,2022-08-30 20:42:30.165000+00:00,usgs,no_data,,2026-09-12T12:23:25.309841+00:00
us7000i3ss,LFK,144.05,4.5,2022-08-30 20:42:30.165000+00:00,usgs,ok,data/processed/waveforms/us7000i3ss_LFK.mseed,2026-09-12T12:23:25.810784+00:00
us7000i3ym,DIDI,42.93,4.7,2022-08-31 09:56:40.134000+00:00,usgs,ok,data/processed/waveforms/us7000i3ym_DIDI.mseed,2026-09-12T12:23:27.205840+00:00
us7000i3ym,KUSD,52.94,4.7,2022-08-31 09:56:40.134000+00:00,usgs,ok,data/processed/waveforms/us7000i3ym_KUSD.mseed,2026-09-12T12:23:29.008850+00:00
us7000i3ym,GMLD,57.58,4.7,2022-08-31 09:56:40.134000+00:00,usgs,ok,data/processed/waveforms/us7000i3ym_GMLD.mseed,2026-09-12T12:23:31.102208+00:00
us7000i3ym,YKAV,63.93,4.7,2022-08-31 09:56:40.134000+00:00,usgs,ok,data/processed/waveforms/us7000i3ym_YKAV.mseed,2026-09-12T12:23:32.445368+00:00
us7000i3yp,GMLD,58.53,5.4,2022-08-31 10:10:11.426000+00:00,usgs,ok,data/processed/waveforms/us7000i3yp_GMLD.mseed,2026-09-12T12:23:33.587595+00:00
us7000i3yp,YKAV,60.84,5.4,2022-08-31 10:10:11.426000+00:00,usgs,ok,data/processed/waveforms/us7000i3yp_YKAV.mseed,2026-09-12T12:23:34.152689+00:00
us7000i40j,DIDI,42.31,4.6,2022-08-31 14:02:17.685000+00:00,usgs,ok,data/processed/waveforms/us7000i40j_DIDI.mseed,2026-09-12T12:23:34.784869+00:00
us7000i40j,KUSD,55.62,4.6,2022-08-31 14:02:17.685000+00:00,usgs,ok,data/processed/waveforms/us7000i40j_KUSD.mseed,2026-09-12T12:23:35.646601+00:00
us7000i40j,GMLD,60.81,4.6,2022-08-31 14:02:17.685000+00:00,usgs,ok,data/processed/waveforms/us7000i40j_GMLD.mseed,2026-09-12T12:23:36.517996+00:00
us7000i40j,YKAV,62.18,4.6,2022-08-31 14:02:17.685000+00:00,usgs,ok,data/processed/waveforms/us7000i40j_YKAV.mseed,2026-09-12T12:23:37.206058+00:00
us7000i4v6,BBRN,233.99,5.3,2022-09-03 04:13:10.932000+00:00,usgs,no_data,,2026-09-12T12:23:38.069015+00:00
us7000i4v6,BODT,235.05,5.3,2022-09-03 04:13:10.932000+00:00,usgs,ok,data/processed/waveforms/us7000i4v6_BODT.mseed,2026-09-12T12:23:38.584844+00:00
us7000i8nr,YEDI,15.83,4.8,2022-09-16 20:30:36.774000+00:00,usgs,no_data,,2026-09-12T12:23:39.877825+00:00
us7000i8nr,KARO,30.36,4.8,2022-09-16 20:30:36.774000+00:00,usgs,ok,data/processed/waveforms/us7000i8nr_KARO.mseed,2026-09-12T12:23:40.389891+00:00
us7000i8nr,BNGB,41.85,4.8,2022-09-16 20:30:36.774000+00:00,usgs,ok,data/processed/waveforms/us7000i8nr_BNGB.mseed,2026-09-12T12:23:41.718867+00:00
us7000i8nr,VRTB,68.66,4.8,2022-09-16 20:30:36.774000+00:00,usgs,ok,data/processed/waveforms/us7000i8nr_VRTB.mseed,2026-09-12T12:23:42.916552+00:00
us7000i9z2,ERCV,152.94,5.1,2022-09-21 17:57:54.724000+00:00,usgs,ok,data/processed/waveforms/us7000i9z2_ERCV.mseed,2026-09-12T12:23:44.726079+00:00
us7000i9z2,AKDM,172.28,5.1,2022-09-21 17:57:54.724000+00:00,usgs,ok,data/processed/waveforms/us7000i9z2_AKDM.mseed,2026-09-12T12:23:46.721862+00:00
us6000inmr,KOPR,119.22,5.3,2022-09-27 14:08:32.729000+00:00,usgs,ok,data/processed/waveforms/us6000inmr_KOPR.mseed,2026-09-12T12:23:48.082084+00:00
us6000inmr,AGRB,127.44,5.3,2022-09-27 14:08:32.729000+00:00,usgs,ok,data/processed/waveforms/us6000inmr_AGRB.mseed,2026-09-12T12:23:49.567036+00:00
us6000iq6f,CAME,36.57,4.6,2022-10-02 10:58:04.057000+00:00,usgs,ok,data/processed/waveforms/us6000iq6f_CAME.mseed,2026-09-12T12:23:50.971570+00:00
us6000iq6f,DALY,37.45,4.6,2022-10-02 10:58:04.057000+00:00,usgs,ok,data/processed/waveforms/us6000iq6f_DALY.mseed,2026-09-12T12:23:52.936066+00:00
us6000iq6f,FETI,45.33,4.6,2022-10-02 10:58:04.057000+00:00,usgs,ok,data/processed/waveforms/us6000iq6f_FETI.mseed,2026-09-12T12:23:54.126591+00:00
us6000iq6f,FETY,50.81,4.6,2022-10-02 10:58:04.057000+00:00,usgs,ok,data/processed/waveforms/us6000iq6f_FETY.mseed,2026-09-12T12:23:55.800081+00:00
us6000iqx6,ERCV,157.08,5.6,2022-10-05 00:21:29.702000+00:00,usgs,ok,data/processed/waveforms/us6000iqx6_ERCV.mseed,2026-09-12T12:23:57.300563+00:00
us6000iqx6,TASB,177.72,5.6,2022-10-05 00:21:29.702000+00:00,usgs,ok,data/processed/waveforms/us6000iqx6_TASB.mseed,2026-09-12T12:23:59.313545+00:00
us6000ir26,CLDR,118.71,4.5,2022-10-05 13:51:38.954000+00:00,usgs,ok,data/processed/waveforms/us6000ir26_CLDR.mseed,2026-09-12T12:24:01.106246+00:00
us6000ir26,VANB,146.98,4.5,2022-10-05 13:51:38.954000+00:00,usgs,ok,data/processed/waveforms/us6000ir26_VANB.mseed,2026-09-12T12:24:02.506300+00:00
us6000ir26,ERCV,159.21,4.5,2022-10-05 13:51:38.954000+00:00,usgs,ok,data/processed/waveforms/us6000ir26_ERCV.mseed,2026-09-12T12:24:03.916845+00:00
us6000ir26,TASB,171.13,4.5,2022-10-05 13:51:38.954000+00:00,usgs,ok,data/processed/waveforms/us6000ir26_TASB.mseed,2026-09-12T12:24:04.581538+00:00
us6000isrr,KMRS,64.97,5.0,2022-10-11 15:48:46.359000+00:00,usgs,ok,data/processed/waveforms/us6000isrr_KMRS.mseed,2026-09-12T12:24:05.260140+00:00
us6000isrr,KHMN,82.93,5.0,2022-10-11 15:48:46.359000+00:00,usgs,ok,data/processed/waveforms/us6000isrr_KHMN.mseed,2026-09-12T12:24:06.526717+00:00
us7000im0t,KEMT,78.64,4.8,2022-11-02 17:41:23.230000+00:00,usgs,ok,data/processed/waveforms/us7000im0t_KEMT.mseed,2026-09-12T12:24:07.967544+00:00
us7000im0t,DEMR,96.02,4.8,2022-11-02 17:41:23.230000+00:00,usgs,ok,data/processed/waveforms/us7000im0t_DEMR.mseed,2026-09-12T12:24:09.581805+00:00
us7000im0t,MNVG,102.91,4.8,2022-11-02 17:41:23.230000+00:00,usgs,ok,data/processed/waveforms/us7000im0t_MNVG.mseed,2026-09-12T12:24:11.164789+00:00
us7000im0t,ANTB,107.19,4.8,2022-11-02 17:41:23.230000+00:00,usgs,ok,data/processed/waveforms/us7000im0t_ANTB.mseed,2026-09-12T12:24:14.454037+00:00
us7000imc7,BLCB,15.29,4.8,2022-11-04 00:29:21.573000+00:00,usgs,ok,data/processed/waveforms/us7000imc7_BLCB.mseed,2026-09-12T12:24:22.043324+00:00
us7000imc7,GMLD,38.72,4.8,2022-11-04 00:29:21.573000+00:00,usgs,ok,data/processed/waveforms/us7000imc7_GMLD.mseed,2026-09-12T12:24:27.262686+00:00
us7000imc7,KUSD,53.65,4.8,2022-11-04 00:29:21.573000+00:00,usgs,ok,data/processed/waveforms/us7000imc7_KUSD.mseed,2026-09-12T12:24:29.062915+00:00
us7000imc7,FOCM,58.71,4.8,2022-11-04 00:29:21.573000+00:00,usgs,ok,data/processed/waveforms/us7000imc7_FOCM.mseed,2026-09-12T12:24:31.690545+00:00
us7000iqln,YER,21.25,4.6,2022-11-18 04:26:35.176000+00:00,usgs,ok,data/processed/waveforms/us7000iqln_YER.mseed,2026-09-12T12:24:34.136339+00:00
us7000iqln,DALY,26.97,4.6,2022-11-18 04:26:35.176000+00:00,usgs,ok,data/processed/waveforms/us7000iqln_DALY.mseed,2026-09-12T12:24:35.494339+00:00
us7000iqln,MRSB,38.92,4.6,2022-11-18 04:26:35.176000+00:00,usgs,no_data,,2026-09-12T12:24:37.100242+00:00
us7000iqln,BBRN,50.02,4.6,2022-11-18 04:26:35.176000+00:00,usgs,no_data,,2026-09-12T12:24:37.584491+00:00
us7000ir86,BODT,157.39,5.5,2022-11-20 23:24:58.462000+00:00,usgs,ok,data/processed/waveforms/us7000ir86_BODT.mseed,2026-09-12T12:24:38.104647+00:00
us7000ir86,BODA,160.49,5.5,2022-11-20 23:24:58.462000+00:00,usgs,ok,data/processed/waveforms/us7000ir86_BODA.mseed,2026-09-12T12:24:39.576648+00:00
us7000irp8,SAUV,56.24,6.1,2022-11-23 01:08:15.435000+00:00,usgs,ok,data/processed/waveforms/us7000irp8_SAUV.mseed,2026-09-12T12:24:41.269351+00:00
us7000irp8,SPNC,59.22,6.1,2022-11-23 01:08:15.435000+00:00,usgs,no_data,,2026-09-12T12:24:43.390514+00:00
us7000isll,BBRN,150.08,4.5,2022-11-26 20:09:35.147000+00:00,usgs,no_data,,2026-09-12T12:24:43.977566+00:00
us7000isll,DAT,153.79,4.5,2022-11-26 20:09:35.147000+00:00,usgs,ok,data/processed/waveforms/us7000isll_DAT.mseed,2026-09-12T12:24:44.495558+00:00
us7000isll,DATC,156.31,4.5,2022-11-26 20:09:35.147000+00:00,usgs,no_data,,2026-09-12T12:24:46.392413+00:00
us7000isll,MRSB,156.83,4.5,2022-11-26 20:09:35.147000+00:00,usgs,no_data,,2026-09-12T12:24:47.208677+00:00
us7000isne,UVEZ,11.13,4.5,2022-11-27 03:57:45.879000+00:00,usgs,ok,data/processed/waveforms/us7000isne_UVEZ.mseed,2026-09-12T12:24:47.803004+00:00
us7000isne,MDUB,44.45,4.5,2022-11-27 03:57:45.879000+00:00,usgs,ok,data/processed/waveforms/us7000isne_MDUB.mseed,2026-09-12T12:24:49.372560+00:00
us7000isne,SAUV,58.66,4.5,2022-11-27 03:57:45.879000+00:00,usgs,ok,data/processed/waveforms/us7000isne_SAUV.mseed,2026-09-12T12:24:50.831002+00:00
us7000isne,SPNC,61.68,4.5,2022-11-27 03:57:45.879000+00:00,usgs,no_data,,2026-09-12T12:24:53.198564+00:00
us6000ja6e,TAHT,27.43,4.6,2022-12-18 18:13:09.293000+00:00,usgs,ok,data/processed/waveforms/us6000ja6e_TAHT.mseed,2026-09-12T12:24:53.742602+00:00
us6000ja6e,CEYT,95.51,4.6,2022-12-18 18:13:09.293000+00:00,usgs,ok,data/processed/waveforms/us6000ja6e_CEYT.mseed,2026-09-12T12:24:55.372775+00:00
us6000ja6e,KRTD,98.72,4.6,2022-12-18 18:13:09.293000+00:00,usgs,no_data,,2026-09-12T12:24:56.977484+00:00
us6000ja6e,KRTS,101.8,4.6,2022-12-18 18:13:09.293000+00:00,usgs,ok,data/processed/waveforms/us6000ja6e_KRTS.mseed,2026-09-12T12:24:57.464646+00:00
us7000j2pq,GPNR,8.22,4.8,2023-01-07 01:52:58.152000+00:00,usgs,ok,data/processed/waveforms/us7000j2pq_GPNR.mseed,2026-09-12T12:24:59.201790+00:00
us7000j2pq,CUND,42.77,4.8,2023-01-07 01:52:58.152000+00:00,usgs,no_data,,2026-09-12T12:25:01.327776+00:00
us7000j2pq,EZNE,44.0,4.8,2023-01-07 01:52:58.152000+00:00,usgs,ok,data/processed/waveforms/us7000j2pq_EZNE.mseed,2026-09-12T12:25:02.060862+00:00
us7000j2pq,EZN,50.23,4.8,2023-01-07 01:52:58.152000+00:00,usgs,ok,data/processed/waveforms/us7000j2pq_EZN.mseed,2026-09-12T12:25:04.144076+00:00
us7000j2re,GPNR,7.43,4.6,2023-01-07 06:39:29.727000+00:00,usgs,ok,data/processed/waveforms/us7000j2re_GPNR.mseed,2026-09-12T12:25:05.591240+00:00
us7000j2re,EZNE,40.68,4.6,2023-01-07 06:39:29.727000+00:00,usgs,ok,data/processed/waveforms/us7000j2re_EZNE.mseed,2026-09-12T12:25:06.261852+00:00
us7000j2re,CUND,41.02,4.6,2023-01-07 06:39:29.727000+00:00,usgs,no_data,,2026-09-12T12:25:06.923818+00:00
us7000j2re,EZN,47.08,4.6,2023-01-07 06:39:29.727000+00:00,usgs,ok,data/processed/waveforms/us7000j2re_EZN.mseed,2026-09-12T12:25:07.523225+00:00
us7000j3cr,GPNR,10.65,4.9,2023-01-10 07:38:31.557000+00:00,usgs,ok,data/processed/waveforms/us7000j3cr_GPNR.mseed,2026-09-12T12:25:08.441029+00:00
us7000j3cr,EZNE,31.45,4.9,2023-01-10 07:38:31.557000+00:00,usgs,ok,data/processed/waveforms/us7000j3cr_EZNE.mseed,2026-09-12T12:25:10.111326+00:00
us7000j3cr,EZN,38.13,4.9,2023-01-10 07:38:31.557000+00:00,usgs,ok,data/processed/waveforms/us7000j3cr_EZN.mseed,2026-09-12T12:25:11.488317+00:00
us7000j3cr,CUND,39.5,4.9,2023-01-10 07:38:31.557000+00:00,usgs,no_data,,2026-09-12T12:25:13.042664+00:00
us7000j4gh,SVRC,14.37,4.7,2023-01-15 03:36:28.029000+00:00,usgs,ok,data/processed/waveforms/us7000j4gh_SVRC.mseed,2026-09-12T12:25:13.550141+00:00
us7000j4gh,PTK,55.23,4.7,2023-01-15 03:36:28.029000+00:00,usgs,no_data,,2026-09-12T12:25:14.865383+00:00
us7000j4gh,MALT,64.86,4.7,2023-01-15 03:36:28.029000+00:00,usgs,no_data,,2026-09-12T12:25:15.957547+00:00
us7000j4gh,DYBB,101.04,4.7,2023-01-15 03:36:28.029000+00:00,usgs,ok,data/processed/waveforms/us7000j4gh_DYBB.mseed,2026-09-12T12:25:17.175854+00:00
us7000j56z,ERCV,153.95,5.7,2023-01-18 10:08:14.166000+00:00,usgs,ok,data/processed/waveforms/us7000j56z_ERCV.mseed,2026-09-12T12:25:18.966387+00:00
us7000j56z,AKDM,171.74,5.7,2023-01-18 10:08:14.166000+00:00,usgs,ok,data/processed/waveforms/us7000j56z_AKDM.mseed,2026-09-12T12:25:20.584475+00:00
us6000jj5k,FETY,115.73,5.9,2023-01-25 12:37:05.134000+00:00,usgs,ok,data/processed/waveforms/us6000jj5k_FETY.mseed,2026-09-12T12:25:22.191693+00:00
us6000jj5k,FETI,121.69,5.9,2023-01-25 12:37:05.134000+00:00,usgs,ok,data/processed/waveforms/us6000jj5k_FETI.mseed,2026-09-12T12:25:23.909483+00:00
us6000jk0t,ERCV,151.79,5.9,2023-01-28 18:14:45.855000+00:00,usgs,ok,data/processed/waveforms/us6000jk0t_ERCV.mseed,2026-09-12T12:25:25.519967+00:00
us6000jk0t,AKDM,168.52,5.9,2023-01-28 18:14:45.855000+00:00,usgs,ok,data/processed/waveforms/us6000jk0t_AKDM.mseed,2026-09-12T12:25:27.227077+00:00
us6000jmwl,ERCV,150.34,5.1,2023-01-28 18:16:56.220000+00:00,usgs,ok,data/processed/waveforms/us6000jmwl_ERCV.mseed,2026-09-12T12:25:29.684221+00:00
us6000jmwl,AKDM,170.6,5.1,2023-01-28 18:16:56.220000+00:00,usgs,ok,data/processed/waveforms/us6000jmwl_AKDM.mseed,2026-09-12T12:25:31.364603+00:00
us6000jk1j,CLDR,99.39,4.5,2023-01-28 20:09:59.211000+00:00,usgs,ok,data/processed/waveforms/us6000jk1j_CLDR.mseed,2026-09-12T12:25:33.320453+00:00
us6000jk1j,VANB,124.16,4.5,2023-01-28 20:09:59.211000+00:00,usgs,no_data,,2026-09-12T12:25:35.348432+00:00
us6000jk1j,ERCV,137.31,4.5,2023-01-28 20:09:59.211000+00:00,usgs,ok,data/processed/waveforms/us6000jk1j_ERCV.mseed,2026-09-12T12:25:36.004029+00:00
us6000jk1j,TASB,161.99,4.5,2023-01-28 20:09:59.211000+00:00,usgs,ok,data/processed/waveforms/us6000jk1j_TASB.mseed,2026-09-12T12:25:36.680855+00:00
us6000jk5x,CLDR,109.92,4.7,2023-01-29 14:41:14.127000+00:00,usgs,ok,data/processed/waveforms/us6000jk5x_CLDR.mseed,2026-09-12T12:25:38.573939+00:00
us6000jk5x,VANB,127.39,4.7,2023-01-29 14:41:14.127000+00:00,usgs,no_data,,2026-09-12T12:25:40.254549+00:00
us6000jk5x,ERCV,145.23,4.7,2023-01-29 14:41:14.127000+00:00,usgs,ok,data/processed/waveforms/us6000jk5x_ERCV.mseed,2026-09-12T12:25:40.754059+00:00
us6000jk5x,AKDM,165.6,4.7,2023-01-29 14:41:14.127000+00:00,usgs,ok,data/processed/waveforms/us6000jk5x_AKDM.mseed,2026-09-12T12:25:42.482777+00:00
us6000jk61,CLDR,103.13,4.5,2023-01-29 15:13:25.532000+00:00,usgs,ok,data/processed/waveforms/us6000jk61_CLDR.mseed,2026-09-12T12:25:44.679724+00:00
us6000jk61,VANB,117.1,4.5,2023-01-29 15:13:25.532000+00:00,usgs,no_data,,2026-09-12T12:25:46.251290+00:00
us6000jk61,ERCV,136.32,4.5,2023-01-29 15:13:25.532000+00:00,usgs,ok,data/processed/waveforms/us6000jk61_ERCV.mseed,2026-09-12T12:25:46.981762+00:00
us6000jk61,AKDM,155.23,4.5,2023-01-29 15:13:25.532000+00:00,usgs,ok,data/processed/waveforms/us6000jk61_AKDM.mseed,2026-09-12T12:25:48.040569+00:00
us6000jllz,KMRS,33.06,7.8,2023-02-06 01:17:34.342000+00:00,usgs,ok,data/processed/waveforms/us6000jllz_KMRS.mseed,2026-09-12T12:25:48.626610+00:00
us6000jllz,KOZT,108.73,7.8,2023-02-06 01:17:34.342000+00:00,usgs,ok,data/processed/waveforms/us6000jllz_KOZT.mseed,2026-09-12T12:25:49.564876+00:00
us6000jlnn,KMRS,32.74,5.7,2023-02-06 01:26:50.869000+00:00,usgs,ok,data/processed/waveforms/us6000jlnn_KMRS.mseed,2026-09-12T12:25:50.508350+00:00
us6000jlnn,KOZT,107.53,5.7,2023-02-06 01:26:50.869000+00:00,usgs,ok,data/processed/waveforms/us6000jlnn_KOZT.mseed,2026-09-12T12:25:51.159858+00:00
us6000jlm1,KMRS,35.52,6.7,2023-02-06 01:28:15.784000+00:00,usgs,ok,data/processed/waveforms/us6000jlm1_KMRS.mseed,2026-09-12T12:25:51.915505+00:00
us6000jlm1,KOZT,99.66,6.7,2023-02-06 01:28:15.784000+00:00,usgs,ok,data/processed/waveforms/us6000jlm1_KOZT.mseed,2026-09-12T12:25:52.579448+00:00
us6000jlm9,KHMN,61.14,5.6,2023-02-06 01:36:27.357000+00:00,usgs,ok,data/processed/waveforms/us6000jlm9_KHMN.mseed,2026-09-12T12:25:53.330945+00:00
us6000jlm9,TAHT,81.67,5.6,2023-02-06 01:36:27.357000+00:00,usgs,ok,data/processed/waveforms/us6000jlm9_TAHT.mseed,2026-09-12T12:25:54.217587+00:00
us6000jnr5,TAHT,41.79,4.7,2023-02-06 01:40:48.558000+00:00,usgs,ok,data/processed/waveforms/us6000jnr5_TAHT.mseed,2026-09-12T12:25:55.158393+00:00
us6000jnr5,CEYT,75.13,4.7,2023-02-06 01:40:48.558000+00:00,usgs,ok,data/processed/waveforms/us6000jnr5_CEYT.mseed,2026-09-12T12:25:55.942222+00:00
us6000jnr5,GAZ,85.83,4.7,2023-02-06 01:40:48.558000+00:00,usgs,ok,data/processed/waveforms/us6000jnr5_GAZ.mseed,2026-09-12T12:25:57.128314+00:00
us6000jnr5,KRTD,95.05,4.7,2023-02-06 01:40:48.558000+00:00,usgs,no_data,,2026-09-12T12:25:58.177901+00:00
us6000jnvq,MALT,37.89,4.6,2023-02-06 01:41:15.211000+00:00,usgs,no_data,,2026-09-12T12:25:58.679202+00:00
us6000jnvq,URFA,65.76,4.6,2023-02-06 01:41:15.211000+00:00,usgs,ok,data/processed/waveforms/us6000jnvq_URFA.mseed,2026-09-12T12:25:59.288748+00:00
us6000jnvq,SVRC,82.35,4.6,2023-02-06 01:41:15.211000+00:00,usgs,no_data,,2026-09-12T12:26:00.485678+00:00
us6000jnvq,DARE,111.33,4.6,2023-02-06 01:41:15.211000+00:00,usgs,ok,data/processed/waveforms/us6000jnvq_DARE.mseed,2026-09-12T12:26:01.723616+00:00
us6000jm4u,LICE,17.94,4.6,2023-02-06 01:47:43.761000+00:00,usgs,no_data,,2026-09-12T12:26:03.954647+00:00
us6000jm4u,BNGB,43.81,4.6,2023-02-06 01:47:43.761000+00:00,usgs,no_data,,2026-09-12T12:26:04.975201+00:00
us6000jm4u,SVAN,74.09,4.6,2023-02-06 01:47:43.761000+00:00,usgs,ok,data/processed/waveforms/us6000jm4u_SVAN.mseed,2026-09-12T12:26:06.091026+00:00
us6000jm4u,DYBB,81.97,4.6,2023-02-06 01:47:43.761000+00:00,usgs,ok,data/processed/waveforms/us6000jm4u_DYBB.mseed,2026-09-12T12:26:07.126423+00:00
us6000jlmd,MALT,44.35,4.9,2023-02-06 01:48:12.210000+00:00,usgs,no_data,,2026-09-12T12:26:08.318741+00:00
us6000jlmd,URFA,84.77,4.9,2023-02-06 01:48:12.210000+00:00,usgs,ok,data/processed/waveforms/us6000jlmd_URFA.mseed,2026-09-12T12:26:08.842630+00:00
us6000jlmd,DARE,87.19,4.9,2023-02-06 01:48:12.210000+00:00,usgs,ok,data/processed/waveforms/us6000jlmd_DARE.mseed,2026-09-12T12:26:09.597980+00:00
us6000jlmd,KHMN,108.86,4.9,2023-02-06 01:48:12.210000+00:00,usgs,ok,data/processed/waveforms/us6000jlmd_KHMN.mseed,2026-09-12T12:26:10.339049+00:00
us6000jns9,MALT,28.67,4.8,2023-02-06 01:50:10.207000+00:00,usgs,no_data,,2026-09-12T12:26:10.940189+00:00
us6000jns9,SVRC,51.47,4.8,2023-02-06 01:50:10.207000+00:00,usgs,no_data,,2026-09-12T12:26:11.425246+00:00
us6000jns9,URFA,89.2,4.8,2023-02-06 01:50:10.207000+00:00,usgs,ok,data/processed/waveforms/us6000jns9_URFA.mseed,2026-09-12T12:26:11.924860+00:00
us6000jns9,PTK,91.88,4.8,2023-02-06 01:50:10.207000+00:00,usgs,no_data,,2026-09-12T12:26:12.623384+00:00
us6000jnr6,TAHT,54.52,4.5,2023-02-06 01:51:19.056000+00:00,usgs,ok,data/processed/waveforms/us6000jnr6_TAHT.mseed,2026-09-12T12:26:13.114092+00:00
us6000jnr6,GAZ,72.62,4.5,2023-02-06 01:51:19.056000+00:00,usgs,ok,data/processed/waveforms/us6000jnr6_GAZ.mseed,2026-09-12T12:26:14.033291+00:00
us6000jnr6,CEYT,83.96,4.5,2023-02-06 01:51:19.056000+00:00,usgs,ok,data/processed/waveforms/us6000jnr6_CEYT.mseed,2026-09-12T12:26:15.096549+00:00
us6000jnr6,KHMN,88.6,4.5,2023-02-06 01:51:19.056000+00:00,usgs,ok,data/processed/waveforms/us6000jnr6_KHMN.mseed,2026-09-12T12:26:17.113875+00:00
us6000jm4n,KHMN,9.34,4.7,2023-02-06 01:51:43.490000+00:00,usgs,ok,data/processed/waveforms/us6000jm4n_KHMN.mseed,2026-09-12T12:26:18.288683+00:00
us6000jm4n,KMRS,23.04,4.7,2023-02-06 01:51:43.490000+00:00,usgs,ok,data/processed/waveforms/us6000jm4n_KMRS.mseed,2026-09-12T12:26:19.055483+00:00
us6000jm4n,GAZ,34.06,4.7,2023-02-06 01:51:43.490000+00:00,usgs,ok,data/processed/waveforms/us6000jm4n_GAZ.mseed,2026-09-12T12:26:19.763891+00:00
us6000jm4n,KOZT,117.49,4.7,2023-02-06 01:51:43.490000+00:00,usgs,ok,data/processed/waveforms/us6000jm4n_KOZT.mseed,2026-09-12T12:26:20.341859+00:00
us6000jnse,EREN,111.87,4.7,2023-02-06 01:57:26.332000+00:00,usgs,no_data,,2026-09-12T12:26:21.078764+00:00
us6000jnse,TAHT,157.77,4.7,2023-02-06 01:57:26.332000+00:00,usgs,ok,data/processed/waveforms/us6000jnse_TAHT.mseed,2026-09-12T12:26:21.605171+00:00
us6000jnse,KRTS,158.85,4.7,2023-02-06 01:57:26.332000+00:00,usgs,ok,data/processed/waveforms/us6000jnse_KRTS.mseed,2026-09-12T12:26:22.397570+00:00
us6000jnse,KRTD,161.28,4.7,2023-02-06 01:57:26.332000+00:00,usgs,no_data,,2026-09-12T12:26:23.370429+00:00
us6000jlmf,KHMN,62.23,5.1,2023-02-06 01:58:23.118000+00:00,usgs,ok,data/processed/waveforms/us6000jlmf_KHMN.mseed,2026-09-12T12:26:23.882983+00:00
us6000jlmf,CEYT,77.54,5.1,2023-02-06 01:58:23.118000+00:00,usgs,ok,data/processed/waveforms/us6000jlmf_CEYT.mseed,2026-09-12T12:26:24.554776+00:00
us6000jnvi,KHMN,67.82,4.5,2023-02-06 02:01:18.994000+00:00,usgs,ok,data/processed/waveforms/us6000jnvi_KHMN.mseed,2026-09-12T12:26:25.387421+00:00
us6000jnvi,GAZ,80.65,4.5,2023-02-06 02:01:18.994000+00:00,usgs,ok,data/processed/waveforms/us6000jnvi_GAZ.mseed,2026-09-12T12:26:26.119286+00:00
us6000jnvi,KMRS,83.02,4.5,2023-02-06 02:01:18.994000+00:00,usgs,ok,data/processed/waveforms/us6000jnvi_KMRS.mseed,2026-09-12T12:26:26.775774+00:00
us6000jnvi,MALT,85.4,4.5,2023-02-06 02:01:18.994000+00:00,usgs,no_data,,2026-09-12T12:26:27.375835+00:00
us6000jlmy,KHMN,7.11,4.8,2023-02-06 02:01:45.687000+00:00,usgs,ok,data/processed/waveforms/us6000jlmy_KHMN.mseed,2026-09-12T12:26:27.899373+00:00
us6000jlmy,GAZ,22.35,4.8,2023-02-06 02:01:45.687000+00:00,usgs,ok,data/processed/waveforms/us6000jlmy_GAZ.mseed,2026-09-12T12:26:28.594585+00:00
us6000jlmy,KMRS,24.56,4.8,2023-02-06 02:01:45.687000+00:00,usgs,ok,data/processed/waveforms/us6000jlmy_KMRS.mseed,2026-09-12T12:26:29.317520+00:00
us6000jlmy,KOZT,112.94,4.8,2023-02-06 02:01:45.687000+00:00,usgs,ok,data/processed/waveforms/us6000jlmy_KOZT.mseed,2026-09-12T12:26:30.752876+00:00
us6000jlmh,URFA,87.95,5.3,2023-02-06 02:03:37.341000+00:00,usgs,ok,data/processed/waveforms/us6000jlmh_URFA.mseed,2026-09-12T12:26:32.673841+00:00
us6000jlmh,GAZ,91.12,5.3,2023-02-06 02:03:37.341000+00:00,usgs,ok,data/processed/waveforms/us6000jlmh_GAZ.mseed,2026-09-12T12:26:33.917307+00:00
us6000jmn0,DARE,88.02,5.0,2023-02-06 02:06:23.457000+00:00,usgs,ok,data/processed/waveforms/us6000jmn0_DARE.mseed,2026-09-12T12:26:34.625901+00:00
us6000jmn0,KHMN,99.09,5.0,2023-02-06 02:06:23.457000+00:00,usgs,ok,data/processed/waveforms/us6000jmn0_KHMN.mseed,2026-09-12T12:26:35.429631+00:00
us6000jlmm,GAZ,43.21,4.8,2023-02-06 02:17:40.715000+00:00,usgs,ok,data/processed/waveforms/us6000jlmm_GAZ.mseed,2026-09-12T12:26:36.177079+00:00
us6000jlmm,KMRS,47.61,4.8,2023-02-06 02:17:40.715000+00:00,usgs,ok,data/processed/waveforms/us6000jlmm_KMRS.mseed,2026-09-12T12:26:36.890627+00:00
us6000jlmm,KHMN,49.65,4.8,2023-02-06 02:17:40.715000+00:00,usgs,ok,data/processed/waveforms/us6000jlmm_KHMN.mseed,2026-09-12T12:26:37.673636+00:00
us6000jlmm,CEYT,87.76,4.8,2023-02-06 02:17:40.715000+00:00,usgs,ok,data/processed/waveforms/us6000jlmm_CEYT.mseed,2026-09-12T12:26:38.363873+00:00
us6000jlmn,KMRS,36.83,5.3,2023-02-06 02:23:14.336000+00:00,usgs,ok,data/processed/waveforms/us6000jlmn_KMRS.mseed,2026-09-12T12:26:39.014297+00:00
us6000jlmn,KOZT,106.05,5.3,2023-02-06 02:23:14.336000+00:00,usgs,ok,data/processed/waveforms/us6000jlmn_KOZT.mseed,2026-09-12T12:26:39.853282+00:00
us6000jnsi,KMRS,12.63,4.5,2023-02-06 02:31:26.171000+00:00,usgs,ok,data/processed/waveforms/us6000jnsi_KMRS.mseed,2026-09-12T12:26:40.687987+00:00
us6000jnsi,KHMN,29.76,4.5,2023-02-06 02:31:26.171000+00:00,usgs,ok,data/processed/waveforms/us6000jnsi_KHMN.mseed,2026-09-12T12:26:41.386479+00:00
us6000jnsi,GAZ,43.59,4.5,2023-02-06 02:31:26.171000+00:00,usgs,ok,data/processed/waveforms/us6000jnsi_GAZ.mseed,2026-09-12T12:26:41.989283+00:00
us6000jnsi,KOZT,88.16,4.5,2023-02-06 02:31:26.171000+00:00,usgs,ok,data/processed/waveforms/us6000jnsi_KOZT.mseed,2026-09-12T12:26:42.742111+00:00
us6000jnw0,KHMN,19.18,4.5,2023-02-06 02:32:08.686000+00:00,usgs,ok,data/processed/waveforms/us6000jnw0_KHMN.mseed,2026-09-12T12:26:43.404397+00:00
us6000jnw0,KMRS,22.6,4.5,2023-02-06 02:32:08.686000+00:00,usgs,ok,data/processed/waveforms/us6000jnw0_KMRS.mseed,2026-09-12T12:26:44.109813+00:00
us6000jnw0,GAZ,43.92,4.5,2023-02-06 02:32:08.686000+00:00,usgs,ok,data/processed/waveforms/us6000jnw0_GAZ.mseed,2026-09-12T12:26:44.825782+00:00
us6000jnw0,SARI,113.45,4.5,2023-02-06 02:32:08.686000+00:00,usgs,ok,data/processed/waveforms/us6000jnw0_SARI.mseed,2026-09-12T12:26:46.082587+00:00
us6000jnsj,GAZ,18.33,4.7,2023-02-06 02:34:51.505000+00:00,usgs,ok,data/processed/waveforms/us6000jnsj_GAZ.mseed,2026-09-12T12:26:47.812259+00:00
us6000jnsj,KHMN,36.04,4.7,2023-02-06 02:34:51.505000+00:00,usgs,ok,data/processed/waveforms/us6000jnsj_KHMN.mseed,2026-09-12T12:26:48.751411+00:00
us6000jnsj,KMRS,48.93,4.7,2023-02-06 02:34:51.505000+00:00,usgs,ok,data/processed/waveforms/us6000jnsj_KMRS.mseed,2026-09-12T12:26:49.387681+00:00
us6000jnsj,TAHT,109.2,4.7,2023-02-06 02:34:51.505000+00:00,usgs,ok,data/processed/waveforms/us6000jnsj_TAHT.mseed,2026-09-12T12:26:50.069759+00:00
us6000jlmv,TAHT,39.89,4.7,2023-02-06 02:54:00.446000+00:00,usgs,ok,data/processed/waveforms/us6000jlmv_TAHT.mseed,2026-09-12T12:26:50.808637+00:00
us6000jlmv,CEYT,63.38,4.7,2023-02-06 02:54:00.446000+00:00,usgs,ok,data/processed/waveforms/us6000jlmv_CEYT.mseed,2026-09-12T12:26:51.506914+00:00
us6000jlmv,KRTD,84.49,4.7,2023-02-06 02:54:00.446000+00:00,usgs,no_data,,2026-09-12T12:26:52.188800+00:00
us6000jlmv,KRTS,88.45,4.7,2023-02-06 02:54:00.446000+00:00,usgs,ok,data/processed/waveforms/us6000jlmv_KRTS.mseed,2026-09-12T12:26:52.699730+00:00
us6000jln0,MALT,16.2,4.7,2023-02-06 03:04:45.269000+00:00,usgs,no_data,,2026-09-12T12:26:53.323100+00:00
us6000jln0,SVRC,75.4,4.7,2023-02-06 03:04:45.269000+00:00,usgs,no_data,,2026-09-12T12:26:53.901056+00:00
us6000jln0,URFA,86.82,4.7,2023-02-06 03:04:45.269000+00:00,usgs,ok,data/processed/waveforms/us6000jln0_URFA.mseed,2026-09-12T12:26:54.412446+00:00
us6000jln0,DARE,97.62,4.7,2023-02-06 03:04:45.269000+00:00,usgs,ok,data/processed/waveforms/us6000jln0_DARE.mseed,2026-09-12T12:26:55.159368+00:00
us6000jln3,KHMN,19.22,4.5,2023-02-06 03:12:11.339000+00:00,usgs,ok,data/processed/waveforms/us6000jln3_KHMN.mseed,2026-09-12T12:26:55.947976+00:00
us6000jln3,KMRS,37.65,4.5,2023-02-06 03:12:11.339000+00:00,usgs,ok,data/processed/waveforms/us6000jln3_KMRS.mseed,2026-09-12T12:26:56.583652+00:00
us6000jln3,GAZ,37.93,4.5,2023-02-06 03:12:11.339000+00:00,usgs,ok,data/processed/waveforms/us6000jln3_GAZ.mseed,2026-09-12T12:26:57.212348+00:00
us6000jln3,DARE,119.86,4.5,2023-02-06 03:12:11.339000+00:00,usgs,ok,data/processed/waveforms/us6000jln3_DARE.mseed,2026-09-12T12:26:57.950498+00:00
us6000jln9,MALT,25.46,4.8,2023-02-06 03:45:48.353000+00:00,usgs,no_data,,2026-09-12T12:26:58.575995+00:00
us6000jln9,SVRC,61.92,4.8,2023-02-06 03:45:48.353000+00:00,usgs,no_data,,2026-09-12T12:26:59.179941+00:00
us6000jln9,URFA,81.98,4.8,2023-02-06 03:45:48.353000+00:00,usgs,ok,data/processed/waveforms/us6000jln9_URFA.mseed,2026-09-12T12:26:59.700142+00:00
us6000jln9,PTK,103.43,4.8,2023-02-06 03:45:48.353000+00:00,usgs,no_data,,2026-09-12T12:27:01.003857+00:00
us6000jlnd,KHMN,18.15,4.5,2023-02-06 04:16:49.374000+00:00,usgs,ok,data/processed/waveforms/us6000jlnd_KHMN.mseed,2026-09-12T12:27:01.694135+00:00
us6000jlnd,KMRS,33.42,4.5,2023-02-06 04:16:49.374000+00:00,usgs,ok,data/processed/waveforms/us6000jlnd_KMRS.mseed,2026-09-12T12:27:02.533868+00:00
us6000jlnd,GAZ,39.56,4.5,2023-02-06 04:16:49.374000+00:00,usgs,ok,data/processed/waveforms/us6000jlnd_GAZ.mseed,2026-09-12T12:27:03.380408+00:00
us6000jlnd,DARE,117.86,4.5,2023-02-06 04:16:49.374000+00:00,usgs,ok,data/processed/waveforms/us6000jlnd_DARE.mseed,2026-09-12T12:27:04.158267+00:00
us6000jlnf,URFA,86.45,5.0,2023-02-06 04:18:46.986000+00:00,usgs,ok,data/processed/waveforms/us6000jlnf_URFA.mseed,2026-09-12T12:27:04.795024+00:00
us6000jlnf,DARE,101.2,5.0,2023-02-06 04:18:46.986000+00:00,usgs,ok,data/processed/waveforms/us6000jlnf_DARE.mseed,2026-09-12T12:27:05.597243+00:00
us6000jlns,TAHT,45.91,4.5,2023-02-06 04:47:57.170000+00:00,usgs,ok,data/processed/waveforms/us6000jlns_TAHT.mseed,2026-09-12T12:27:06.543081+00:00
us6000jlns,CEYT,72.29,4.5,2023-02-06 04:47:57.170000+00:00,usgs,ok,data/processed/waveforms/us6000jlns_CEYT.mseed,2026-09-12T12:27:07.481248+00:00
us6000jlns,GAZ,82.68,4.5,2023-02-06 04:47:57.170000+00:00,usgs,ok,data/processed/waveforms/us6000jlns_GAZ.mseed,2026-09-12T12:27:08.096619+00:00
us6000jlns,KRTD,95.35,4.5,2023-02-06 04:47:57.170000+00:00,usgs,no_data,,2026-09-12T12:27:08.689239+00:00
us6000jlnu,KHMN,7.71,4.5,2023-02-06 04:56:05.491000+00:00,usgs,ok,data/processed/waveforms/us6000jlnu_KHMN.mseed,2026-09-12T12:27:09.190114+00:00
us6000jlnu,KMRS,23.57,4.5,2023-02-06 04:56:05.491000+00:00,usgs,ok,data/processed/waveforms/us6000jlnu_KMRS.mseed,2026-09-12T12:27:09.782991+00:00
us6000jlnu,GAZ,32.41,4.5,2023-02-06 04:56:05.491000+00:00,usgs,ok,data/processed/waveforms/us6000jlnu_GAZ.mseed,2026-09-12T12:27:10.574225+00:00
us6000jlnu,KOZT,117.74,4.5,2023-02-06 04:56:05.491000+00:00,usgs,ok,data/processed/waveforms/us6000jlnu_KOZT.mseed,2026-09-12T12:27:11.201460+00:00
us6000jlnv,KHMN,75.88,4.6,2023-02-06 05:01:50.591000+00:00,usgs,ok,data/processed/waveforms/us6000jlnv_KHMN.mseed,2026-09-12T12:27:11.911093+00:00
us6000jlnv,MALT,76.71,4.6,2023-02-06 05:01:50.591000+00:00,usgs,no_data,,2026-09-12T12:27:12.581784+00:00
us6000jlnv,GAZ,89.32,4.6,2023-02-06 05:01:50.591000+00:00,usgs,ok,data/processed/waveforms/us6000jlnv_GAZ.mseed,2026-09-12T12:27:13.092330+00:00
us6000jlnv,KMRS,89.85,4.6,2023-02-06 05:01:50.591000+00:00,usgs,ok,data/processed/waveforms/us6000jlnv_KMRS.mseed,2026-09-12T12:27:13.774331+00:00
us6000jns2,MALT,29.41,4.6,2023-02-06 05:33:10.998000+00:00,usgs,no_data,,2026-09-12T12:27:14.415197+00:00
us6000jns2,DARE,84.31,4.6,2023-02-06 05:33:10.998000+00:00,usgs,ok,data/processed/waveforms/us6000jns2_DARE.mseed,2026-09-12T12:27:14.929897+00:00
us6000jns2,URFA,89.15,4.6,2023-02-06 05:33:10.998000+00:00,usgs,ok,data/processed/waveforms/us6000jns2_URFA.mseed,2026-09-12T12:27:16.621064+00:00
us6000jns2,SVRC,98.56,4.6,2023-02-06 05:33:10.998000+00:00,usgs,no_data,,2026-09-12T12:27:17.717035+00:00
us6000jlp0,TAHT,8.91,4.6,2023-02-06 05:36:33.636000+00:00,usgs,no_data,,2026-09-12T12:27:18.300382+00:00
us6000jlp0,KRTD,78.18,4.6,2023-02-06 05:36:33.636000+00:00,usgs,no_data,,2026-09-12T12:27:18.850628+00:00
us6000jlp0,KRTS,80.61,4.6,2023-02-06 05:36:33.636000+00:00,usgs,ok,data/processed/waveforms/us6000jlp0_KRTS.mseed,2026-09-12T12:27:19.361892+00:00
us6000jlp0,CEYT,89.3,4.6,2023-02-06 05:36:33.636000+00:00,usgs,ok,data/processed/waveforms/us6000jlp0_CEYT.mseed,2026-09-12T12:27:19.951135+00:00
us6000jnss,MALT,47.69,4.5,2023-02-06 05:40:38.044000+00:00,usgs,no_data,,2026-09-12T12:27:21.608576+00:00
us6000jnss,URFA,73.4,4.5,2023-02-06 05:40:38.044000+00:00,usgs,ok,data/processed/waveforms/us6000jnss_URFA.mseed,2026-09-12T12:27:22.325040+00:00
us6000jnss,DARE,98.53,4.5,2023-02-06 05:40:38.044000+00:00,usgs,ok,data/processed/waveforms/us6000jnss_DARE.mseed,2026-09-12T12:27:23.185751+00:00
us6000jnss,SVRC,106.91,4.5,2023-02-06 05:40:38.044000+00:00,usgs,no_data,,2026-09-12T12:27:23.817925+00:00
us6000jns1,TAHT,12.89,4.6,2023-02-06 05:43:49.888000+00:00,usgs,no_data,,2026-09-12T12:27:24.385423+00:00
us6000jns1,KRTD,79.67,4.6,2023-02-06 05:43:49.888000+00:00,usgs,no_data,,2026-09-12T12:27:24.907966+00:00
us6000jns1,KRTS,81.93,4.6,2023-02-06 05:43:49.888000+00:00,usgs,ok,data/processed/waveforms/us6000jns1_KRTS.mseed,2026-09-12T12:27:25.386835+00:00
us6000jns1,CEYT,92.8,4.6,2023-02-06 05:43:49.888000+00:00,usgs,ok,data/processed/waveforms/us6000jns1_CEYT.mseed,2026-09-12T12:27:26.075829+00:00
us6000jlp1,MALT,43.76,4.5,2023-02-06 05:55:49.697000+00:00,usgs,no_data,,2026-09-12T12:27:26.750497+00:00
us6000jlp1,URFA,62.7,4.5,2023-02-06 05:55:49.697000+00:00,usgs,ok,data/processed/waveforms/us6000jlp1_URFA.mseed,2026-09-12T12:27:27.306001+00:00
us6000jlp1,SVRC,90.81,4.5,2023-02-06 05:55:49.697000+00:00,usgs,no_data,,2026-09-12T12:27:28.068153+00:00
us6000jlp1,DARE,110.93,4.5,2023-02-06 05:55:49.697000+00:00,usgs,ok,data/processed/waveforms/us6000jlp1_DARE.mseed,2026-09-12T12:27:28.568640+00:00
us6000jlsg,KHMN,0.78,4.6,2023-02-06 06:26:28.168000+00:00,usgs,ok,data/processed/waveforms/us6000jlsg_KHMN.mseed,2026-09-12T12:27:29.204867+00:00
us6000jlsg,KMRS,25.42,4.6,2023-02-06 06:26:28.168000+00:00,usgs,ok,data/processed/waveforms/us6000jlsg_KMRS.mseed,2026-09-12T12:27:29.868480+00:00
us6000jlsg,GAZ,25.45,4.6,2023-02-06 06:26:28.168000+00:00,usgs,ok,data/processed/waveforms/us6000jlsg_GAZ.mseed,2026-09-12T12:27:32.199481+00:00
us6000jlsg,KOZT,117.28,4.6,2023-02-06 06:26:28.168000+00:00,usgs,no_data,,2026-09-12T12:27:32.995217+00:00
us6000jnwh,MALT,33.96,4.5,2023-02-06 06:27:52.742000+00:00,usgs,no_data,,2026-09-12T12:27:33.632852+00:00
us6000jnwh,DARE,85.9,4.5,2023-02-06 06:27:52.742000+00:00,usgs,ok,data/processed/waveforms/us6000jnwh_DARE.mseed,2026-09-12T12:27:34.151135+00:00
us6000jnwh,URFA,86.63,4.5,2023-02-06 06:27:52.742000+00:00,usgs,ok,data/processed/waveforms/us6000jnwh_URFA.mseed,2026-09-12T12:27:34.834577+00:00
us6000jnwh,SVRC,101.59,4.5,2023-02-06 06:27:52.742000+00:00,usgs,no_data,,2026-09-12T12:27:35.552148+00:00
us6000jlp9,KHMN,34.86,4.8,2023-02-06 06:54:57.430000+00:00,usgs,ok,data/processed/waveforms/us6000jlp9_KHMN.mseed,2026-09-12T12:27:36.169869+00:00
us6000jlp9,KMRS,46.01,4.8,2023-02-06 06:54:57.430000+00:00,usgs,ok,data/processed/waveforms/us6000jlp9_KMRS.mseed,2026-09-12T12:27:36.777783+00:00
us6000jlp9,GAZ,54.8,4.8,2023-02-06 06:54:57.430000+00:00,usgs,ok,data/processed/waveforms/us6000jlp9_GAZ.mseed,2026-09-12T12:27:37.431315+00:00
us6000jlp9,DARE,103.54,4.8,2023-02-06 06:54:57.430000+00:00,usgs,ok,data/processed/waveforms/us6000jlp9_DARE.mseed,2026-09-12T12:27:38.160769+00:00
us6000jlpb,TAHT,44.24,4.5,2023-02-06 07:08:32.392000+00:00,usgs,no_data,,2026-09-12T12:27:38.910071+00:00
us6000jlpb,CEYT,70.32,4.5,2023-02-06 07:08:32.392000+00:00,usgs,ok,data/processed/waveforms/us6000jlpb_CEYT.mseed,2026-09-12T12:27:39.408800+00:00
us6000jlpb,GAZ,84.87,4.5,2023-02-06 07:08:32.392000+00:00,usgs,ok,data/processed/waveforms/us6000jlpb_GAZ.mseed,2026-09-12T12:27:40.113534+00:00
us6000jlpb,KRTD,92.87,4.5,2023-02-06 07:08:32.392000+00:00,usgs,no_data,,2026-09-12T12:27:40.782187+00:00
us6000jnsf,TAHT,101.84,4.5,2023-02-06 07:29:40.592000+00:00,usgs,no_data,,2026-09-12T12:27:41.323482+00:00
us6000jnsf,KRTS,103.89,4.5,2023-02-06 07:29:40.592000+00:00,usgs,ok,data/processed/waveforms/us6000jnsf_KRTS.mseed,2026-09-12T12:27:41.848472+00:00
us6000jnsf,KRTD,105.81,4.5,2023-02-06 07:29:40.592000+00:00,usgs,no_data,,2026-09-12T12:27:42.538720+00:00
us6000jnsf,EREN,120.88,4.5,2023-02-06 07:29:40.592000+00:00,usgs,no_data,,2026-09-12T12:27:43.034647+00:00
us6000jlpi,MALT,57.69,4.6,2023-02-06 07:41:14.046000+00:00,usgs,no_data,,2026-09-12T12:27:43.584079+00:00
us6000jlpi,URFA,80.87,4.6,2023-02-06 07:41:14.046000+00:00,usgs,ok,data/processed/waveforms/us6000jlpi_URFA.mseed,2026-09-12T12:27:44.106277+00:00
us6000jlpi,DARE,93.69,4.6,2023-02-06 07:41:14.046000+00:00,usgs,ok,data/processed/waveforms/us6000jlpi_DARE.mseed,2026-09-12T12:27:44.815933+00:00
us6000jlpi,KHMN,97.31,4.6,2023-02-06 07:41:14.046000+00:00,usgs,ok,data/processed/waveforms/us6000jlpi_KHMN.mseed,2026-09-12T12:27:46.174306+00:00
us6000jlpp,TAHT,34.63,4.5,2023-02-06 08:01:47.818000+00:00,usgs,no_data,,2026-09-12T12:27:46.997938+00:00
us6000jlpp,CEYT,73.99,4.5,2023-02-06 08:01:47.818000+00:00,usgs,ok,data/processed/waveforms/us6000jlpp_CEYT.mseed,2026-09-12T12:27:47.504462+00:00
us6000jlpp,KRTD,89.92,4.5,2023-02-06 08:01:47.818000+00:00,usgs,no_data,,2026-09-12T12:27:48.180823+00:00
us6000jlpp,GAZ,92.96,4.5,2023-02-06 08:01:47.818000+00:00,usgs,ok,data/processed/waveforms/us6000jlpp_GAZ.mseed,2026-09-12T12:27:48.681546+00:00
us6000jlpv,KHMN,9.24,4.8,2023-02-06 08:52:37.361000+00:00,usgs,ok,data/processed/waveforms/us6000jlpv_KHMN.mseed,2026-09-12T12:27:49.309536+00:00
us6000jlpv,KMRS,27.83,4.8,2023-02-06 08:52:37.361000+00:00,usgs,ok,data/processed/waveforms/us6000jlpv_KMRS.mseed,2026-09-12T12:27:49.916254+00:00
us6000jlpv,GAZ,32.38,4.8,2023-02-06 08:52:37.361000+00:00,usgs,ok,data/processed/waveforms/us6000jlpv_GAZ.mseed,2026-09-12T12:27:50.566843+00:00
us6000jlpv,KOZT,122.13,4.8,2023-02-06 08:52:37.361000+00:00,usgs,ok,data/processed/waveforms/us6000jlpv_KOZT.mseed,2026-09-12T12:27:51.182781+00:00
us6000jlpx,MALT,33.9,4.5,2023-02-06 08:58:34.938000+00:00,usgs,no_data,,2026-09-12T12:27:51.789632+00:00
us6000jlpx,URFA,83.17,4.5,2023-02-06 08:58:34.938000+00:00,usgs,ok,data/processed/waveforms/us6000jlpx_URFA.mseed,2026-09-12T12:27:52.365761+00:00
us6000jlpx,DARE,89.58,4.5,2023-02-06 08:58:34.938000+00:00,usgs,no_data,,2026-09-12T12:28:34.620784+00:00
us6000jlpx,SVRC,99.17,4.5,2023-02-06 08:58:34.938000+00:00,usgs,no_data,,2026-09-12T12:29:35.142828+00:00
us6000jlq2,MALT,73.05,4.5,2023-02-06 09:21:01.495000+00:00,usgs,no_data,,2026-09-12T12:30:08.294402+00:00
us6000jlq2,URFA,82.0,4.5,2023-02-06 09:21:01.495000+00:00,usgs,ok,data/processed/waveforms/us6000jlq2_URFA.mseed,2026-09-12T12:30:10.380233+00:00
us6000jlq2,KHMN,83.27,4.5,2023-02-06 09:21:01.495000+00:00,usgs,no_data,,2026-09-12T12:30:14.212920+00:00
us6000jlq2,GAZ,94.27,4.5,2023-02-06 09:21:01.495000+00:00,usgs,ok,data/processed/waveforms/us6000jlq2_GAZ.mseed,2026-09-12T12:30:16.922945+00:00
us6000jlq1,CEYT,61.15,4.6,2023-02-06 09:23:45.448000+00:00,usgs,ok,data/processed/waveforms/us6000jlq1_CEYT.mseed,2026-09-12T12:30:20.092701+00:00
us6000jlq1,TAHT,64.41,4.6,2023-02-06 09:23:45.448000+00:00,usgs,no_data,,2026-09-12T12:30:21.184783+00:00
us6000jlq1,GAZ,74.84,4.6,2023-02-06 09:23:45.448000+00:00,usgs,ok,data/processed/waveforms/us6000jlq1_GAZ.mseed,2026-09-12T12:30:21.962805+00:00
us6000jlq1,KMRS,77.58,4.6,2023-02-06 09:23:45.448000+00:00,usgs,ok,data/processed/waveforms/us6000jlq1_KMRS.mseed,2026-09-12T12:30:22.701176+00:00
us6000jlqc,TAHT,60.48,4.6,2023-02-06 10:07:31.339000+00:00,usgs,no_data,,2026-09-12T12:30:23.675349+00:00
us6000jlqc,KRTD,107.95,4.6,2023-02-06 10:07:31.339000+00:00,usgs,no_data,,2026-09-12T12:30:25.581279+00:00
us6000jlqc,KRTS,108.52,4.6,2023-02-06 10:07:31.339000+00:00,usgs,ok,data/processed/waveforms/us6000jlqc_KRTS.mseed,2026-09-12T12:30:26.455694+00:00
us6000jlqc,CEYT,136.19,4.6,2023-02-06 10:07:31.339000+00:00,usgs,ok,data/processed/waveforms/us6000jlqc_CEYT.mseed,2026-09-12T12:30:27.225664+00:00
us6000jlqa,KHMN,68.91,7.5,2023-02-06 10:24:48.811000+00:00,usgs,no_data,,2026-09-12T12:30:28.024750+00:00
us6000jlqa,SARI,81.03,7.5,2023-02-06 10:24:48.811000+00:00,usgs,ok,data/processed/waveforms/us6000jlqa_SARI.mseed,2026-09-12T12:30:28.573332+00:00
us6000jm1y,URFA,91.4,6.0,2023-02-06 10:26:46.742000+00:00,usgs,ok,data/processed/waveforms/us6000jm1y_URFA.mseed,2026-09-12T12:30:29.614520+00:00
us6000jm1y,KHMN,109.15,6.0,2023-02-06 10:26:46.742000+00:00,usgs,no_data,,2026-09-12T12:30:30.446625+00:00
us6000jnt0,DARE,68.45,5.4,2023-02-06 10:32:08.932000+00:00,usgs,ok,data/processed/waveforms/us6000jnt0_DARE.mseed,2026-09-12T12:30:31.036635+00:00
us6000jnt0,SARI,82.44,5.4,2023-02-06 10:32:08.932000+00:00,usgs,ok,data/processed/waveforms/us6000jnt0_SARI.mseed,2026-09-12T12:30:31.978465+00:00
us6000jlqe,KHMN,90.43,5.8,2023-02-06 10:35:58.161000+00:00,usgs,no_data,,2026-09-12T12:30:32.867474+00:00
us6000jlqe,KMRS,97.9,5.8,2023-02-06 10:35:58.161000+00:00,usgs,ok,data/processed/waveforms/us6000jlqe_KMRS.mseed,2026-09-12T12:30:33.503306+00:00
us6000jnwk,KHMN,56.29,4.5,2023-02-06 10:38:57.715000+00:00,usgs,no_data,,2026-09-12T12:30:34.380498+00:00
us6000jnwk,KMRS,57.09,4.5,2023-02-06 10:38:57.715000+00:00,usgs,ok,data/processed/waveforms/us6000jnwk_KMRS.mseed,2026-09-12T12:30:34.947099+00:00
us6000jnwk,DARE,78.49,4.5,2023-02-06 10:38:57.715000+00:00,usgs,ok,data/processed/waveforms/us6000jnwk_DARE.mseed,2026-09-12T12:30:35.550802+00:00
us6000jnwk,GAZ,78.94,4.5,2023-02-06 10:38:57.715000+00:00,usgs,ok,data/processed/waveforms/us6000jnwk_GAZ.mseed,2026-09-12T12:30:36.404069+00:00
us6000jnu5,MALT,63.28,4.6,2023-02-06 10:44:46.950000+00:00,usgs,no_data,,2026-09-12T12:30:37.100313+00:00
us6000jnu5,DARE,65.7,4.6,2023-02-06 10:44:46.950000+00:00,usgs,ok,data/processed/waveforms/us6000jnu5_DARE.mseed,2026-09-12T12:30:37.659904+00:00
us6000jnu5,KHMN,90.91,4.6,2023-02-06 10:44:46.950000+00:00,usgs,no_data,,2026-09-12T12:30:38.385061+00:00
us6000jnu5,KMRS,98.1,4.6,2023-02-06 10:44:46.950000+00:00,usgs,ok,data/processed/waveforms/us6000jnu5_KMRS.mseed,2026-09-12T12:30:39.376607+00:00
us6000jnt5,SARI,55.0,4.7,2023-02-06 10:46:56.782000+00:00,usgs,ok,data/processed/waveforms/us6000jnt5_SARI.mseed,2026-09-12T12:30:40.582613+00:00
us6000jnt5,KMRS,59.21,4.7,2023-02-06 10:46:56.782000+00:00,usgs,ok,data/processed/waveforms/us6000jnt5_KMRS.mseed,2026-09-12T12:30:41.586788+00:00
us6000jnt5,KHMN,77.26,4.7,2023-02-06 10:46:56.782000+00:00,usgs,no_data,,2026-09-12T12:30:42.297382+00:00
us6000jnt5,DARE,81.65,4.7,2023-02-06 10:46:56.782000+00:00,usgs,ok,data/processed/waveforms/us6000jnt5_DARE.mseed,2026-09-12T12:30:42.837077+00:00
us6000jnw7,SARI,44.92,4.7,2023-02-06 10:47:41.873000+00:00,usgs,ok,data/processed/waveforms/us6000jnw7_SARI.mseed,2026-09-12T12:30:43.765113+00:00
us6000jnw7,KMRS,63.66,4.7,2023-02-06 10:47:41.873000+00:00,usgs,ok,data/processed/waveforms/us6000jnw7_KMRS.mseed,2026-09-12T12:30:44.465720+00:00
us6000jnw7,KHMN,85.48,4.7,2023-02-06 10:47:41.873000+00:00,usgs,no_data,,2026-09-12T12:30:45.098283+00:00
us6000jnw7,DARE,93.78,4.7,2023-02-06 10:47:41.873000+00:00,usgs,ok,data/processed/waveforms/us6000jnw7_DARE.mseed,2026-09-12T12:30:45.767915+00:00
us6000jlqm,KHMN,72.38,4.6,2023-02-06 10:50:56.892000+00:00,usgs,no_data,,2026-09-12T12:30:46.463384+00:00
us6000jlqm,GAZ,80.48,4.6,2023-02-06 10:50:56.892000+00:00,usgs,ok,data/processed/waveforms/us6000jlqm_GAZ.mseed,2026-09-12T12:30:46.991886+00:00
us6000jlqm,URFA,81.37,4.6,2023-02-06 10:50:56.892000+00:00,usgs,ok,data/processed/waveforms/us6000jlqm_URFA.mseed,2026-09-12T12:30:47.637817+00:00
us6000jlqm,MALT,88.84,4.6,2023-02-06 10:50:56.892000+00:00,usgs,no_data,,2026-09-12T12:30:48.339679+00:00
us6000jlql,ARPRA,94.86,5.7,2023-02-06 10:51:30.994000+00:00,usgs,ok,data/processed/waveforms/us6000jlql_ARPRA.mseed,2026-09-12T12:30:48.830934+00:00
us6000jlql,SVRC,98.88,5.7,2023-02-06 10:51:30.994000+00:00,usgs,no_data,,2026-09-12T12:30:49.916201+00:00
us6000jnt4,KMRS,66.67,4.6,2023-02-06 10:56:24.688000+00:00,usgs,ok,data/processed/waveforms/us6000jnt4_KMRS.mseed,2026-09-12T12:30:50.493365+00:00
us6000jnt4,DARE,67.14,4.6,2023-02-06 10:56:24.688000+00:00,usgs,ok,data/processed/waveforms/us6000jnt4_DARE.mseed,2026-09-12T12:30:51.174700+00:00
us6000jnt4,KHMN,67.53,4.6,2023-02-06 10:56:24.688000+00:00,usgs,no_data,,2026-09-12T12:30:51.996622+00:00
us6000jnt4,GAZ,90.29,4.6,2023-02-06 10:56:24.688000+00:00,usgs,ok,data/processed/waveforms/us6000jnt4_GAZ.mseed,2026-09-12T12:30:52.520185+00:00
us6000jlqy,KHMN,54.48,4.8,2023-02-06 11:01:36.485000+00:00,usgs,no_data,,2026-09-12T12:30:53.200329+00:00
us6000jlqy,KMRS,59.44,4.8,2023-02-06 11:01:36.485000+00:00,usgs,ok,data/processed/waveforms/us6000jlqy_KMRS.mseed,2026-09-12T12:30:54.182568+00:00
us6000jlqy,GAZ,75.57,4.8,2023-02-06 11:01:36.485000+00:00,usgs,ok,data/processed/waveforms/us6000jlqy_GAZ.mseed,2026-09-12T12:30:55.294711+00:00
us6000jlqy,DARE,82.95,4.8,2023-02-06 11:01:36.485000+00:00,usgs,ok,data/processed/waveforms/us6000jlqy_DARE.mseed,2026-09-12T12:30:56.295947+00:00
us6000jlqr,KHMN,83.71,5.1,2023-02-06 11:05:35.084000+00:00,usgs,no_data,,2026-09-12T12:30:57.126440+00:00
us6000jlqr,DARE,83.88,5.1,2023-02-06 11:05:35.084000+00:00,usgs,ok,data/processed/waveforms/us6000jlqr_DARE.mseed,2026-09-12T12:30:57.777245+00:00
us6000jlqx,KMRS,65.13,4.9,2023-02-06 11:11:40.849000+00:00,usgs,ok,data/processed/waveforms/us6000jlqx_KMRS.mseed,2026-09-12T12:30:58.440718+00:00
us6000jlqx,KHMN,65.92,4.9,2023-02-06 11:11:40.849000+00:00,usgs,no_data,,2026-09-12T12:30:59.093014+00:00
us6000jlqx,DARE,68.71,4.9,2023-02-06 11:11:40.849000+00:00,usgs,ok,data/processed/waveforms/us6000jlqx_DARE.mseed,2026-09-12T12:30:59.625022+00:00
us6000jlqx,GAZ,88.71,4.9,2023-02-06 11:11:40.849000+00:00,usgs,ok,data/processed/waveforms/us6000jlqx_GAZ.mseed,2026-09-12T12:31:00.305344+00:00
us6000jlr9,KMRS,62.38,4.5,2023-02-06 11:35:28.583000+00:00,usgs,ok,data/processed/waveforms/us6000jlr9_KMRS.mseed,2026-09-12T12:31:00.983913+00:00
us6000jlr9,KHMN,63.5,4.5,2023-02-06 11:35:28.583000+00:00,usgs,no_data,,2026-09-12T12:31:01.633476+00:00
us6000jlr9,DARE,70.94,4.5,2023-02-06 11:35:28.583000+00:00,usgs,ok,data/processed/waveforms/us6000jlr9_DARE.mseed,2026-09-12T12:31:02.167190+00:00
us6000jlr9,GAZ,86.48,4.5,2023-02-06 11:35:28.583000+00:00,usgs,ok,data/processed/waveforms/us6000jlr9_GAZ.mseed,2026-09-12T12:31:02.767214+00:00
us6000jlr7,SARI,40.53,4.8,2023-02-06 11:39:41.665000+00:00,usgs,ok,data/processed/waveforms/us6000jlr7_SARI.mseed,2026-09-12T12:31:03.440251+00:00
us6000jlr7,KMRS,68.12,4.8,2023-02-06 11:39:41.665000+00:00,usgs,ok,data/processed/waveforms/us6000jlr7_KMRS.mseed,2026-09-12T12:31:04.149777+00:00
us6000jlr7,KHMN,90.82,4.8,2023-02-06 11:39:41.665000+00:00,usgs,no_data,,2026-09-12T12:31:04.962832+00:00
us6000jlr7,KOZT,91.89,4.8,2023-02-06 11:39:41.665000+00:00,usgs,ok,data/processed/waveforms/us6000jlr7_KOZT.mseed,2026-09-12T12:31:05.560471+00:00
us6000jlra,SARI,48.86,4.5,2023-02-06 11:50:04.398000+00:00,usgs,ok,data/processed/waveforms/us6000jlra_SARI.mseed,2026-09-12T12:31:06.294436+00:00
us6000jlra,KOZT,71.01,4.5,2023-02-06 11:50:04.398000+00:00,usgs,ok,data/processed/waveforms/us6000jlra_KOZT.mseed,2026-09-12T12:31:06.975437+00:00
us6000jlra,KMRS,71.26,4.5,2023-02-06 11:50:04.398000+00:00,usgs,ok,data/processed/waveforms/us6000jlra_KMRS.mseed,2026-09-12T12:31:07.575628+00:00
us6000jlra,KHMN,96.63,4.5,2023-02-06 11:50:04.398000+00:00,usgs,no_data,,2026-09-12T12:31:08.378053+00:00
us6000jm76,DARE,65.17,4.5,2023-02-06 11:51:22.063000+00:00,usgs,ok,data/processed/waveforms/us6000jm76_DARE.mseed,2026-09-12T12:31:09.190934+00:00
us6000jm76,MALT,69.93,4.5,2023-02-06 11:51:22.063000+00:00,usgs,no_data,,2026-09-12T12:31:10.835616+00:00
us6000jm76,KHMN,85.39,4.5,2023-02-06 11:51:22.063000+00:00,usgs,no_data,,2026-09-12T12:31:12.099411+00:00
us6000jm76,KMRS,91.7,4.5,2023-02-06 11:51:22.063000+00:00,usgs,ok,data/processed/waveforms/us6000jm76_KMRS.mseed,2026-09-12T12:31:12.871440+00:00
us6000jlrb,DARE,58.33,4.7,2023-02-06 11:58:37.429000+00:00,usgs,ok,data/processed/waveforms/us6000jlrb_DARE.mseed,2026-09-12T12:31:13.543844+00:00
us6000jlrb,MALT,80.53,4.7,2023-02-06 11:58:37.429000+00:00,usgs,no_data,,2026-09-12T12:31:14.249112+00:00
us6000jlrb,KHMN,81.75,4.7,2023-02-06 11:58:37.429000+00:00,usgs,no_data,,2026-09-12T12:31:14.770407+00:00
us6000jlrb,KMRS,84.19,4.7,2023-02-06 11:58:37.429000+00:00,usgs,ok,data/processed/waveforms/us6000jlrb_KMRS.mseed,2026-09-12T12:31:15.291973+00:00
us6000jlrc,KOZT,88.12,6.0,2023-02-06 12:02:11.275000+00:00,usgs,ok,data/processed/waveforms/us6000jlrc_KOZT.mseed,2026-09-12T12:31:15.953152+00:00
us6000jlrc,KHMN,93.39,6.0,2023-02-06 12:02:11.275000+00:00,usgs,no_data,,2026-09-12T12:31:16.636950+00:00
us6000jlrg,KHMN,62.34,4.7,2023-02-06 12:13:48.646000+00:00,usgs,no_data,,2026-09-12T12:31:17.204415+00:00
us6000jlrg,KMRS,62.41,4.7,2023-02-06 12:13:48.646000+00:00,usgs,ok,data/processed/waveforms/us6000jlrg_KMRS.mseed,2026-09-12T12:31:17.832694+00:00
us6000jlrg,DARE,72.48,4.7,2023-02-06 12:13:48.646000+00:00,usgs,ok,data/processed/waveforms/us6000jlrg_DARE.mseed,2026-09-12T12:31:18.500489+00:00
us6000jlrg,GAZ,84.97,4.7,2023-02-06 12:13:48.646000+00:00,usgs,ok,data/processed/waveforms/us6000jlrg_GAZ.mseed,2026-09-12T12:31:19.112728+00:00
us6000jlrj,MALT,29.39,4.9,2023-02-06 12:34:43.513000+00:00,usgs,no_data,,2026-09-12T12:31:20.039640+00:00
us6000jlrj,DARE,84.05,4.9,2023-02-06 12:34:43.513000+00:00,usgs,ok,data/processed/waveforms/us6000jlrj_DARE.mseed,2026-09-12T12:31:20.674477+00:00
us6000jlrj,URFA,89.39,4.9,2023-02-06 12:34:43.513000+00:00,usgs,ok,data/processed/waveforms/us6000jlrj_URFA.mseed,2026-09-12T12:31:21.586330+00:00
us6000jlrj,SVRC,98.69,4.9,2023-02-06 12:34:43.513000+00:00,usgs,no_data,,2026-09-12T12:31:22.463497+00:00
us6000jlrk,MALT,67.9,4.6,2023-02-06 12:36:33.066000+00:00,usgs,no_data,,2026-09-12T12:31:23.042998+00:00
us6000jlrk,DARE,72.34,4.6,2023-02-06 12:36:33.066000+00:00,usgs,ok,data/processed/waveforms/us6000jlrk_DARE.mseed,2026-09-12T12:31:23.990281+00:00
us6000jlrk,KHMN,84.67,4.6,2023-02-06 12:36:33.066000+00:00,usgs,no_data,,2026-09-12T12:31:25.726929+00:00
us6000jlrk,KMRS,93.24,4.6,2023-02-06 12:36:33.066000+00:00,usgs,ok,data/processed/waveforms/us6000jlrk_KMRS.mseed,2026-09-12T12:31:26.583156+00:00
us6000jlrq,SARI,55.48,4.6,2023-02-06 12:54:39.920000+00:00,usgs,ok,data/processed/waveforms/us6000jlrq_SARI.mseed,2026-09-12T12:31:27.239463+00:00
us6000jlrq,KMRS,60.48,4.6,2023-02-06 12:54:39.920000+00:00,usgs,ok,data/processed/waveforms/us6000jlrq_KMRS.mseed,2026-09-12T12:31:28.298705+00:00
us6000jlrq,KHMN,77.82,4.6,2023-02-06 12:54:39.920000+00:00,usgs,no_data,,2026-09-12T12:31:29.021399+00:00
us6000jlrq,DARE,79.08,4.6,2023-02-06 12:54:39.920000+00:00,usgs,ok,data/processed/waveforms/us6000jlrq_DARE.mseed,2026-09-12T12:31:29.604018+00:00
us6000jlrt,SARI,39.88,4.5,2023-02-06 13:00:18.127000+00:00,usgs,ok,data/processed/waveforms/us6000jlrt_SARI.mseed,2026-09-12T12:31:30.650033+00:00
us6000jlrt,KMRS,70.1,4.5,2023-02-06 13:00:18.127000+00:00,usgs,ok,data/processed/waveforms/us6000jlrt_KMRS.mseed,2026-09-12T12:31:31.598407+00:00
us6000jlrt,DARE,86.16,4.5,2023-02-06 13:00:18.127000+00:00,usgs,ok,data/processed/waveforms/us6000jlrt_DARE.mseed,2026-09-12T12:31:32.383814+00:00
us6000jlrt,KHMN,90.62,4.5,2023-02-06 13:00:18.127000+00:00,usgs,no_data,,2026-09-12T12:31:33.015329+00:00
us6000jntk,DARE,63.77,4.6,2023-02-06 13:03:17.843000+00:00,usgs,ok,data/processed/waveforms/us6000jntk_DARE.mseed,2026-09-12T12:31:33.578674+00:00
us6000jntk,KHMN,72.91,4.6,2023-02-06 13:03:17.843000+00:00,usgs,no_data,,2026-09-12T12:31:34.254881+00:00
us6000jntk,KMRS,74.14,4.6,2023-02-06 13:03:17.843000+00:00,usgs,ok,data/processed/waveforms/us6000jntk_KMRS.mseed,2026-09-12T12:31:34.788519+00:00
us6000jntk,MALT,90.5,4.6,2023-02-06 13:03:17.843000+00:00,usgs,no_data,,2026-09-12T12:31:35.426880+00:00
us6000jnu4,KMRS,63.01,4.5,2023-02-06 13:06:39.750000+00:00,usgs,ok,data/processed/waveforms/us6000jnu4_KMRS.mseed,2026-09-12T12:31:35.936320+00:00
us6000jnu4,DARE,67.0,4.5,2023-02-06 13:06:39.750000+00:00,usgs,ok,data/processed/waveforms/us6000jnu4_DARE.mseed,2026-09-12T12:31:36.547301+00:00
us6000jnu4,KHMN,67.46,4.5,2023-02-06 13:06:39.750000+00:00,usgs,no_data,,2026-09-12T12:31:37.436677+00:00
us6000jnu4,SARI,88.12,4.5,2023-02-06 13:06:39.750000+00:00,usgs,ok,data/processed/waveforms/us6000jnu4_SARI.mseed,2026-09-12T12:31:38.147054+00:00
us6000jlrv,KHMN,74.33,5.0,2023-02-06 13:07:45.076000+00:00,usgs,no_data,,2026-09-12T12:31:39.707400+00:00
us6000jlrv,SARI,92.79,5.0,2023-02-06 13:07:45.076000+00:00,usgs,ok,data/processed/waveforms/us6000jlrv_SARI.mseed,2026-09-12T12:31:40.647927+00:00
us6000jntm,TAHT,16.55,4.6,2023-02-06 13:09:21.093000+00:00,usgs,no_data,,2026-09-12T12:31:41.442055+00:00
us6000jntm,KRTD,87.03,4.6,2023-02-06 13:09:21.093000+00:00,usgs,no_data,,2026-09-12T12:31:42.189951+00:00
us6000jntm,KRTS,89.42,4.6,2023-02-06 13:09:21.093000+00:00,usgs,ok,data/processed/waveforms/us6000jntm_KRTS.mseed,2026-09-12T12:31:42.684617+00:00
us6000jntm,CEYT,97.13,4.6,2023-02-06 13:09:21.093000+00:00,usgs,ok,data/processed/waveforms/us6000jntm_CEYT.mseed,2026-09-12T12:31:43.526979+00:00
us6000jlry,SARI,48.79,4.7,2023-02-06 13:11:56.990000+00:00,usgs,ok,data/processed/waveforms/us6000jlry_SARI.mseed,2026-09-12T12:31:44.518825+00:00
us6000jlry,KMRS,59.76,4.7,2023-02-06 13:11:56.990000+00:00,usgs,ok,data/processed/waveforms/us6000jlry_KMRS.mseed,2026-09-12T12:31:45.202567+00:00
us6000jlry,KHMN,81.71,4.7,2023-02-06 13:11:56.990000+00:00,usgs,no_data,,2026-09-12T12:31:45.875588+00:00
us6000jlry,KOZT,93.87,4.7,2023-02-06 13:11:56.990000+00:00,usgs,ok,data/processed/waveforms/us6000jlry_KOZT.mseed,2026-09-12T12:31:46.461892+00:00
us6000jnvk,KMRS,55.36,4.8,2023-02-06 13:12:27.843000+00:00,usgs,ok,data/processed/waveforms/us6000jnvk_KMRS.mseed,2026-09-12T12:31:47.241947+00:00
us6000jnvk,SARI,56.3,4.8,2023-02-06 13:12:27.843000+00:00,usgs,ok,data/processed/waveforms/us6000jnvk_SARI.mseed,2026-09-12T12:31:47.999148+00:00
us6000jnvk,KOZT,77.66,4.8,2023-02-06 13:12:27.843000+00:00,usgs,ok,data/processed/waveforms/us6000jnvk_KOZT.mseed,2026-09-12T12:31:48.716717+00:00
us6000jnvk,KHMN,80.04,4.8,2023-02-06 13:12:27.843000+00:00,usgs,no_data,,2026-09-12T12:31:49.472607+00:00
us6000jntl,MALT,72.96,4.5,2023-02-06 13:14:01.462000+00:00,usgs,no_data,,2026-09-12T12:31:50.009375+00:00
us6000jntl,KHMN,80.19,4.5,2023-02-06 13:14:01.462000+00:00,usgs,no_data,,2026-09-12T12:31:50.510559+00:00
us6000jntl,URFA,89.97,4.5,2023-02-06 13:14:01.462000+00:00,usgs,ok,data/processed/waveforms/us6000jntl_URFA.mseed,2026-09-12T12:31:51.114256+00:00
us6000jntl,GAZ,93.13,4.5,2023-02-06 13:14:01.462000+00:00,usgs,ok,data/processed/waveforms/us6000jntl_GAZ.mseed,2026-09-12T12:31:52.076332+00:00
us6000jls0,SARI,45.92,4.9,2023-02-06 13:17:42.209000+00:00,usgs,ok,data/processed/waveforms/us6000jls0_SARI.mseed,2026-09-12T12:31:52.681894+00:00
us6000jls0,KMRS,70.58,4.9,2023-02-06 13:17:42.209000+00:00,usgs,ok,data/processed/waveforms/us6000jls0_KMRS.mseed,2026-09-12T12:31:54.035193+00:00
us6000jls0,KOZT,75.46,4.9,2023-02-06 13:17:42.209000+00:00,usgs,ok,data/processed/waveforms/us6000jls0_KOZT.mseed,2026-09-12T12:31:55.197939+00:00
us6000jls0,KHMN,95.55,4.9,2023-02-06 13:17:42.209000+00:00,usgs,no_data,,2026-09-12T12:31:56.437779+00:00
us6000jntn,TAHT,16.59,4.5,2023-02-06 13:31:39.632000+00:00,usgs,no_data,,2026-09-12T12:31:56.977210+00:00
us6000jntn,CEYT,87.97,4.5,2023-02-06 13:31:39.632000+00:00,usgs,ok,data/processed/waveforms/us6000jntn_CEYT.mseed,2026-09-12T12:31:57.634447+00:00
us6000jntn,KRTD,88.01,4.5,2023-02-06 13:31:39.632000+00:00,usgs,no_data,,2026-09-12T12:31:58.688317+00:00
us6000jntn,KRTS,91.03,4.5,2023-02-06 13:31:39.632000+00:00,usgs,ok,data/processed/waveforms/us6000jntn_KRTS.mseed,2026-09-12T12:31:59.195687+00:00
us6000jls3,KHMN,84.38,5.3,2023-02-06 13:39:24.254000+00:00,usgs,no_data,,2026-09-12T12:32:00.003504+00:00
us6000jls3,KMRS,90.28,5.3,2023-02-06 13:39:24.254000+00:00,usgs,ok,data/processed/waveforms/us6000jls3_KMRS.mseed,2026-09-12T12:32:00.662411+00:00
us6000jls6,KMRS,70.8,5.0,2023-02-06 13:44:51.298000+00:00,usgs,ok,data/processed/waveforms/us6000jls6_KMRS.mseed,2026-09-12T12:32:01.324868+00:00
us6000jls6,GAZ,88.98,5.0,2023-02-06 13:44:51.298000+00:00,usgs,ok,data/processed/waveforms/us6000jls6_GAZ.mseed,2026-09-12T12:32:02.054933+00:00
us6000jlsb,KHMN,42.22,4.5,2023-02-06 14:10:09.968000+00:00,usgs,no_data,,2026-09-12T12:32:02.670535+00:00
us6000jlsb,KMRS,49.06,4.5,2023-02-06 14:10:09.968000+00:00,usgs,ok,data/processed/waveforms/us6000jlsb_KMRS.mseed,2026-09-12T12:32:03.245317+00:00
us6000jlsb,GAZ,63.47,4.5,2023-02-06 14:10:09.968000+00:00,usgs,ok,data/processed/waveforms/us6000jlsb_GAZ.mseed,2026-09-12T12:32:03.864002+00:00
us6000jlsb,DARE,94.41,4.5,2023-02-06 14:10:09.968000+00:00,usgs,ok,data/processed/waveforms/us6000jlsb_DARE.mseed,2026-09-12T12:32:04.560605+00:00
us6000jlse,TAHT,57.67,4.5,2023-02-06 14:27:43.394000+00:00,usgs,no_data,,2026-09-12T12:32:05.427420+00:00
us6000jlse,GAZ,71.93,4.5,2023-02-06 14:27:43.394000+00:00,usgs,ok,data/processed/waveforms/us6000jlse_GAZ.mseed,2026-09-12T12:32:05.991199+00:00
us6000jlse,CEYT,73.78,4.5,2023-02-06 14:27:43.394000+00:00,usgs,ok,data/processed/waveforms/us6000jlse_CEYT.mseed,2026-09-12T12:32:06.634466+00:00
us6000jlse,KMRS,84.06,4.5,2023-02-06 14:27:43.394000+00:00,usgs,ok,data/processed/waveforms/us6000jlse_KMRS.mseed,2026-09-12T12:32:07.300223+00:00
us6000jlsf,SARI,46.0,4.7,2023-02-06 14:29:57.853000+00:00,usgs,ok,data/processed/waveforms/us6000jlsf_SARI.mseed,2026-09-12T12:32:08.152993+00:00
us6000jlsf,KMRS,65.11,4.7,2023-02-06 14:29:57.853000+00:00,usgs,ok,data/processed/waveforms/us6000jlsf_KMRS.mseed,2026-09-12T12:32:09.537057+00:00
us6000jlsf,KOZT,82.18,4.7,2023-02-06 14:29:57.853000+00:00,usgs,ok,data/processed/waveforms/us6000jlsf_KOZT.mseed,2026-09-12T12:32:10.787528+00:00
us6000jlsf,KHMN,89.23,4.7,2023-02-06 14:29:57.853000+00:00,usgs,no_data,,2026-09-12T12:32:11.414935+00:00
us6000jntw,MALT,58.58,4.5,2023-02-06 14:33:07.461000+00:00,usgs,no_data,,2026-09-12T12:32:11.959121+00:00
us6000jntw,DARE,67.82,4.5,2023-02-06 14:33:07.461000+00:00,usgs,ok,data/processed/waveforms/us6000jntw_DARE.mseed,2026-09-12T12:32:12.454139+00:00
us6000jntw,KHMN,94.51,4.5,2023-02-06 14:33:07.461000+00:00,usgs,no_data,,2026-09-12T12:32:13.096110+00:00
us6000jntw,KMRS,102.58,4.5,2023-02-06 14:33:07.461000+00:00,usgs,ok,data/processed/waveforms/us6000jntw_KMRS.mseed,2026-09-12T12:32:13.736870+00:00
us6000jlsj,DARE,49.26,4.5,2023-02-06 14:41:57.177000+00:00,usgs,ok,data/processed/waveforms/us6000jlsj_DARE.mseed,2026-09-12T12:32:14.407191+00:00
us6000jlsj,MALT,61.54,4.5,2023-02-06 14:41:57.177000+00:00,usgs,no_data,,2026-09-12T12:32:15.018239+00:00
us6000jlsj,KHMN,101.52,4.5,2023-02-06 14:41:57.177000+00:00,usgs,no_data,,2026-09-12T12:32:15.541957+00:00
us6000jlsj,KMRS,105.04,4.5,2023-02-06 14:41:57.177000+00:00,usgs,ok,data/processed/waveforms/us6000jlsj_KMRS.mseed,2026-09-12T12:32:16.129628+00:00
us6000jlsq,KHMN,74.36,4.9,2023-02-06 15:14:34.402000+00:00,usgs,no_data,,2026-09-12T12:32:16.970058+00:00
us6000jlsq,MALT,77.44,4.9,2023-02-06 15:14:34.402000+00:00,usgs,no_data,,2026-09-12T12:32:17.538999+00:00
us6000jlsq,DARE,80.05,4.9,2023-02-06 15:14:34.402000+00:00,usgs,ok,data/processed/waveforms/us6000jlsq_DARE.mseed,2026-09-12T12:32:18.058352+00:00
us6000jlsq,KMRS,84.26,4.9,2023-02-06 15:14:34.402000+00:00,usgs,ok,data/processed/waveforms/us6000jlsq_KMRS.mseed,2026-09-12T12:32:19.013052+00:00
us6000jlsu,URFA,100.77,5.4,2023-02-06 15:33:32.721000+00:00,usgs,ok,data/processed/waveforms/us6000jlsu_URFA.mseed,2026-09-12T12:32:19.638137+00:00
us6000jlsu,SVRC,100.84,5.4,2023-02-06 15:33:32.721000+00:00,usgs,no_data,,2026-09-12T12:32:20.319682+00:00
us6000jlt0,TAHT,46.94,4.5,2023-02-06 16:10:43.265000+00:00,usgs,no_data,,2026-09-12T12:32:20.816439+00:00
us6000jlt0,KRTD,63.32,4.5,2023-02-06 16:10:43.265000+00:00,usgs,no_data,,2026-09-12T12:32:21.455432+00:00
us6000jlt0,KRTS,63.42,4.5,2023-02-06 16:10:43.265000+00:00,usgs,ok,data/processed/waveforms/us6000jlt0_KRTS.mseed,2026-09-12T12:32:22.046620+00:00
us6000jlt0,CEYT,100.58,4.5,2023-02-06 16:10:43.265000+00:00,usgs,ok,data/processed/waveforms/us6000jlt0_CEYT.mseed,2026-09-12T12:32:22.705509+00:00
us6000jlt5,KMRS,52.7,4.6,2023-02-06 16:26:15.464000+00:00,usgs,ok,data/processed/waveforms/us6000jlt5_KMRS.mseed,2026-09-12T12:32:23.324645+00:00
us6000jlt5,SARI,63.23,4.6,2023-02-06 16:26:15.464000+00:00,usgs,ok,data/processed/waveforms/us6000jlt5_SARI.mseed,2026-09-12T12:32:24.629430+00:00
us6000jlt5,KHMN,69.53,4.6,2023-02-06 16:26:15.464000+00:00,usgs,ok,data/processed/waveforms/us6000jlt5_KHMN.mseed,2026-09-12T12:32:25.802084+00:00
us6000jlt5,DARE,82.95,4.6,2023-02-06 16:26:15.464000+00:00,usgs,ok,data/processed/waveforms/us6000jlt5_DARE.mseed,2026-09-12T12:32:26.400920+00:00
us6000jlt1,SARI,43.91,4.8,2023-02-06 16:26:39.507000+00:00,usgs,ok,data/processed/waveforms/us6000jlt1_SARI.mseed,2026-09-12T12:32:27.071818+00:00
us6000jlt1,KMRS,64.61,4.8,2023-02-06 16:26:39.507000+00:00,usgs,ok,data/processed/waveforms/us6000jlt1_KMRS.mseed,2026-09-12T12:32:27.729113+00:00
us6000jlt1,KHMN,87.14,4.8,2023-02-06 16:26:39.507000+00:00,usgs,ok,data/processed/waveforms/us6000jlt1_KHMN.mseed,2026-09-12T12:32:28.350510+00:00
us6000jlt1,KOZT,92.02,4.8,2023-02-06 16:26:39.507000+00:00,usgs,ok,data/processed/waveforms/us6000jlt1_KOZT.mseed,2026-09-12T12:32:29.021544+00:00
us6000jnwy,SARI,40.11,4.7,2023-02-06 16:27:19.276000+00:00,usgs,ok,data/processed/waveforms/us6000jnwy_SARI.mseed,2026-09-12T12:32:29.724136+00:00
us6000jnwy,KMRS,72.39,4.7,2023-02-06 16:27:19.276000+00:00,usgs,ok,data/processed/waveforms/us6000jnwy_KMRS.mseed,2026-09-12T12:32:30.417663+00:00
us6000jnwy,KOZT,82.79,4.7,2023-02-06 16:27:19.276000+00:00,usgs,ok,data/processed/waveforms/us6000jnwy_KOZT.mseed,2026-09-12T12:32:31.018723+00:00
us6000jnwy,KHMN,96.59,4.7,2023-02-06 16:27:19.276000+00:00,usgs,ok,data/processed/waveforms/us6000jnwy_KHMN.mseed,2026-09-12T12:32:31.624755+00:00
us6000jnu7,KMRS,8.75,4.7,2023-02-06 16:28:08.698000+00:00,usgs,ok,data/processed/waveforms/us6000jnu7_KMRS.mseed,2026-09-12T12:32:32.209731+00:00
us6000jnu7,KHMN,17.5,4.7,2023-02-06 16:28:08.698000+00:00,usgs,ok,data/processed/waveforms/us6000jnu7_KHMN.mseed,2026-09-12T12:32:32.797922+00:00
us6000jnu7,GAZ,38.17,4.7,2023-02-06 16:28:08.698000+00:00,usgs,ok,data/processed/waveforms/us6000jnu7_GAZ.mseed,2026-09-12T12:32:33.352127+00:00
us6000jnu7,KOZT,101.91,4.7,2023-02-06 16:28:08.698000+00:00,usgs,ok,data/processed/waveforms/us6000jnu7_KOZT.mseed,2026-09-12T12:32:33.991182+00:00
us6000jlt7,TAHT,41.52,4.9,2023-02-06 16:32:11.661000+00:00,usgs,no_data,,2026-09-12T12:32:34.624796+00:00
us6000jlt7,CEYT,76.0,4.9,2023-02-06 16:32:11.661000+00:00,usgs,ok,data/processed/waveforms/us6000jlt7_CEYT.mseed,2026-09-12T12:32:35.161007+00:00
us6000jlt7,GAZ,85.94,4.9,2023-02-06 16:32:11.661000+00:00,usgs,ok,data/processed/waveforms/us6000jlt7_GAZ.mseed,2026-09-12T12:32:35.765547+00:00
us6000jlt7,KRTD,95.53,4.9,2023-02-06 16:32:11.661000+00:00,usgs,no_data,,2026-09-12T12:32:36.359784+00:00
us6000jlta,KOZT,83.36,5.0,2023-02-06 16:43:28.541000+00:00,usgs,ok,data/processed/waveforms/us6000jlta_KOZT.mseed,2026-09-12T12:32:36.838979+00:00
us6000jlta,KHMN,88.62,5.0,2023-02-06 16:43:28.541000+00:00,usgs,ok,data/processed/waveforms/us6000jlta_KHMN.mseed,2026-09-12T12:32:37.542834+00:00
us6000jlth,DARE,62.55,4.5,2023-02-06 16:55:35.783000+00:00,usgs,ok,data/processed/waveforms/us6000jlth_DARE.mseed,2026-09-12T12:32:39.074188+00:00
us6000jlth,KMRS,71.9,4.5,2023-02-06 16:55:35.783000+00:00,usgs,ok,data/processed/waveforms/us6000jlth_KMRS.mseed,2026-09-12T12:32:40.367361+00:00
us6000jlth,KHMN,72.52,4.5,2023-02-06 16:55:35.783000+00:00,usgs,ok,data/processed/waveforms/us6000jlth_KHMN.mseed,2026-09-12T12:32:40.976700+00:00
us6000jlth,MALT,94.68,4.5,2023-02-06 16:55:35.783000+00:00,usgs,no_data,,2026-09-12T12:32:41.575433+00:00
us6000jlwh,SARI,42.17,4.5,2023-02-06 17:26:24.481000+00:00,usgs,ok,data/processed/waveforms/us6000jlwh_SARI.mseed,2026-09-12T12:32:42.098156+00:00
us6000jlwh,KMRS,67.83,4.5,2023-02-06 17:26:24.481000+00:00,usgs,ok,data/processed/waveforms/us6000jlwh_KMRS.mseed,2026-09-12T12:32:42.733578+00:00
us6000jlwh,DARE,86.57,4.5,2023-02-06 17:26:24.481000+00:00,usgs,ok,data/processed/waveforms/us6000jlwh_DARE.mseed,2026-09-12T12:32:43.329997+00:00
us6000jlwh,KHMN,88.31,4.5,2023-02-06 17:26:24.481000+00:00,usgs,ok,data/processed/waveforms/us6000jlwh_KHMN.mseed,2026-09-12T12:32:44.017143+00:00
us6000jly1,GAZ,42.75,4.5,2023-02-06 17:31:34.269000+00:00,usgs,ok,data/processed/waveforms/us6000jly1_GAZ.mseed,2026-09-12T12:32:44.726004+00:00
us6000jly1,KMRS,48.75,4.5,2023-02-06 17:31:34.269000+00:00,usgs,ok,data/processed/waveforms/us6000jly1_KMRS.mseed,2026-09-12T12:32:45.424022+00:00
us6000jly1,KHMN,50.03,4.5,2023-02-06 17:31:34.269000+00:00,usgs,ok,data/processed/waveforms/us6000jly1_KHMN.mseed,2026-09-12T12:32:46.076466+00:00
us6000jly1,CEYT,88.37,4.5,2023-02-06 17:31:34.269000+00:00,usgs,ok,data/processed/waveforms/us6000jly1_CEYT.mseed,2026-09-12T12:32:46.682896+00:00
us6000jm13,MALT,56.72,4.5,2023-02-06 17:46:49.824000+00:00,usgs,no_data,,2026-09-12T12:32:47.459543+00:00
us6000jm13,DARE,62.3,4.5,2023-02-06 17:46:49.824000+00:00,usgs,ok,data/processed/waveforms/us6000jm13_DARE.mseed,2026-09-12T12:32:47.977123+00:00
us6000jm13,KHMN,98.25,4.5,2023-02-06 17:46:49.824000+00:00,usgs,ok,data/processed/waveforms/us6000jm13_KHMN.mseed,2026-09-12T12:32:48.691539+00:00
us6000jm13,KMRS,105.09,4.5,2023-02-06 17:46:49.824000+00:00,usgs,ok,data/processed/waveforms/us6000jm13_KMRS.mseed,2026-09-12T12:32:49.268390+00:00
us6000jm1p,KOZT,77.71,5.2,2023-02-06 18:03:53.807000+00:00,usgs,ok,data/processed/waveforms/us6000jm1p_KOZT.mseed,2026-09-12T12:32:49.881930+00:00
us6000jm1p,KHMN,90.42,5.2,2023-02-06 18:03:53.807000+00:00,usgs,ok,data/processed/waveforms/us6000jm1p_KHMN.mseed,2026-09-12T12:32:50.682674+00:00
us6000jnuz,KMRS,43.29,4.5,2023-02-06 19:25:01.538000+00:00,usgs,ok,data/processed/waveforms/us6000jnuz_KMRS.mseed,2026-09-12T12:32:51.371500+00:00
us6000jnuz,SARI,65.55,4.5,2023-02-06 19:25:01.538000+00:00,usgs,ok,data/processed/waveforms/us6000jnuz_SARI.mseed,2026-09-12T12:32:52.077175+00:00
us6000jnuz,KHMN,66.99,4.5,2023-02-06 19:25:01.538000+00:00,usgs,ok,data/processed/waveforms/us6000jnuz_KHMN.mseed,2026-09-12T12:32:52.814101+00:00
us6000jnuz,KOZT,84.52,4.5,2023-02-06 19:25:01.538000+00:00,usgs,ok,data/processed/waveforms/us6000jnuz_KOZT.mseed,2026-09-12T12:32:54.085088+00:00
us6000jm29,SARI,42.58,4.8,2023-02-06 20:05:35.045000+00:00,usgs,ok,data/processed/waveforms/us6000jm29_SARI.mseed,2026-09-12T12:32:55.254101+00:00
us6000jm29,KOZT,74.86,4.8,2023-02-06 20:05:35.045000+00:00,usgs,ok,data/processed/waveforms/us6000jm29_KOZT.mseed,2026-09-12T12:32:56.052259+00:00
us6000jm29,KMRS,78.12,4.8,2023-02-06 20:05:35.045000+00:00,usgs,ok,data/processed/waveforms/us6000jm29_KMRS.mseed,2026-09-12T12:32:56.705298+00:00
us6000jm29,BNN,99.49,4.8,2023-02-06 20:05:35.045000+00:00,usgs,ok,data/processed/waveforms/us6000jm29_BNN.mseed,2026-09-12T12:32:57.399020+00:00
us6000jm2r,KMRS,33.06,5.3,2023-02-06 20:37:51.879000+00:00,usgs,ok,data/processed/waveforms/us6000jm2r_KMRS.mseed,2026-09-12T12:32:58.371699+00:00
us6000jm2r,KOZT,114.18,5.3,2023-02-06 20:37:51.879000+00:00,usgs,ok,data/processed/waveforms/us6000jm2r_KOZT.mseed,2026-09-12T12:32:59.043983+00:00
us6000jnut,MALT,38.43,4.9,2023-02-06 20:40:06.434000+00:00,usgs,no_data,,2026-09-12T12:32:59.642349+00:00
us6000jnut,DARE,55.96,4.9,2023-02-06 20:40:06.434000+00:00,usgs,ok,data/processed/waveforms/us6000jnut_DARE.mseed,2026-09-12T12:33:00.135589+00:00
us6000jnut,ARPRA,96.93,4.9,2023-02-06 20:40:06.434000+00:00,usgs,ok,data/processed/waveforms/us6000jnut_ARPRA.mseed,2026-09-12T12:33:00.821191+00:00
us6000jnut,SVRC,115.36,4.9,2023-02-06 20:40:06.434000+00:00,usgs,no_data,,2026-09-12T12:33:01.460356+00:00
us6000jm2t,SARI,46.7,4.8,2023-02-06 20:44:00.230000+00:00,usgs,ok,data/processed/waveforms/us6000jm2t_SARI.mseed,2026-09-12T12:33:02.003798+00:00
us6000jm2t,KMRS,62.18,4.8,2023-02-06 20:44:00.230000+00:00,usgs,ok,data/processed/waveforms/us6000jm2t_KMRS.mseed,2026-09-12T12:33:02.640885+00:00
us6000jm2t,KHMN,85.3,4.8,2023-02-06 20:44:00.230000+00:00,usgs,ok,data/processed/waveforms/us6000jm2t_KHMN.mseed,2026-09-12T12:33:03.280451+00:00
us6000jm2t,KOZT,88.26,4.8,2023-02-06 20:44:00.230000+00:00,usgs,ok,data/processed/waveforms/us6000jm2t_KOZT.mseed,2026-09-12T12:33:03.883575+00:00
us6000jm2v,MALT,19.17,4.8,2023-02-06 20:53:24.379000+00:00,usgs,no_data,,2026-09-12T12:33:04.523518+00:00
us6000jm2v,DARE,78.02,4.8,2023-02-06 20:53:24.379000+00:00,usgs,ok,data/processed/waveforms/us6000jm2v_DARE.mseed,2026-09-12T12:33:05.024625+00:00
us6000jm2v,SVRC,93.91,4.8,2023-02-06 20:53:24.379000+00:00,usgs,no_data,,2026-09-12T12:33:05.726213+00:00
us6000jm2v,ARPRA,98.38,4.8,2023-02-06 20:53:24.379000+00:00,usgs,ok,data/processed/waveforms/us6000jm2v_ARPRA.mseed,2026-09-12T12:33:06.280062+00:00
us6000jm2x,TAHT,49.24,4.5,2023-02-06 21:02:06.978000+00:00,usgs,no_data,,2026-09-12T12:33:06.869723+00:00
us6000jm2x,CEYT,72.38,4.5,2023-02-06 21:02:06.978000+00:00,usgs,ok,data/processed/waveforms/us6000jm2x_CEYT.mseed,2026-09-12T12:33:07.394229+00:00
us6000jm2x,GAZ,79.66,4.5,2023-02-06 21:02:06.978000+00:00,usgs,ok,data/processed/waveforms/us6000jm2x_GAZ.mseed,2026-09-12T12:33:08.094696+00:00
us6000jm2x,KMRS,92.42,4.5,2023-02-06 21:02:06.978000+00:00,usgs,ok,data/processed/waveforms/us6000jm2x_KMRS.mseed,2026-09-12T12:33:09.290145+00:00
us6000jm30,KMRS,63.73,4.9,2023-02-06 21:15:18.245000+00:00,usgs,ok,data/processed/waveforms/us6000jm30_KMRS.mseed,2026-09-12T12:33:10.285538+00:00
us6000jm30,SARI,65.44,4.9,2023-02-06 21:15:18.245000+00:00,usgs,ok,data/processed/waveforms/us6000jm30_SARI.mseed,2026-09-12T12:33:10.875296+00:00
us6000jm30,DARE,67.95,4.9,2023-02-06 21:15:18.245000+00:00,usgs,ok,data/processed/waveforms/us6000jm30_DARE.mseed,2026-09-12T12:33:11.528049+00:00
us6000jm30,KHMN,76.43,4.9,2023-02-06 21:15:18.245000+00:00,usgs,no_data,,2026-09-12T12:33:12.127587+00:00
us6000jm3c,SARI,44.29,4.7,2023-02-06 21:57:43.529000+00:00,usgs,ok,data/processed/waveforms/us6000jm3c_SARI.mseed,2026-09-12T12:33:12.739623+00:00
us6000jm3c,KMRS,64.32,4.7,2023-02-06 21:57:43.529000+00:00,usgs,ok,data/processed/waveforms/us6000jm3c_KMRS.mseed,2026-09-12T12:33:13.350325+00:00
us6000jm3c,KHMN,87.05,4.7,2023-02-06 21:57:43.529000+00:00,usgs,no_data,,2026-09-12T12:33:13.963279+00:00
us6000jm3c,KOZT,90.88,4.7,2023-02-06 21:57:43.529000+00:00,usgs,ok,data/processed/waveforms/us6000jm3c_KOZT.mseed,2026-09-12T12:33:14.546905+00:00
us6000jm3x,EREN,107.56,4.5,2023-02-06 23:29:14.993000+00:00,usgs,no_data,,2026-09-12T12:33:15.223756+00:00
us6000jm3x,KRTS,107.79,4.5,2023-02-06 23:29:14.993000+00:00,usgs,ok,data/processed/waveforms/us6000jm3x_KRTS.mseed,2026-09-12T12:33:15.724073+00:00
us6000jm3x,KRTD,110.16,4.5,2023-02-06 23:29:14.993000+00:00,usgs,no_data,,2026-09-12T12:33:16.456517+00:00
us6000jm3x,TAHT,113.51,4.5,2023-02-06 23:29:14.993000+00:00,usgs,no_data,,2026-09-12T12:33:16.957109+00:00
us6000jm55,TAHT,48.81,4.7,2023-02-07 02:47:37.074000+00:00,usgs,no_data,,2026-09-12T12:33:17.484332+00:00
us6000jm55,KRTD,86.3,4.7,2023-02-07 02:47:37.074000+00:00,usgs,no_data,,2026-09-12T12:33:18.040543+00:00
us6000jm55,KRTS,86.73,4.7,2023-02-07 02:47:37.074000+00:00,usgs,ok,data/processed/waveforms/us6000jm55_KRTS.mseed,2026-09-12T12:33:18.572659+00:00
us6000jm55,CEYT,117.9,4.7,2023-02-07 02:47:37.074000+00:00,usgs,ok,data/processed/waveforms/us6000jm55_CEYT.mseed,2026-09-12T12:33:19.777305+00:00
us6000jm5c,KHMN,72.27,4.8,2023-02-07 03:08:57.248000+00:00,usgs,ok,data/processed/waveforms/us6000jm5c_KHMN.mseed,2026-09-12T12:33:20.886718+00:00
us6000jm5c,DARE,74.03,4.8,2023-02-07 03:08:57.248000+00:00,usgs,ok,data/processed/waveforms/us6000jm5c_DARE.mseed,2026-09-12T12:33:22.203437+00:00
us6000jm5c,KMRS,79.41,4.8,2023-02-07 03:08:57.248000+00:00,usgs,ok,data/processed/waveforms/us6000jm5c_KMRS.mseed,2026-09-12T12:33:23.962370+00:00
us6000jm5c,MALT,81.73,4.8,2023-02-07 03:08:57.248000+00:00,usgs,no_data,,2026-09-12T12:33:25.545400+00:00
us6000jm5e,GAZ,80.29,5.5,2023-02-07 03:13:12.754000+00:00,usgs,ok,data/processed/waveforms/us6000jm5e_GAZ.mseed,2026-09-12T12:33:26.185938+00:00
us6000jm5e,MALT,86.33,5.5,2023-02-07 03:13:12.754000+00:00,usgs,no_data,,2026-09-12T12:33:27.447525+00:00
us6000jp3y,KHMN,30.89,4.6,2023-02-07 03:16:16.365000+00:00,usgs,ok,data/processed/waveforms/us6000jp3y_KHMN.mseed,2026-09-12T12:33:27.972008+00:00
us6000jp3y,KMRS,43.37,4.6,2023-02-07 03:16:16.365000+00:00,usgs,ok,data/processed/waveforms/us6000jp3y_KMRS.mseed,2026-09-12T12:33:28.571562+00:00
us6000jp3y,GAZ,50.73,4.6,2023-02-07 03:16:16.365000+00:00,usgs,ok,data/processed/waveforms/us6000jp3y_GAZ.mseed,2026-09-12T12:33:29.300479+00:00
us6000jp3y,DARE,107.42,4.6,2023-02-07 03:16:16.365000+00:00,usgs,ok,data/processed/waveforms/us6000jp3y_DARE.mseed,2026-09-12T12:33:29.938506+00:00
us6000jm69,SARI,41.6,4.5,2023-02-07 06:40:53.780000+00:00,usgs,ok,data/processed/waveforms/us6000jm69_SARI.mseed,2026-09-12T12:33:30.638759+00:00
us6000jm69,KMRS,70.32,4.5,2023-02-07 06:40:53.780000+00:00,usgs,ok,data/processed/waveforms/us6000jm69_KMRS.mseed,2026-09-12T12:33:32.018136+00:00
us6000jm69,KOZT,82.81,4.5,2023-02-07 06:40:53.780000+00:00,usgs,ok,data/processed/waveforms/us6000jm69_KOZT.mseed,2026-09-12T12:33:32.646239+00:00
us6000jm69,KHMN,94.46,4.5,2023-02-07 06:40:53.780000+00:00,usgs,no_data,,2026-09-12T12:33:33.824632+00:00
us6000jm6b,DARE,29.79,4.5,2023-02-07 06:48:51.697000+00:00,usgs,ok,data/processed/waveforms/us6000jm6b_DARE.mseed,2026-09-12T12:33:34.419807+00:00
us6000jm6b,MALT,73.85,4.5,2023-02-07 06:48:51.697000+00:00,usgs,no_data,,2026-09-12T12:33:35.216105+00:00
us6000jm6b,SARI,101.9,4.5,2023-02-07 06:48:51.697000+00:00,usgs,ok,data/processed/waveforms/us6000jm6b_SARI.mseed,2026-09-12T12:33:35.745505+00:00
us6000jm6b,KMRS,107.67,4.5,2023-02-07 06:48:51.697000+00:00,usgs,ok,data/processed/waveforms/us6000jm6b_KMRS.mseed,2026-09-12T12:33:36.441520+00:00
us6000jm6p,URFA,74.69,5.4,2023-02-07 07:11:15.008000+00:00,usgs,no_data,,2026-09-12T12:33:37.078555+00:00
us6000jm6p,PTK,110.03,5.4,2023-02-07 07:11:15.008000+00:00,usgs,no_data,,2026-09-12T12:33:38.091278+00:00
us6000jm7f,SVRC,75.82,5.3,2023-02-07 10:18:14.589000+00:00,usgs,no_data,,2026-09-12T12:33:38.845176+00:00
us6000jm7f,DARE,113.14,5.3,2023-02-07 10:18:14.589000+00:00,usgs,ok,data/processed/waveforms/us6000jm7f_DARE.mseed,2026-09-12T12:33:39.655741+00:00
us6000jm7h,MALT,20.59,4.6,2023-02-07 10:27:32.024000+00:00,usgs,no_data,,2026-09-12T12:33:40.496710+00:00
us6000jm7h,DARE,68.37,4.6,2023-02-07 10:27:32.024000+00:00,usgs,ok,data/processed/waveforms/us6000jm7h_DARE.mseed,2026-09-12T12:33:40.985777+00:00
us6000jm7h,ARPRA,88.38,4.6,2023-02-07 10:27:32.024000+00:00,usgs,ok,data/processed/waveforms/us6000jm7h_ARPRA.mseed,2026-09-12T12:33:41.697570+00:00
us6000jm7h,SVRC,97.52,4.6,2023-02-07 10:27:32.024000+00:00,usgs,no_data,,2026-09-12T12:33:42.899153+00:00
us6000jp45,TAHT,37.9,4.6,2023-02-07 10:37:17.535000+00:00,usgs,no_data,,2026-09-12T12:33:43.434980+00:00
us6000jp45,KRTD,72.81,4.6,2023-02-07 10:37:17.535000+00:00,usgs,no_data,,2026-09-12T12:33:44.041338+00:00
us6000jp45,KRTS,73.58,4.6,2023-02-07 10:37:17.535000+00:00,usgs,ok,data/processed/waveforms/us6000jp45_KRTS.mseed,2026-09-12T12:33:44.514441+00:00
us6000jp45,CEYT,103.21,4.6,2023-02-07 10:37:17.535000+00:00,usgs,ok,data/processed/waveforms/us6000jp45_CEYT.mseed,2026-09-12T12:33:45.235590+00:00
us6000jm7k,KMRS,45.18,4.5,2023-02-07 10:56:29.905000+00:00,usgs,ok,data/processed/waveforms/us6000jm7k_KMRS.mseed,2026-09-12T12:33:45.901162+00:00
us6000jm7k,SARI,63.53,4.5,2023-02-07 10:56:29.905000+00:00,usgs,ok,data/processed/waveforms/us6000jm7k_SARI.mseed,2026-09-12T12:33:46.524609+00:00
us6000jm7k,KHMN,68.64,4.5,2023-02-07 10:56:29.905000+00:00,usgs,no_data,,2026-09-12T12:33:47.542297+00:00
us6000jm7k,KOZT,85.55,4.5,2023-02-07 10:56:29.905000+00:00,usgs,ok,data/processed/waveforms/us6000jm7k_KOZT.mseed,2026-09-12T12:33:48.123989+00:00
us6000jm7q,MALT,17.9,4.5,2023-02-07 12:07:03.774000+00:00,usgs,no_data,,2026-09-12T12:33:48.742662+00:00
us6000jm7q,DARE,78.54,4.5,2023-02-07 12:07:03.774000+00:00,usgs,ok,data/processed/waveforms/us6000jm7q_DARE.mseed,2026-09-12T12:33:49.288536+00:00
us6000jm7q,SVRC,92.75,4.5,2023-02-07 12:07:03.774000+00:00,usgs,no_data,,2026-09-12T12:33:49.976885+00:00
us6000jm7q,ARPRA,97.59,4.5,2023-02-07 12:07:03.774000+00:00,usgs,ok,data/processed/waveforms/us6000jm7q_ARPRA.mseed,2026-09-12T12:33:50.491665+00:00
us6000jm84,TAHT,43.39,4.5,2023-02-07 13:36:41.353000+00:00,usgs,no_data,,2026-09-12T12:33:51.069669+00:00
us6000jm84,KRTD,67.14,4.5,2023-02-07 13:36:41.353000+00:00,usgs,no_data,,2026-09-12T12:33:51.558521+00:00
us6000jm84,KRTS,67.5,4.5,2023-02-07 13:36:41.353000+00:00,usgs,ok,data/processed/waveforms/us6000jm84_KRTS.mseed,2026-09-12T12:33:52.072100+00:00
us6000jm84,CEYT,101.79,4.5,2023-02-07 13:36:41.353000+00:00,usgs,ok,data/processed/waveforms/us6000jm84_CEYT.mseed,2026-09-12T12:33:52.824645+00:00
us6000jm95,KHMN,2.08,4.7,2023-02-07 15:31:28.295000+00:00,usgs,no_data,,2026-09-12T12:33:53.840829+00:00
us6000jm95,GAZ,23.37,4.7,2023-02-07 15:31:28.295000+00:00,usgs,ok,data/processed/waveforms/us6000jm95_GAZ.mseed,2026-09-12T12:33:54.990349+00:00
us6000jm95,KMRS,26.17,4.7,2023-02-07 15:31:28.295000+00:00,usgs,ok,data/processed/waveforms/us6000jm95_KMRS.mseed,2026-09-12T12:33:55.831936+00:00
us6000jm95,KOZT,116.98,4.7,2023-02-07 15:31:28.295000+00:00,usgs,ok,data/processed/waveforms/us6000jm95_KOZT.mseed,2026-09-12T12:33:56.702214+00:00
us6000jm96,KOZT,80.91,5.0,2023-02-07 15:48:54.123000+00:00,usgs,ok,data/processed/waveforms/us6000jm96_KOZT.mseed,2026-09-12T12:33:57.313731+00:00
us6000jm96,KHMN,89.82,5.0,2023-02-07 15:48:54.123000+00:00,usgs,no_data,,2026-09-12T12:33:58.087171+00:00
us6000jmat,KHMN,77.83,5.3,2023-02-07 18:09:59.860000+00:00,usgs,ok,data/processed/waveforms/us6000jmat_KHMN.mseed,2026-09-12T12:33:58.637120+00:00
us6000jmat,KOZT,84.98,5.3,2023-02-07 18:09:59.860000+00:00,usgs,ok,data/processed/waveforms/us6000jmat_KOZT.mseed,2026-09-12T12:33:59.231423+00:00
us6000jmbq,LICE,60.41,4.6,2023-02-07 19:54:23.826000+00:00,usgs,no_data,,2026-09-12T12:33:59.901911+00:00
us6000jmbq,PTK,60.56,4.6,2023-02-07 19:54:23.826000+00:00,usgs,no_data,,2026-09-12T12:34:00.422814+00:00
us6000jmbq,SVRC,62.57,4.6,2023-02-07 19:54:23.826000+00:00,usgs,no_data,,2026-09-12T12:34:00.899727+00:00
us6000jmbq,DYBB,72.18,4.6,2023-02-07 19:54:23.826000+00:00,usgs,ok,data/processed/waveforms/us6000jmbq_DYBB.mseed,2026-09-12T12:34:01.392232+00:00
us6000jmc7,KHMN,64.29,4.7,2023-02-07 21:21:25.723000+00:00,usgs,ok,data/processed/waveforms/us6000jmc7_KHMN.mseed,2026-09-12T12:34:02.524770+00:00
us6000jmc7,KMRS,68.4,4.7,2023-02-07 21:21:25.723000+00:00,usgs,ok,data/processed/waveforms/us6000jmc7_KMRS.mseed,2026-09-12T12:34:03.158236+00:00
us6000jmc7,DARE,74.2,4.7,2023-02-07 21:21:25.723000+00:00,usgs,ok,data/processed/waveforms/us6000jmc7_DARE.mseed,2026-09-12T12:34:03.797393+00:00
us6000jmc7,GAZ,85.2,4.7,2023-02-07 21:21:25.723000+00:00,usgs,ok,data/processed/waveforms/us6000jmc7_GAZ.mseed,2026-09-12T12:34:04.521083+00:00
us6000jmdw,TAHT,42.68,4.5,2023-02-07 23:13:02.009000+00:00,usgs,no_data,,2026-09-12T12:34:05.260437+00:00
us6000jmdw,KRTD,68.63,4.5,2023-02-07 23:13:02.009000+00:00,usgs,no_data,,2026-09-12T12:34:05.808110+00:00
us6000jmdw,KRTS,69.06,4.5,2023-02-07 23:13:02.009000+00:00,usgs,ok,data/processed/waveforms/us6000jmdw_KRTS.mseed,2026-09-12T12:34:06.309048+00:00
us6000jmdw,CEYT,102.58,4.5,2023-02-07 23:13:02.009000+00:00,usgs,ok,data/processed/waveforms/us6000jmdw_CEYT.mseed,2026-09-12T12:34:06.933031+00:00
us6000jmfn,TAHT,19.29,4.5,2023-02-08 06:09:00.273000+00:00,usgs,no_data,,2026-09-12T12:34:07.518577+00:00
us6000jmfn,KRTD,82.27,4.5,2023-02-08 06:09:00.273000+00:00,usgs,no_data,,2026-09-12T12:34:08.035960+00:00
us6000jmfn,KRTS,84.26,4.5,2023-02-08 06:09:00.273000+00:00,usgs,ok,data/processed/waveforms/us6000jmfn_KRTS.mseed,2026-09-12T12:34:08.883552+00:00
us6000jmfn,CEYT,98.38,4.5,2023-02-08 06:09:00.273000+00:00,usgs,ok,data/processed/waveforms/us6000jmfn_CEYT.mseed,2026-09-12T12:34:10.537359+00:00
us6000jmg1,KOZT,83.03,5.0,2023-02-08 07:48:31.978000+00:00,usgs,ok,data/processed/waveforms/us6000jmg1_KOZT.mseed,2026-09-12T12:34:11.773560+00:00
us6000jmg1,KHMN,89.76,5.0,2023-02-08 07:48:31.978000+00:00,usgs,ok,data/processed/waveforms/us6000jmg1_KHMN.mseed,2026-09-12T12:34:12.773465+00:00
us6000jmgf,MALT,78.9,5.4,2023-02-08 11:11:52.969000+00:00,usgs,no_data,,2026-09-12T12:34:14.069398+00:00
us6000jmgf,KMRS,82.28,5.4,2023-02-08 11:11:52.969000+00:00,usgs,ok,data/processed/waveforms/us6000jmgf_KMRS.mseed,2026-09-12T12:34:15.059850+00:00
us6000jmgg,DARE,71.53,4.5,2023-02-08 11:24:00.758000+00:00,usgs,ok,data/processed/waveforms/us6000jmgg_DARE.mseed,2026-09-12T12:34:17.272060+00:00
us6000jmgg,KHMN,72.92,4.5,2023-02-08 11:24:00.758000+00:00,usgs,ok,data/processed/waveforms/us6000jmgg_KHMN.mseed,2026-09-12T12:34:19.796662+00:00
us6000jmgg,KMRS,79.07,4.5,2023-02-08 11:24:00.758000+00:00,usgs,ok,data/processed/waveforms/us6000jmgg_KMRS.mseed,2026-09-12T12:34:21.294300+00:00
us6000jmgg,MALT,82.26,4.5,2023-02-08 11:24:00.758000+00:00,usgs,no_data,,2026-09-12T12:34:23.562780+00:00
us6000jmh3,KMRS,71.63,5.1,2023-02-08 14:20:24.960000+00:00,usgs,ok,data/processed/waveforms/us6000jmh3_KMRS.mseed,2026-09-12T12:34:25.250850+00:00
us6000jmh3,GAZ,93.73,5.1,2023-02-08 14:20:24.960000+00:00,usgs,ok,data/processed/waveforms/us6000jmh3_GAZ.mseed,2026-09-12T12:34:28.541968+00:00
us6000jmk0,SARI,40.81,4.5,2023-02-08 19:05:19.712000+00:00,usgs,ok,data/processed/waveforms/us6000jmk0_SARI.mseed,2026-09-12T12:34:31.924360+00:00
us6000jmk0,KMRS,68.27,4.5,2023-02-08 19:05:19.712000+00:00,usgs,ok,data/processed/waveforms/us6000jmk0_KMRS.mseed,2026-09-12T12:34:33.314771+00:00
us6000jmk0,KOZT,89.51,4.5,2023-02-08 19:05:19.712000+00:00,usgs,ok,data/processed/waveforms/us6000jmk0_KOZT.mseed,2026-09-12T12:34:34.131780+00:00
us6000jmk0,KHMN,91.38,4.5,2023-02-08 19:05:19.712000+00:00,usgs,ok,data/processed/waveforms/us6000jmk0_KHMN.mseed,2026-09-12T12:34:34.894569+00:00
us6000jmkh,MALT,29.41,4.5,2023-02-08 20:12:06.104000+00:00,usgs,no_data,,2026-09-12T12:34:35.646931+00:00
us6000jmkh,DARE,69.68,4.5,2023-02-08 20:12:06.104000+00:00,usgs,ok,data/processed/waveforms/us6000jmkh_DARE.mseed,2026-09-12T12:34:36.143470+00:00
us6000jmkh,ARPRA,101.27,4.5,2023-02-08 20:12:06.104000+00:00,usgs,ok,data/processed/waveforms/us6000jmkh_ARPRA.mseed,2026-09-12T12:34:36.860095+00:00
us6000jmkh,URFA,104.0,4.5,2023-02-08 20:12:06.104000+00:00,usgs,ok,data/processed/waveforms/us6000jmkh_URFA.mseed,2026-09-12T12:34:38.229343+00:00
us6000jmma,KHMN,73.45,4.5,2023-02-09 01:44:19.249000+00:00,usgs,ok,data/processed/waveforms/us6000jmma_KHMN.mseed,2026-09-12T12:34:39.812323+00:00
us6000jmma,MALT,78.6,4.5,2023-02-09 01:44:19.249000+00:00,usgs,no_data,,2026-09-12T12:34:41.632546+00:00
us6000jmma,DARE,79.14,4.5,2023-02-09 01:44:19.249000+00:00,usgs,ok,data/processed/waveforms/us6000jmma_DARE.mseed,2026-09-12T12:34:42.330220+00:00
us6000jmma,KMRS,82.89,4.5,2023-02-09 01:44:19.249000+00:00,usgs,ok,data/processed/waveforms/us6000jmma_KMRS.mseed,2026-09-12T12:34:43.766340+00:00
us6000jmnp,GAZ,54.09,4.6,2023-02-09 07:18:17.198000+00:00,usgs,ok,data/processed/waveforms/us6000jmnp_GAZ.mseed,2026-09-12T12:34:45.216850+00:00
us6000jmnp,KMRS,64.48,4.6,2023-02-09 07:18:17.198000+00:00,usgs,ok,data/processed/waveforms/us6000jmnp_KMRS.mseed,2026-09-12T12:34:46.583342+00:00
us6000jmnp,KHMN,65.05,4.6,2023-02-09 07:18:17.198000+00:00,usgs,ok,data/processed/waveforms/us6000jmnp_KHMN.mseed,2026-09-12T12:34:47.429113+00:00
us6000jmnp,TAHT,77.67,4.6,2023-02-09 07:18:17.198000+00:00,usgs,no_data,,2026-09-12T12:34:48.180111+00:00
us6000jn0h,MALT,27.22,4.7,2023-02-10 04:50:24.791000+00:00,usgs,no_data,,2026-09-12T12:34:48.758340+00:00
us6000jn0h,DARE,74.52,4.7,2023-02-10 04:50:24.791000+00:00,usgs,ok,data/processed/waveforms/us6000jn0h_DARE.mseed,2026-09-12T12:34:49.269678+00:00
us6000jn0h,URFA,99.49,4.7,2023-02-10 04:50:24.791000+00:00,usgs,ok,data/processed/waveforms/us6000jn0h_URFA.mseed,2026-09-12T12:34:50.503650+00:00
us6000jn0h,SVRC,101.6,4.7,2023-02-10 04:50:24.791000+00:00,usgs,no_data,,2026-09-12T12:34:51.899308+00:00
us6000jn4r,SARI,58.86,4.7,2023-02-10 17:00:51.366000+00:00,usgs,ok,data/processed/waveforms/us6000jn4r_SARI.mseed,2026-09-12T12:34:52.553991+00:00
us6000jn4r,KOZT,61.26,4.7,2023-02-10 17:00:51.366000+00:00,usgs,ok,data/processed/waveforms/us6000jn4r_KOZT.mseed,2026-09-12T12:34:54.572467+00:00
us6000jn4r,KMRS,67.82,4.7,2023-02-10 17:00:51.366000+00:00,usgs,ok,data/processed/waveforms/us6000jn4r_KMRS.mseed,2026-09-12T12:34:56.479534+00:00
us6000jn4r,KHMN,93.79,4.7,2023-02-10 17:00:51.366000+00:00,usgs,ok,data/processed/waveforms/us6000jn4r_KHMN.mseed,2026-09-12T12:34:57.918836+00:00
us6000jn97,SARI,40.56,4.6,2023-02-11 06:28:13.163000+00:00,usgs,ok,data/processed/waveforms/us6000jn97_SARI.mseed,2026-09-12T12:34:59.415963+00:00
us6000jn97,KMRS,68.0,4.6,2023-02-11 06:28:13.163000+00:00,usgs,ok,data/processed/waveforms/us6000jn97_KMRS.mseed,2026-09-12T12:35:00.849993+00:00
us6000jn97,KHMN,90.55,4.6,2023-02-11 06:28:13.163000+00:00,usgs,ok,data/processed/waveforms/us6000jn97_KHMN.mseed,2026-09-12T12:35:02.256588+00:00
us6000jn97,KOZT,92.71,4.6,2023-02-11 06:28:13.163000+00:00,usgs,ok,data/processed/waveforms/us6000jn97_KOZT.mseed,2026-09-12T12:35:03.577805+00:00
us6000jn9a,GAZ,26.19,4.6,2023-02-11 07:55:41.897000+00:00,usgs,ok,data/processed/waveforms/us6000jn9a_GAZ.mseed,2026-09-12T12:35:05.130490+00:00
us6000jn9a,KHMN,41.21,4.6,2023-02-11 07:55:41.897000+00:00,usgs,ok,data/processed/waveforms/us6000jn9a_KHMN.mseed,2026-09-12T12:35:06.670873+00:00
us6000jn9a,KMRS,50.11,4.6,2023-02-11 07:55:41.897000+00:00,usgs,ok,data/processed/waveforms/us6000jn9a_KMRS.mseed,2026-09-12T12:35:07.299975+00:00
us6000jn9a,TAHT,102.14,4.6,2023-02-11 07:55:41.897000+00:00,usgs,no_data,,2026-09-12T12:35:07.919544+00:00
us6000jnar,ARPRA,34.97,4.5,2023-02-11 13:09:59.585000+00:00,usgs,ok,data/processed/waveforms/us6000jnar_ARPRA.mseed,2026-09-12T12:35:08.658040+00:00
us6000jnar,DARE,60.14,4.5,2023-02-11 13:09:59.585000+00:00,usgs,ok,data/processed/waveforms/us6000jnar_DARE.mseed,2026-09-12T12:35:10.332473+00:00
us6000jnar,MALT,67.23,4.5,2023-02-11 13:09:59.585000+00:00,usgs,no_data,,2026-09-12T12:35:12.058485+00:00
us6000jnar,ILIC,79.04,4.5,2023-02-11 13:09:59.585000+00:00,usgs,no_data,,2026-09-12T12:35:12.557855+00:00
us6000jngk,MALT,66.41,5.0,2023-02-12 16:29:49.826000+00:00,usgs,no_data,,2026-09-12T12:35:13.110138+00:00
us6000jngk,ILIC,83.75,5.0,2023-02-12 16:29:49.826000+00:00,usgs,no_data,,2026-09-12T12:35:13.637464+00:00
us6000jnh1,KHMN,15.02,4.7,2023-02-12 18:33:14.268000+00:00,usgs,ok,data/processed/waveforms/us6000jnh1_KHMN.mseed,2026-09-12T12:35:14.155491+00:00
us6000jnh1,KMRS,20.4,4.7,2023-02-12 18:33:14.268000+00:00,usgs,ok,data/processed/waveforms/us6000jnh1_KMRS.mseed,2026-09-12T12:35:15.574516+00:00
us6000jnh1,GAZ,26.62,4.7,2023-02-12 18:33:14.268000+00:00,usgs,ok,data/processed/waveforms/us6000jnh1_GAZ.mseed,2026-09-12T12:35:17.031640+00:00
us6000jnh1,KOZT,104.66,4.7,2023-02-12 18:33:14.268000+00:00,usgs,ok,data/processed/waveforms/us6000jnh1_KOZT.mseed,2026-09-12T12:35:18.387496+00:00
us6000jnks,GAZ,61.31,4.5,2023-02-13 11:59:17.459000+00:00,usgs,ok,data/processed/waveforms/us6000jnks_GAZ.mseed,2026-09-12T12:35:19.649032+00:00
us6000jnks,TAHT,68.62,4.5,2023-02-13 11:59:17.459000+00:00,usgs,no_data,,2026-09-12T12:35:20.954334+00:00
us6000jnks,KMRS,73.7,4.5,2023-02-13 11:59:17.459000+00:00,usgs,ok,data/processed/waveforms/us6000jnks_KMRS.mseed,2026-09-12T12:35:21.572953+00:00
us6000jnks,KHMN,73.8,4.5,2023-02-13 11:59:17.459000+00:00,usgs,ok,data/processed/waveforms/us6000jnks_KHMN.mseed,2026-09-12T12:35:22.919392+00:00
us6000jnmc,SARI,44.71,4.6,2023-02-13 19:20:27.970000+00:00,usgs,ok,data/processed/waveforms/us6000jnmc_SARI.mseed,2026-09-12T12:35:25.174795+00:00
us6000jnmc,KMRS,69.48,4.6,2023-02-13 19:20:27.970000+00:00,usgs,ok,data/processed/waveforms/us6000jnmc_KMRS.mseed,2026-09-12T12:35:27.304048+00:00
us6000jnmc,KOZT,78.36,4.6,2023-02-13 19:20:27.970000+00:00,usgs,ok,data/processed/waveforms/us6000jnmc_KOZT.mseed,2026-09-12T12:35:28.130862+00:00
us6000jnmc,KHMN,94.14,4.6,2023-02-13 19:20:27.970000+00:00,usgs,ok,data/processed/waveforms/us6000jnmc_KHMN.mseed,2026-09-12T12:35:29.687873+00:00
us6000jnzr,DARE,4.61,4.5,2023-02-14 23:14:01.248000+00:00,usgs,ok,data/processed/waveforms/us6000jnzr_DARE.mseed,2026-09-12T12:35:30.329580+00:00
us6000jnzr,MALT,85.07,4.5,2023-02-14 23:14:01.248000+00:00,usgs,no_data,,2026-09-12T12:35:31.916720+00:00
us6000jnzr,SARI,94.38,4.5,2023-02-14 23:14:01.248000+00:00,usgs,ok,data/processed/waveforms/us6000jnzr_SARI.mseed,2026-09-12T12:35:32.409489+00:00
us6000jnzr,ARPRA,96.29,4.5,2023-02-14 23:14:01.248000+00:00,usgs,ok,data/processed/waveforms/us6000jnzr_ARPRA.mseed,2026-09-12T12:35:34.023533+00:00
us6000jpd5,TAHT,55.9,4.8,2023-02-16 11:16:23.677000+00:00,usgs,no_data,,2026-09-12T12:35:35.333318+00:00
us6000jpd5,KRTS,77.17,4.8,2023-02-16 11:16:23.677000+00:00,usgs,ok,data/processed/waveforms/us6000jpd5_KRTS.mseed,2026-09-12T12:35:35.963241+00:00
us6000jpd5,KRTD,77.4,4.8,2023-02-16 11:16:23.677000+00:00,usgs,no_data,,2026-09-12T12:35:37.412133+00:00
us6000jpd5,CEYT,115.36,4.8,2023-02-16 11:16:23.677000+00:00,usgs,ok,data/processed/waveforms/us6000jpd5_CEYT.mseed,2026-09-12T12:35:37.963226+00:00
us6000jpdx,DARE,51.59,4.6,2023-02-16 14:45:42.473000+00:00,usgs,ok,data/processed/waveforms/us6000jpdx_DARE.mseed,2026-09-12T12:35:40.115731+00:00
us6000jpdx,MALT,53.01,4.6,2023-02-16 14:45:42.473000+00:00,usgs,no_data,,2026-09-12T12:35:42.290407+00:00
us6000jpdx,KHMN,107.92,4.6,2023-02-16 14:45:42.473000+00:00,usgs,ok,data/processed/waveforms/us6000jpdx_KHMN.mseed,2026-09-12T12:35:42.872680+00:00
us6000jpdx,ARPRA,108.32,4.6,2023-02-16 14:45:42.473000+00:00,usgs,ok,data/processed/waveforms/us6000jpdx_ARPRA.mseed,2026-09-12T12:35:44.390920+00:00
us6000jpff,KRTS,58.04,5.2,2023-02-16 19:47:49.683000+00:00,usgs,ok,data/processed/waveforms/us6000jpff_KRTS.mseed,2026-09-12T12:35:45.815680+00:00
us6000jpff,CEYT,92.83,5.2,2023-02-16 19:47:49.683000+00:00,usgs,ok,data/processed/waveforms/us6000jpff_CEYT.mseed,2026-09-12T12:35:46.624019+00:00
us6000jphu,YEDI,44.09,4.6,2023-02-17 00:35:58.508000+00:00,usgs,no_data,,2026-09-12T12:35:47.374894+00:00
us6000jphu,BNGB,50.56,4.6,2023-02-17 00:35:58.508000+00:00,usgs,no_data,,2026-09-12T12:35:47.921369+00:00
us6000jphu,ERZN,57.81,4.6,2023-02-17 00:35:58.508000+00:00,usgs,ok,data/processed/waveforms/us6000jphu_ERZN.mseed,2026-09-12T12:35:48.820286+00:00
us6000jphu,PTK,73.03,4.6,2023-02-17 00:35:58.508000+00:00,usgs,no_data,,2026-09-12T12:35:50.627661+00:00
us6000jpy6,DAT,210.77,4.7,2023-02-18 17:32:57.375000+00:00,usgs,ok,data/processed/waveforms/us6000jpy6_DAT.mseed,2026-09-12T12:35:51.164355+00:00
us6000jpy6,BODT,211.63,4.7,2023-02-18 17:32:57.375000+00:00,usgs,ok,data/processed/waveforms/us6000jpy6_BODT.mseed,2026-09-12T12:35:52.875457+00:00
us6000jpy6,YKAV,214.14,4.7,2023-02-18 17:32:57.375000+00:00,usgs,ok,data/processed/waveforms/us6000jpy6_YKAV.mseed,2026-09-12T12:35:55.119748+00:00
us6000jpy6,BODA,218.06,4.7,2023-02-18 17:32:57.375000+00:00,usgs,ok,data/processed/waveforms/us6000jpy6_BODA.mseed,2026-09-12T12:35:58.482965+00:00
us6000jpyq,KHMN,89.97,5.0,2023-02-18 19:31:31.742000+00:00,usgs,ok,data/processed/waveforms/us6000jpyq_KHMN.mseed,2026-09-12T12:36:00.296196+00:00
us6000jpyq,KOZT,94.43,5.0,2023-02-18 19:31:31.742000+00:00,usgs,ok,data/processed/waveforms/us6000jpyq_KOZT.mseed,2026-09-12T12:36:01.841357+00:00
us6000jq3c,MALT,22.32,4.6,2023-02-19 12:04:33.897000+00:00,usgs,no_data,,2026-09-12T12:36:03.307547+00:00
us6000jq3c,DARE,72.15,4.6,2023-02-19 12:04:33.897000+00:00,usgs,ok,data/processed/waveforms/us6000jq3c_DARE.mseed,2026-09-12T12:36:03.833501+00:00
us6000jq3c,ARPRA,96.16,4.6,2023-02-19 12:04:33.897000+00:00,usgs,ok,data/processed/waveforms/us6000jq3c_ARPRA.mseed,2026-09-12T12:36:05.228555+00:00
us6000jq3c,SVRC,98.5,4.6,2023-02-19 12:04:33.897000+00:00,usgs,ok,data/processed/waveforms/us6000jq3c_SVRC.mseed,2026-09-12T12:36:06.505458+00:00
us6000jq73,PTK,53.22,4.7,2023-02-20 00:37:30.258000+00:00,usgs,no_data,,2026-09-12T12:36:07.672323+00:00
us6000jq73,SVRC,60.93,4.7,2023-02-20 00:37:30.258000+00:00,usgs,ok,data/processed/waveforms/us6000jq73_SVRC.mseed,2026-09-12T12:36:08.157110+00:00
us6000jq73,LICE,66.71,4.7,2023-02-20 00:37:30.258000+00:00,usgs,no_data,,2026-09-12T12:36:10.249893+00:00
us6000jq73,BNGB,76.43,4.7,2023-02-20 00:37:30.258000+00:00,usgs,no_data,,2026-09-12T12:36:11.544874+00:00
us6000jq74,PTK,55.99,4.5,2023-02-20 00:39:03.160000+00:00,usgs,no_data,,2026-09-12T12:36:12.217752+00:00
us6000jq74,LICE,63.19,4.5,2023-02-20 00:39:03.160000+00:00,usgs,no_data,,2026-09-12T12:36:12.754174+00:00
us6000jq74,SVRC,68.51,4.5,2023-02-20 00:39:03.160000+00:00,usgs,ok,data/processed/waveforms/us6000jq74_SVRC.mseed,2026-09-12T12:36:13.329656+00:00
us6000jq74,BNGB,68.84,4.5,2023-02-20 00:39:03.160000+00:00,usgs,no_data,,2026-09-12T12:36:13.992125+00:00
us6000jqcn,KRTS,74.03,6.3,2023-02-20 17:04:29.747000+00:00,usgs,ok,data/processed/waveforms/us6000jqcn_KRTS.mseed,2026-09-12T12:36:14.503964+00:00
us6000jqcn,CEYT,97.59,6.3,2023-02-20 17:04:29.747000+00:00,usgs,ok,data/processed/waveforms/us6000jqcn_CEYT.mseed,2026-09-12T12:36:15.845420+00:00
us6000jqjc,KRTS,68.08,5.5,2023-02-20 17:07:35.934000+00:00,usgs,ok,data/processed/waveforms/us6000jqjc_KRTS.mseed,2026-09-12T12:36:16.927258+00:00
us6000jqjc,CEYT,96.15,5.5,2023-02-20 17:07:35.934000+00:00,usgs,ok,data/processed/waveforms/us6000jqjc_CEYT.mseed,2026-09-12T12:36:17.572318+00:00
us7000jga3,TAHT,15.49,4.6,2023-02-20 17:13:18.998000+00:00,usgs,no_data,,2026-09-12T12:36:18.270857+00:00
us7000jga3,KRTD,69.72,4.6,2023-02-20 17:13:18.998000+00:00,usgs,no_data,,2026-09-12T12:36:18.838380+00:00
us7000jga3,KRTS,71.75,4.6,2023-02-20 17:13:18.998000+00:00,usgs,ok,data/processed/waveforms/us7000jga3_KRTS.mseed,2026-09-12T12:36:19.332859+00:00
us7000jga3,CEYT,88.0,4.6,2023-02-20 17:13:18.998000+00:00,usgs,ok,data/processed/waveforms/us7000jga3_CEYT.mseed,2026-09-12T12:36:19.956198+00:00
us6000jr1t,TAHT,36.13,4.9,2023-02-23 15:53:47.547000+00:00,usgs,ok,data/processed/waveforms/us6000jr1t_TAHT.mseed,2026-09-12T12:36:20.569283+00:00
us6000jr1t,KRTD,85.06,4.9,2023-02-23 15:53:47.547000+00:00,usgs,no_data,,2026-09-12T12:36:21.473517+00:00
us6000jr1t,KRTS,86.19,4.9,2023-02-23 15:53:47.547000+00:00,usgs,ok,data/processed/waveforms/us6000jr1t_KRTS.mseed,2026-09-12T12:36:22.216262+00:00
us6000jr1t,CEYT,110.27,4.9,2023-02-23 15:53:47.547000+00:00,usgs,ok,data/processed/waveforms/us6000jr1t_CEYT.mseed,2026-09-12T12:36:23.877119+00:00
us6000jral,YESY,30.38,4.5,2023-02-24 14:02:00.044000+00:00,usgs,ok,data/processed/waveforms/us6000jral_YESY.mseed,2026-09-12T12:36:25.667276+00:00
us6000jral,GULA,46.48,4.5,2023-02-24 14:02:00.044000+00:00,usgs,ok,data/processed/waveforms/us6000jral_GULA.mseed,2026-09-12T12:36:27.385913+00:00
us6000jral,SULT,48.52,4.5,2023-02-24 14:02:00.044000+00:00,usgs,ok,data/processed/waveforms/us6000jral_SULT.mseed,2026-09-12T12:36:28.802331+00:00
us6000jral,NIG,56.63,4.5,2023-02-24 14:02:00.044000+00:00,usgs,no_data,,2026-09-12T12:36:30.166529+00:00
us6000jrdc,DARE,28.62,4.6,2023-02-24 17:20:00.554000+00:00,usgs,ok,data/processed/waveforms/us6000jrdc_DARE.mseed,2026-09-12T12:36:30.716510+00:00
us6000jrdc,SARI,87.67,4.6,2023-02-24 17:20:00.554000+00:00,usgs,ok,data/processed/waveforms/us6000jrdc_SARI.mseed,2026-09-12T12:36:32.212965+00:00
us6000jrdc,ARPRA,95.63,4.6,2023-02-24 17:20:00.554000+00:00,usgs,ok,data/processed/waveforms/us6000jrdc_ARPRA.mseed,2026-09-12T12:36:33.817167+00:00
us6000jrdc,TUNC,102.96,4.6,2023-02-24 17:20:00.554000+00:00,usgs,ok,data/processed/waveforms/us6000jrdc_TUNC.mseed,2026-09-12T12:36:35.068771+00:00
us6000jrej,MALT,35.15,4.5,2023-02-24 20:25:30.019000+00:00,usgs,no_data,,2026-09-12T12:36:36.339037+00:00
us6000jrej,SVRC,60.43,4.5,2023-02-24 20:25:30.019000+00:00,usgs,ok,data/processed/waveforms/us6000jrej_SVRC.mseed,2026-09-12T12:36:36.914782+00:00
us6000jrej,URFA,73.14,4.5,2023-02-24 20:25:30.019000+00:00,usgs,ok,data/processed/waveforms/us6000jrej_URFA.mseed,2026-09-12T12:36:38.359379+00:00
us6000jrej,PTK,106.55,4.5,2023-02-24 20:25:30.019000+00:00,usgs,no_data,,2026-09-12T12:36:40.833074+00:00
us6000jriw,SULT,47.95,5.2,2023-02-25 10:27:10.918000+00:00,usgs,ok,data/processed/waveforms/us6000jriw_SULT.mseed,2026-09-12T12:36:41.816516+00:00
us6000jriw,NIG,56.7,5.2,2023-02-25 10:27:10.918000+00:00,usgs,no_data,,2026-09-12T12:36:43.382452+00:00
us6000jrn1,TAHT,39.04,4.5,2023-02-26 02:26:31.012000+00:00,usgs,ok,data/processed/waveforms/us6000jrn1_TAHT.mseed,2026-09-12T12:36:44.033052+00:00
us6000jrn1,KRTD,80.36,4.5,2023-02-26 02:26:31.012000+00:00,usgs,no_data,,2026-09-12T12:36:45.435927+00:00
us6000jrn1,KRTS,81.21,4.5,2023-02-26 02:26:31.012000+00:00,usgs,ok,data/processed/waveforms/us6000jrn1_KRTS.mseed,2026-09-12T12:36:45.987553+00:00
us6000jrn1,CEYT,109.0,4.5,2023-02-26 02:26:31.012000+00:00,usgs,ok,data/processed/waveforms/us6000jrn1_CEYT.mseed,2026-09-12T12:36:47.348697+00:00
us6000jrtz,KHMN,65.39,4.7,2023-02-27 02:51:21.400000+00:00,usgs,ok,data/processed/waveforms/us6000jrtz_KHMN.mseed,2026-09-12T12:36:48.637793+00:00
us6000jrtz,KMRS,72.59,4.7,2023-02-27 02:51:21.400000+00:00,usgs,ok,data/processed/waveforms/us6000jrtz_KMRS.mseed,2026-09-12T12:36:50.753972+00:00
us6000jrtz,DARE,78.24,4.7,2023-02-27 02:51:21.400000+00:00,usgs,no_data,,2026-09-12T12:36:51.636304+00:00
us6000jrtz,GAZ,84.61,4.7,2023-02-27 02:51:21.400000+00:00,usgs,ok,data/processed/waveforms/us6000jrtz_GAZ.mseed,2026-09-12T12:36:52.910675+00:00
us6000jrw4,SVRC,91.59,5.2,2023-02-27 09:04:51.865000+00:00,usgs,ok,data/processed/waveforms/us6000jrw4_SVRC.mseed,2026-09-12T12:36:54.341277+00:00
us6000jrw4,ARPRA,97.82,5.2,2023-02-27 09:04:51.865000+00:00,usgs,ok,data/processed/waveforms/us6000jrw4_ARPRA.mseed,2026-09-12T12:36:56.133930+00:00
us7000jgic,TAHT,11.03,4.7,2023-03-01 07:20:23.043000+00:00,usgs,ok,data/processed/waveforms/us7000jgic_TAHT.mseed,2026-09-12T12:36:57.412966+00:00
us7000jgic,KRTD,68.78,4.7,2023-03-01 07:20:23.043000+00:00,usgs,no_data,,2026-09-12T12:36:58.944486+00:00
us7000jgic,KRTS,71.06,4.7,2023-03-01 07:20:23.043000+00:00,usgs,ok,data/processed/waveforms/us7000jgic_KRTS.mseed,2026-09-12T12:36:59.508418+00:00
us7000jgic,CEYT,84.25,4.7,2023-03-01 07:20:23.043000+00:00,usgs,ok,data/processed/waveforms/us7000jgic_CEYT.mseed,2026-09-12T12:37:00.808658+00:00
us7000jgyv,SARI,67.78,5.0,2023-03-03 02:53:43.065000+00:00,usgs,ok,data/processed/waveforms/us7000jgyv_SARI.mseed,2026-09-12T12:37:02.172135+00:00
us7000jgyv,KOZT,86.73,5.0,2023-03-03 02:53:43.065000+00:00,usgs,ok,data/processed/waveforms/us7000jgyv_KOZT.mseed,2026-09-12T12:37:03.535558+00:00
us7000jhi7,TAHT,45.72,4.8,2023-03-05 20:49:46.490000+00:00,usgs,ok,data/processed/waveforms/us7000jhi7_TAHT.mseed,2026-09-12T12:37:04.803442+00:00
us7000jhi7,CEYT,46.1,4.8,2023-03-05 20:49:46.490000+00:00,usgs,ok,data/processed/waveforms/us7000jhi7_CEYT.mseed,2026-09-12T12:37:06.401616+00:00
us7000jhi7,KRTD,71.81,4.8,2023-03-05 20:49:46.490000+00:00,usgs,no_data,,2026-09-12T12:37:08.163652+00:00
us7000jhi7,KRTS,75.97,4.8,2023-03-05 20:49:46.490000+00:00,usgs,ok,data/processed/waveforms/us7000jhi7_KRTS.mseed,2026-09-12T12:37:09.141126+00:00
us7000jhvn,BNN,55.13,4.7,2023-03-07 11:47:27.545000+00:00,usgs,ok,data/processed/waveforms/us7000jhvn_BNN.mseed,2026-09-12T12:37:11.270839+00:00
us7000jhvn,KOZK,72.87,4.7,2023-03-07 11:47:27.545000+00:00,usgs,ok,data/processed/waveforms/us7000jhvn_KOZK.mseed,2026-09-12T12:37:12.922984+00:00
us7000jhvn,NIG,82.27,4.7,2023-03-07 11:47:27.545000+00:00,usgs,no_data,,2026-09-12T12:37:15.169222+00:00
us7000jhvn,GULA,96.07,4.7,2023-03-07 11:47:27.545000+00:00,usgs,ok,data/processed/waveforms/us7000jhvn_GULA.mseed,2026-09-12T12:37:15.779993+00:00
us7000jiph,BNN,46.44,4.8,2023-03-10 02:28:15.208000+00:00,usgs,ok,data/processed/waveforms/us7000jiph_BNN.mseed,2026-09-12T12:37:17.347355+00:00
us7000jiph,KOZK,70.67,4.8,2023-03-10 02:28:15.208000+00:00,usgs,ok,data/processed/waveforms/us7000jiph_KOZK.mseed,2026-09-12T12:37:19.245770+00:00
us7000jiph,NIG,91.63,4.8,2023-03-10 02:28:15.208000+00:00,usgs,no_data,,2026-09-12T12:37:21.443492+00:00
us7000jiph,SARI,98.31,4.8,2023-03-10 02:28:15.208000+00:00,usgs,ok,data/processed/waveforms/us7000jiph_SARI.mseed,2026-09-12T12:37:22.171746+00:00
us7000jjft,MALT,31.57,4.6,2023-03-13 01:34:30.468000+00:00,usgs,no_data,,2026-09-12T12:37:23.727286+00:00
us7000jjft,SVRC,60.97,4.6,2023-03-13 01:34:30.468000+00:00,usgs,ok,data/processed/waveforms/us7000jjft_SVRC.mseed,2026-09-12T12:37:24.816497+00:00
us7000jjft,URFA,76.25,4.6,2023-03-13 01:34:30.468000+00:00,usgs,ok,data/processed/waveforms/us7000jjft_URFA.mseed,2026-09-12T12:37:27.356916+00:00
us7000jjft,PTK,105.49,4.6,2023-03-13 01:34:30.468000+00:00,usgs,no_data,,2026-09-12T12:37:28.865689+00:00
us7000jjrw,SARI,60.13,4.6,2023-03-14 06:47:34.436000+00:00,usgs,ok,data/processed/waveforms/us7000jjrw_SARI.mseed,2026-09-12T12:37:29.377165+00:00
us7000jjrw,KMRS,62.39,4.6,2023-03-14 06:47:34.436000+00:00,usgs,ok,data/processed/waveforms/us7000jjrw_KMRS.mseed,2026-09-12T12:37:31.411425+00:00
us7000jjrw,DARE,72.51,4.6,2023-03-14 06:47:34.436000+00:00,usgs,ok,data/processed/waveforms/us7000jjrw_DARE.mseed,2026-09-12T12:37:33.244473+00:00
us7000jjrw,KHMN,77.31,4.6,2023-03-14 06:47:34.436000+00:00,usgs,ok,data/processed/waveforms/us7000jjrw_KHMN.mseed,2026-09-12T12:37:34.923723+00:00
us7000jjv5,KHMN,48.8,4.6,2023-03-14 14:49:49.524000+00:00,usgs,ok,data/processed/waveforms/us7000jjv5_KHMN.mseed,2026-09-12T12:37:36.612896+00:00
us7000jjv5,KMRS,53.27,4.6,2023-03-14 14:49:49.524000+00:00,usgs,ok,data/processed/waveforms/us7000jjv5_KMRS.mseed,2026-09-12T12:37:37.512445+00:00
us7000jjv5,GAZ,70.51,4.6,2023-03-14 14:49:49.524000+00:00,usgs,ok,data/processed/waveforms/us7000jjv5_GAZ.mseed,2026-09-12T12:37:38.478459+00:00
us7000jjv5,DARE,87.26,4.6,2023-03-14 14:49:49.524000+00:00,usgs,ok,data/processed/waveforms/us7000jjv5_DARE.mseed,2026-09-12T12:37:40.906135+00:00
us7000jkeb,RUZG,24.59,4.8,2023-03-16 10:55:07.845000+00:00,usgs,ok,data/processed/waveforms/us7000jkeb_RUZG.mseed,2026-09-12T12:37:42.347316+00:00
us7000jkeb,MDUB,39.73,4.8,2023-03-16 10:55:07.845000+00:00,usgs,ok,data/processed/waveforms/us7000jkeb_MDUB.mseed,2026-09-12T12:37:43.321940+00:00
us7000jkeb,YUVA,42.15,4.8,2023-03-16 10:55:07.845000+00:00,usgs,ok,data/processed/waveforms/us7000jkeb_YUVA.mseed,2026-09-12T12:37:44.778883+00:00
us7000jkeb,UVEZ,53.53,4.8,2023-03-16 10:55:07.845000+00:00,usgs,ok,data/processed/waveforms/us7000jkeb_UVEZ.mseed,2026-09-12T12:37:47.618465+00:00
us7000jkel,ERCV,160.62,5.2,2023-03-16 11:47:14.816000+00:00,usgs,no_data,,2026-09-12T12:37:49.148460+00:00
us7000jkel,TASB,179.51,5.2,2023-03-16 11:47:14.816000+00:00,usgs,ok,data/processed/waveforms/us7000jkel_TASB.mseed,2026-09-12T12:37:50.416640+00:00
us7000jl0z,SARI,43.92,4.6,2023-03-18 05:14:29.880000+00:00,usgs,ok,data/processed/waveforms/us7000jl0z_SARI.mseed,2026-09-12T12:37:51.889302+00:00
us7000jl0z,KMRS,69.38,4.6,2023-03-18 05:14:29.880000+00:00,usgs,ok,data/processed/waveforms/us7000jl0z_KMRS.mseed,2026-09-12T12:37:53.846016+00:00
us7000jl0z,KOZT,79.79,4.6,2023-03-18 05:14:29.880000+00:00,usgs,ok,data/processed/waveforms/us7000jl0z_KOZT.mseed,2026-09-12T12:37:56.346544+00:00
us7000jl0z,KHMN,93.88,4.6,2023-03-18 05:14:29.880000+00:00,usgs,ok,data/processed/waveforms/us7000jl0z_KHMN.mseed,2026-09-12T12:37:57.867386+00:00
us7000jm54,KOZT,79.27,5.3,2023-03-23 09:19:53.459000+00:00,usgs,ok,data/processed/waveforms/us7000jm54_KOZT.mseed,2026-09-12T12:37:59.565918+00:00
us7000jm54,KHMN,94.17,5.3,2023-03-23 09:19:53.459000+00:00,usgs,ok,data/processed/waveforms/us7000jm54_KHMN.mseed,2026-09-12T12:38:00.753674+00:00
us7000jmay,SARI,49.96,4.6,2023-03-24 00:39:53.695000+00:00,usgs,ok,data/processed/waveforms/us7000jmay_SARI.mseed,2026-09-12T12:38:02.585734+00:00
us7000jmay,KMRS,68.26,4.6,2023-03-24 00:39:53.695000+00:00,usgs,ok,data/processed/waveforms/us7000jmay_KMRS.mseed,2026-09-12T12:38:04.021509+00:00
us7000jmay,KOZT,71.81,4.6,2023-03-24 00:39:53.695000+00:00,usgs,ok,data/processed/waveforms/us7000jmay_KOZT.mseed,2026-09-12T12:38:05.416749+00:00
us7000jmay,KHMN,93.56,4.6,2023-03-24 00:39:53.695000+00:00,usgs,ok,data/processed/waveforms/us7000jmay_KHMN.mseed,2026-09-12T12:38:06.952015+00:00
us7000jmbi,ERCV,145.12,5.6,2023-03-24 03:16:56.125000+00:00,usgs,ok,data/processed/waveforms/us7000jmbi_ERCV.mseed,2026-09-12T12:38:08.414805+00:00
us7000jmbi,AKDM,163.68,5.6,2023-03-24 03:16:56.125000+00:00,usgs,ok,data/processed/waveforms/us7000jmbi_AKDM.mseed,2026-09-12T12:38:10.331428+00:00
us7000jmme,KMRS,60.97,4.5,2023-03-25 04:39:34.155000+00:00,usgs,ok,data/processed/waveforms/us7000jmme_KMRS.mseed,2026-09-12T12:38:12.024887+00:00
us7000jmme,DARE,69.02,4.5,2023-03-25 04:39:34.155000+00:00,usgs,ok,data/processed/waveforms/us7000jmme_DARE.mseed,2026-09-12T12:38:13.606902+00:00
us7000jmme,SARI,70.58,4.5,2023-03-25 04:39:34.155000+00:00,usgs,ok,data/processed/waveforms/us7000jmme_SARI.mseed,2026-09-12T12:38:14.944196+00:00
us7000jmme,KHMN,72.34,4.5,2023-03-25 04:39:34.155000+00:00,usgs,ok,data/processed/waveforms/us7000jmme_KHMN.mseed,2026-09-12T12:38:16.527274+00:00
us6000k0ne,SARI,54.6,4.5,2023-03-29 16:47:02.108000+00:00,usgs,ok,data/processed/waveforms/us6000k0ne_SARI.mseed,2026-09-12T12:38:18.090098+00:00
us6000k0ne,KOZT,63.83,4.5,2023-03-29 16:47:02.108000+00:00,usgs,ok,data/processed/waveforms/us6000k0ne_KOZT.mseed,2026-09-12T12:38:19.784365+00:00
us6000k0ne,KMRS,71.93,4.5,2023-03-29 16:47:02.108000+00:00,usgs,ok,data/processed/waveforms/us6000k0ne_KMRS.mseed,2026-09-12T12:38:21.819160+00:00
us6000k0ne,KHMN,97.76,4.5,2023-03-29 16:47:02.108000+00:00,usgs,ok,data/processed/waveforms/us6000k0ne_KHMN.mseed,2026-09-12T12:38:23.639339+00:00
us6000k2m4,BNGB,22.76,4.5,2023-04-07 08:29:38.709000+00:00,usgs,ok,data/processed/waveforms/us6000k2m4_BNGB.mseed,2026-09-12T12:38:26.048786+00:00
us6000k2m4,YEDI,41.22,4.5,2023-04-07 08:29:38.709000+00:00,usgs,no_data,,2026-09-12T12:38:27.964443+00:00
us6000k2m4,KARO,58.6,4.5,2023-04-07 08:29:38.709000+00:00,usgs,ok,data/processed/waveforms/us6000k2m4_KARO.mseed,2026-09-12T12:38:28.537476+00:00
us6000k2m4,LICE,71.5,4.5,2023-04-07 08:29:38.709000+00:00,usgs,no_data,,2026-09-12T12:38:29.890483+00:00
us7000jw42,DAT,117.46,5.1,2023-04-26 20:00:34.782000+00:00,usgs,ok,data/processed/waveforms/us7000jw42_DAT.mseed,2026-09-12T12:38:30.435195+00:00
us7000jw42,BODA,119.98,5.1,2023-04-26 20:00:34.782000+00:00,usgs,ok,data/processed/waveforms/us7000jw42_BODA.mseed,2026-09-12T12:38:32.146865+00:00
us7000jwv7,SARI,34.0,4.6,2023-04-29 01:55:48.680000+00:00,usgs,ok,data/processed/waveforms/us7000jwv7_SARI.mseed,2026-09-12T12:38:33.915023+00:00
us7000jwv7,KMRS,77.23,4.6,2023-04-29 01:55:48.680000+00:00,usgs,ok,data/processed/waveforms/us7000jwv7_KMRS.mseed,2026-09-12T12:38:35.547057+00:00
us7000jwv7,KOZT,87.92,4.6,2023-04-29 01:55:48.680000+00:00,usgs,ok,data/processed/waveforms/us7000jwv7_KOZT.mseed,2026-09-12T12:38:36.991655+00:00
us7000jwv7,BNN,98.21,4.6,2023-04-29 01:55:48.680000+00:00,usgs,ok,data/processed/waveforms/us7000jwv7_BNN.mseed,2026-09-12T12:38:38.464619+00:00
us7000jxsv,SARI,41.08,4.9,2023-05-03 17:16:38.697000+00:00,usgs,ok,data/processed/waveforms/us7000jxsv_SARI.mseed,2026-09-12T12:38:40.620679+00:00
us7000jxsv,KMRS,67.75,4.9,2023-05-03 17:16:38.697000+00:00,usgs,ok,data/processed/waveforms/us7000jxsv_KMRS.mseed,2026-09-12T12:38:42.197349+00:00
us7000jxsv,KOZT,90.55,4.9,2023-05-03 17:16:38.697000+00:00,usgs,ok,data/processed/waveforms/us7000jxsv_KOZT.mseed,2026-09-12T12:38:43.268805+00:00
us7000jxsv,KHMN,90.67,4.9,2023-05-03 17:16:38.697000+00:00,usgs,ok,data/processed/waveforms/us7000jxsv_KHMN.mseed,2026-09-12T12:38:44.318045+00:00
us6000k9td,SARI,54.47,4.8,2023-05-05 14:52:29.643000+00:00,usgs,no_data,,2026-09-12T12:38:46.148659+00:00
us6000k9td,KOZT,66.3,4.8,2023-05-05 14:52:29.643000+00:00,usgs,no_data,,2026-09-12T12:38:47.408993+00:00
us6000k9td,KMRS,67.94,4.8,2023-05-05 14:52:29.643000+00:00,usgs,no_data,,2026-09-12T12:38:48.642073+00:00
us6000k9td,KHMN,93.64,4.8,2023-05-05 14:52:29.643000+00:00,usgs,no_data,,2026-09-12T12:38:49.878731+00:00
us6000ka6g,TAHT,3.75,4.7,2023-05-07 08:36:08.971000+00:00,usgs,ok,data/processed/waveforms/us6000ka6g_TAHT.mseed,2026-09-12T12:38:51.195874+00:00
us6000ka6g,KRTD,76.52,4.7,2023-05-07 08:36:08.971000+00:00,usgs,no_data,,2026-09-12T12:38:52.990007+00:00
us6000ka6g,KRTS,79.23,4.7,2023-05-07 08:36:08.971000+00:00,usgs,ok,data/processed/waveforms/us6000ka6g_KRTS.mseed,2026-09-12T12:38:53.794842+00:00
us6000ka6g,CEYT,84.15,4.7,2023-05-07 08:36:08.971000+00:00,usgs,ok,data/processed/waveforms/us6000ka6g_CEYT.mseed,2026-09-12T12:38:55.820811+00:00
us6000kagp,MALT,32.52,4.5,2023-05-08 20:20:34.789000+00:00,usgs,no_data,,2026-09-12T12:38:57.681178+00:00
us6000kagp,URFA,74.43,4.5,2023-05-08 20:20:34.789000+00:00,usgs,ok,data/processed/waveforms/us6000kagp_URFA.mseed,2026-09-12T12:38:58.291254+00:00
us6000kagp,SVRC,88.47,4.5,2023-05-08 20:20:34.789000+00:00,usgs,ok,data/processed/waveforms/us6000kagp_SVRC.mseed,2026-09-12T12:39:00.769279+00:00
us6000kagp,DARE,100.7,4.5,2023-05-08 20:20:34.789000+00:00,usgs,ok,data/processed/waveforms/us6000kagp_DARE.mseed,2026-09-12T12:39:03.222104+00:00
us6000kbcq,KOZT,57.89,4.5,2023-05-12 08:33:21.858000+00:00,usgs,ok,data/processed/waveforms/us6000kbcq_KOZT.mseed,2026-09-12T12:39:06.549765+00:00
us6000kbcq,SARI,60.63,4.5,2023-05-12 08:33:21.858000+00:00,usgs,ok,data/processed/waveforms/us6000kbcq_SARI.mseed,2026-09-12T12:39:10.937143+00:00
us6000kbcq,KMRS,70.5,4.5,2023-05-12 08:33:21.858000+00:00,usgs,ok,data/processed/waveforms/us6000kbcq_KMRS.mseed,2026-09-12T12:39:17.973354+00:00
us6000kbcq,KHMN,96.58,4.5,2023-05-12 08:33:21.858000+00:00,usgs,ok,data/processed/waveforms/us6000kbcq_KHMN.mseed,2026-09-12T12:39:27.276355+00:00
us6000kdm0,SARI,55.59,4.9,2023-05-21 12:46:13.460000+00:00,usgs,ok,data/processed/waveforms/us6000kdm0_SARI.mseed,2026-09-12T12:39:29.773581+00:00
us6000kdm0,KOZT,62.08,4.9,2023-05-21 12:46:13.460000+00:00,usgs,ok,data/processed/waveforms/us6000kdm0_KOZT.mseed,2026-09-12T12:39:31.436786+00:00
us6000kdm0,KMRS,73.38,4.9,2023-05-21 12:46:13.460000+00:00,usgs,ok,data/processed/waveforms/us6000kdm0_KMRS.mseed,2026-09-12T12:39:34.734117+00:00
us6000kdm0,KHMN,99.3,4.9,2023-05-21 12:46:13.460000+00:00,usgs,ok,data/processed/waveforms/us6000kdm0_KHMN.mseed,2026-09-12T12:39:37.233578+00:00
us7000k6ge,SARI,50.89,4.5,2023-06-05 16:40:47.905000+00:00,usgs,ok,data/processed/waveforms/us7000k6ge_SARI.mseed,2026-09-12T12:39:39.609009+00:00
us7000k6ge,KMRS,58.3,4.5,2023-06-05 16:40:47.905000+00:00,usgs,ok,data/processed/waveforms/us7000k6ge_KMRS.mseed,2026-09-12T12:39:41.973252+00:00
us7000k6ge,KHMN,81.81,4.5,2023-06-05 16:40:47.905000+00:00,usgs,ok,data/processed/waveforms/us7000k6ge_KHMN.mseed,2026-09-12T12:39:43.749780+00:00
us7000k6ge,KOZT,85.53,4.5,2023-06-05 16:40:47.905000+00:00,usgs,ok,data/processed/waveforms/us7000k6ge_KOZT.mseed,2026-09-12T12:39:46.008226+00:00
us7000k970,CLDR,116.32,4.5,2023-06-17 12:30:44.731000+00:00,usgs,ok,data/processed/waveforms/us7000k970_CLDR.mseed,2026-09-12T12:39:48.529429+00:00
us7000k970,VANB,133.67,4.5,2023-06-17 12:30:44.731000+00:00,usgs,ok,data/processed/waveforms/us7000k970_VANB.mseed,2026-09-12T12:39:50.584530+00:00
us7000k970,ERCV,151.96,4.5,2023-06-17 12:30:44.731000+00:00,usgs,ok,data/processed/waveforms/us7000k970_ERCV.mseed,2026-09-12T12:39:52.018994+00:00
us7000k970,AKDM,171.54,4.5,2023-06-17 12:30:44.731000+00:00,usgs,ok,data/processed/waveforms/us7000k970_AKDM.mseed,2026-09-12T12:39:53.753405+00:00
us7000ki5u,KMRS,84.28,5.5,2023-07-25 05:44:51.283000+00:00,usgs,ok,data/processed/waveforms/us7000ki5u_KMRS.mseed,2026-09-12T12:39:55.125582+00:00
us7000ki5u,CMRD,84.88,5.5,2023-07-25 05:44:51.283000+00:00,usgs,ok,data/processed/waveforms/us7000ki5u_CMRD.mseed,2026-09-12T12:39:56.279692+00:00
us6000kx2n,LADK,27.76,4.8,2023-08-01 15:06:52.523000+00:00,usgs,ok,data/processed/waveforms/us6000kx2n_LADK.mseed,2026-09-12T12:39:58.187808+00:00
us6000kx2n,KONT,29.46,4.8,2023-08-01 15:06:52.523000+00:00,usgs,ok,data/processed/waveforms/us6000kx2n_KONT.mseed,2026-09-12T12:40:00.020685+00:00
us6000kx2n,CHBY,58.85,4.8,2023-08-01 15:06:52.523000+00:00,usgs,ok,data/processed/waveforms/us6000kx2n_CHBY.mseed,2026-09-12T12:40:01.856397+00:00
us6000kx2n,SULT,76.82,4.8,2023-08-01 15:06:52.523000+00:00,usgs,ok,data/processed/waveforms/us6000kx2n_SULT.mseed,2026-09-12T12:40:04.450700+00:00
us6000kz22,ALAN,103.55,4.8,2023-08-10 13:16:06.518000+00:00,usgs,ok,data/processed/waveforms/us6000kz22_ALAN.mseed,2026-09-12T12:40:06.734332+00:00
us6000kz22,MNVG,111.61,4.8,2023-08-10 13:16:06.518000+00:00,usgs,ok,data/processed/waveforms/us6000kz22_MNVG.mseed,2026-09-12T12:40:08.360495+00:00
us6000kz22,KEMT,116.73,4.8,2023-08-10 13:16:06.518000+00:00,usgs,ok,data/processed/waveforms/us6000kz22_KEMT.mseed,2026-09-12T12:40:09.962859+00:00
us6000kz22,ANTB,139.39,4.8,2023-08-10 13:16:06.518000+00:00,usgs,ok,data/processed/waveforms/us6000kz22_ANTB.mseed,2026-09-12T12:40:11.702814+00:00
us6000kz45,ARPRA,92.63,5.2,2023-08-10 17:48:01.234000+00:00,usgs,ok,data/processed/waveforms/us6000kz45_ARPRA.mseed,2026-09-12T12:40:13.461665+00:00
us6000kz45,SVRC,97.17,5.2,2023-08-10 17:48:01.234000+00:00,usgs,ok,data/processed/waveforms/us6000kz45_SVRC.mseed,2026-09-12T12:40:15.012008+00:00
us6000kzjz,MALT,19.39,4.7,2023-08-12 13:39:16.290000+00:00,usgs,no_data,,2026-09-12T12:40:16.200415+00:00
us6000kzjz,DARE,70.52,4.7,2023-08-12 13:39:16.290000+00:00,usgs,ok,data/processed/waveforms/us6000kzjz_DARE.mseed,2026-09-12T12:40:16.863933+00:00
us6000kzjz,ARPRA,90.21,4.7,2023-08-12 13:39:16.290000+00:00,usgs,ok,data/processed/waveforms/us6000kzjz_ARPRA.mseed,2026-09-12T12:40:18.850643+00:00
us6000kzjz,SVRC,96.33,4.7,2023-08-12 13:39:16.290000+00:00,usgs,ok,data/processed/waveforms/us6000kzjz_SVRC.mseed,2026-09-12T12:40:20.745751+00:00
us7000knrn,CMRD,38.13,4.7,2023-08-16 14:36:59.603000+00:00,usgs,ok,data/processed/waveforms/us7000knrn_CMRD.mseed,2026-09-12T12:40:21.710048+00:00
us7000knrn,KOZT,39.72,4.7,2023-08-16 14:36:59.603000+00:00,usgs,no_data,,2026-09-12T12:40:24.471467+00:00
us7000knrn,KARA,52.98,4.7,2023-08-16 14:36:59.603000+00:00,usgs,no_data,,2026-09-12T12:40:25.463804+00:00
us7000knrn,CEYT,75.42,4.7,2023-08-16 14:36:59.603000+00:00,usgs,ok,data/processed/waveforms/us7000knrn_CEYT.mseed,2026-09-12T12:40:26.184974+00:00
us7000kq2s,SARI,21.13,4.7,2023-08-22 10:17:34.796000+00:00,usgs,ok,data/processed/waveforms/us7000kq2s_SARI.mseed,2026-09-12T12:40:28.029155+00:00
us7000kq2s,DARE,73.41,4.7,2023-08-22 10:17:34.796000+00:00,usgs,ok,data/processed/waveforms/us7000kq2s_DARE.mseed,2026-09-12T12:40:29.727292+00:00
us7000kq2s,BNN,84.55,4.7,2023-08-22 10:17:34.796000+00:00,usgs,ok,data/processed/waveforms/us7000kq2s_BNN.mseed,2026-09-12T12:40:31.382283+00:00
us7000kq2s,KMRS,104.81,4.7,2023-08-22 10:17:34.796000+00:00,usgs,ok,data/processed/waveforms/us7000kq2s_KMRS.mseed,2026-09-12T12:40:33.815694+00:00
us7000kqky,MALT,24.22,4.8,2023-08-24 05:35:24.510000+00:00,usgs,no_data,,2026-09-12T12:40:36.680090+00:00
us7000kqky,DARE,72.76,4.8,2023-08-24 05:35:24.510000+00:00,usgs,ok,data/processed/waveforms/us7000kqky_DARE.mseed,2026-09-12T12:40:37.543657+00:00
us7000kqky,ARPRA,98.81,4.8,2023-08-24 05:35:24.510000+00:00,usgs,ok,data/processed/waveforms/us7000kqky_ARPRA.mseed,2026-09-12T12:40:38.766297+00:00
us7000kqky,SVRC,99.83,4.8,2023-08-24 05:35:24.510000+00:00,usgs,ok,data/processed/waveforms/us7000kqky_SVRC.mseed,2026-09-12T12:40:41.021228+00:00
us7000krp7,DAT,214.58,4.5,2023-08-28 22:10:19.406000+00:00,usgs,ok,data/processed/waveforms/us7000krp7_DAT.mseed,2026-09-12T12:40:42.208410+00:00
us7000krp7,BODT,216.37,4.5,2023-08-28 22:10:19.406000+00:00,usgs,ok,data/processed/waveforms/us7000krp7_BODT.mseed,2026-09-12T12:40:43.773351+00:00
us7000krp7,YKAV,219.01,4.5,2023-08-28 22:10:19.406000+00:00,usgs,ok,data/processed/waveforms/us7000krp7_YKAV.mseed,2026-09-12T12:40:49.830066+00:00
us7000krp7,DATC,222.57,4.5,2023-08-28 22:10:19.406000+00:00,usgs,ok,data/processed/waveforms/us7000krp7_DATC.mseed,2026-09-12T12:40:52.150521+00:00
us7000krs4,KULU,10.19,4.8,2023-08-29 04:58:15.359000+00:00,usgs,ok,data/processed/waveforms/us7000krs4_KULU.mseed,2026-09-12T12:40:54.973174+00:00
us7000krs4,CHBY,42.87,4.8,2023-08-29 04:58:15.359000+00:00,usgs,ok,data/processed/waveforms/us7000krs4_CHBY.mseed,2026-09-12T12:40:56.441406+00:00
us7000krs4,AFSR,54.86,4.8,2023-08-29 04:58:15.359000+00:00,usgs,ok,data/processed/waveforms/us7000krs4_AFSR.mseed,2026-09-12T12:40:58.040276+00:00
us7000krs4,SERE,55.53,4.8,2023-08-29 04:58:15.359000+00:00,usgs,ok,data/processed/waveforms/us7000krs4_SERE.mseed,2026-09-12T12:41:00.636352+00:00
us7000kuw4,CUKT,263.84,4.7,2023-09-10 21:43:49.198000+00:00,usgs,ok,data/processed/waveforms/us7000kuw4_CUKT.mseed,2026-09-12T12:41:02.798951+00:00
us7000kuw4,SIRT,340.81,4.7,2023-09-10 21:43:49.198000+00:00,usgs,ok,data/processed/waveforms/us7000kuw4_SIRT.mseed,2026-09-12T12:41:06.167537+00:00
us7000kuw4,AKDM,396.07,4.7,2023-09-10 21:43:49.198000+00:00,usgs,ok,data/processed/waveforms/us7000kuw4_AKDM.mseed,2026-09-12T12:41:08.734000+00:00
us7000kxls,SARI,56.67,4.5,2023-09-23 08:22:21.869000+00:00,usgs,ok,data/processed/waveforms/us7000kxls_SARI.mseed,2026-09-12T12:41:10.507868+00:00
us7000kxls,KMRS,64.46,4.5,2023-09-23 08:22:21.869000+00:00,usgs,ok,data/processed/waveforms/us7000kxls_KMRS.mseed,2026-09-12T12:41:12.037054+00:00
us7000kxls,KOZT,66.18,4.5,2023-09-23 08:22:21.869000+00:00,usgs,ok,data/processed/waveforms/us7000kxls_KOZT.mseed,2026-09-12T12:41:13.666099+00:00
us7000kxls,KHMN,90.18,4.5,2023-09-23 08:22:21.869000+00:00,usgs,ok,data/processed/waveforms/us7000kxls_KHMN.mseed,2026-09-12T12:41:15.394727+00:00
us6000lf1y,ERCV,20.15,4.5,2023-10-12 11:04:04.453000+00:00,usgs,no_data,,2026-09-12T12:41:16.971727+00:00
us6000lf1y,VANB,40.11,4.5,2023-10-12 11:04:04.453000+00:00,usgs,no_data,,2026-09-12T12:41:18.508699+00:00
us6000lf1y,CLDR,49.89,4.5,2023-10-12 11:04:04.453000+00:00,usgs,ok,data/processed/waveforms/us6000lf1y_CLDR.mseed,2026-09-12T12:41:19.511453+00:00
us6000lf1y,AKDM,73.12,4.5,2023-10-12 11:04:04.453000+00:00,usgs,ok,data/processed/waveforms/us6000lf1y_AKDM.mseed,2026-09-12T12:41:21.368862+00:00
us6000lfk2,RUZG,21.24,4.6,2023-10-14 14:07:11.266000+00:00,usgs,ok,data/processed/waveforms/us6000lfk2_RUZG.mseed,2026-09-12T12:41:23.108275+00:00
us6000lfk2,GRDE,43.74,4.6,2023-10-14 14:07:11.266000+00:00,usgs,no_data,,2026-09-12T12:41:24.993490+00:00
us6000lfk2,KDZE,50.67,4.6,2023-10-14 14:07:11.266000+00:00,usgs,ok,data/processed/waveforms/us6000lfk2_KDZE.mseed,2026-09-12T12:41:25.660386+00:00
us6000lfk2,YUVA,57.13,4.6,2023-10-14 14:07:11.266000+00:00,usgs,ok,data/processed/waveforms/us6000lfk2_YUVA.mseed,2026-09-12T12:41:27.370677+00:00
us7000l8hp,DAT,146.14,4.5,2023-11-03 03:55:41.428000+00:00,usgs,ok,data/processed/waveforms/us7000l8hp_DAT.mseed,2026-09-12T12:41:30.061612+00:00
us7000l8hp,DATC,150.44,4.5,2023-11-03 03:55:41.428000+00:00,usgs,ok,data/processed/waveforms/us7000l8hp_DATC.mseed,2026-09-12T12:41:31.950998+00:00
us7000l8hp,BBRN,153.29,4.5,2023-11-03 03:55:41.428000+00:00,usgs,no_data,,2026-09-12T12:41:34.513883+00:00
us7000l8hp,MRSB,162.5,4.5,2023-11-03 03:55:41.428000+00:00,usgs,no_data,,2026-09-12T12:41:35.701159+00:00
us7000l9r5,TAHT,32.18,4.6,2023-11-09 02:32:14.592000+00:00,usgs,ok,data/processed/waveforms/us7000l9r5_TAHT.mseed,2026-09-12T12:41:36.651770+00:00
us7000l9r5,CEYT,75.29,4.6,2023-11-09 02:32:14.592000+00:00,usgs,ok,data/processed/waveforms/us7000l9r5_CEYT.mseed,2026-09-12T12:41:37.912901+00:00
us7000l9r5,KRTD,89.42,4.6,2023-11-09 02:32:14.592000+00:00,usgs,no_data,,2026-09-12T12:41:39.242644+00:00
us7000l9r5,KRTS,93.1,4.6,2023-11-09 02:32:14.592000+00:00,usgs,ok,data/processed/waveforms/us7000l9r5_KRTS.mseed,2026-09-12T12:41:39.763028+00:00
us6000lpk6,MALT,31.92,4.5,2023-11-20 07:36:05.347000+00:00,usgs,no_data,,2026-09-12T12:41:41.159675+00:00
us6000lpk6,SVRC,53.48,4.5,2023-11-20 07:36:05.347000+00:00,usgs,no_data,,2026-09-12T12:41:41.933324+00:00
us6000lpk6,URFA,82.12,4.5,2023-11-20 07:36:05.347000+00:00,usgs,no_data,,2026-09-12T12:41:42.642503+00:00
us6000lpk6,PTK,97.23,4.5,2023-11-20 07:36:05.347000+00:00,usgs,no_data,,2026-09-12T12:41:43.318448+00:00
us6000lq9s,URFA,75.34,5.3,2023-11-23 14:46:09.122000+00:00,usgs,ok,data/processed/waveforms/us6000lq9s_URFA.mseed,2026-09-12T12:41:43.919527+00:00
us6000lq9s,DARE,107.82,5.3,2023-11-23 14:46:09.122000+00:00,usgs,ok,data/processed/waveforms/us6000lq9s_DARE.mseed,2026-09-12T12:41:45.018008+00:00
us7000ledq,MALT,22.09,4.7,2023-11-23 14:49:57.542000+00:00,usgs,no_data,,2026-09-12T12:41:46.062314+00:00
us7000ledq,SVRC,68.43,4.7,2023-11-23 14:49:57.542000+00:00,usgs,ok,data/processed/waveforms/us7000ledq_SVRC.mseed,2026-09-12T12:41:46.575071+00:00
us7000ledq,URFA,82.05,4.7,2023-11-23 14:49:57.542000+00:00,usgs,ok,data/processed/waveforms/us7000ledq_URFA.mseed,2026-09-12T12:41:48.521547+00:00
us7000ledq,DARE,106.05,4.7,2023-11-23 14:49:57.542000+00:00,usgs,ok,data/processed/waveforms/us7000ledq_DARE.mseed,2026-09-12T12:41:50.357818+00:00
us7000leyu,DARE,26.93,4.5,2023-12-01 00:18:50.121000+00:00,usgs,ok,data/processed/waveforms/us7000leyu_DARE.mseed,2026-09-12T12:41:50.981387+00:00
us7000leyu,MALT,71.45,4.5,2023-12-01 00:18:50.121000+00:00,usgs,no_data,,2026-09-12T12:41:52.160330+00:00
us7000leyu,ARPRA,103.87,4.5,2023-12-01 00:18:50.121000+00:00,usgs,ok,data/processed/waveforms/us7000leyu_ARPRA.mseed,2026-09-12T12:41:52.674231+00:00
us7000leyu,SARI,104.05,4.5,2023-12-01 00:18:50.121000+00:00,usgs,ok,data/processed/waveforms/us7000leyu_SARI.mseed,2026-09-12T12:41:53.931536+00:00
us7000lg2l,ESKY,17.91,5.1,2023-12-04 07:42:20.496000+00:00,usgs,ok,data/processed/waveforms/us7000lg2l_ESKY.mseed,2026-09-12T12:41:55.277725+00:00
us7000lg2l,GEMT,28.86,5.1,2023-12-04 07:42:20.496000+00:00,usgs,no_data,,2026-09-12T12:41:56.591273+00:00
us7000lj55,TAHT,23.33,4.6,2023-12-14 22:32:58.929000+00:00,usgs,no_data,,2026-09-12T12:41:57.218162+00:00
us7000lj55,KRTD,72.83,4.6,2023-12-14 22:32:58.929000+00:00,usgs,no_data,,2026-09-12T12:41:57.856924+00:00
us7000lj55,KRTS,74.44,4.6,2023-12-14 22:32:58.929000+00:00,usgs,ok,data/processed/waveforms/us7000lj55_KRTS.mseed,2026-09-12T12:41:58.385122+00:00
us7000lj55,CEYT,95.13,4.6,2023-12-14 22:32:58.929000+00:00,usgs,ok,data/processed/waveforms/us7000lj55_CEYT.mseed,2026-09-12T12:42:00.107097+00:00
us6000m009,TOS,23.08,4.9,2023-12-27 13:04:12.459000+00:00,usgs,ok,data/processed/waveforms/us6000m009_TOS.mseed,2026-09-12T12:42:01.817460+00:00
us6000m009,KMON,33.72,4.9,2023-12-27 13:04:12.459000+00:00,usgs,ok,data/processed/waveforms/us6000m009_KMON.mseed,2026-09-12T12:42:04.330699+00:00
us6000m009,CANT,52.92,4.9,2023-12-27 13:04:12.459000+00:00,usgs,ok,data/processed/waveforms/us6000m009_CANT.mseed,2026-09-12T12:42:06.661290+00:00
us6000m009,YALI,72.92,4.9,2023-12-27 13:04:12.459000+00:00,usgs,no_data,,2026-09-12T12:42:08.994028+00:00
us6000m05l,MALT,33.31,4.6,2023-12-28 09:34:06.950000+00:00,usgs,no_data,,2026-09-12T12:42:09.689791+00:00
us6000m05l,DARE,66.06,4.6,2023-12-28 09:34:06.950000+00:00,usgs,ok,data/processed/waveforms/us6000m05l_DARE.mseed,2026-09-12T12:42:10.260930+00:00
us6000m05l,ARPRA,101.9,4.6,2023-12-28 09:34:06.950000+00:00,usgs,ok,data/processed/waveforms/us6000m05l_ARPRA.mseed,2026-09-12T12:42:11.762855+00:00
us6000m05l,URFA,106.86,4.6,2023-12-28 09:34:06.950000+00:00,usgs,ok,data/processed/waveforms/us6000m05l_URFA.mseed,2026-09-12T12:42:13.349198+00:00
us6000m498,KOZT,57.4,4.5,2024-01-09 09:14:59.382000+00:00,usgs,ok,data/processed/waveforms/us6000m498_KOZT.mseed,2026-09-12T12:42:14.883406+00:00
us6000m498,SARI,60.66,4.5,2024-01-09 09:14:59.382000+00:00,usgs,ok,data/processed/waveforms/us6000m498_SARI.mseed,2026-09-12T12:42:16.470775+00:00
us6000m498,KMRS,71.51,4.5,2024-01-09 09:14:59.382000+00:00,usgs,ok,data/processed/waveforms/us6000m498_KMRS.mseed,2026-09-12T12:42:18.872773+00:00
us6000m498,KHMN,97.6,4.5,2024-01-09 09:14:59.382000+00:00,usgs,ok,data/processed/waveforms/us6000m498_KHMN.mseed,2026-09-12T12:42:21.299278+00:00
us7000ltqd,URFA,83.64,5.0,2024-01-25 13:04:06.941000+00:00,usgs,ok,data/processed/waveforms/us7000ltqd_URFA.mseed,2026-09-12T12:42:23.416199+00:00
us7000ltqd,DARE,95.83,5.0,2024-01-25 13:04:06.941000+00:00,usgs,ok,data/processed/waveforms/us7000ltqd_DARE.mseed,2026-09-12T12:42:25.217473+00:00
us7000luac,BLCB,46.04,5.1,2024-01-27 05:19:19.465000+00:00,usgs,ok,data/processed/waveforms/us7000luac_BLCB.mseed,2026-09-12T12:42:26.703720+00:00
us7000luac,DIDI,67.45,5.1,2024-01-27 05:19:19.465000+00:00,usgs,ok,data/processed/waveforms/us7000luac_DIDI.mseed,2026-09-12T12:42:28.283927+00:00
us7000m42k,MRSB,36.0,4.7,2024-03-08 04:27:12.119000+00:00,usgs,no_data,,2026-09-12T12:42:29.875072+00:00
us7000m42k,BBRN,39.87,4.7,2024-03-08 04:27:12.119000+00:00,usgs,no_data,,2026-09-12T12:42:30.418070+00:00
us7000m42k,DALY,50.21,4.7,2024-03-08 04:27:12.119000+00:00,usgs,ok,data/processed/waveforms/us7000m42k_DALY.mseed,2026-09-12T12:42:30.987532+00:00
us7000m42k,FETY,67.69,4.7,2024-03-08 04:27:12.119000+00:00,usgs,ok,data/processed/waveforms/us7000m42k_FETY.mseed,2026-09-12T12:42:33.402218+00:00
us7000m4jl,DEMR,22.16,4.8,2024-03-10 13:55:57.564000+00:00,usgs,ok,data/processed/waveforms/us7000m4jl_DEMR.mseed,2026-09-12T12:42:36.496643+00:00
us7000m4jl,KEMT,63.9,4.8,2024-03-10 13:55:57.564000+00:00,usgs,ok,data/processed/waveforms/us7000m4jl_KEMT.mseed,2026-09-12T12:42:38.241188+00:00
us7000m4jl,ELL,69.79,4.8,2024-03-10 13:55:57.564000+00:00,usgs,ok,data/processed/waveforms/us7000m4jl_ELL.mseed,2026-09-12T12:42:39.828862+00:00
us7000m4jl,ANTB,96.27,4.8,2024-03-10 13:55:57.564000+00:00,usgs,ok,data/processed/waveforms/us7000m4jl_ANTB.mseed,2026-09-12T12:42:41.541718+00:00
us7000m8v4,SVRC,8.05,4.7,2024-03-30 00:25:05.321000+00:00,usgs,no_data,,2026-09-12T12:42:43.328094+00:00
us7000m8v4,PTK,50.48,4.7,2024-03-30 00:25:05.321000+00:00,usgs,no_data,,2026-09-12T12:42:44.004363+00:00
us7000m8v4,SINE,80.59,4.7,2024-03-30 00:25:05.321000+00:00,usgs,ok,data/processed/waveforms/us7000m8v4_SINE.mseed,2026-09-12T12:42:44.527631+00:00
us7000m8v4,MALT,82.0,4.7,2024-03-30 00:25:05.321000+00:00,usgs,no_data,,2026-09-12T12:42:46.040385+00:00
us7000m8xt,BCA,204.85,4.7,2024-03-30 13:44:35.626000+00:00,usgs,ok,data/processed/waveforms/us7000m8xt_BCA.mseed,2026-09-12T12:42:46.686750+00:00
us7000m8xt,KARS,220.16,4.7,2024-03-30 13:44:35.626000+00:00,usgs,ok,data/processed/waveforms/us7000m8xt_KARS.mseed,2026-09-12T12:42:48.930105+00:00
us7000m8xt,HOPA,220.48,4.7,2024-03-30 13:44:35.626000+00:00,usgs,ok,data/processed/waveforms/us7000m8xt_HOPA.mseed,2026-09-12T12:42:50.636103+00:00
us7000m8xt,SENK,245.13,4.7,2024-03-30 13:44:35.626000+00:00,usgs,ok,data/processed/waveforms/us7000m8xt_SENK.mseed,2026-09-12T12:42:52.088785+00:00
us7000mcs6,CAYL,43.19,4.6,2024-04-17 22:07:00.002000+00:00,usgs,ok,data/processed/waveforms/us7000mcs6_CAYL.mseed,2026-09-12T12:42:53.580299+00:00
us7000mcs6,TOKT,59.98,4.6,2024-04-17 22:07:00.002000+00:00,usgs,ok,data/processed/waveforms/us7000mcs6_TOKT.mseed,2026-09-12T12:42:54.904761+00:00
us7000mcs6,YOZ,69.24,4.6,2024-04-17 22:07:00.002000+00:00,usgs,ok,data/processed/waveforms/us7000mcs6_YOZ.mseed,2026-09-12T12:42:56.211327+00:00
us7000mcs6,SVSK,88.97,4.6,2024-04-17 22:07:00.002000+00:00,usgs,no_data,,2026-09-12T12:42:57.838734+00:00
us7000mcxc,YOZ,66.52,5.6,2024-04-18 15:11:25.596000+00:00,usgs,ok,data/processed/waveforms/us7000mcxc_YOZ.mseed,2026-09-12T12:42:58.498636+00:00
us7000mcxc,SVSK,89.65,5.6,2024-04-18 15:11:25.596000+00:00,usgs,no_data,,2026-09-12T12:43:00.079172+00:00
us6000n148,BODT,41.07,4.5,2024-05-26 15:15:12.095000+00:00,usgs,ok,data/processed/waveforms/us6000n148_BODT.mseed,2026-09-12T12:43:00.575775+00:00
us6000n148,YKAV,45.24,4.5,2024-05-26 15:15:12.095000+00:00,usgs,ok,data/processed/waveforms/us6000n148_YKAV.mseed,2026-09-12T12:43:02.369809+00:00
us6000n148,BODA,46.53,4.5,2024-05-26 15:15:12.095000+00:00,usgs,ok,data/processed/waveforms/us6000n148_BODA.mseed,2026-09-12T12:43:04.638355+00:00
us6000n148,DAT,49.79,4.5,2024-05-26 15:15:12.095000+00:00,usgs,ok,data/processed/waveforms/us6000n148_DAT.mseed,2026-09-12T12:43:06.221509+00:00
us7000mq51,BCA,195.07,4.9,2024-06-03 22:03:41.211000+00:00,usgs,ok,data/processed/waveforms/us7000mq51_BCA.mseed,2026-09-12T12:43:07.724403+00:00
us7000mq51,HOPA,210.72,4.9,2024-06-03 22:03:41.211000+00:00,usgs,ok,data/processed/waveforms/us7000mq51_HOPA.mseed,2026-09-12T12:43:09.305528+00:00
us7000mq51,KARS,212.25,4.9,2024-06-03 22:03:41.211000+00:00,usgs,ok,data/processed/waveforms/us7000mq51_KARS.mseed,2026-09-12T12:43:10.868292+00:00
us7000mq51,SENK,236.0,4.9,2024-06-03 22:03:41.211000+00:00,usgs,ok,data/processed/waveforms/us7000mq51_SENK.mseed,2026-09-12T12:43:13.314575+00:00
us7000ms04,BBRN,78.96,4.7,2024-06-12 19:19:10.899000+00:00,usgs,no_data,,2026-09-12T12:43:15.551235+00:00
us7000ms04,MRSB,85.28,4.7,2024-06-12 19:19:10.899000+00:00,usgs,no_data,,2026-09-12T12:43:16.049582+00:00
us7000ms04,DAT,90.64,4.7,2024-06-12 19:19:10.899000+00:00,usgs,ok,data/processed/waveforms/us7000ms04_DAT.mseed,2026-09-12T12:43:16.567228+00:00
us7000ms04,DATC,91.05,4.7,2024-06-12 19:19:10.899000+00:00,usgs,ok,data/processed/waveforms/us7000ms04_DATC.mseed,2026-09-12T12:43:18.840834+00:00
us6000n80m,SOMA,13.41,4.7,2024-06-24 22:36:44.501000+00:00,usgs,ok,data/processed/waveforms/us6000n80m_SOMA.mseed,2026-09-12T12:43:21.316896+00:00
us6000n80m,BALB,50.2,4.7,2024-06-24 22:36:44.501000+00:00,usgs,ok,data/processed/waveforms/us6000n80m_BALB.mseed,2026-09-12T12:43:24.265591+00:00
us6000n80m,AKS,50.34,4.7,2024-06-24 22:36:44.501000+00:00,usgs,no_data,,2026-09-12T12:43:26.598960+00:00
us6000n80m,YAYO,54.46,4.7,2024-06-24 22:36:44.501000+00:00,usgs,ok,data/processed/waveforms/us6000n80m_YAYO.mseed,2026-09-12T12:43:27.160634+00:00
us7000mxzg,MRSB,7.43,4.5,2024-07-09 09:11:51.214000+00:00,usgs,no_data,,2026-09-12T12:43:28.638653+00:00
us7000mxzg,BBRN,7.59,4.5,2024-07-09 09:11:51.214000+00:00,usgs,no_data,,2026-09-12T12:43:29.122457+00:00
us7000mxzg,DATC,44.17,4.5,2024-07-09 09:11:51.214000+00:00,usgs,ok,data/processed/waveforms/us7000mxzg_DATC.mseed,2026-09-12T12:43:29.718068+00:00
us7000mxzg,DALY,48.52,4.5,2024-07-09 09:11:51.214000+00:00,usgs,no_data,,2026-09-12T12:43:31.321745+00:00
us7000n0uq,EZNE,9.19,4.5,2024-07-22 14:39:22.358000+00:00,usgs,ok,data/processed/waveforms/us7000n0uq_EZNE.mseed,2026-09-12T12:43:31.905303+00:00
us7000n0uq,EZN,17.42,4.5,2024-07-22 14:39:22.358000+00:00,usgs,ok,data/processed/waveforms/us7000n0uq_EZN.mseed,2026-09-12T12:43:33.948265+00:00
us7000n0uq,BMYO,24.58,4.5,2024-07-22 14:39:22.358000+00:00,usgs,ok,data/processed/waveforms/us7000n0uq_BMYO.mseed,2026-09-12T12:43:35.729824+00:00
us7000n0uq,GPNR,31.84,4.5,2024-07-22 14:39:22.358000+00:00,usgs,ok,data/processed/waveforms/us7000n0uq_GPNR.mseed,2026-09-12T12:43:37.262925+00:00
us6000ng6h,DAT,207.7,4.7,2024-07-26 16:02:27.066000+00:00,usgs,ok,data/processed/waveforms/us6000ng6h_DAT.mseed,2026-09-12T12:43:38.872509+00:00
us6000ng6h,BODT,213.04,4.7,2024-07-26 16:02:27.066000+00:00,usgs,ok,data/processed/waveforms/us6000ng6h_BODT.mseed,2026-09-12T12:43:40.182789+00:00
us6000ng6h,DATC,215.59,4.7,2024-07-26 16:02:27.066000+00:00,usgs,ok,data/processed/waveforms/us6000ng6h_DATC.mseed,2026-09-12T12:43:41.605227+00:00
us6000ng6h,YKAV,216.24,4.7,2024-07-26 16:02:27.066000+00:00,usgs,ok,data/processed/waveforms/us6000ng6h_YKAV.mseed,2026-09-12T12:43:43.065856+00:00
us6000nigk,KOZT,24.21,4.6,2024-08-07 02:32:28.049000+00:00,usgs,ok,data/processed/waveforms/us6000nigk_KOZT.mseed,2026-09-12T12:43:44.515508+00:00
us6000nigk,CEYT,75.85,4.6,2024-08-07 02:32:28.049000+00:00,usgs,ok,data/processed/waveforms/us6000nigk_CEYT.mseed,2026-09-12T12:43:45.712744+00:00
us6000nigk,CMRD,84.73,4.6,2024-08-07 02:32:28.049000+00:00,usgs,ok,data/processed/waveforms/us6000nigk_CMRD.mseed,2026-09-12T12:43:47.241650+00:00
us6000nigk,KMRS,85.44,4.6,2024-08-07 02:32:28.049000+00:00,usgs,ok,data/processed/waveforms/us6000nigk_KMRS.mseed,2026-09-12T12:43:50.396821+00:00
us6000njq1,KRTS,218.92,5.2,2024-08-12 20:55:59.916000+00:00,usgs,ok,data/processed/waveforms/us6000njq1_KRTS.mseed,2026-09-12T12:43:51.871488+00:00
us6000njq1,GAZ,228.76,5.2,2024-08-12 20:55:59.916000+00:00,usgs,ok,data/processed/waveforms/us6000njq1_GAZ.mseed,2026-09-12T12:43:53.961518+00:00
us6000njrg,TAHT,158.43,4.5,2024-08-13 00:28:38.706000+00:00,usgs,ok,data/processed/waveforms/us6000njrg_TAHT.mseed,2026-09-12T12:43:55.873496+00:00
us6000njrg,KRTD,219.35,4.5,2024-08-13 00:28:38.706000+00:00,usgs,no_data,,2026-09-12T12:43:57.322052+00:00
us6000njrg,KRTS,220.22,4.5,2024-08-13 00:28:38.706000+00:00,usgs,ok,data/processed/waveforms/us6000njrg_KRTS.mseed,2026-09-12T12:43:57.864306+00:00
us6000njrg,GAZ,226.08,4.5,2024-08-13 00:28:38.706000+00:00,usgs,ok,data/processed/waveforms/us6000njrg_GAZ.mseed,2026-09-12T12:43:59.212102+00:00
us7000n7dh,TAHT,165.13,4.8,2024-08-16 10:15:36.916000+00:00,usgs,ok,data/processed/waveforms/us7000n7dh_TAHT.mseed,2026-09-12T12:44:00.499230+00:00
us7000n7dh,KRTD,224.41,4.8,2024-08-16 10:15:36.916000+00:00,usgs,no_data,,2026-09-12T12:44:02.043310+00:00
us7000n7dh,KRTS,225.12,4.8,2024-08-16 10:15:36.916000+00:00,usgs,ok,data/processed/waveforms/us7000n7dh_KRTS.mseed,2026-09-12T12:44:02.752501+00:00
us7000n7dh,GAZ,235.41,4.8,2024-08-16 10:15:36.916000+00:00,usgs,ok,data/processed/waveforms/us7000n7dh_GAZ.mseed,2026-09-12T12:44:04.921942+00:00
us6000nq9a,KMRS,26.33,5.0,2024-09-07 06:31:10.994000+00:00,usgs,ok,data/processed/waveforms/us6000nq9a_KMRS.mseed,2026-09-12T12:44:06.417828+00:00
us6000nq9a,KOZT,110.82,5.0,2024-09-07 06:31:10.994000+00:00,usgs,no_data,,2026-09-12T12:44:07.750682+00:00
us6000nwgc,SULT,38.82,4.5,2024-10-04 05:57:19.724000+00:00,usgs,ok,data/processed/waveforms/us6000nwgc_SULT.mseed,2026-09-12T12:44:08.376623+00:00
us6000nwgc,YESY,43.6,4.5,2024-10-04 05:57:19.724000+00:00,usgs,ok,data/processed/waveforms/us6000nwgc_YESY.mseed,2026-09-12T12:44:10.162532+00:00
us6000nwgc,KONT,80.53,4.5,2024-10-04 05:57:19.724000+00:00,usgs,ok,data/processed/waveforms/us6000nwgc_KONT.mseed,2026-09-12T12:44:11.498105+00:00
us6000nwgc,KRMN,81.51,4.5,2024-10-04 05:57:19.724000+00:00,usgs,ok,data/processed/waveforms/us6000nwgc_KRMN.mseed,2026-09-12T12:44:12.919929+00:00
us6000ny1h,MASR,130.93,4.8,2024-10-11 07:16:41.035000+00:00,usgs,no_data,,2026-09-12T12:44:14.941051+00:00
us6000ny1h,KURC,140.59,4.8,2024-10-11 07:16:41.035000+00:00,usgs,ok,data/processed/waveforms/us6000ny1h_KURC.mseed,2026-09-12T12:44:15.461810+00:00
us6000ny1h,KDZE,148.52,4.8,2024-10-11 07:16:41.035000+00:00,usgs,ok,data/processed/waveforms/us6000ny1h_KDZE.mseed,2026-09-12T12:44:19.129997+00:00
us6000ny1h,SAFT,188.31,4.8,2024-10-11 07:16:41.035000+00:00,usgs,ok,data/processed/waveforms/us6000ny1h_SAFT.mseed,2026-09-12T12:44:24.869410+00:00
us6000nyvh,FETY,126.71,4.6,2024-10-15 16:54:21.860000+00:00,usgs,ok,data/processed/waveforms/us6000nyvh_FETY.mseed,2026-09-12T12:44:29.936066+00:00
us6000nyvh,FETI,132.9,4.6,2024-10-15 16:54:21.860000+00:00,usgs,ok,data/processed/waveforms/us6000nyvh_FETI.mseed,2026-09-12T12:44:32.312528+00:00
us6000nyvh,DEMR,133.11,4.6,2024-10-15 16:54:21.860000+00:00,usgs,ok,data/processed/waveforms/us6000nyvh_DEMR.mseed,2026-09-12T12:44:34.497608+00:00
us6000nyvh,MRSB,138.83,4.6,2024-10-15 16:54:21.860000+00:00,usgs,no_data,,2026-09-12T12:44:37.225463+00:00
us6000nyzk,KBAN,54.41,6.0,2024-10-16 07:46:32.516000+00:00,usgs,ok,data/processed/waveforms/us6000nyzk_KBAN.mseed,2026-09-12T12:44:37.978994+00:00
us6000nyzk,ARGN,69.95,6.0,2024-10-16 07:46:32.516000+00:00,usgs,no_data,,2026-09-12T12:44:40.200323+00:00
us6000nza6,TUNC,18.14,4.5,2024-10-17 08:29:57.386000+00:00,usgs,ok,data/processed/waveforms/us6000nza6_TUNC.mseed,2026-09-12T12:44:40.838218+00:00
us6000nza6,SVSK,41.41,4.5,2024-10-17 08:29:57.386000+00:00,usgs,ok,data/processed/waveforms/us6000nza6_SVSK.mseed,2026-09-12T12:44:42.743448+00:00
us6000nza6,RSDY,82.9,4.5,2024-10-17 08:29:57.386000+00:00,usgs,ok,data/processed/waveforms/us6000nza6_RSDY.mseed,2026-09-12T12:44:44.374036+00:00
us6000nza6,KYHL,88.79,4.5,2024-10-17 08:29:57.386000+00:00,usgs,ok,data/processed/waveforms/us6000nza6_KYHL.mseed,2026-09-12T12:44:46.036342+00:00
us6000nzqk,KHMN,22.86,4.5,2024-10-19 11:41:10.568000+00:00,usgs,ok,data/processed/waveforms/us6000nzqk_KHMN.mseed,2026-09-12T12:44:47.465808+00:00
us6000nzqk,KMRS,23.27,4.5,2024-10-19 11:41:10.568000+00:00,usgs,ok,data/processed/waveforms/us6000nzqk_KMRS.mseed,2026-09-12T12:44:49.160019+00:00
us6000nzqk,GAZ,47.62,4.5,2024-10-19 11:41:10.568000+00:00,usgs,ok,data/processed/waveforms/us6000nzqk_GAZ.mseed,2026-09-12T12:44:51.545926+00:00
us6000nzqk,NURH,48.96,4.5,2024-10-19 11:41:10.568000+00:00,usgs,no_data,,2026-09-12T12:44:53.969426+00:00
us7000nni1,KOZT,23.08,4.9,2024-10-27 17:07:10.334000+00:00,usgs,ok,data/processed/waveforms/us7000nni1_KOZT.mseed,2026-09-12T12:44:54.770425+00:00
us7000nni1,CEYT,72.65,4.9,2024-10-27 17:07:10.334000+00:00,usgs,ok,data/processed/waveforms/us7000nni1_CEYT.mseed,2026-09-12T12:44:56.788101+00:00
us7000nni1,KMRS,79.98,4.9,2024-10-27 17:07:10.334000+00:00,usgs,ok,data/processed/waveforms/us7000nni1_KMRS.mseed,2026-09-12T12:44:58.646553+00:00
us7000nni1,CMRD,89.48,4.9,2024-10-27 17:07:10.334000+00:00,usgs,ok,data/processed/waveforms/us7000nni1_CMRD.mseed,2026-09-12T12:45:00.293982+00:00
us7000nqls,SINE,74.17,5.1,2024-11-08 14:04:01.624000+00:00,usgs,ok,data/processed/waveforms/us7000nqls_SINE.mseed,2026-09-12T12:45:02.568763+00:00
us7000nqls,DYBB,75.58,5.1,2024-11-08 14:04:01.624000+00:00,usgs,ok,data/processed/waveforms/us7000nqls_DYBB.mseed,2026-09-12T12:45:03.891546+00:00
us7000nrxw,NURH,15.55,4.9,2024-11-15 07:46:20.265000+00:00,usgs,ok,data/processed/waveforms/us7000nrxw_NURH.mseed,2026-09-12T12:45:05.808130+00:00
us7000nrxw,DARE,69.4,4.9,2024-11-15 07:46:20.265000+00:00,usgs,ok,data/processed/waveforms/us7000nrxw_DARE.mseed,2026-09-12T12:45:07.691852+00:00
us7000nrxw,KHMN,74.41,4.9,2024-11-15 07:46:20.265000+00:00,usgs,ok,data/processed/waveforms/us7000nrxw_KHMN.mseed,2026-09-12T12:45:09.152313+00:00
us7000nrxw,KMRS,79.98,4.9,2024-11-15 07:46:20.265000+00:00,usgs,ok,data/processed/waveforms/us7000nrxw_KMRS.mseed,2026-09-12T12:45:10.457096+00:00
us7000nry6,CHOM,12.12,4.5,2024-11-15 09:02:01.836000+00:00,usgs,ok,data/processed/waveforms/us7000nry6_CHOM.mseed,2026-09-12T12:45:12.048452+00:00
us7000nry6,CHAY,14.23,4.5,2024-11-15 09:02:01.836000+00:00,usgs,ok,data/processed/waveforms/us7000nry6_CHAY.mseed,2026-09-12T12:45:13.708591+00:00
us7000nry6,HOPA,61.12,4.5,2024-11-15 09:02:01.836000+00:00,usgs,no_data,,2026-09-12T12:45:15.403234+00:00
us7000nry6,BCA,76.74,4.5,2024-11-15 09:02:01.836000+00:00,usgs,ok,data/processed/waveforms/us7000nry6_BCA.mseed,2026-09-12T12:45:15.947095+00:00
us6000p6yq,DAT,79.8,4.6,2024-11-22 09:29:49.069000+00:00,usgs,ok,data/processed/waveforms/us6000p6yq_DAT.mseed,2026-09-12T12:45:17.400459+00:00
us6000p6yq,BODT,84.89,4.6,2024-11-22 09:29:49.069000+00:00,usgs,ok,data/processed/waveforms/us6000p6yq_BODT.mseed,2026-09-12T12:45:18.701621+00:00
us6000p6yq,DATC,87.84,4.6,2024-11-22 09:29:49.069000+00:00,usgs,ok,data/processed/waveforms/us6000p6yq_DATC.mseed,2026-09-12T12:45:20.464820+00:00
us6000p6yq,BODA,89.21,4.6,2024-11-22 09:29:49.069000+00:00,usgs,ok,data/processed/waveforms/us6000p6yq_BODA.mseed,2026-09-12T12:45:22.515394+00:00
us7000nv00,ALAN,74.27,4.8,2024-11-29 19:13:15.546000+00:00,usgs,ok,data/processed/waveforms/us7000nv00_ALAN.mseed,2026-09-12T12:45:24.297149+00:00
us7000nv00,MNVG,98.25,4.8,2024-11-29 19:13:15.546000+00:00,usgs,ok,data/processed/waveforms/us7000nv00_MNVG.mseed,2026-09-12T12:45:26.030008+00:00
us7000nv00,LMOS,114.94,4.8,2024-11-29 19:13:15.546000+00:00,usgs,ok,data/processed/waveforms/us7000nv00_LMOS.mseed,2026-09-12T12:45:27.627868+00:00
us7000nv00,BOZY,115.4,4.8,2024-11-29 19:13:15.546000+00:00,usgs,ok,data/processed/waveforms/us7000nv00_BOZY.mseed,2026-09-12T12:45:29.092280+00:00
us7000nvuc,ALAN,76.86,4.8,2024-12-04 09:09:10.259000+00:00,usgs,ok,data/processed/waveforms/us7000nvuc_ALAN.mseed,2026-09-12T12:45:31.004379+00:00
us7000nvuc,MNVG,101.02,4.8,2024-12-04 09:09:10.259000+00:00,usgs,ok,data/processed/waveforms/us7000nvuc_MNVG.mseed,2026-09-12T12:45:32.238355+00:00
us7000nvuc,BOZY,115.8,4.8,2024-12-04 09:09:10.259000+00:00,usgs,ok,data/processed/waveforms/us7000nvuc_BOZY.mseed,2026-09-12T12:45:33.834927+00:00
us7000nvuc,LMOS,116.72,4.8,2024-12-04 09:09:10.259000+00:00,usgs,ok,data/processed/waveforms/us7000nvuc_LMOS.mseed,2026-09-12T12:45:35.654992+00:00
us6000pg94,DAT,212.76,4.5,2024-12-29 08:02:09.337000+00:00,usgs,ok,data/processed/waveforms/us6000pg94_DAT.mseed,2026-09-12T12:45:37.964893+00:00
us6000pg94,DATC,219.39,4.5,2024-12-29 08:02:09.337000+00:00,usgs,ok,data/processed/waveforms/us6000pg94_DATC.mseed,2026-09-12T12:45:39.691879+00:00
us6000pg94,BBRN,234.39,4.5,2024-12-29 08:02:09.337000+00:00,usgs,no_data,,2026-09-12T12:45:41.254114+00:00
us6000pg94,BODT,234.61,4.5,2024-12-29 08:02:09.337000+00:00,usgs,ok,data/processed/waveforms/us6000pg94_BODT.mseed,2026-09-12T12:45:41.900509+00:00
us6000phj9,ALAN,13.62,4.5,2025-01-03 13:51:02.330000+00:00,usgs,ok,data/processed/waveforms/us6000phj9_ALAN.mseed,2026-09-12T12:45:43.565973+00:00
us6000phj9,MNVG,58.26,4.5,2025-01-03 13:51:02.330000+00:00,usgs,ok,data/processed/waveforms/us6000phj9_MNVG.mseed,2026-09-12T12:45:45.354559+00:00
us6000phj9,LMOS,70.25,4.5,2025-01-03 13:51:02.330000+00:00,usgs,ok,data/processed/waveforms/us6000phj9_LMOS.mseed,2026-09-12T12:45:46.887799+00:00
us6000phj9,HDMB,74.24,4.5,2025-01-03 13:51:02.330000+00:00,usgs,ok,data/processed/waveforms/us6000phj9_HDMB.mseed,2026-09-12T12:45:48.484804+00:00
us6000pi4u,DAT,72.05,4.5,2025-01-06 08:46:56.186000+00:00,usgs,ok,data/processed/waveforms/us6000pi4u_DAT.mseed,2026-09-12T12:45:50.213023+00:00
us6000pi4u,BODT,72.77,4.5,2025-01-06 08:46:56.186000+00:00,usgs,ok,data/processed/waveforms/us6000pi4u_BODT.mseed,2026-09-12T12:45:52.246026+00:00
us6000pi4u,YKAV,76.78,4.5,2025-01-06 08:46:56.186000+00:00,usgs,ok,data/processed/waveforms/us6000pi4u_YKAV.mseed,2026-09-12T12:45:54.241586+00:00
us6000pi4u,BODA,77.73,4.5,2025-01-06 08:46:56.186000+00:00,usgs,ok,data/processed/waveforms/us6000pi4u_BODA.mseed,2026-09-12T12:45:55.612357+00:00
us6000pii1,KOPR,14.32,4.6,2025-01-08 01:30:03.901000+00:00,usgs,ok,data/processed/waveforms/us6000pii1_KOPR.mseed,2026-09-12T12:45:57.042022+00:00
us6000pii1,VRTB,84.21,4.6,2025-01-08 01:30:03.901000+00:00,usgs,ok,data/processed/waveforms/us6000pii1_VRTB.mseed,2026-09-12T12:45:58.438055+00:00
us6000pii1,KARO,89.37,4.6,2025-01-08 01:30:03.901000+00:00,usgs,no_data,,2026-09-12T12:45:59.919210+00:00
us6000pii1,SENK,90.1,4.6,2025-01-08 01:30:03.901000+00:00,usgs,ok,data/processed/waveforms/us6000pii1_SENK.mseed,2026-09-12T12:46:00.699437+00:00
us6000plhn,CUND,34.66,5.0,2025-01-21 20:38:43.257000+00:00,usgs,no_data,,2026-09-12T12:46:01.937630+00:00
us6000plhn,EZN,40.66,5.0,2025-01-21 20:38:43.257000+00:00,usgs,ok,data/processed/waveforms/us6000plhn_EZN.mseed,2026-09-12T12:46:02.426358+00:00
us7000parp,YKAV,159.37,4.6,2025-02-02 07:22:05.309000+00:00,usgs,ok,data/processed/waveforms/us7000parp_YKAV.mseed,2026-09-12T12:46:04.186632+00:00
us7000parp,BODT,159.8,4.6,2025-02-02 07:22:05.309000+00:00,usgs,ok,data/processed/waveforms/us7000parp_BODT.mseed,2026-09-12T12:46:06.118026+00:00
us7000parp,DIDI,167.47,4.6,2025-02-02 07:22:05.309000+00:00,usgs,ok,data/processed/waveforms/us7000parp_DIDI.mseed,2026-09-12T12:46:07.885340+00:00
us7000parp,BODA,169.27,4.6,2025-02-02 07:22:05.309000+00:00,usgs,ok,data/processed/waveforms/us7000parp_BODA.mseed,2026-09-12T12:46:09.717244+00:00
us7000patf,YKAV,152.71,4.8,2025-02-02 12:55:42.204000+00:00,usgs,ok,data/processed/waveforms/us7000patf_YKAV.mseed,2026-09-12T12:46:11.077151+00:00
us7000patf,BODT,153.09,4.8,2025-02-02 12:55:42.204000+00:00,usgs,ok,data/processed/waveforms/us7000patf_BODT.mseed,2026-09-12T12:46:12.051692+00:00
us7000patf,DIDI,161.14,4.8,2025-02-02 12:55:42.204000+00:00,usgs,ok,data/processed/waveforms/us7000patf_DIDI.mseed,2026-09-12T12:46:12.980385+00:00
us7000patf,BODA,162.53,4.8,2025-02-02 12:55:42.204000+00:00,usgs,ok,data/processed/waveforms/us7000patf_BODA.mseed,2026-09-12T12:46:13.870520+00:00
us7000paup,BODT,160.73,4.7,2025-02-02 17:41:20.249000+00:00,usgs,ok,data/processed/waveforms/us7000paup_BODT.mseed,2026-09-12T12:46:14.821531+00:00
us7000paup,YKAV,160.99,4.7,2025-02-02 17:41:20.249000+00:00,usgs,ok,data/processed/waveforms/us7000paup_YKAV.mseed,2026-09-12T12:46:15.508026+00:00
us7000paup,BODA,169.64,4.7,2025-02-02 17:41:20.249000+00:00,usgs,ok,data/processed/waveforms/us7000paup_BODA.mseed,2026-09-12T12:46:16.125336+00:00
us7000paup,DIDI,171.48,4.7,2025-02-02 17:41:20.249000+00:00,usgs,ok,data/processed/waveforms/us7000paup_DIDI.mseed,2026-09-12T12:46:16.710218+00:00
us7000pauq,BODT,168.9,4.7,2025-02-02 17:45:42.629000+00:00,usgs,ok,data/processed/waveforms/us7000pauq_BODT.mseed,2026-09-12T12:46:17.307245+00:00
us7000pauq,YKAV,169.09,4.7,2025-02-02 17:45:42.629000+00:00,usgs,ok,data/processed/waveforms/us7000pauq_YKAV.mseed,2026-09-12T12:46:17.980154+00:00
us7000pauq,BODA,177.86,4.7,2025-02-02 17:45:42.629000+00:00,usgs,ok,data/processed/waveforms/us7000pauq_BODA.mseed,2026-09-12T12:46:18.872408+00:00
us7000pauq,DIDI,179.22,4.7,2025-02-02 17:45:42.629000+00:00,usgs,ok,data/processed/waveforms/us7000pauq_DIDI.mseed,2026-09-12T12:46:19.568792+00:00
us7000pavd,YKAV,170.91,4.5,2025-02-02 20:14:24.520000+00:00,usgs,ok,data/processed/waveforms/us7000pavd_YKAV.mseed,2026-09-12T12:46:21.249469+00:00
us7000pavd,BODT,170.98,4.5,2025-02-02 20:14:24.520000+00:00,usgs,ok,data/processed/waveforms/us7000pavd_BODT.mseed,2026-09-12T12:46:22.516918+00:00
us7000pavd,DIDI,180.11,4.5,2025-02-02 20:14:24.520000+00:00,usgs,ok,data/processed/waveforms/us7000pavd_DIDI.mseed,2026-09-12T12:46:23.300474+00:00
us7000pavd,BODA,180.16,4.5,2025-02-02 20:14:24.520000+00:00,usgs,ok,data/processed/waveforms/us7000pavd_BODA.mseed,2026-09-12T12:46:24.011272+00:00
us7000pawd,BODT,161.67,4.5,2025-02-02 23:54:41.798000+00:00,usgs,ok,data/processed/waveforms/us7000pawd_BODT.mseed,2026-09-12T12:46:24.673017+00:00
us7000pawd,YKAV,161.81,4.5,2025-02-02 23:54:41.798000+00:00,usgs,ok,data/processed/waveforms/us7000pawd_YKAV.mseed,2026-09-12T12:46:25.321134+00:00
us7000pawd,BODA,170.69,4.5,2025-02-02 23:54:41.798000+00:00,usgs,ok,data/processed/waveforms/us7000pawd_BODA.mseed,2026-09-12T12:46:26.037275+00:00
us7000pawd,DIDI,171.87,4.5,2025-02-02 23:54:41.798000+00:00,usgs,ok,data/processed/waveforms/us7000pawd_DIDI.mseed,2026-09-12T12:46:26.617936+00:00
us7000pcww,YKAV,163.03,4.5,2025-02-03 05:35:22.558000+00:00,usgs,ok,data/processed/waveforms/us7000pcww_YKAV.mseed,2026-09-12T12:46:27.183747+00:00
us7000pcww,BODT,163.1,4.5,2025-02-03 05:35:22.558000+00:00,usgs,ok,data/processed/waveforms/us7000pcww_BODT.mseed,2026-09-12T12:46:28.354358+00:00
us7000pcww,BODA,172.27,4.5,2025-02-03 05:35:22.558000+00:00,usgs,ok,data/processed/waveforms/us7000pcww_BODA.mseed,2026-09-12T12:46:29.769786+00:00
us7000pcww,DIDI,172.37,4.5,2025-02-03 05:35:22.558000+00:00,usgs,ok,data/processed/waveforms/us7000pcww_DIDI.mseed,2026-09-12T12:46:31.002016+00:00
us7000pcx4,BODT,175.32,4.5,2025-02-03 07:50:53.529000+00:00,usgs,ok,data/processed/waveforms/us7000pcx4_BODT.mseed,2026-09-12T12:46:32.204022+00:00
us7000pcx4,YKAV,176.75,4.5,2025-02-03 07:50:53.529000+00:00,usgs,ok,data/processed/waveforms/us7000pcx4_YKAV.mseed,2026-09-12T12:46:32.933202+00:00
us7000pcx4,DAT,182.03,4.5,2025-02-03 07:50:53.529000+00:00,usgs,ok,data/processed/waveforms/us7000pcx4_DAT.mseed,2026-09-12T12:46:33.745914+00:00
us7000pcx4,BODA,183.06,4.5,2025-02-03 07:50:53.529000+00:00,usgs,ok,data/processed/waveforms/us7000pcx4_BODA.mseed,2026-09-12T12:46:35.490244+00:00
us7000paz6,BODT,168.12,4.5,2025-02-03 07:59:01.004000+00:00,usgs,ok,data/processed/waveforms/us7000paz6_BODT.mseed,2026-09-12T12:46:36.779798+00:00
us7000paz6,YKAV,169.11,4.5,2025-02-03 07:59:01.004000+00:00,usgs,ok,data/processed/waveforms/us7000paz6_YKAV.mseed,2026-09-12T12:46:37.798261+00:00
us7000paz6,BODA,176.33,4.5,2025-02-03 07:59:01.004000+00:00,usgs,ok,data/processed/waveforms/us7000paz6_BODA.mseed,2026-09-12T12:46:38.431662+00:00
us7000paz6,DAT,177.58,4.5,2025-02-03 07:59:01.004000+00:00,usgs,ok,data/processed/waveforms/us7000paz6_DAT.mseed,2026-09-12T12:46:39.086797+00:00
us7000pazc,YKAV,157.24,4.5,2025-02-03 08:10:15.874000+00:00,usgs,ok,data/processed/waveforms/us7000pazc_YKAV.mseed,2026-09-12T12:46:39.704610+00:00
us7000pazc,BODT,157.79,4.5,2025-02-03 08:10:15.874000+00:00,usgs,ok,data/processed/waveforms/us7000pazc_BODT.mseed,2026-09-12T12:46:40.306134+00:00
us7000pazc,DIDI,164.96,4.5,2025-02-03 08:10:15.874000+00:00,usgs,ok,data/processed/waveforms/us7000pazc_DIDI.mseed,2026-09-12T12:46:40.962158+00:00
us7000pazc,BODA,167.36,4.5,2025-02-03 08:10:15.874000+00:00,usgs,ok,data/processed/waveforms/us7000pazc_BODA.mseed,2026-09-12T12:46:41.842160+00:00
us7000paze,DIDI,160.52,5.0,2025-02-03 08:13:08.237000+00:00,usgs,ok,data/processed/waveforms/us7000paze_DIDI.mseed,2026-09-12T12:46:42.584916+00:00
us7000paze,BODA,161.06,5.0,2025-02-03 08:13:08.237000+00:00,usgs,ok,data/processed/waveforms/us7000paze_BODA.mseed,2026-09-12T12:46:43.151375+00:00
us7000pazi,YKAV,153.33,4.9,2025-02-03 08:26:28.762000+00:00,usgs,ok,data/processed/waveforms/us7000pazi_YKAV.mseed,2026-09-12T12:46:43.730898+00:00
us7000pazi,BODT,153.6,4.9,2025-02-03 08:26:28.762000+00:00,usgs,ok,data/processed/waveforms/us7000pazi_BODT.mseed,2026-09-12T12:46:44.423680+00:00
us7000pazi,DIDI,162.09,4.9,2025-02-03 08:26:28.762000+00:00,usgs,ok,data/processed/waveforms/us7000pazi_DIDI.mseed,2026-09-12T12:46:45.207331+00:00
us7000pazi,BODA,162.97,4.9,2025-02-03 08:26:28.762000+00:00,usgs,ok,data/processed/waveforms/us7000pazi_BODA.mseed,2026-09-12T12:46:45.895554+00:00
us7000pazp,YKAV,159.41,4.9,2025-02-03 09:29:43.117000+00:00,usgs,ok,data/processed/waveforms/us7000pazp_YKAV.mseed,2026-09-12T12:46:46.520565+00:00
us7000pazp,BODT,159.44,4.9,2025-02-03 09:29:43.117000+00:00,usgs,ok,data/processed/waveforms/us7000pazp_BODT.mseed,2026-09-12T12:46:47.217784+00:00
us7000pazp,BODA,168.59,4.9,2025-02-03 09:29:43.117000+00:00,usgs,ok,data/processed/waveforms/us7000pazp_BODA.mseed,2026-09-12T12:46:47.871954+00:00
us7000pazp,DIDI,168.95,4.9,2025-02-03 09:29:43.117000+00:00,usgs,ok,data/processed/waveforms/us7000pazp_DIDI.mseed,2026-09-12T12:46:48.506972+00:00
us7000pb0b,YKAV,154.5,4.6,2025-02-03 11:50:48.678000+00:00,usgs,ok,data/processed/waveforms/us7000pb0b_YKAV.mseed,2026-09-12T12:46:49.159958+00:00
us7000pb0b,BODT,155.11,4.6,2025-02-03 11:50:48.678000+00:00,usgs,ok,data/processed/waveforms/us7000pb0b_BODT.mseed,2026-09-12T12:46:50.116095+00:00
us7000pb0b,DIDI,162.07,4.6,2025-02-03 11:50:48.678000+00:00,usgs,ok,data/processed/waveforms/us7000pb0b_DIDI.mseed,2026-09-12T12:46:52.004600+00:00
us7000pb0b,BODA,164.71,4.6,2025-02-03 11:50:48.678000+00:00,usgs,ok,data/processed/waveforms/us7000pb0b_BODA.mseed,2026-09-12T12:46:52.904173+00:00
us7000pb0e,YKAV,155.09,4.9,2025-02-03 12:17:40.723000+00:00,usgs,ok,data/processed/waveforms/us7000pb0e_YKAV.mseed,2026-09-12T12:46:53.841061+00:00
us7000pb0e,BODT,155.3,4.9,2025-02-03 12:17:40.723000+00:00,usgs,ok,data/processed/waveforms/us7000pb0e_BODT.mseed,2026-09-12T12:46:54.552849+00:00
us7000pb0e,DIDI,164.07,4.9,2025-02-03 12:17:40.723000+00:00,usgs,ok,data/processed/waveforms/us7000pb0e_DIDI.mseed,2026-09-12T12:46:55.431507+00:00
us7000pb0e,BODA,164.61,4.9,2025-02-03 12:17:40.723000+00:00,usgs,ok,data/processed/waveforms/us7000pb0e_BODA.mseed,2026-09-12T12:46:56.193386+00:00
us7000pb0j,YKAV,161.78,4.5,2025-02-03 13:05:04.508000+00:00,usgs,ok,data/processed/waveforms/us7000pb0j_YKAV.mseed,2026-09-12T12:46:56.863021+00:00
us7000pb0j,BODT,162.22,4.5,2025-02-03 13:05:04.508000+00:00,usgs,ok,data/processed/waveforms/us7000pb0j_BODT.mseed,2026-09-12T12:46:57.463096+00:00
us7000pb0j,DIDI,169.83,4.5,2025-02-03 13:05:04.508000+00:00,usgs,ok,data/processed/waveforms/us7000pb0j_DIDI.mseed,2026-09-12T12:46:58.156839+00:00
us7000pb0j,BODA,171.69,4.5,2025-02-03 13:05:04.508000+00:00,usgs,ok,data/processed/waveforms/us7000pb0j_BODA.mseed,2026-09-12T12:46:58.972430+00:00
us7000pb28,BODT,162.04,4.7,2025-02-03 17:44:59.393000+00:00,usgs,ok,data/processed/waveforms/us7000pb28_BODT.mseed,2026-09-12T12:46:59.516347+00:00
us7000pb28,YKAV,162.09,4.7,2025-02-03 17:44:59.393000+00:00,usgs,ok,data/processed/waveforms/us7000pb28_YKAV.mseed,2026-09-12T12:47:00.248951+00:00
us7000pb28,BODA,171.12,4.7,2025-02-03 17:44:59.393000+00:00,usgs,ok,data/processed/waveforms/us7000pb28_BODA.mseed,2026-09-12T12:47:00.837753+00:00
us7000pb28,DIDI,171.86,4.7,2025-02-03 17:44:59.393000+00:00,usgs,ok,data/processed/waveforms/us7000pb28_DIDI.mseed,2026-09-12T12:47:01.478284+00:00
us7000pb33,BODT,160.8,4.9,2025-02-03 20:19:39.012000+00:00,usgs,ok,data/processed/waveforms/us7000pb33_BODT.mseed,2026-09-12T12:47:02.070534+00:00
us7000pb33,YKAV,160.93,4.9,2025-02-03 20:19:39.012000+00:00,usgs,ok,data/processed/waveforms/us7000pb33_YKAV.mseed,2026-09-12T12:47:02.836641+00:00
us7000pb33,BODA,169.81,4.9,2025-02-03 20:19:39.012000+00:00,usgs,ok,data/processed/waveforms/us7000pb33_BODA.mseed,2026-09-12T12:47:03.543011+00:00
us7000pb33,DIDI,171.0,4.9,2025-02-03 20:19:39.012000+00:00,usgs,ok,data/processed/waveforms/us7000pb33_DIDI.mseed,2026-09-12T12:47:04.137919+00:00
us7000pb37,YKAV,151.6,4.6,2025-02-03 20:39:14.773000+00:00,usgs,ok,data/processed/waveforms/us7000pb37_YKAV.mseed,2026-09-12T12:47:05.282279+00:00
us7000pb37,BODT,152.02,4.6,2025-02-03 20:39:14.773000+00:00,usgs,ok,data/processed/waveforms/us7000pb37_BODT.mseed,2026-09-12T12:47:06.634267+00:00
us7000pb37,DIDI,159.89,4.6,2025-02-03 20:39:14.773000+00:00,usgs,ok,data/processed/waveforms/us7000pb37_DIDI.mseed,2026-09-12T12:47:07.545335+00:00
us7000pb37,BODA,161.5,4.6,2025-02-03 20:39:14.773000+00:00,usgs,ok,data/processed/waveforms/us7000pb37_BODA.mseed,2026-09-12T12:47:08.151254+00:00
us7000pb5h,DIDI,161.64,5.0,2025-02-04 02:46:06.502000+00:00,usgs,ok,data/processed/waveforms/us7000pb5h_DIDI.mseed,2026-09-12T12:47:08.825420+00:00
us7000pb5h,BODA,163.02,5.0,2025-02-04 02:46:06.502000+00:00,usgs,ok,data/processed/waveforms/us7000pb5h_BODA.mseed,2026-09-12T12:47:10.136318+00:00
us7000pb69,YKAV,157.03,4.7,2025-02-04 06:09:11.943000+00:00,usgs,ok,data/processed/waveforms/us7000pb69_YKAV.mseed,2026-09-12T12:47:11.357013+00:00
us7000pb69,BODT,157.12,4.7,2025-02-04 06:09:11.943000+00:00,usgs,ok,data/processed/waveforms/us7000pb69_BODT.mseed,2026-09-12T12:47:12.798834+00:00
us7000pb69,BODA,166.33,4.7,2025-02-04 06:09:11.943000+00:00,usgs,ok,data/processed/waveforms/us7000pb69_BODA.mseed,2026-09-12T12:47:14.086528+00:00
us7000pb69,DIDI,166.38,4.7,2025-02-04 06:09:11.943000+00:00,usgs,ok,data/processed/waveforms/us7000pb69_DIDI.mseed,2026-09-12T12:47:14.684494+00:00
us7000pb6g,YKAV,156.52,4.6,2025-02-04 06:53:24.857000+00:00,usgs,ok,data/processed/waveforms/us7000pb6g_YKAV.mseed,2026-09-12T12:47:15.396429+00:00
us7000pb6g,BODT,156.58,4.6,2025-02-04 06:53:24.857000+00:00,usgs,ok,data/processed/waveforms/us7000pb6g_BODT.mseed,2026-09-12T12:47:16.030607+00:00
us7000pb6g,BODA,165.76,4.6,2025-02-04 06:53:24.857000+00:00,usgs,ok,data/processed/waveforms/us7000pb6g_BODA.mseed,2026-09-12T12:47:16.852667+00:00
us7000pb6g,DIDI,166.0,4.6,2025-02-04 06:53:24.857000+00:00,usgs,ok,data/processed/waveforms/us7000pb6g_DIDI.mseed,2026-09-12T12:47:17.527956+00:00
us7000pb7a,BODT,161.83,4.6,2025-02-04 08:55:26.728000+00:00,usgs,ok,data/processed/waveforms/us7000pb7a_BODT.mseed,2026-09-12T12:47:18.323983+00:00
us7000pb7a,YKAV,161.91,4.6,2025-02-04 08:55:26.728000+00:00,usgs,ok,data/processed/waveforms/us7000pb7a_YKAV.mseed,2026-09-12T12:47:18.986884+00:00
us7000pb7a,BODA,170.88,4.6,2025-02-04 08:55:26.728000+00:00,usgs,ok,data/processed/waveforms/us7000pb7a_BODA.mseed,2026-09-12T12:47:19.621764+00:00
us7000pb7a,DIDI,171.8,4.6,2025-02-04 08:55:26.728000+00:00,usgs,ok,data/processed/waveforms/us7000pb7a_DIDI.mseed,2026-09-12T12:47:20.915912+00:00
us7000pb7d,BODT,151.62,4.6,2025-02-04 09:03:18.906000+00:00,usgs,ok,data/processed/waveforms/us7000pb7d_BODT.mseed,2026-09-12T12:47:22.212766+00:00
us7000pb7d,YKAV,151.73,4.6,2025-02-04 09:03:18.906000+00:00,usgs,ok,data/processed/waveforms/us7000pb7d_YKAV.mseed,2026-09-12T12:47:22.861747+00:00
us7000pb7d,BODA,160.67,4.6,2025-02-04 09:03:18.906000+00:00,usgs,ok,data/processed/waveforms/us7000pb7d_BODA.mseed,2026-09-12T12:47:23.440499+00:00
us7000pb7d,DIDI,161.88,4.6,2025-02-04 09:03:18.906000+00:00,usgs,ok,data/processed/waveforms/us7000pb7d_DIDI.mseed,2026-09-12T12:47:24.044584+00:00
us7000pb7g,YKAV,153.86,4.7,2025-02-04 09:09:30.439000+00:00,usgs,ok,data/processed/waveforms/us7000pb7g_YKAV.mseed,2026-09-12T12:47:24.718679+00:00
us7000pb7g,BODT,154.1,4.7,2025-02-04 09:09:30.439000+00:00,usgs,ok,data/processed/waveforms/us7000pb7g_BODT.mseed,2026-09-12T12:47:25.272482+00:00
us7000pb7g,DIDI,162.77,4.7,2025-02-04 09:09:30.439000+00:00,usgs,ok,data/processed/waveforms/us7000pb7g_DIDI.mseed,2026-09-12T12:47:25.968916+00:00
us7000pb7g,BODA,163.42,4.7,2025-02-04 09:09:30.439000+00:00,usgs,ok,data/processed/waveforms/us7000pb7g_BODA.mseed,2026-09-12T12:47:26.656804+00:00
us7000pb7w,BODT,168.26,4.6,2025-02-04 12:36:50.370000+00:00,usgs,ok,data/processed/waveforms/us7000pb7w_BODT.mseed,2026-09-12T12:47:27.251607+00:00
us7000pb7w,YKAV,168.51,4.6,2025-02-04 12:36:50.370000+00:00,usgs,ok,data/processed/waveforms/us7000pb7w_YKAV.mseed,2026-09-12T12:47:27.888409+00:00
us7000pb7w,BODA,177.17,4.6,2025-02-04 12:36:50.370000+00:00,usgs,ok,data/processed/waveforms/us7000pb7w_BODA.mseed,2026-09-12T12:47:28.456233+00:00
us7000pb7w,DIDI,178.83,4.6,2025-02-04 12:36:50.370000+00:00,usgs,ok,data/processed/waveforms/us7000pb7w_DIDI.mseed,2026-09-12T12:47:29.211007+00:00
us7000pb82,BODA,171.28,5.3,2025-02-04 13:04:14.561000+00:00,usgs,ok,data/processed/waveforms/us7000pb82_BODA.mseed,2026-09-12T12:47:29.894963+00:00
us7000pb82,DIDI,171.75,5.3,2025-02-04 13:04:14.561000+00:00,usgs,ok,data/processed/waveforms/us7000pb82_DIDI.mseed,2026-09-12T12:47:30.467764+00:00
us7000pba3,YKAV,159.63,4.5,2025-02-04 17:10:52.053000+00:00,usgs,ok,data/processed/waveforms/us7000pba3_YKAV.mseed,2026-09-12T12:47:31.257743+00:00
us7000pba3,BODT,159.85,4.5,2025-02-04 17:10:52.053000+00:00,usgs,ok,data/processed/waveforms/us7000pba3_BODT.mseed,2026-09-12T12:47:31.911755+00:00
us7000pba3,DIDI,168.49,4.5,2025-02-04 17:10:52.053000+00:00,usgs,ok,data/processed/waveforms/us7000pba3_DIDI.mseed,2026-09-12T12:47:32.722532+00:00
us7000pba3,BODA,169.15,4.5,2025-02-04 17:10:52.053000+00:00,usgs,ok,data/processed/waveforms/us7000pba3_BODA.mseed,2026-09-12T12:47:33.428578+00:00
us7000pbba,YKAV,164.72,4.7,2025-02-04 20:00:23.415000+00:00,usgs,ok,data/processed/waveforms/us7000pbba_YKAV.mseed,2026-09-12T12:47:34.022289+00:00
us7000pbba,BODT,164.82,4.7,2025-02-04 20:00:23.415000+00:00,usgs,ok,data/processed/waveforms/us7000pbba_BODT.mseed,2026-09-12T12:47:35.473653+00:00
us7000pbba,DIDI,173.9,4.7,2025-02-04 20:00:23.415000+00:00,usgs,ok,data/processed/waveforms/us7000pbba_DIDI.mseed,2026-09-12T12:47:37.143102+00:00
us7000pbba,BODA,174.02,4.7,2025-02-04 20:00:23.415000+00:00,usgs,ok,data/processed/waveforms/us7000pbba_BODA.mseed,2026-09-12T12:47:37.833927+00:00
us7000pd6f,BODT,155.22,4.5,2025-02-04 20:05:38.293000+00:00,usgs,ok,data/processed/waveforms/us7000pd6f_BODT.mseed,2026-09-12T12:47:38.480480+00:00
us7000pd6f,YKAV,155.81,4.5,2025-02-04 20:05:38.293000+00:00,usgs,ok,data/processed/waveforms/us7000pd6f_YKAV.mseed,2026-09-12T12:47:39.113730+00:00
us7000pd6f,BODA,163.84,4.5,2025-02-04 20:05:38.293000+00:00,usgs,ok,data/processed/waveforms/us7000pd6f_BODA.mseed,2026-09-12T12:47:39.685346+00:00
us7000pd6f,DAT,167.41,4.5,2025-02-04 20:05:38.293000+00:00,usgs,ok,data/processed/waveforms/us7000pd6f_DAT.mseed,2026-09-12T12:47:40.319425+00:00
us7000pd76,BODT,154.16,4.5,2025-02-04 20:06:54.717000+00:00,usgs,ok,data/processed/waveforms/us7000pd76_BODT.mseed,2026-09-12T12:47:41.672249+00:00
us7000pd76,YKAV,154.39,4.5,2025-02-04 20:06:54.717000+00:00,usgs,ok,data/processed/waveforms/us7000pd76_YKAV.mseed,2026-09-12T12:47:42.290043+00:00
us7000pd76,BODA,163.1,4.5,2025-02-04 20:06:54.717000+00:00,usgs,ok,data/processed/waveforms/us7000pd76_BODA.mseed,2026-09-12T12:47:42.854684+00:00
us7000pd76,DIDI,164.89,4.5,2025-02-04 20:06:54.717000+00:00,usgs,ok,data/processed/waveforms/us7000pd76_DIDI.mseed,2026-09-12T12:47:43.428520+00:00
us7000pbig,YKAV,158.15,4.8,2025-02-05 10:35:08.773000+00:00,usgs,ok,data/processed/waveforms/us7000pbig_YKAV.mseed,2026-09-12T12:47:44.097490+00:00
us7000pbig,BODT,158.32,4.8,2025-02-05 10:35:08.773000+00:00,usgs,ok,data/processed/waveforms/us7000pbig_BODT.mseed,2026-09-12T12:47:45.424755+00:00
us7000pbig,DIDI,167.19,4.8,2025-02-05 10:35:08.773000+00:00,usgs,ok,data/processed/waveforms/us7000pbig_DIDI.mseed,2026-09-12T12:47:46.855490+00:00
us7000pbig,BODA,167.6,4.8,2025-02-05 10:35:08.773000+00:00,usgs,ok,data/processed/waveforms/us7000pbig_BODA.mseed,2026-09-12T12:47:48.232899+00:00
us7000pbir,YKAV,157.19,4.7,2025-02-05 11:08:58.419000+00:00,usgs,ok,data/processed/waveforms/us7000pbir_YKAV.mseed,2026-09-12T12:47:49.452760+00:00
us7000pbir,BODT,158.08,4.7,2025-02-05 11:08:58.419000+00:00,usgs,ok,data/processed/waveforms/us7000pbir_BODT.mseed,2026-09-12T12:47:50.653340+00:00
us7000pbir,DIDI,163.71,4.7,2025-02-05 11:08:58.419000+00:00,usgs,ok,data/processed/waveforms/us7000pbir_DIDI.mseed,2026-09-12T12:47:51.626967+00:00
us7000pbir,BODA,167.88,4.7,2025-02-05 11:08:58.419000+00:00,usgs,ok,data/processed/waveforms/us7000pbir_BODA.mseed,2026-09-12T12:47:52.302814+00:00
us7000pdft,YKAV,152.5,4.8,2025-02-05 11:10:24.486000+00:00,usgs,ok,data/processed/waveforms/us7000pdft_YKAV.mseed,2026-09-12T12:47:52.880723+00:00
us7000pdft,BODT,153.09,4.8,2025-02-05 11:10:24.486000+00:00,usgs,ok,data/processed/waveforms/us7000pdft_BODT.mseed,2026-09-12T12:47:53.485029+00:00
us7000pdft,DIDI,160.18,4.8,2025-02-05 11:10:24.486000+00:00,usgs,ok,data/processed/waveforms/us7000pdft_DIDI.mseed,2026-09-12T12:47:54.225993+00:00
us7000pdft,BODA,162.69,4.8,2025-02-05 11:10:24.486000+00:00,usgs,ok,data/processed/waveforms/us7000pdft_BODA.mseed,2026-09-12T12:47:54.866456+00:00
us7000pdgq,YKAV,157.4,4.6,2025-02-05 11:10:57.322000+00:00,usgs,ok,data/processed/waveforms/us7000pdgq_YKAV.mseed,2026-09-12T12:47:55.544059+00:00
us7000pdgq,BODT,157.83,4.6,2025-02-05 11:10:57.322000+00:00,usgs,ok,data/processed/waveforms/us7000pdgq_BODT.mseed,2026-09-12T12:47:56.171319+00:00
us7000pdgq,DIDI,165.58,4.6,2025-02-05 11:10:57.322000+00:00,usgs,ok,data/processed/waveforms/us7000pdgq_DIDI.mseed,2026-09-12T12:47:56.817838+00:00
us7000pdgq,BODA,167.3,4.6,2025-02-05 11:10:57.322000+00:00,usgs,ok,data/processed/waveforms/us7000pdgq_BODA.mseed,2026-09-12T12:47:57.495055+00:00
us7000pdf3,BODT,152.54,4.5,2025-02-05 11:13:42.954000+00:00,usgs,ok,data/processed/waveforms/us7000pdf3_BODT.mseed,2026-09-12T12:47:58.104523+00:00
us7000pdf3,YKAV,152.86,4.5,2025-02-05 11:13:42.954000+00:00,usgs,ok,data/processed/waveforms/us7000pdf3_YKAV.mseed,2026-09-12T12:47:58.782630+00:00
us7000pdf3,BODA,161.4,4.5,2025-02-05 11:13:42.954000+00:00,usgs,ok,data/processed/waveforms/us7000pdf3_BODA.mseed,2026-09-12T12:47:59.438830+00:00
us7000pdf3,DIDI,163.72,4.5,2025-02-05 11:13:42.954000+00:00,usgs,ok,data/processed/waveforms/us7000pdf3_DIDI.mseed,2026-09-12T12:48:00.024404+00:00
us7000pbiu,YKAV,167.8,4.7,2025-02-05 11:17:26.723000+00:00,usgs,ok,data/processed/waveforms/us7000pbiu_YKAV.mseed,2026-09-12T12:48:00.651288+00:00
us7000pbiu,BODT,167.89,4.7,2025-02-05 11:17:26.723000+00:00,usgs,ok,data/processed/waveforms/us7000pbiu_BODT.mseed,2026-09-12T12:48:01.487590+00:00
us7000pbiu,DIDI,176.98,4.7,2025-02-05 11:17:26.723000+00:00,usgs,ok,data/processed/waveforms/us7000pbiu_DIDI.mseed,2026-09-12T12:48:02.127114+00:00
us7000pbiu,BODA,177.08,4.7,2025-02-05 11:17:26.723000+00:00,usgs,ok,data/processed/waveforms/us7000pbiu_BODA.mseed,2026-09-12T12:48:02.725326+00:00
us7000pdfj,BODT,173.92,4.6,2025-02-05 11:26:05.218000+00:00,usgs,ok,data/processed/waveforms/us7000pdfj_BODT.mseed,2026-09-12T12:48:03.634669+00:00
us7000pdfj,YKAV,174.54,4.6,2025-02-05 11:26:05.218000+00:00,usgs,ok,data/processed/waveforms/us7000pdfj_YKAV.mseed,2026-09-12T12:48:04.224533+00:00
us7000pdfj,BODA,182.48,4.6,2025-02-05 11:26:05.218000+00:00,usgs,ok,data/processed/waveforms/us7000pdfj_BODA.mseed,2026-09-12T12:48:05.440667+00:00
us7000pdfj,DAT,185.25,4.6,2025-02-05 11:26:05.218000+00:00,usgs,ok,data/processed/waveforms/us7000pdfj_DAT.mseed,2026-09-12T12:48:06.766001+00:00
us7000pbj0,YKAV,150.67,4.5,2025-02-05 11:33:48.303000+00:00,usgs,ok,data/processed/waveforms/us7000pbj0_YKAV.mseed,2026-09-12T12:48:08.052024+00:00
us7000pbj0,BODT,151.12,4.5,2025-02-05 11:33:48.303000+00:00,usgs,ok,data/processed/waveforms/us7000pbj0_BODT.mseed,2026-09-12T12:48:08.690777+00:00
us7000pbj0,DIDI,158.88,4.5,2025-02-05 11:33:48.303000+00:00,usgs,ok,data/processed/waveforms/us7000pbj0_DIDI.mseed,2026-09-12T12:48:09.378310+00:00
us7000pbj0,BODA,160.62,4.5,2025-02-05 11:33:48.303000+00:00,usgs,ok,data/processed/waveforms/us7000pbj0_BODA.mseed,2026-09-12T12:48:10.050719+00:00
us7000pbln,BODT,156.86,4.8,2025-02-05 17:47:26.249000+00:00,usgs,ok,data/processed/waveforms/us7000pbln_BODT.mseed,2026-09-12T12:48:10.675526+00:00
us7000pbln,YKAV,157.05,4.8,2025-02-05 17:47:26.249000+00:00,usgs,ok,data/processed/waveforms/us7000pbln_YKAV.mseed,2026-09-12T12:48:11.729729+00:00
us7000pbln,BODA,165.84,4.8,2025-02-05 17:47:26.249000+00:00,usgs,ok,data/processed/waveforms/us7000pbln_BODA.mseed,2026-09-12T12:48:12.468022+00:00
us7000pbln,DIDI,167.38,4.8,2025-02-05 17:47:26.249000+00:00,usgs,ok,data/processed/waveforms/us7000pbln_DIDI.mseed,2026-09-12T12:48:13.227717+00:00
us7000pbmp,DIDI,165.14,5.1,2025-02-05 19:09:38.388000+00:00,usgs,ok,data/processed/waveforms/us7000pbmp_DIDI.mseed,2026-09-12T12:48:14.031669+00:00
us7000pbmp,BODA,165.75,5.1,2025-02-05 19:09:38.388000+00:00,usgs,ok,data/processed/waveforms/us7000pbmp_BODA.mseed,2026-09-12T12:48:14.850167+00:00
us7000pbq8,YKAV,153.77,4.5,2025-02-06 02:24:23.155000+00:00,usgs,ok,data/processed/waveforms/us7000pbq8_YKAV.mseed,2026-09-12T12:48:15.494628+00:00
us7000pbq8,BODT,154.04,4.5,2025-02-06 02:24:23.155000+00:00,usgs,ok,data/processed/waveforms/us7000pbq8_BODT.mseed,2026-09-12T12:48:16.666818+00:00
us7000pbq8,DIDI,162.55,4.5,2025-02-06 02:24:23.155000+00:00,usgs,ok,data/processed/waveforms/us7000pbq8_DIDI.mseed,2026-09-12T12:48:17.998871+00:00
us7000pbq8,BODA,163.39,4.5,2025-02-06 02:24:23.155000+00:00,usgs,ok,data/processed/waveforms/us7000pbq8_BODA.mseed,2026-09-12T12:48:19.588631+00:00
us7000pbqh,BODT,163.13,4.5,2025-02-06 02:54:21.080000+00:00,usgs,ok,data/processed/waveforms/us7000pbqh_BODT.mseed,2026-09-12T12:48:21.613356+00:00
us7000pbqh,YKAV,163.5,4.5,2025-02-06 02:54:21.080000+00:00,usgs,ok,data/processed/waveforms/us7000pbqh_YKAV.mseed,2026-09-12T12:48:22.436803+00:00
us7000pbqh,BODA,171.94,4.5,2025-02-06 02:54:21.080000+00:00,usgs,ok,data/processed/waveforms/us7000pbqh_BODA.mseed,2026-09-12T12:48:23.119669+00:00
us7000pbqh,DIDI,174.32,4.5,2025-02-06 02:54:21.080000+00:00,usgs,ok,data/processed/waveforms/us7000pbqh_DIDI.mseed,2026-09-12T12:48:23.784572+00:00
us7000pdlv,BODT,170.62,4.5,2025-02-06 02:54:48.315000+00:00,usgs,ok,data/processed/waveforms/us7000pdlv_BODT.mseed,2026-09-12T12:48:24.458703+00:00
us7000pdlv,YKAV,171.49,4.5,2025-02-06 02:54:48.315000+00:00,usgs,ok,data/processed/waveforms/us7000pdlv_YKAV.mseed,2026-09-12T12:48:25.116255+00:00
us7000pdlv,BODA,178.94,4.5,2025-02-06 02:54:48.315000+00:00,usgs,ok,data/processed/waveforms/us7000pdlv_BODA.mseed,2026-09-12T12:48:25.746382+00:00
us7000pdlv,DAT,180.67,4.5,2025-02-06 02:54:48.315000+00:00,usgs,ok,data/processed/waveforms/us7000pdlv_DAT.mseed,2026-09-12T12:48:26.352740+00:00
us7000pbqp,YKAV,164.89,4.6,2025-02-06 03:23:08.406000+00:00,usgs,ok,data/processed/waveforms/us7000pbqp_YKAV.mseed,2026-09-12T12:48:27.515519+00:00
us7000pbqp,BODT,165.36,4.6,2025-02-06 03:23:08.406000+00:00,usgs,ok,data/processed/waveforms/us7000pbqp_BODT.mseed,2026-09-12T12:48:28.096911+00:00
us7000pbqp,DIDI,172.79,4.6,2025-02-06 03:23:08.406000+00:00,usgs,ok,data/processed/waveforms/us7000pbqp_DIDI.mseed,2026-09-12T12:48:28.806230+00:00
us7000pbqp,BODA,174.85,4.6,2025-02-06 03:23:08.406000+00:00,usgs,ok,data/processed/waveforms/us7000pbqp_BODA.mseed,2026-09-12T12:48:29.489570+00:00
us7000pbrr,YKAV,167.95,4.7,2025-02-06 05:51:47.236000+00:00,usgs,ok,data/processed/waveforms/us7000pbrr_YKAV.mseed,2026-09-12T12:48:30.109025+00:00
us7000pbrr,BODT,168.23,4.7,2025-02-06 05:51:47.236000+00:00,usgs,ok,data/processed/waveforms/us7000pbrr_BODT.mseed,2026-09-12T12:48:30.871200+00:00
us7000pbrr,DIDI,176.47,4.7,2025-02-06 05:51:47.236000+00:00,usgs,ok,data/processed/waveforms/us7000pbrr_DIDI.mseed,2026-09-12T12:48:31.479941+00:00
us7000pbrr,BODA,177.57,4.7,2025-02-06 05:51:47.236000+00:00,usgs,ok,data/processed/waveforms/us7000pbrr_BODA.mseed,2026-09-12T12:48:32.195202+00:00
us7000pbs6,BODT,159.24,4.5,2025-02-06 07:57:45.018000+00:00,usgs,ok,data/processed/waveforms/us7000pbs6_BODT.mseed,2026-09-12T12:48:32.775255+00:00
us7000pbs6,YKAV,159.31,4.5,2025-02-06 07:57:45.018000+00:00,usgs,ok,data/processed/waveforms/us7000pbs6_YKAV.mseed,2026-09-12T12:48:33.543733+00:00
us7000pbs6,BODA,168.31,4.5,2025-02-06 07:57:45.018000+00:00,usgs,ok,data/processed/waveforms/us7000pbs6_BODA.mseed,2026-09-12T12:48:34.139448+00:00
us7000pbs6,DIDI,169.17,4.5,2025-02-06 07:57:45.018000+00:00,usgs,ok,data/processed/waveforms/us7000pbs6_DIDI.mseed,2026-09-12T12:48:35.250435+00:00
us7000pc23,YKAV,160.27,4.9,2025-02-07 07:16:15.200000+00:00,usgs,ok,data/processed/waveforms/us7000pc23_YKAV.mseed,2026-09-12T12:48:36.658429+00:00
us7000pc23,BODT,160.44,4.9,2025-02-07 07:16:15.200000+00:00,usgs,ok,data/processed/waveforms/us7000pc23_BODT.mseed,2026-09-12T12:48:38.045134+00:00
us7000pc23,DIDI,169.31,4.9,2025-02-07 07:16:15.200000+00:00,usgs,ok,data/processed/waveforms/us7000pc23_DIDI.mseed,2026-09-12T12:48:39.432291+00:00
us7000pc23,BODA,169.7,4.9,2025-02-07 07:16:15.200000+00:00,usgs,ok,data/processed/waveforms/us7000pc23_BODA.mseed,2026-09-12T12:48:40.879003+00:00
us7000pc4s,YKAV,158.08,4.6,2025-02-07 15:16:49.568000+00:00,usgs,ok,data/processed/waveforms/us7000pc4s_YKAV.mseed,2026-09-12T12:48:42.147538+00:00
us7000pc4s,BODT,158.34,4.6,2025-02-07 15:16:49.568000+00:00,usgs,ok,data/processed/waveforms/us7000pc4s_BODT.mseed,2026-09-12T12:48:42.881831+00:00
us7000pc4s,DIDI,166.81,4.6,2025-02-07 15:16:49.568000+00:00,usgs,ok,data/processed/waveforms/us7000pc4s_DIDI.mseed,2026-09-12T12:48:43.617975+00:00
us7000pc4s,BODA,167.68,4.6,2025-02-07 15:16:49.568000+00:00,usgs,ok,data/processed/waveforms/us7000pc4s_BODA.mseed,2026-09-12T12:48:44.419122+00:00
us7000pdr4,YKAV,152.64,4.6,2025-02-07 15:17:27.693000+00:00,usgs,ok,data/processed/waveforms/us7000pdr4_YKAV.mseed,2026-09-12T12:48:45.188129+00:00
us7000pdr4,BODT,153.35,4.6,2025-02-07 15:17:27.693000+00:00,usgs,ok,data/processed/waveforms/us7000pdr4_BODT.mseed,2026-09-12T12:48:45.836206+00:00
us7000pdr4,DIDI,159.89,4.6,2025-02-07 15:17:27.693000+00:00,usgs,ok,data/processed/waveforms/us7000pdr4_DIDI.mseed,2026-09-12T12:48:46.445855+00:00
us7000pdr4,BODA,163.03,4.6,2025-02-07 15:17:27.693000+00:00,usgs,ok,data/processed/waveforms/us7000pdr4_BODA.mseed,2026-09-12T12:48:47.117124+00:00
us7000pc8g,YKAV,153.54,4.6,2025-02-08 01:52:03.571000+00:00,usgs,ok,data/processed/waveforms/us7000pc8g_YKAV.mseed,2026-09-12T12:48:47.753097+00:00
us7000pc8g,BODT,153.6,4.6,2025-02-08 01:52:03.571000+00:00,usgs,ok,data/processed/waveforms/us7000pc8g_BODT.mseed,2026-09-12T12:48:49.181887+00:00
us7000pc8g,BODA,162.79,4.6,2025-02-08 01:52:03.571000+00:00,usgs,ok,data/processed/waveforms/us7000pc8g_BODA.mseed,2026-09-12T12:48:51.059021+00:00
us7000pc8g,DIDI,163.07,4.6,2025-02-08 01:52:03.571000+00:00,usgs,ok,data/processed/waveforms/us7000pc8g_DIDI.mseed,2026-09-12T12:48:52.734448+00:00
us7000pcac,YKAV,160.94,4.8,2025-02-08 08:36:03.940000+00:00,usgs,ok,data/processed/waveforms/us7000pcac_YKAV.mseed,2026-09-12T12:48:54.050846+00:00
us7000pcac,BODT,161.03,4.8,2025-02-08 08:36:03.940000+00:00,usgs,ok,data/processed/waveforms/us7000pcac_BODT.mseed,2026-09-12T12:48:54.756554+00:00
us7000pcac,DIDI,170.23,4.8,2025-02-08 08:36:03.940000+00:00,usgs,ok,data/processed/waveforms/us7000pcac_DIDI.mseed,2026-09-12T12:48:55.484069+00:00
us7000pcac,BODA,170.23,4.8,2025-02-08 08:36:03.940000+00:00,usgs,ok,data/processed/waveforms/us7000pcac_BODA.mseed,2026-09-12T12:48:56.178535+00:00
us7000pcah,YKAV,159.97,4.9,2025-02-08 09:00:40.947000+00:00,usgs,ok,data/processed/waveforms/us7000pcah_YKAV.mseed,2026-09-12T12:48:56.820788+00:00
us7000pcah,BODT,160.08,4.9,2025-02-08 09:00:40.947000+00:00,usgs,ok,data/processed/waveforms/us7000pcah_BODT.mseed,2026-09-12T12:48:57.362815+00:00
us7000pcah,DIDI,169.19,4.9,2025-02-08 09:00:40.947000+00:00,usgs,ok,data/processed/waveforms/us7000pcah_DIDI.mseed,2026-09-12T12:48:57.951997+00:00
us7000pcah,BODA,169.3,4.9,2025-02-08 09:00:40.947000+00:00,usgs,ok,data/processed/waveforms/us7000pcah_BODA.mseed,2026-09-12T12:48:58.622022+00:00
us7000pcan,YKAV,162.89,4.5,2025-02-08 09:10:06.299000+00:00,usgs,ok,data/processed/waveforms/us7000pcan_YKAV.mseed,2026-09-12T12:48:59.220663+00:00
us7000pcan,BODT,163.13,4.5,2025-02-08 09:10:06.299000+00:00,usgs,ok,data/processed/waveforms/us7000pcan_BODT.mseed,2026-09-12T12:48:59.791710+00:00
us7000pcan,DIDI,171.63,4.5,2025-02-08 09:10:06.299000+00:00,usgs,ok,data/processed/waveforms/us7000pcan_DIDI.mseed,2026-09-12T12:49:00.363868+00:00
us7000pcan,BODA,172.44,4.5,2025-02-08 09:10:06.299000+00:00,usgs,ok,data/processed/waveforms/us7000pcan_BODA.mseed,2026-09-12T12:49:00.955880+00:00
us7000pcau,BODT,169.71,4.6,2025-02-08 09:24:03.220000+00:00,usgs,ok,data/processed/waveforms/us7000pcau_BODT.mseed,2026-09-12T12:49:01.590310+00:00
us7000pcau,YKAV,169.82,4.6,2025-02-08 09:24:03.220000+00:00,usgs,ok,data/processed/waveforms/us7000pcau_YKAV.mseed,2026-09-12T12:49:02.313013+00:00
us7000pcau,BODA,178.73,4.6,2025-02-08 09:24:03.220000+00:00,usgs,ok,data/processed/waveforms/us7000pcau_BODA.mseed,2026-09-12T12:49:02.900810+00:00
us7000pcau,DIDI,179.67,4.6,2025-02-08 09:24:03.220000+00:00,usgs,ok,data/processed/waveforms/us7000pcau_DIDI.mseed,2026-09-12T12:49:03.472420+00:00
us7000pce5,BODT,176.52,4.5,2025-02-09 01:35:15.864000+00:00,usgs,ok,data/processed/waveforms/us7000pce5_BODT.mseed,2026-09-12T12:49:04.094461+00:00
us7000pce5,YKAV,176.81,4.5,2025-02-09 01:35:15.864000+00:00,usgs,ok,data/processed/waveforms/us7000pce5_YKAV.mseed,2026-09-12T12:49:05.933754+00:00
us7000pce5,BODA,185.38,4.5,2025-02-09 01:35:15.864000+00:00,usgs,ok,data/processed/waveforms/us7000pce5_BODA.mseed,2026-09-12T12:49:07.758853+00:00
us7000pce5,DIDI,187.18,4.5,2025-02-09 01:35:15.864000+00:00,usgs,ok,data/processed/waveforms/us7000pce5_DIDI.mseed,2026-09-12T12:49:09.068781+00:00
us7000pchj,BODT,158.7,4.5,2025-02-09 15:16:30.091000+00:00,usgs,ok,data/processed/waveforms/us7000pchj_BODT.mseed,2026-09-12T12:49:10.465467+00:00
us7000pchj,YKAV,158.87,4.5,2025-02-09 15:16:30.091000+00:00,usgs,ok,data/processed/waveforms/us7000pchj_YKAV.mseed,2026-09-12T12:49:11.263996+00:00
us7000pchj,BODA,167.68,4.5,2025-02-09 15:16:30.091000+00:00,usgs,ok,data/processed/waveforms/us7000pchj_BODA.mseed,2026-09-12T12:49:11.975963+00:00
us7000pchj,DIDI,169.11,4.5,2025-02-09 15:16:30.091000+00:00,usgs,ok,data/processed/waveforms/us7000pchj_DIDI.mseed,2026-09-12T12:49:12.704585+00:00
us7000pcid,BODT,163.96,4.7,2025-02-09 18:53:58.322000+00:00,usgs,ok,data/processed/waveforms/us7000pcid_BODT.mseed,2026-09-12T12:49:13.646513+00:00
us7000pcid,YKAV,164.11,4.7,2025-02-09 18:53:58.322000+00:00,usgs,ok,data/processed/waveforms/us7000pcid_YKAV.mseed,2026-09-12T12:49:14.488856+00:00
us7000pcid,BODA,172.96,4.7,2025-02-09 18:53:58.322000+00:00,usgs,ok,data/processed/waveforms/us7000pcid_BODA.mseed,2026-09-12T12:49:15.403405+00:00
us7000pcid,DIDI,174.17,4.7,2025-02-09 18:53:58.322000+00:00,usgs,ok,data/processed/waveforms/us7000pcid_DIDI.mseed,2026-09-12T12:49:16.147870+00:00
us7000pcih,DIDI,163.72,5.2,2025-02-09 19:05:38.291000+00:00,usgs,ok,data/processed/waveforms/us7000pcih_DIDI.mseed,2026-09-12T12:49:16.836632+00:00
us7000pcih,BODA,165.71,5.2,2025-02-09 19:05:38.291000+00:00,usgs,ok,data/processed/waveforms/us7000pcih_BODA.mseed,2026-09-12T12:49:18.023480+00:00
us7000pcij,BODT,173.56,4.6,2025-02-09 19:16:42.880000+00:00,usgs,ok,data/processed/waveforms/us7000pcij_BODT.mseed,2026-09-12T12:49:19.143178+00:00
us7000pcij,YKAV,173.63,4.6,2025-02-09 19:16:42.880000+00:00,usgs,ok,data/processed/waveforms/us7000pcij_YKAV.mseed,2026-09-12T12:49:23.015538+00:00
us7000pcij,BODA,182.62,4.6,2025-02-09 19:16:42.880000+00:00,usgs,ok,data/processed/waveforms/us7000pcij_BODA.mseed,2026-09-12T12:49:29.320995+00:00
us7000pcij,DIDI,183.26,4.6,2025-02-09 19:16:42.880000+00:00,usgs,ok,data/processed/waveforms/us7000pcij_DIDI.mseed,2026-09-12T12:49:31.838373+00:00
us7000pcil,BODT,172.75,4.7,2025-02-09 19:17:15.287000+00:00,usgs,ok,data/processed/waveforms/us7000pcil_BODT.mseed,2026-09-12T12:49:33.035546+00:00
us7000pcil,YKAV,172.99,4.7,2025-02-09 19:17:15.287000+00:00,usgs,ok,data/processed/waveforms/us7000pcil_YKAV.mseed,2026-09-12T12:49:33.774240+00:00
us7000pcil,BODA,181.66,4.7,2025-02-09 19:17:15.287000+00:00,usgs,ok,data/processed/waveforms/us7000pcil_BODA.mseed,2026-09-12T12:49:34.435751+00:00
us7000pcil,DIDI,183.23,4.7,2025-02-09 19:17:15.287000+00:00,usgs,ok,data/processed/waveforms/us7000pcil_DIDI.mseed,2026-09-12T12:49:35.942003+00:00
us7000pcmg,YKAV,143.71,4.7,2025-02-10 11:23:17.847000+00:00,usgs,ok,data/processed/waveforms/us7000pcmg_YKAV.mseed,2026-09-12T12:49:37.590183+00:00
us7000pcmg,BODT,144.31,4.7,2025-02-10 11:23:17.847000+00:00,usgs,ok,data/processed/waveforms/us7000pcmg_BODT.mseed,2026-09-12T12:49:38.970179+00:00
us7000pcmg,DIDI,151.53,4.7,2025-02-10 11:23:17.847000+00:00,usgs,ok,data/processed/waveforms/us7000pcmg_DIDI.mseed,2026-09-12T12:49:40.478920+00:00
us7000pcmg,BODA,153.93,4.7,2025-02-10 11:23:17.847000+00:00,usgs,ok,data/processed/waveforms/us7000pcmg_BODA.mseed,2026-09-12T12:49:42.190171+00:00
us7000pcr3,DIDI,160.18,5.3,2025-02-10 20:16:28.738000+00:00,usgs,ok,data/processed/waveforms/us7000pcr3_DIDI.mseed,2026-09-12T12:49:43.581484+00:00
us7000pcr3,BODA,162.66,5.3,2025-02-10 20:16:28.738000+00:00,usgs,ok,data/processed/waveforms/us7000pcr3_BODA.mseed,2026-09-12T12:49:44.828286+00:00
us7000pcs7,DIDI,165.95,5.1,2025-02-10 22:37:24.642000+00:00,usgs,ok,data/processed/waveforms/us7000pcs7_DIDI.mseed,2026-09-12T12:49:45.569636+00:00
us7000pcs7,BODA,166.97,5.1,2025-02-10 22:37:24.642000+00:00,usgs,ok,data/processed/waveforms/us7000pcs7_BODA.mseed,2026-09-12T12:49:46.472077+00:00
us7000pctn,YKAV,149.8,4.5,2025-02-11 05:14:30.769000+00:00,usgs,ok,data/processed/waveforms/us7000pctn_YKAV.mseed,2026-09-12T12:49:47.123710+00:00
us7000pctn,BODT,149.83,4.5,2025-02-11 05:14:30.769000+00:00,usgs,ok,data/processed/waveforms/us7000pctn_BODT.mseed,2026-09-12T12:49:48.586100+00:00
us7000pctn,BODA,159.01,4.5,2025-02-11 05:14:30.769000+00:00,usgs,ok,data/processed/waveforms/us7000pctn_BODA.mseed,2026-09-12T12:49:50.338704+00:00
us7000pctn,DIDI,159.5,4.5,2025-02-11 05:14:30.769000+00:00,usgs,ok,data/processed/waveforms/us7000pctn_DIDI.mseed,2026-09-12T12:49:52.227847+00:00
us7000pcu0,YKAV,140.28,4.7,2025-02-11 05:58:44.528000+00:00,usgs,ok,data/processed/waveforms/us7000pcu0_YKAV.mseed,2026-09-12T12:49:54.081929+00:00
us7000pcu0,BODT,140.53,4.7,2025-02-11 05:58:44.528000+00:00,usgs,ok,data/processed/waveforms/us7000pcu0_BODT.mseed,2026-09-12T12:49:54.744896+00:00
us7000pcu0,DIDI,149.41,4.7,2025-02-11 05:58:44.528000+00:00,usgs,ok,data/processed/waveforms/us7000pcu0_DIDI.mseed,2026-09-12T12:49:55.412856+00:00
us7000pcu0,BODA,149.89,4.7,2025-02-11 05:58:44.528000+00:00,usgs,ok,data/processed/waveforms/us7000pcu0_BODA.mseed,2026-09-12T12:49:56.028593+00:00
us7000pesp,YKAV,136.8,4.5,2025-02-11 06:00:29.610000+00:00,usgs,ok,data/processed/waveforms/us7000pesp_YKAV.mseed,2026-09-12T12:49:56.593457+00:00
us7000pesp,BODT,138.1,4.5,2025-02-11 06:00:29.610000+00:00,usgs,ok,data/processed/waveforms/us7000pesp_BODT.mseed,2026-09-12T12:49:57.336500+00:00
us7000pesp,DIDI,142.24,4.5,2025-02-11 06:00:29.610000+00:00,usgs,ok,data/processed/waveforms/us7000pesp_DIDI.mseed,2026-09-12T12:49:57.960191+00:00
us7000pesp,BODA,148.19,4.5,2025-02-11 06:00:29.610000+00:00,usgs,ok,data/processed/waveforms/us7000pesp_BODA.mseed,2026-09-12T12:49:58.668312+00:00
us7000pcu8,YKAV,142.24,4.9,2025-02-11 06:39:57.329000+00:00,usgs,ok,data/processed/waveforms/us7000pcu8_YKAV.mseed,2026-09-12T12:49:59.265847+00:00
us7000pcu8,BODT,142.76,4.9,2025-02-11 06:39:57.329000+00:00,usgs,ok,data/processed/waveforms/us7000pcu8_BODT.mseed,2026-09-12T12:49:59.863356+00:00
us7000pcu8,DIDI,150.38,4.9,2025-02-11 06:39:57.329000+00:00,usgs,ok,data/processed/waveforms/us7000pcu8_DIDI.mseed,2026-09-12T12:50:00.515148+00:00
us7000pcu8,BODA,152.33,4.9,2025-02-11 06:39:57.329000+00:00,usgs,ok,data/processed/waveforms/us7000pcu8_BODA.mseed,2026-09-12T12:50:01.456530+00:00
us7000pcuc,YKAV,147.45,4.7,2025-02-11 07:17:18.295000+00:00,usgs,ok,data/processed/waveforms/us7000pcuc_YKAV.mseed,2026-09-12T12:50:02.089087+00:00
us7000pcuc,BODT,148.17,4.7,2025-02-11 07:17:18.295000+00:00,usgs,ok,data/processed/waveforms/us7000pcuc_BODT.mseed,2026-09-12T12:50:02.704428+00:00
us7000pcuc,DIDI,154.76,4.7,2025-02-11 07:17:18.295000+00:00,usgs,ok,data/processed/waveforms/us7000pcuc_DIDI.mseed,2026-09-12T12:50:03.705739+00:00
us7000pcuc,BODA,157.87,4.7,2025-02-11 07:17:18.295000+00:00,usgs,ok,data/processed/waveforms/us7000pcuc_BODA.mseed,2026-09-12T12:50:04.320554+00:00
us7000pcv7,YKAV,143.0,4.9,2025-02-11 11:43:54.212000+00:00,usgs,ok,data/processed/waveforms/us7000pcv7_YKAV.mseed,2026-09-12T12:50:05.399637+00:00
us7000pcv7,BODT,143.18,4.9,2025-02-11 11:43:54.212000+00:00,usgs,ok,data/processed/waveforms/us7000pcv7_BODT.mseed,2026-09-12T12:50:06.757306+00:00
us7000pcv7,DIDI,152.29,4.9,2025-02-11 11:43:54.212000+00:00,usgs,ok,data/processed/waveforms/us7000pcv7_DIDI.mseed,2026-09-12T12:50:07.441574+00:00
us7000pcv7,BODA,152.49,4.9,2025-02-11 11:43:54.212000+00:00,usgs,ok,data/processed/waveforms/us7000pcv7_BODA.mseed,2026-09-12T12:50:08.200442+00:00
us7000pcvr,YKAV,144.08,4.6,2025-02-11 14:19:50.052000+00:00,usgs,ok,data/processed/waveforms/us7000pcvr_YKAV.mseed,2026-09-12T12:50:09.043512+00:00
us7000pcvr,BODT,144.68,4.6,2025-02-11 14:19:50.052000+00:00,usgs,ok,data/processed/waveforms/us7000pcvr_BODT.mseed,2026-09-12T12:50:09.698339+00:00
us7000pcvr,DIDI,151.9,4.6,2025-02-11 14:19:50.052000+00:00,usgs,ok,data/processed/waveforms/us7000pcvr_DIDI.mseed,2026-09-12T12:50:10.498034+00:00
us7000pcvr,BODA,154.29,4.6,2025-02-11 14:19:50.052000+00:00,usgs,ok,data/processed/waveforms/us7000pcvr_BODA.mseed,2026-09-12T12:50:11.185235+00:00
us7000pcwn,YKAV,143.91,4.5,2025-02-11 17:40:19.117000+00:00,usgs,ok,data/processed/waveforms/us7000pcwn_YKAV.mseed,2026-09-12T12:50:11.818357+00:00
us7000pcwn,BODT,143.94,4.5,2025-02-11 17:40:19.117000+00:00,usgs,ok,data/processed/waveforms/us7000pcwn_BODT.mseed,2026-09-12T12:50:12.537159+00:00
us7000pcwn,BODA,153.12,4.5,2025-02-11 17:40:19.117000+00:00,usgs,ok,data/processed/waveforms/us7000pcwn_BODA.mseed,2026-09-12T12:50:13.184453+00:00
us7000pcwn,DIDI,153.71,4.5,2025-02-11 17:40:19.117000+00:00,usgs,ok,data/processed/waveforms/us7000pcwn_DIDI.mseed,2026-09-12T12:50:13.807147+00:00
us7000pd1i,DIDI,178.92,5.1,2025-02-12 01:14:54.298000+00:00,usgs,ok,data/processed/waveforms/us7000pd1i_DIDI.mseed,2026-09-12T12:50:14.465124+00:00
us7000pd1i,BODA,179.26,5.1,2025-02-12 01:14:54.298000+00:00,usgs,ok,data/processed/waveforms/us7000pd1i_BODA.mseed,2026-09-12T12:50:15.904624+00:00
us7000pd1u,BODT,164.58,4.5,2025-02-12 02:14:20.277000+00:00,usgs,ok,data/processed/waveforms/us7000pd1u_BODT.mseed,2026-09-12T12:50:17.234005+00:00
us7000pd1u,YKAV,164.8,4.5,2025-02-12 02:14:20.277000+00:00,usgs,ok,data/processed/waveforms/us7000pd1u_YKAV.mseed,2026-09-12T12:50:18.543581+00:00
us7000pd1u,BODA,173.52,4.5,2025-02-12 02:14:20.277000+00:00,usgs,ok,data/processed/waveforms/us7000pd1u_BODA.mseed,2026-09-12T12:50:20.308212+00:00
us7000pd1u,DIDI,175.11,4.5,2025-02-12 02:14:20.277000+00:00,usgs,ok,data/processed/waveforms/us7000pd1u_DIDI.mseed,2026-09-12T12:50:21.418278+00:00
us7000pd2t,YKAV,162.89,4.8,2025-02-12 08:29:50.855000+00:00,usgs,ok,data/processed/waveforms/us7000pd2t_YKAV.mseed,2026-09-12T12:50:22.158674+00:00
us7000pd2t,BODT,163.01,4.8,2025-02-12 08:29:50.855000+00:00,usgs,ok,data/processed/waveforms/us7000pd2t_BODT.mseed,2026-09-12T12:50:22.853570+00:00
us7000pd2t,DIDI,172.06,4.8,2025-02-12 08:29:50.855000+00:00,usgs,ok,data/processed/waveforms/us7000pd2t_DIDI.mseed,2026-09-12T12:50:23.587633+00:00
us7000pd2t,BODA,172.22,4.8,2025-02-12 08:29:50.855000+00:00,usgs,ok,data/processed/waveforms/us7000pd2t_BODA.mseed,2026-09-12T12:50:24.328994+00:00
us7000pd30,YKAV,165.61,4.8,2025-02-12 09:15:06.702000+00:00,usgs,ok,data/processed/waveforms/us7000pd30_YKAV.mseed,2026-09-12T12:50:25.027962+00:00
us7000pd30,BODT,165.83,4.8,2025-02-12 09:15:06.702000+00:00,usgs,ok,data/processed/waveforms/us7000pd30_BODT.mseed,2026-09-12T12:50:25.655629+00:00
us7000pd30,DIDI,174.35,4.8,2025-02-12 09:15:06.702000+00:00,usgs,ok,data/processed/waveforms/us7000pd30_DIDI.mseed,2026-09-12T12:50:26.304475+00:00
us7000pd30,BODA,175.14,4.8,2025-02-12 09:15:06.702000+00:00,usgs,ok,data/processed/waveforms/us7000pd30_BODA.mseed,2026-09-12T12:50:27.009127+00:00
us7000pd31,BODT,169.57,4.7,2025-02-12 09:20:41.712000+00:00,usgs,ok,data/processed/waveforms/us7000pd31_BODT.mseed,2026-09-12T12:50:27.655667+00:00
us7000pd31,YKAV,170.19,4.7,2025-02-12 09:20:41.712000+00:00,usgs,ok,data/processed/waveforms/us7000pd31_YKAV.mseed,2026-09-12T12:50:28.298466+00:00
us7000pd31,BODA,178.13,4.7,2025-02-12 09:20:41.712000+00:00,usgs,ok,data/processed/waveforms/us7000pd31_BODA.mseed,2026-09-12T12:50:28.855377+00:00
us7000pd31,DAT,181.03,4.7,2025-02-12 09:20:41.712000+00:00,usgs,ok,data/processed/waveforms/us7000pd31_DAT.mseed,2026-09-12T12:50:29.428770+00:00
us7000pf0h,BODT,160.99,4.5,2025-02-12 09:22:18.859000+00:00,usgs,ok,data/processed/waveforms/us7000pf0h_BODT.mseed,2026-09-12T12:50:30.920241+00:00
us7000pf0h,YKAV,161.62,4.5,2025-02-12 09:22:18.859000+00:00,usgs,ok,data/processed/waveforms/us7000pf0h_YKAV.mseed,2026-09-12T12:50:31.513738+00:00
us7000pf0h,BODA,169.56,4.5,2025-02-12 09:22:18.859000+00:00,usgs,ok,data/processed/waveforms/us7000pf0h_BODA.mseed,2026-09-12T12:50:32.083822+00:00
us7000pf0h,DAT,172.72,4.5,2025-02-12 09:22:18.859000+00:00,usgs,ok,data/processed/waveforms/us7000pf0h_DAT.mseed,2026-09-12T12:50:32.699331+00:00
us7000pd7j,YKAV,168.92,4.6,2025-02-12 18:34:24.293000+00:00,usgs,ok,data/processed/waveforms/us7000pd7j_YKAV.mseed,2026-09-12T12:50:33.473127+00:00
us7000pd7j,BODT,169.01,4.6,2025-02-12 18:34:24.293000+00:00,usgs,ok,data/processed/waveforms/us7000pd7j_BODT.mseed,2026-09-12T12:50:34.288813+00:00
us7000pd7j,DIDI,178.08,4.6,2025-02-12 18:34:24.293000+00:00,usgs,ok,data/processed/waveforms/us7000pd7j_DIDI.mseed,2026-09-12T12:50:35.906018+00:00
us7000pd7j,BODA,178.2,4.6,2025-02-12 18:34:24.293000+00:00,usgs,ok,data/processed/waveforms/us7000pd7j_BODA.mseed,2026-09-12T12:50:37.440848+00:00
us7000pde0,YKAV,166.24,4.5,2025-02-13 15:42:21.638000+00:00,usgs,ok,data/processed/waveforms/us7000pde0_YKAV.mseed,2026-09-12T12:50:38.161172+00:00
us7000pde0,BODT,166.25,4.5,2025-02-13 15:42:21.638000+00:00,usgs,ok,data/processed/waveforms/us7000pde0_BODT.mseed,2026-09-12T12:50:39.658236+00:00
us7000pde0,BODA,175.38,4.5,2025-02-13 15:42:21.638000+00:00,usgs,ok,data/processed/waveforms/us7000pde0_BODA.mseed,2026-09-12T12:50:41.408705+00:00
us7000pde0,DIDI,175.7,4.5,2025-02-13 15:42:21.638000+00:00,usgs,ok,data/processed/waveforms/us7000pde0_DIDI.mseed,2026-09-12T12:50:42.926691+00:00
us7000pe15,YEDI,17.89,4.7,2025-02-15 23:24:49.649000+00:00,usgs,ok,data/processed/waveforms/us7000pe15_YEDI.mseed,2026-09-12T12:50:44.591627+00:00
us7000pe15,KARO,28.2,4.7,2025-02-15 23:24:49.649000+00:00,usgs,ok,data/processed/waveforms/us7000pe15_KARO.mseed,2026-09-12T12:50:46.307129+00:00
us7000pe15,BNGB,41.62,4.7,2025-02-15 23:24:49.649000+00:00,usgs,ok,data/processed/waveforms/us7000pe15_BNGB.mseed,2026-09-12T12:50:48.120041+00:00
us7000pe15,VRTB,66.52,4.7,2025-02-15 23:24:49.649000+00:00,usgs,ok,data/processed/waveforms/us7000pe15_VRTB.mseed,2026-09-12T12:50:49.763845+00:00
us7000pe7i,YKAV,159.6,4.5,2025-02-17 07:46:23.311000+00:00,usgs,ok,data/processed/waveforms/us7000pe7i_YKAV.mseed,2026-09-12T12:50:52.162733+00:00
us7000pe7i,BODT,159.86,4.5,2025-02-17 07:46:23.311000+00:00,usgs,ok,data/processed/waveforms/us7000pe7i_BODT.mseed,2026-09-12T12:50:54.274045+00:00
us7000pe7i,DIDI,168.34,4.5,2025-02-17 07:46:23.311000+00:00,usgs,ok,data/processed/waveforms/us7000pe7i_DIDI.mseed,2026-09-12T12:50:56.087931+00:00
us7000pe7i,BODA,169.19,4.5,2025-02-17 07:46:23.311000+00:00,usgs,ok,data/processed/waveforms/us7000pe7i_BODA.mseed,2026-09-12T12:50:58.361132+00:00
us7000pe7k,DIDI,166.96,5.0,2025-02-17 07:49:50.321000+00:00,usgs,ok,data/processed/waveforms/us7000pe7k_DIDI.mseed,2026-09-12T12:50:59.784128+00:00
us7000pe7k,BODA,169.6,5.0,2025-02-17 07:49:50.321000+00:00,usgs,ok,data/processed/waveforms/us7000pe7k_BODA.mseed,2026-09-12T12:51:00.494332+00:00
us7000peff,YKAV,146.11,4.6,2025-02-18 02:54:08.231000+00:00,usgs,ok,data/processed/waveforms/us7000peff_YKAV.mseed,2026-09-12T12:51:01.094372+00:00
us7000peff,BODT,146.48,4.6,2025-02-18 02:54:08.231000+00:00,usgs,ok,data/processed/waveforms/us7000peff_BODT.mseed,2026-09-12T12:51:02.585167+00:00
us7000peff,DIDI,154.7,4.6,2025-02-18 02:54:08.231000+00:00,usgs,ok,data/processed/waveforms/us7000peff_DIDI.mseed,2026-09-12T12:51:03.844096+00:00
us7000peff,BODA,155.93,4.6,2025-02-18 02:54:08.231000+00:00,usgs,ok,data/processed/waveforms/us7000peff_BODA.mseed,2026-09-12T12:51:05.642112+00:00
us7000pefq,BODA,148.89,5.0,2025-02-18 04:46:52.092000+00:00,usgs,ok,data/processed/waveforms/us7000pefq_BODA.mseed,2026-09-12T12:51:07.966646+00:00
us7000pefq,DIDI,149.01,5.0,2025-02-18 04:46:52.092000+00:00,usgs,ok,data/processed/waveforms/us7000pefq_DIDI.mseed,2026-09-12T12:51:09.172561+00:00
us7000pefy,YKAV,157.08,4.8,2025-02-18 06:08:09.367000+00:00,usgs,ok,data/processed/waveforms/us7000pefy_YKAV.mseed,2026-09-12T12:51:09.870664+00:00
us7000pefy,BODT,157.45,4.8,2025-02-18 06:08:09.367000+00:00,usgs,ok,data/processed/waveforms/us7000pefy_BODT.mseed,2026-09-12T12:51:10.598582+00:00
us7000pefy,DIDI,165.44,4.8,2025-02-18 06:08:09.367000+00:00,usgs,ok,data/processed/waveforms/us7000pefy_DIDI.mseed,2026-09-12T12:51:11.265039+00:00
us7000pefy,BODA,166.88,4.8,2025-02-18 06:08:09.367000+00:00,usgs,ok,data/processed/waveforms/us7000pefy_BODA.mseed,2026-09-12T12:51:11.860039+00:00
us7000pf7u,VRTB,23.39,4.5,2025-02-21 12:27:38.055000+00:00,usgs,ok,data/processed/waveforms/us7000pf7u_VRTB.mseed,2026-09-12T12:51:12.644844+00:00
us7000pf7u,KARO,56.32,4.5,2025-02-21 12:27:38.055000+00:00,usgs,ok,data/processed/waveforms/us7000pf7u_KARO.mseed,2026-09-12T12:51:14.267399+00:00
us7000pf7u,MLAZ,74.3,4.5,2025-02-21 12:27:38.055000+00:00,usgs,ok,data/processed/waveforms/us7000pf7u_MLAZ.mseed,2026-09-12T12:51:15.786921+00:00
us7000pf7u,GURO,83.2,4.5,2025-02-21 12:27:38.055000+00:00,usgs,ok,data/processed/waveforms/us7000pf7u_GURO.mseed,2026-09-12T12:51:17.352108+00:00
us7000pfs8,YKAV,158.49,4.5,2025-02-24 11:33:07.055000+00:00,usgs,ok,data/processed/waveforms/us7000pfs8_YKAV.mseed,2026-09-12T12:51:18.801605+00:00
us7000pfs8,BODT,158.81,4.5,2025-02-24 11:33:07.055000+00:00,usgs,ok,data/processed/waveforms/us7000pfs8_BODT.mseed,2026-09-12T12:51:20.517818+00:00
us7000pfs8,DIDI,167.02,4.5,2025-02-24 11:33:07.055000+00:00,usgs,ok,data/processed/waveforms/us7000pfs8_DIDI.mseed,2026-09-12T12:51:22.639749+00:00
us7000pfs8,BODA,168.19,4.5,2025-02-24 11:33:07.055000+00:00,usgs,ok,data/processed/waveforms/us7000pfs8_BODA.mseed,2026-09-12T12:51:25.495651+00:00
us6000py6h,CUKT,37.5,4.6,2025-03-11 18:03:21.423000+00:00,usgs,ok,data/processed/waveforms/us6000py6h_CUKT.mseed,2026-09-12T12:51:26.775098+00:00
us6000py6h,SIRT,142.82,4.6,2025-03-11 18:03:21.423000+00:00,usgs,no_data,,2026-09-12T12:51:28.223596+00:00
us6000py6h,VANB,147.91,4.6,2025-03-11 18:03:21.423000+00:00,usgs,ok,data/processed/waveforms/us6000py6h_VANB.mseed,2026-09-12T12:51:28.862188+00:00
us6000py6h,AKDM,149.25,4.6,2025-03-11 18:03:21.423000+00:00,usgs,ok,data/processed/waveforms/us6000py6h_AKDM.mseed,2026-09-12T12:51:30.528112+00:00
us7000pn53,YKAV,165.68,4.5,2025-03-27 17:51:48.622000+00:00,usgs,ok,data/processed/waveforms/us7000pn53_YKAV.mseed,2026-09-12T12:51:32.006162+00:00
us7000pn53,BODT,165.72,4.5,2025-03-27 17:51:48.622000+00:00,usgs,ok,data/processed/waveforms/us7000pn53_BODT.mseed,2026-09-12T12:51:33.633883+00:00
us7000pn53,BODA,174.87,4.5,2025-03-27 17:51:48.622000+00:00,usgs,ok,data/processed/waveforms/us7000pn53_BODA.mseed,2026-09-12T12:51:35.792302+00:00
us7000pn53,DIDI,175.07,4.5,2025-03-27 17:51:48.622000+00:00,usgs,ok,data/processed/waveforms/us7000pn53_DIDI.mseed,2026-09-12T12:51:38.271718+00:00
us6000q5sb,KUPE,8.9,4.8,2025-04-13 14:43:02.978000+00:00,usgs,no_data,,2026-09-12T12:51:40.308327+00:00
us6000q5sb,HKOY,13.45,4.8,2025-04-13 14:43:02.978000+00:00,usgs,no_data,,2026-09-12T12:51:40.904142+00:00
us6000q5sb,KIZO,17.62,4.8,2025-04-13 14:43:02.978000+00:00,usgs,no_data,,2026-09-12T12:51:41.571632+00:00
us6000q5sb,GULF,22.26,4.8,2025-04-13 14:43:02.978000+00:00,usgs,ok,data/processed/waveforms/us6000q5sb_GULF.mseed,2026-09-12T12:51:42.146297+00:00
us7000pufs,SILV,26.8,6.2,2025-04-23 09:49:11.631000+00:00,usgs,ok,data/processed/waveforms/us7000pufs_SILV.mseed,2026-09-12T12:51:43.634550+00:00
us7000pufs,GUZE,32.43,6.2,2025-04-23 09:49:11.631000+00:00,usgs,ok,data/processed/waveforms/us7000pufs_GUZE.mseed,2026-09-12T12:51:44.909738+00:00
us7000pufv,SILV,25.05,4.5,2025-04-23 10:01:04.034000+00:00,usgs,ok,data/processed/waveforms/us7000pufv_SILV.mseed,2026-09-12T12:51:46.182789+00:00
us7000pufv,BOTS,26.5,4.5,2025-04-23 10:01:04.034000+00:00,usgs,ok,data/processed/waveforms/us7000pufv_BOTS.mseed,2026-09-12T12:51:46.778506+00:00
us7000pufv,MAEG,27.57,4.5,2025-04-23 10:01:04.034000+00:00,usgs,ok,data/processed/waveforms/us7000pufv_MAEG.mseed,2026-09-12T12:51:49.254906+00:00
us7000pufv,GUZE,28.62,4.5,2025-04-23 10:01:04.034000+00:00,usgs,ok,data/processed/waveforms/us7000pufv_GUZE.mseed,2026-09-12T12:51:51.339169+00:00
us7000py7q,GUZE,17.65,4.5,2025-04-23 10:02:11.275000+00:00,usgs,ok,data/processed/waveforms/us7000py7q_GUZE.mseed,2026-09-12T12:51:52.908804+00:00
us7000py7q,SINB,17.96,4.5,2025-04-23 10:02:11.275000+00:00,usgs,ok,data/processed/waveforms/us7000py7q_SINB.mseed,2026-09-12T12:51:53.655446+00:00
us7000py7q,BUYK,20.76,4.5,2025-04-23 10:02:11.275000+00:00,usgs,ok,data/processed/waveforms/us7000py7q_BUYK.mseed,2026-09-12T12:51:54.961668+00:00
us7000py7q,YKBL,21.88,4.5,2025-04-23 10:02:11.275000+00:00,usgs,ok,data/processed/waveforms/us7000py7q_YKBL.mseed,2026-09-12T12:51:56.347563+00:00
us7000pufy,BUYK,16.52,5.0,2025-04-23 10:02:33.619000+00:00,usgs,ok,data/processed/waveforms/us7000pufy_BUYK.mseed,2026-09-12T12:51:57.660338+00:00
us7000pufy,YKBL,19.23,5.0,2025-04-23 10:02:33.619000+00:00,usgs,ok,data/processed/waveforms/us7000pufy_YKBL.mseed,2026-09-12T12:51:58.221175+00:00
us7000pugj,SILV,25.02,4.9,2025-04-23 12:12:57.040000+00:00,usgs,ok,data/processed/waveforms/us7000pugj_SILV.mseed,2026-09-12T12:51:58.808442+00:00
us7000pugj,GUZE,25.8,4.9,2025-04-23 12:12:57.040000+00:00,usgs,ok,data/processed/waveforms/us7000pugj_GUZE.mseed,2026-09-12T12:51:59.788814+00:00
us7000pugj,SINB,27.89,4.9,2025-04-23 12:12:57.040000+00:00,usgs,ok,data/processed/waveforms/us7000pugj_SINB.mseed,2026-09-12T12:52:00.455445+00:00
us7000pugj,BOTS,29.21,4.9,2025-04-23 12:12:57.040000+00:00,usgs,ok,data/processed/waveforms/us7000pugj_BOTS.mseed,2026-09-12T12:52:01.068755+00:00
us7000puz4,SMAA,19.24,4.6,2025-04-25 07:20:02.976000+00:00,usgs,ok,data/processed/waveforms/us7000puz4_SMAA.mseed,2026-09-12T12:52:02.048635+00:00
us7000puz4,SIMA,21.15,4.6,2025-04-25 07:20:02.976000+00:00,usgs,ok,data/processed/waveforms/us7000puz4_SIMA.mseed,2026-09-12T12:52:03.291794+00:00
us7000puz4,SHAP,35.15,4.6,2025-04-25 07:20:02.976000+00:00,usgs,ok,data/processed/waveforms/us7000puz4_SHAP.mseed,2026-09-12T12:52:05.336320+00:00
us7000puz4,GEDZ,45.5,4.6,2025-04-25 07:20:02.976000+00:00,usgs,ok,data/processed/waveforms/us7000puz4_GEDZ.mseed,2026-09-12T12:52:08.003849+00:00
us7000pvfk,SVRC,33.85,4.7,2025-04-27 18:09:37.895000+00:00,usgs,ok,data/processed/waveforms/us7000pvfk_SVRC.mseed,2026-09-12T12:52:10.388286+00:00
us7000pvfk,MALT,43.48,4.7,2025-04-27 18:09:37.895000+00:00,usgs,no_data,,2026-09-12T12:52:12.191810+00:00
us7000pvfk,KBAN,56.13,4.7,2025-04-27 18:09:37.895000+00:00,usgs,ok,data/processed/waveforms/us7000pvfk_KBAN.mseed,2026-09-12T12:52:12.687898+00:00
us7000pvfk,PTK,75.78,4.7,2025-04-27 18:09:37.895000+00:00,usgs,no_data,,2026-09-12T12:52:14.681936+00:00
us7000pw15,DAT,173.46,4.5,2025-04-30 05:36:23.167000+00:00,usgs,ok,data/processed/waveforms/us7000pw15_DAT.mseed,2026-09-12T12:52:15.163980+00:00
us7000pw15,DATC,180.07,4.5,2025-04-30 05:36:23.167000+00:00,usgs,ok,data/processed/waveforms/us7000pw15_DATC.mseed,2026-09-12T12:52:16.353760+00:00
us7000pw15,BBRN,195.5,4.5,2025-04-30 05:36:23.167000+00:00,usgs,no_data,,2026-09-12T12:52:17.836036+00:00
us7000pw15,BODT,196.27,4.5,2025-04-30 05:36:23.167000+00:00,usgs,ok,data/processed/waveforms/us7000pw15_BODT.mseed,2026-09-12T12:52:18.313059+00:00
us6000qg7w,OSMA,31.57,4.5,2025-05-12 09:26:28.135000+00:00,usgs,ok,data/processed/waveforms/us6000qg7w_OSMA.mseed,2026-09-12T12:52:20.190983+00:00
us6000qg7w,KAYA,51.87,4.5,2025-05-12 09:26:28.135000+00:00,usgs,no_data,,2026-09-12T12:52:23.141006+00:00
us6000qg7w,YARM,58.45,4.5,2025-05-12 09:26:28.135000+00:00,usgs,no_data,,2026-09-12T12:52:23.673707+00:00
us6000qg7w,GULF,62.91,4.5,2025-05-12 09:26:28.135000+00:00,usgs,ok,data/processed/waveforms/us6000qg7w_GULF.mseed,2026-09-12T12:52:24.155947+00:00
us7000pyx9,YKAV,160.14,4.9,2025-05-12 23:30:09.599000+00:00,usgs,ok,data/processed/waveforms/us7000pyx9_YKAV.mseed,2026-09-12T12:52:25.543029+00:00
us7000pyx9,BODT,160.51,4.9,2025-05-12 23:30:09.599000+00:00,usgs,ok,data/processed/waveforms/us7000pyx9_BODT.mseed,2026-09-12T12:52:27.075296+00:00
us7000pyx9,DIDI,168.44,4.9,2025-05-12 23:30:09.599000+00:00,usgs,ok,data/processed/waveforms/us7000pyx9_DIDI.mseed,2026-09-12T12:52:28.749903+00:00
us7000pyx9,BODA,169.93,4.9,2025-05-12 23:30:09.599000+00:00,usgs,ok,data/processed/waveforms/us7000pyx9_BODA.mseed,2026-09-12T12:52:30.355489+00:00
us7000pz2p,BBRN,186.8,6.0,2025-05-13 22:51:15.880000+00:00,usgs,no_data,,2026-09-12T12:52:31.886686+00:00
us7000pz2p,MRSB,196.83,6.0,2025-05-13 22:51:15.880000+00:00,usgs,no_data,,2026-09-12T12:52:32.416612+00:00
us7000pzcl,AFSR,38.1,5.0,2025-05-15 12:46:37.436000+00:00,usgs,ok,data/processed/waveforms/us7000pzcl_AFSR.mseed,2026-09-12T12:52:32.912650+00:00
us7000pzcl,KAMT,48.49,5.0,2025-05-15 12:46:37.436000+00:00,usgs,ok,data/processed/waveforms/us7000pzcl_KAMT.mseed,2026-09-12T12:52:34.598198+00:00
us7000q0pq,YKAV,183.48,6.2,2025-05-22 03:19:35.518000+00:00,usgs,ok,data/processed/waveforms/us7000q0pq_YKAV.mseed,2026-09-12T12:52:36.813506+00:00
us7000q0pq,DATC,183.6,6.2,2025-05-22 03:19:35.518000+00:00,usgs,ok,data/processed/waveforms/us7000q0pq_DATC.mseed,2026-09-12T12:52:38.758555+00:00
us6000qhiq,DALY,42.54,5.8,2025-06-02 23:17:28.209000+00:00,usgs,ok,data/processed/waveforms/us6000qhiq_DALY.mseed,2026-09-12T12:52:40.231726+00:00
us6000qhiq,YER,46.12,5.8,2025-06-02 23:17:28.209000+00:00,usgs,ok,data/processed/waveforms/us6000qhiq_YER.mseed,2026-09-12T12:52:42.826396+00:00
us6000qlfq,YKAV,141.74,4.6,2025-06-20 16:18:55.073000+00:00,usgs,no_data,,2026-09-12T12:52:44.501969+00:00
us6000qlfq,BODT,142.12,4.6,2025-06-20 16:18:55.073000+00:00,usgs,ok,data/processed/waveforms/us6000qlfq_BODT.mseed,2026-09-12T12:52:45.101936+00:00
us6000qlfq,DIDI,150.41,4.6,2025-06-20 16:18:55.073000+00:00,usgs,no_data,,2026-09-12T12:52:46.872314+00:00
us6000qlfq,BODA,151.57,4.6,2025-06-20 16:18:55.073000+00:00,usgs,no_data,,2026-09-12T12:52:47.357021+00:00
us7000qbpg,YKAV,143.9,4.6,2025-07-09 22:54:07.990000+00:00,usgs,no_data,,2026-09-12T12:52:47.870015+00:00
us7000qbpg,BODT,144.54,4.6,2025-07-09 22:54:07.990000+00:00,usgs,ok,data/processed/waveforms/us7000qbpg_BODT.mseed,2026-09-12T12:52:48.352919+00:00
us7000qbpg,DIDI,151.56,4.6,2025-07-09 22:54:07.990000+00:00,usgs,ok,data/processed/waveforms/us7000qbpg_DIDI.mseed,2026-09-12T12:52:50.466914+00:00
us7000qbpg,BODA,154.19,4.6,2025-07-09 22:54:07.990000+00:00,usgs,no_data,,2026-09-12T12:52:53.060250+00:00
us6000qznb,GORD,53.21,6.1,2025-08-10 16:53:47.260000+00:00,usgs,ok,data/processed/waveforms/us6000qznb_GORD.mseed,2026-09-12T12:52:53.629392+00:00
us6000qznb,AKS,57.51,6.1,2025-08-10 16:53:47.260000+00:00,usgs,ok,data/processed/waveforms/us6000qznb_AKS.mseed,2026-09-12T12:52:55.872763+00:00
us6000r0e0,DAT,79.29,4.7,2025-08-13 17:39:12.999000+00:00,usgs,ok,data/processed/waveforms/us6000r0e0_DAT.mseed,2026-09-12T12:52:57.291235+00:00
us6000r0e0,DATC,87.19,4.7,2025-08-13 17:39:12.999000+00:00,usgs,ok,data/processed/waveforms/us6000r0e0_DATC.mseed,2026-09-12T12:52:58.664738+00:00
us6000r0e0,BODT,91.51,4.7,2025-08-13 17:39:12.999000+00:00,usgs,ok,data/processed/waveforms/us6000r0e0_BODT.mseed,2026-09-12T12:53:00.140198+00:00
us6000r0e0,BODA,94.31,4.7,2025-08-13 17:39:12.999000+00:00,usgs,no_data,,2026-09-12T12:53:01.629058+00:00
us6000r1um,SOMA,39.32,4.6,2025-08-18 08:26:28.343000+00:00,usgs,ok,data/processed/waveforms/us6000r1um_SOMA.mseed,2026-09-12T12:53:02.161933+00:00
us6000r1um,GORD,43.15,4.6,2025-08-18 08:26:28.343000+00:00,usgs,ok,data/processed/waveforms/us6000r1um_GORD.mseed,2026-09-12T12:53:04.500154+00:00
us6000r1um,BALB,44.16,4.6,2025-08-18 08:26:28.343000+00:00,usgs,ok,data/processed/waveforms/us6000r1um_BALB.mseed,2026-09-12T12:53:07.658336+00:00
us6000r1um,AKS,44.74,4.6,2025-08-18 08:26:28.343000+00:00,usgs,ok,data/processed/waveforms/us6000r1um_AKS.mseed,2026-09-12T12:53:10.014818+00:00
us6000r3ie,GORD,33.57,4.8,2025-08-24 18:58:18.229000+00:00,usgs,ok,data/processed/waveforms/us6000r3ie_GORD.mseed,2026-09-12T12:53:11.282214+00:00
us6000r3ie,AKS,46.51,4.8,2025-08-24 18:58:18.229000+00:00,usgs,ok,data/processed/waveforms/us6000r3ie_AKS.mseed,2026-09-12T12:53:13.415929+00:00
us6000r3ie,SOMA,52.74,4.8,2025-08-24 18:58:18.229000+00:00,usgs,ok,data/processed/waveforms/us6000r3ie_SOMA.mseed,2026-09-12T12:53:14.778731+00:00
us6000r3ie,BALB,54.56,4.8,2025-08-24 18:58:18.229000+00:00,usgs,ok,data/processed/waveforms/us6000r3ie_BALB.mseed,2026-09-12T12:53:16.973003+00:00
us7000quja,GORD,33.35,4.9,2025-09-07 09:35:09.687000+00:00,usgs,ok,data/processed/waveforms/us7000quja_GORD.mseed,2026-09-12T12:53:19.094754+00:00
us7000quja,AKS,45.58,4.9,2025-09-07 09:35:09.687000+00:00,usgs,ok,data/processed/waveforms/us7000quja_AKS.mseed,2026-09-12T12:53:21.842223+00:00
us7000quja,SOMA,51.62,4.9,2025-09-07 09:35:09.687000+00:00,usgs,ok,data/processed/waveforms/us7000quja_SOMA.mseed,2026-09-12T12:53:23.610699+00:00
us7000quja,BALB,54.4,4.9,2025-09-07 09:35:09.687000+00:00,usgs,ok,data/processed/waveforms/us7000quja_BALB.mseed,2026-09-12T12:53:25.636549+00:00
us7000qxqv,SOMA,49.7,5.1,2025-09-21 21:05:46.760000+00:00,usgs,ok,data/processed/waveforms/us7000qxqv_SOMA.mseed,2026-09-12T12:53:27.579843+00:00
us7000qxqv,GOMA,55.53,5.1,2025-09-21 21:05:46.760000+00:00,usgs,ok,data/processed/waveforms/us7000qxqv_GOMA.mseed,2026-09-12T12:53:29.810397+00:00
us6000rhb0,KULU,21.64,4.7,2025-09-22 06:03:35.766000+00:00,usgs,ok,data/processed/waveforms/us6000rhb0_KULU.mseed,2026-09-12T12:53:31.124732+00:00
us6000rhb0,AFSR,34.39,4.7,2025-09-22 06:03:35.766000+00:00,usgs,ok,data/processed/waveforms/us6000rhb0_AFSR.mseed,2026-09-12T12:53:32.337830+00:00
us6000rhb0,SERE,39.02,4.7,2025-09-22 06:03:35.766000+00:00,usgs,ok,data/processed/waveforms/us6000rhb0_SERE.mseed,2026-09-12T12:53:33.544545+00:00
us6000rhb0,KAMT,49.89,4.7,2025-09-22 06:03:35.766000+00:00,usgs,ok,data/processed/waveforms/us6000rhb0_KAMT.mseed,2026-09-12T12:53:35.312630+00:00
us6000rcfc,GORD,34.99,4.6,2025-09-23 22:27:50.888000+00:00,usgs,ok,data/processed/waveforms/us6000rcfc_GORD.mseed,2026-09-12T12:53:37.286088+00:00
us6000rcfc,AKS,44.33,4.6,2025-09-23 22:27:50.888000+00:00,usgs,ok,data/processed/waveforms/us6000rcfc_AKS.mseed,2026-09-12T12:53:39.462050+00:00
us6000rcfc,SOMA,48.1,4.6,2025-09-23 22:27:50.888000+00:00,usgs,ok,data/processed/waveforms/us6000rcfc_SOMA.mseed,2026-09-12T12:53:40.775450+00:00
us6000rcfc,BALB,52.02,4.6,2025-09-23 22:27:50.888000+00:00,usgs,ok,data/processed/waveforms/us6000rcfc_BALB.mseed,2026-09-12T12:53:42.872875+00:00
us6000rdf2,SHAP,34.24,5.2,2025-09-28 09:59:16.543000+00:00,usgs,ok,data/processed/waveforms/us6000rdf2_SHAP.mseed,2026-09-12T12:53:44.690100+00:00
us6000rdf2,GEDZ,46.1,5.2,2025-09-28 09:59:16.543000+00:00,usgs,no_data,,2026-09-12T12:53:45.863852+00:00
us6000rdhv,SMAA,30.97,4.6,2025-09-28 22:48:30.654000+00:00,usgs,ok,data/processed/waveforms/us6000rdhv_SMAA.mseed,2026-09-12T12:53:46.364832+00:00
us6000rdhv,SIMA,32.87,4.6,2025-09-28 22:48:30.654000+00:00,usgs,ok,data/processed/waveforms/us6000rdhv_SIMA.mseed,2026-09-12T12:53:47.508045+00:00
us6000rdhv,TVSB,40.05,4.6,2025-09-28 22:48:30.654000+00:00,usgs,ok,data/processed/waveforms/us6000rdhv_TVSB.mseed,2026-09-12T12:53:48.818418+00:00
us6000rdhv,DST,41.0,4.6,2025-09-28 22:48:30.654000+00:00,usgs,no_data,,2026-09-12T12:53:50.708641+00:00
us6000re6a,NMR9,26.47,5.0,2025-10-02 11:55:03.928000+00:00,usgs,ok,data/processed/waveforms/us6000re6a_NMR9.mseed,2026-09-12T12:53:51.989170+00:00
us6000re6a,MRMT,35.52,5.0,2025-10-02 11:55:03.928000+00:00,usgs,no_data,,2026-09-12T12:53:53.674305+00:00
us6000rfqg,SMAA,21.36,4.9,2025-10-08 23:54:07.168000+00:00,usgs,ok,data/processed/waveforms/us6000rfqg_SMAA.mseed,2026-09-12T12:53:54.370120+00:00
us6000rfqg,SIMA,23.08,4.9,2025-10-08 23:54:07.168000+00:00,usgs,ok,data/processed/waveforms/us6000rfqg_SIMA.mseed,2026-09-12T12:53:55.810452+00:00
us6000rfqg,SHAP,31.02,4.9,2025-10-08 23:54:07.168000+00:00,usgs,ok,data/processed/waveforms/us6000rfqg_SHAP.mseed,2026-09-12T12:53:57.330893+00:00
us6000rfqg,TVSB,38.28,4.9,2025-10-08 23:54:07.168000+00:00,usgs,ok,data/processed/waveforms/us6000rfqg_TVSB.mseed,2026-09-12T12:53:58.577250+00:00
us6000rjsu,DST,56.32,6.0,2025-10-27 19:48:28.767000+00:00,usgs,ok,data/processed/waveforms/us6000rjsu_DST.mseed,2026-09-12T12:54:00.067751+00:00
us6000rjsu,BALB,60.32,6.0,2025-10-27 19:48:28.767000+00:00,usgs,ok,data/processed/waveforms/us6000rjsu_BALB.mseed,2026-09-12T12:54:01.416570+00:00
us6000rjvg,GORD,35.04,4.9,2025-10-28 07:10:00.282000+00:00,usgs,ok,data/processed/waveforms/us6000rjvg_GORD.mseed,2026-09-12T12:54:03.661321+00:00
us6000rjvg,DST,53.5,4.9,2025-10-28 07:10:00.282000+00:00,usgs,ok,data/processed/waveforms/us6000rjvg_DST.mseed,2026-09-12T12:54:06.227957+00:00
us6000rjvg,AKS,53.7,4.9,2025-10-28 07:10:00.282000+00:00,usgs,ok,data/processed/waveforms/us6000rjvg_AKS.mseed,2026-09-12T12:54:08.374515+00:00
us6000rjvg,BALB,58.67,4.9,2025-10-28 07:10:00.282000+00:00,usgs,ok,data/processed/waveforms/us6000rjvg_BALB.mseed,2026-09-12T12:54:09.751953+00:00
us6000rjvu,GORD,40.91,4.9,2025-10-28 07:54:13.813000+00:00,usgs,ok,data/processed/waveforms/us6000rjvu_GORD.mseed,2026-09-12T12:54:11.787983+00:00
us6000rjvu,DST,46.46,4.9,2025-10-28 07:54:13.813000+00:00,usgs,ok,data/processed/waveforms/us6000rjvu_DST.mseed,2026-09-12T12:54:12.457686+00:00
us6000rjvu,BALB,58.62,4.9,2025-10-28 07:54:13.813000+00:00,usgs,ok,data/processed/waveforms/us6000rjvu_BALB.mseed,2026-09-12T12:54:13.128151+00:00
us6000rjvu,SMAA,59.49,4.9,2025-10-28 07:54:13.813000+00:00,usgs,ok,data/processed/waveforms/us6000rjvu_SMAA.mseed,2026-09-12T12:54:13.828747+00:00
us6000rjwk,GORD,26.5,4.5,2025-10-28 11:49:26.436000+00:00,usgs,ok,data/processed/waveforms/us6000rjwk_GORD.mseed,2026-09-12T12:54:15.051784+00:00
us6000rjwk,AKS,41.58,4.5,2025-10-28 11:49:26.436000+00:00,usgs,ok,data/processed/waveforms/us6000rjwk_AKS.mseed,2026-09-12T12:54:15.902068+00:00
us6000rjwk,GOMA,52.7,4.5,2025-10-28 11:49:26.436000+00:00,usgs,ok,data/processed/waveforms/us6000rjwk_GOMA.mseed,2026-09-12T12:54:16.463008+00:00
us6000rjwk,SOMA,53.04,4.5,2025-10-28 11:49:26.436000+00:00,usgs,ok,data/processed/waveforms/us6000rjwk_SOMA.mseed,2026-09-12T12:54:17.827825+00:00
us6000rl1h,GORD,32.04,4.8,2025-11-02 12:41:10.199000+00:00,usgs,ok,data/processed/waveforms/us6000rl1h_GORD.mseed,2026-09-12T12:54:24.009566+00:00
us6000rl1h,AKS,49.52,4.8,2025-11-02 12:41:10.199000+00:00,usgs,ok,data/processed/waveforms/us6000rl1h_AKS.mseed,2026-09-12T12:54:32.259707+00:00
us6000rl1h,DST,57.55,4.8,2025-11-02 12:41:10.199000+00:00,usgs,ok,data/processed/waveforms/us6000rl1h_DST.mseed,2026-09-12T12:54:35.116498+00:00
us6000rl1h,SOMA,58.91,4.8,2025-11-02 12:41:10.199000+00:00,usgs,ok,data/processed/waveforms/us6000rl1h_SOMA.mseed,2026-09-12T12:54:36.874133+00:00
us6000rl6n,SIMA,49.94,5.0,2025-11-03 12:35:37.219000+00:00,usgs,ok,data/processed/waveforms/us6000rl6n_SIMA.mseed,2026-09-12T12:54:39.786758+00:00
us6000rl6n,DST,51.11,5.0,2025-11-03 12:35:37.219000+00:00,usgs,ok,data/processed/waveforms/us6000rl6n_DST.mseed,2026-09-12T12:54:41.823136+00:00
us6000rmjf,GORD,36.62,4.7,2025-11-10 02:49:11.699000+00:00,usgs,ok,data/processed/waveforms/us6000rmjf_GORD.mseed,2026-09-12T12:54:43.225318+00:00
us6000rmjf,AKS,42.54,4.7,2025-11-10 02:49:11.699000+00:00,usgs,ok,data/processed/waveforms/us6000rmjf_AKS.mseed,2026-09-12T12:54:46.070642+00:00
us6000rmjf,SOMA,43.85,4.7,2025-11-10 02:49:11.699000+00:00,usgs,ok,data/processed/waveforms/us6000rmjf_SOMA.mseed,2026-09-12T12:54:47.578541+00:00
us6000rmjf,BALB,50.17,4.7,2025-11-10 02:49:11.699000+00:00,usgs,ok,data/processed/waveforms/us6000rmjf_BALB.mseed,2026-09-12T12:54:50.010019+00:00
us6000rmjv,GORD,26.66,4.5,2025-11-10 06:41:41.024000+00:00,usgs,ok,data/processed/waveforms/us6000rmjv_GORD.mseed,2026-09-12T12:54:52.050831+00:00
us6000rmjv,AKS,48.04,4.5,2025-11-10 06:41:41.024000+00:00,usgs,ok,data/processed/waveforms/us6000rmjv_AKS.mseed,2026-09-12T12:54:54.076633+00:00
us6000rmjv,GOMA,56.3,4.5,2025-11-10 06:41:41.024000+00:00,usgs,ok,data/processed/waveforms/us6000rmjv_GOMA.mseed,2026-09-12T12:54:55.143039+00:00
us6000rmjv,DST,60.63,4.5,2025-11-10 06:41:41.024000+00:00,usgs,ok,data/processed/waveforms/us6000rmjv_DST.mseed,2026-09-12T12:54:56.678312+00:00
us6000rmmy,GORD,34.25,4.8,2025-11-10 18:20:51.486000+00:00,usgs,ok,data/processed/waveforms/us6000rmmy_GORD.mseed,2026-09-12T12:54:58.016644+00:00
us6000rmmy,AKS,43.41,4.8,2025-11-10 18:20:51.486000+00:00,usgs,ok,data/processed/waveforms/us6000rmmy_AKS.mseed,2026-09-12T12:54:59.068808+00:00
us6000rmmy,SOMA,47.61,4.8,2025-11-10 18:20:51.486000+00:00,usgs,ok,data/processed/waveforms/us6000rmmy_SOMA.mseed,2026-09-12T12:55:00.045039+00:00
us6000rmmy,BALB,52.68,4.8,2025-11-10 18:20:51.486000+00:00,usgs,ok,data/processed/waveforms/us6000rmmy_BALB.mseed,2026-09-12T12:55:01.134288+00:00
us7000rey2,LEF,36.25,4.6,2025-11-12 14:26:11.542000+00:00,usgs,ok,data/processed/waveforms/us7000rey2_LEF.mseed,2026-09-12T12:55:02.191950+00:00
us7000rey2,AKDN,55.26,4.6,2025-11-12 14:26:11.542000+00:00,usgs,ok,data/processed/waveforms/us7000rey2_AKDN.mseed,2026-09-12T12:55:03.783956+00:00
us7000rey2,HSY,65.13,4.6,2025-11-12 14:26:11.542000+00:00,usgs,ok,data/processed/waveforms/us7000rey2_HSY.mseed,2026-09-12T12:55:05.144578+00:00
us7000rey2,AKIN,91.71,4.6,2025-11-12 14:26:11.542000+00:00,usgs,ok,data/processed/waveforms/us7000rey2_AKIN.mseed,2026-09-12T12:55:06.563965+00:00
us6000rn25,GORD,40.83,4.6,2025-11-13 03:16:15.468000+00:00,usgs,ok,data/processed/waveforms/us6000rn25_GORD.mseed,2026-09-12T12:55:08.607582+00:00
us6000rn25,SOMA,45.62,4.6,2025-11-13 03:16:15.468000+00:00,usgs,ok,data/processed/waveforms/us6000rn25_SOMA.mseed,2026-09-12T12:55:11.460042+00:00
us6000rn25,BALB,45.99,4.6,2025-11-13 03:16:15.468000+00:00,usgs,ok,data/processed/waveforms/us6000rn25_BALB.mseed,2026-09-12T12:55:14.336550+00:00
us6000rn25,AKS,47.11,4.6,2025-11-13 03:16:15.468000+00:00,usgs,ok,data/processed/waveforms/us6000rn25_AKS.mseed,2026-09-12T12:55:16.625865+00:00
us6000rnfw,GORD,34.35,4.5,2025-11-15 08:46:19.147000+00:00,usgs,ok,data/processed/waveforms/us6000rnfw_GORD.mseed,2026-09-12T12:55:17.985588+00:00
us6000rnfw,DST,53.48,4.5,2025-11-15 08:46:19.147000+00:00,usgs,ok,data/processed/waveforms/us6000rnfw_DST.mseed,2026-09-12T12:55:19.845433+00:00
us6000rnfw,AKS,54.06,4.5,2025-11-15 08:46:19.147000+00:00,usgs,ok,data/processed/waveforms/us6000rnfw_AKS.mseed,2026-09-12T12:55:21.445037+00:00
us6000rnfw,BALB,60.37,4.5,2025-11-15 08:46:19.147000+00:00,usgs,ok,data/processed/waveforms/us6000rnfw_BALB.mseed,2026-09-12T12:55:23.345061+00:00
us6000rt9q,KEMT,17.17,4.6,2025-12-08 00:31:56.351000+00:00,usgs,ok,data/processed/waveforms/us6000rt9q_KEMT.mseed,2026-09-12T12:55:26.539824+00:00
us6000rt9q,ANTB,24.6,4.6,2025-12-08 00:31:56.351000+00:00,usgs,ok,data/processed/waveforms/us6000rt9q_ANTB.mseed,2026-09-12T12:55:27.781281+00:00
us6000rt9q,ELL,49.47,4.6,2025-12-08 00:31:56.351000+00:00,usgs,ok,data/processed/waveforms/us6000rt9q_ELL.mseed,2026-09-12T12:55:29.359533+00:00
us6000rt9q,DEMR,74.93,4.6,2025-12-08 00:31:56.351000+00:00,usgs,ok,data/processed/waveforms/us6000rt9q_DEMR.mseed,2026-09-12T12:55:30.686443+00:00
us6000rtch,SUTC,45.69,5.1,2025-12-08 10:21:33.892000+00:00,usgs,no_data,,2026-09-12T12:55:32.051750+00:00
us6000rtch,KEMT,59.12,5.1,2025-12-08 10:21:33.892000+00:00,usgs,ok,data/processed/waveforms/us6000rtch_KEMT.mseed,2026-09-12T12:55:32.728495+00:00
us6000ru32,DST,43.95,4.5,2025-12-11 07:06:14.533000+00:00,usgs,ok,data/processed/waveforms/us6000ru32_DST.mseed,2026-09-12T12:55:33.543889+00:00
us6000ru32,GORD,43.96,4.5,2025-12-11 07:06:14.533000+00:00,usgs,ok,data/processed/waveforms/us6000ru32_GORD.mseed,2026-09-12T12:55:34.728183+00:00
us6000ru32,BALB,56.07,4.5,2025-12-11 07:06:14.533000+00:00,usgs,ok,data/processed/waveforms/us6000ru32_BALB.mseed,2026-09-12T12:55:36.651953+00:00
us6000ru32,SMAA,60.75,4.5,2025-12-11 07:06:14.533000+00:00,usgs,ok,data/processed/waveforms/us6000ru32_SMAA.mseed,2026-09-12T12:55:38.814534+00:00
us7000rmaa,SVRC,33.01,4.5,2026-01-03 17:27:27.317000+00:00,usgs,ok,data/processed/waveforms/us7000rmaa_SVRC.mseed,2026-09-12T12:55:40.420202+00:00
us7000rmaa,MLTY,44.52,4.5,2026-01-03 17:27:27.317000+00:00,usgs,ok,data/processed/waveforms/us7000rmaa_MLTY.mseed,2026-09-12T12:55:41.985988+00:00
us7000rmaa,MALT,45.6,4.5,2026-01-03 17:27:27.317000+00:00,usgs,no_data,,2026-09-12T12:55:43.618531+00:00
us7000rmaa,KBAN,60.5,4.5,2026-01-03 17:27:27.317000+00:00,usgs,ok,data/processed/waveforms/us7000rmaa_KBAN.mseed,2026-09-12T12:55:44.140936+00:00
us7000rr4f,GORD,30.18,4.6,2026-01-21 15:11:51.346000+00:00,usgs,ok,data/processed/waveforms/us7000rr4f_GORD.mseed,2026-09-12T12:55:45.569623+00:00
us7000rr4f,AKS,48.91,4.6,2026-01-21 15:11:51.346000+00:00,usgs,ok,data/processed/waveforms/us7000rr4f_AKS.mseed,2026-09-12T12:55:47.510227+00:00
us7000rr4f,DST,58.52,4.6,2026-01-21 15:11:51.346000+00:00,usgs,ok,data/processed/waveforms/us7000rr4f_DST.mseed,2026-09-12T12:55:48.866781+00:00
us7000rr4f,GOMA,58.73,4.6,2026-01-21 15:11:51.346000+00:00,usgs,ok,data/processed/waveforms/us7000rr4f_GOMA.mseed,2026-09-12T12:55:50.295145+00:00
us7000rr79,GORD,29.15,4.5,2026-01-21 20:28:57.460000+00:00,usgs,ok,data/processed/waveforms/us7000rr79_GORD.mseed,2026-09-12T12:55:51.843175+00:00
us7000rr79,AKS,50.67,4.5,2026-01-21 20:28:57.460000+00:00,usgs,ok,data/processed/waveforms/us7000rr79_AKS.mseed,2026-09-12T12:55:53.698030+00:00
us7000rr79,DST,57.94,4.5,2026-01-21 20:28:57.460000+00:00,usgs,ok,data/processed/waveforms/us7000rr79_DST.mseed,2026-09-12T12:55:55.056001+00:00
us7000rr79,GOMA,58.99,4.5,2026-01-21 20:28:57.460000+00:00,usgs,ok,data/processed/waveforms/us7000rr79_GOMA.mseed,2026-09-12T12:55:55.743382+00:00
us7000rrq9,GORD,33.79,4.9,2026-01-23 21:24:38.136000+00:00,usgs,ok,data/processed/waveforms/us7000rrq9_GORD.mseed,2026-09-12T12:55:56.425249+00:00
us7000rrq9,DST,53.4,4.9,2026-01-23 21:24:38.136000+00:00,usgs,ok,data/processed/waveforms/us7000rrq9_DST.mseed,2026-09-12T12:55:58.788728+00:00
us7000rrq9,AKS,54.68,4.9,2026-01-23 21:24:38.136000+00:00,usgs,ok,data/processed/waveforms/us7000rrq9_AKS.mseed,2026-09-12T12:55:59.992543+00:00
us7000rrq9,SMAA,60.29,4.9,2026-01-23 21:24:38.136000+00:00,usgs,ok,data/processed/waveforms/us7000rrq9_SMAA.mseed,2026-09-12T12:56:01.205926+00:00
us6000s6wg,RFHY,23.45,4.7,2026-02-06 11:16:16.640000+00:00,usgs,ok,data/processed/waveforms/us6000s6wg_RFHY.mseed,2026-09-12T12:56:02.727105+00:00
us6000s6wg,KMAH,23.88,4.7,2026-02-06 11:16:16.640000+00:00,usgs,ok,data/processed/waveforms/us6000s6wg_KMAH.mseed,2026-09-12T12:56:04.073515+00:00
us6000s6wg,ILIC,35.22,4.7,2026-02-06 11:16:16.640000+00:00,usgs,no_data,,2026-09-12T12:56:05.615070+00:00
us6000s6wg,DIVR,69.83,4.7,2026-02-06 11:16:16.640000+00:00,usgs,ok,data/processed/waveforms/us6000s6wg_DIVR.mseed,2026-09-12T12:56:06.108549+00:00
us7000s0ij,NURH,13.51,4.6,2026-02-26 17:17:09.456000+00:00,usgs,ok,data/processed/waveforms/us7000s0ij_NURH.mseed,2026-09-12T12:56:08.003135+00:00
us7000s0ij,DARE,58.5,4.6,2026-02-26 17:17:09.456000+00:00,usgs,no_data,,2026-09-12T12:56:10.183481+00:00
us7000s0ij,AKDG,65.17,4.6,2026-02-26 17:17:09.456000+00:00,usgs,ok,data/processed/waveforms/us7000s0ij_AKDG.mseed,2026-09-12T12:56:11.293346+00:00
us7000s0ij,KMRS,71.98,4.6,2026-02-26 17:17:09.456000+00:00,usgs,ok,data/processed/waveforms/us7000s0ij_KMRS.mseed,2026-09-12T12:56:12.825354+00:00
us7000s33s,KHL,51.68,5.0,2026-03-09 06:21:05.824000+00:00,usgs,ok,data/processed/waveforms/us7000s33s_KHL.mseed,2026-09-12T12:56:14.161228+00:00
us7000s33s,KULA,54.41,5.0,2026-03-09 06:21:05.824000+00:00,usgs,ok,data/processed/waveforms/us7000s33s_KULA.mseed,2026-09-12T12:56:15.441815+00:00
us6000sfyj,RSDY,53.67,5.3,2026-03-13 00:35:15.470000+00:00,usgs,ok,data/processed/waveforms/us6000sfyj_RSDY.mseed,2026-09-12T12:56:17.068791+00:00
us6000sfyj,CAYL,60.27,5.3,2026-03-13 00:35:15.470000+00:00,usgs,ok,data/processed/waveforms/us6000sfyj_CAYL.mseed,2026-09-12T12:56:18.516065+00:00
us6000smhq,CLDR,48.96,5.1,2026-04-04 05:52:43.186000+00:00,usgs,no_data,,2026-09-12T12:56:19.953516+00:00
us6000smhq,AKDM,73.27,5.1,2026-04-04 05:52:43.186000+00:00,usgs,ok,data/processed/waveforms/us6000smhq_AKDM.mseed,2026-09-12T12:56:20.492121+00:00
us6000spb7,SMAA,15.22,4.8,2026-04-11 14:31:56.945000+00:00,usgs,ok,data/processed/waveforms/us6000spb7_SMAA.mseed,2026-09-12T12:56:22.007690+00:00
us6000spb7,SIMA,17.14,4.8,2026-04-11 14:31:56.945000+00:00,usgs,ok,data/processed/waveforms/us6000spb7_SIMA.mseed,2026-09-12T12:56:23.948495+00:00
us6000spb7,SHAP,32.05,4.8,2026-04-11 14:31:56.945000+00:00,usgs,ok,data/processed/waveforms/us6000spb7_SHAP.mseed,2026-09-12T12:56:26.349076+00:00
us6000spb7,GEDZ,43.37,4.8,2026-04-11 14:31:56.945000+00:00,usgs,ok,data/processed/waveforms/us6000spb7_GEDZ.mseed,2026-09-12T12:56:27.694473+00:00
us6000spkw,DEMR,39.69,4.6,2026-04-13 05:48:34.318000+00:00,usgs,ok,data/processed/waveforms/us6000spkw_DEMR.mseed,2026-09-12T12:56:29.398700+00:00
us6000spkw,KEMT,73.57,4.6,2026-04-13 05:48:34.318000+00:00,usgs,ok,data/processed/waveforms/us6000spkw_KEMT.mseed,2026-09-12T12:56:30.637012+00:00
us6000spkw,ELL,88.54,4.6,2026-04-13 05:48:34.318000+00:00,usgs,ok,data/processed/waveforms/us6000spkw_ELL.mseed,2026-09-12T12:56:32.189922+00:00
us6000spkw,ANTB,107.37,4.6,2026-04-13 05:48:34.318000+00:00,usgs,ok,data/processed/waveforms/us6000spkw_ANTB.mseed,2026-09-12T12:56:33.638109+00:00
us6000sshc,DATC,251.44,5.7,2026-04-24 03:18:53.617000+00:00,usgs,ok,data/processed/waveforms/us6000sshc_DATC.mseed,2026-09-12T12:56:35.258301+00:00
us6000sshc,BODT,260.86,5.7,2026-04-24 03:18:53.617000+00:00,usgs,ok,data/processed/waveforms/us6000sshc_BODT.mseed,2026-09-12T12:56:36.621155+00:00
us6000sshc,BODA,263.86,5.7,2026-04-24 03:18:53.617000+00:00,usgs,ok,data/processed/waveforms/us6000sshc_BODA.mseed,2026-09-12T12:56:38.598336+00:00
us6000ssiq,DAT,237.41,4.7,2026-04-24 09:26:45.507000+00:00,usgs,ok,data/processed/waveforms/us6000ssiq_DAT.mseed,2026-09-12T12:56:41.199114+00:00
us6000ssiq,DATC,244.52,4.7,2026-04-24 09:26:45.507000+00:00,usgs,ok,data/processed/waveforms/us6000ssiq_DATC.mseed,2026-09-12T12:56:42.763986+00:00
us6000ssiq,BODT,254.51,4.7,2026-04-24 09:26:45.507000+00:00,usgs,ok,data/processed/waveforms/us6000ssiq_BODT.mseed,2026-09-12T12:56:43.687641+00:00
us6000ssiq,BODA,257.35,4.7,2026-04-24 09:26:45.507000+00:00,usgs,ok,data/processed/waveforms/us6000ssiq_BODA.mseed,2026-09-12T12:56:44.753283+00:00
us6000ssve,DAT,235.38,4.9,2026-04-25 19:49:58.072000+00:00,usgs,ok,data/processed/waveforms/us6000ssve_DAT.mseed,2026-09-12T12:56:45.394590+00:00
us6000ssve,DATC,242.51,4.9,2026-04-25 19:49:58.072000+00:00,usgs,ok,data/processed/waveforms/us6000ssve_DATC.mseed,2026-09-12T12:56:46.844576+00:00
us6000ssve,BODT,252.24,4.9,2026-04-25 19:49:58.072000+00:00,usgs,ok,data/processed/waveforms/us6000ssve_BODT.mseed,2026-09-12T12:56:48.310418+00:00
us6000ssve,BODA,255.14,4.9,2026-04-25 19:49:58.072000+00:00,usgs,ok,data/processed/waveforms/us6000ssve_BODA.mseed,2026-09-12T12:56:49.991469+00:00
us6000swsg,BODT,69.41,4.6,2026-05-10 20:29:54.575000+00:00,usgs,ok,data/processed/waveforms/us6000swsg_BODT.mseed,2026-09-12T12:56:51.557934+00:00
us6000swsg,YKAV,71.96,4.6,2026-05-10 20:29:54.575000+00:00,usgs,ok,data/processed/waveforms/us6000swsg_YKAV.mseed,2026-09-12T12:56:54.281445+00:00
us6000swsg,BODA,76.43,4.6,2026-05-10 20:29:54.575000+00:00,usgs,ok,data/processed/waveforms/us6000swsg_BODA.mseed,2026-09-12T12:56:56.776839+00:00
us6000swsg,DAT,78.48,4.6,2026-05-10 20:29:54.575000+00:00,usgs,ok,data/processed/waveforms/us6000swsg_DAT.mseed,2026-09-12T12:56:58.560392+00:00
us6000syx6,AKDG,53.61,5.4,2026-05-20 06:00:16.671000+00:00,usgs,ok,data/processed/waveforms/us6000syx6_AKDG.mseed,2026-09-12T12:57:00.218838+00:00
us6000syx6,KBAN,65.82,5.4,2026-05-20 06:00:16.671000+00:00,usgs,ok,data/processed/waveforms/us6000syx6_KBAN.mseed,2026-09-12T12:57:01.666169+00:00
us6000szqj,DAT,166.45,4.6,2026-05-23 13:34:13.649000+00:00,usgs,ok,data/processed/waveforms/us6000szqj_DAT.mseed,2026-09-12T12:57:03.634465+00:00
us6000szqj,DATC,173.14,4.6,2026-05-23 13:34:13.649000+00:00,usgs,ok,data/processed/waveforms/us6000szqj_DATC.mseed,2026-09-12T12:57:05.165801+00:00
us6000szqj,BODT,188.7,4.6,2026-05-23 13:34:13.649000+00:00,usgs,ok,data/processed/waveforms/us6000szqj_BODT.mseed,2026-09-12T12:57:06.626378+00:00
us6000szqj,BBRN,189.32,4.6,2026-05-23 13:34:13.649000+00:00,usgs,no_data,,2026-09-12T12:57:08.427604+00:00
us6000szud,KOZT,42.76,4.9,2026-05-24 01:26:53.106000+00:00,usgs,ok,data/processed/waveforms/us6000szud_KOZT.mseed,2026-09-12T12:57:09.248900+00:00
us6000szud,KMRS,73.2,4.9,2026-05-24 01:26:53.106000+00:00,usgs,no_data,,2026-09-12T12:57:11.847765+00:00
us6000szud,SARI,74.56,4.9,2026-05-24 01:26:53.106000+00:00,usgs,ok,data/processed/waveforms/us6000szud_SARI.mseed,2026-09-12T12:57:12.620074+00:00
us6000szud,CEYT,91.63,4.9,2026-05-24 01:26:53.106000+00:00,usgs,ok,data/processed/waveforms/us6000szud_CEYT.mseed,2026-09-12T12:57:14.372566+00:00
us7000sskd,GAZ,34.53,4.6,2026-06-12 21:08:48.756000+00:00,usgs,ok,data/processed/waveforms/us7000sskd_GAZ.mseed,2026-09-12T12:57:16.127788+00:00
us7000sskd,KHMN,43.01,4.6,2026-06-12 21:08:48.756000+00:00,usgs,ok,data/processed/waveforms/us7000sskd_KHMN.mseed,2026-09-12T12:57:18.092169+00:00
us7000sskd,KMRS,45.15,4.6,2026-06-12 21:08:48.756000+00:00,usgs,no_data,,2026-09-12T12:57:20.013321+00:00
us7000sskd,CEYT,96.52,4.6,2026-06-12 21:08:48.756000+00:00,usgs,no_data,,2026-09-12T12:57:20.585538+00:00
us6000t7tc,BBRN,172.42,5.0,2026-06-24 08:25:54.428000+00:00,usgs,no_data,,2026-09-12T12:57:21.305018+00:00
us6000t7tc,MRSB,181.51,5.0,2026-06-24 08:25:54.428000+00:00,usgs,no_data,,2026-09-12T12:57:21.893789+00:00
us6000t9lz,BBRN,172.8,5.3,2026-07-02 11:06:21.359000+00:00,usgs,no_data,,2026-09-12T12:57:22.891272+00:00
us6000t9lz,MRSB,182.25,5.3,2026-07-02 11:06:21.359000+00:00,usgs,no_data,,2026-09-12T12:57:23.689891+00:00
us7000t1j0,AKDG,49.63,5.0,2026-07-18 03:21:00.482000+00:00,usgs,ok,data/processed/waveforms/us7000t1j0_AKDG.mseed,2026-09-12T12:57:24.507616+00:00
us7000t1j0,ARGN,64.58,5.0,2026-07-18 03:21:00.482000+00:00,usgs,ok,data/processed/waveforms/us7000t1j0_ARGN.mseed,2026-09-12T12:57:26.623329+00:00
us7000tctp,DAT,57.0,4.5,2026-08-29 12:32:52.747000+00:00,usgs,ok,data/processed/waveforms/us7000tctp_DAT.mseed,2026-09-12T12:57:28.250466+00:00
us7000tctp,DATC,60.57,4.5,2026-08-29 12:32:52.747000+00:00,usgs,ok,data/processed/waveforms/us7000tctp_DATC.mseed,2026-09-12T12:57:30.120806+00:00
us7000tctp,BBRN,67.2,4.5,2026-08-29 12:32:52.747000+00:00,usgs,no_data,,2026-09-12T12:57:32.042799+00:00
us7000tctp,MRSB,78.57,4.5,2026-08-29 12:32:52.747000+00:00,usgs,no_data,,2026-09-12T12:57:32.610306+00:00
smi:ISC/evid=1716957,HRTX,167.19,4.5,1999-08-17 00:13:14.750000+00:00,isc,no_data,,2026-09-12T19:41:54.111177+00:00
smi:ISC/evid=1716957,ISK,226.03,4.5,1999-08-17 00:13:14.750000+00:00,isc,no_data,,2026-09-12T19:41:54.716696+00:00
smi:ISC/evid=1716957,KCTX,267.72,4.5,1999-08-17 00:13:14.750000+00:00,isc,no_data,,2026-09-12T19:41:55.276626+00:00
smi:ISC/evid=6488903,KARS,191.71,4.5,2000-07-30 20:19:07.200000+00:00,isc,no_data,,2026-09-12T19:41:55.936674+00:00
smi:ISC/evid=1767045,KARS,135.84,4.6,2000-08-07 01:43:31.400000+00:00,"emsc,isc",no_data,,2026-09-12T19:41:56.532201+00:00
smi:ISC/evid=6488926,KARS,125.6,4.5,2000-08-18 08:49:36.900000+00:00,isc,no_data,,2026-09-12T19:41:57.021686+00:00
smi:ISC/evid=1768365,KARS,274.65,5.0,2000-11-15 15:17:24.100000+00:00,isc,no_data,,2026-09-12T19:41:57.538061+00:00
smi:ISC/evid=1768410,KARS,211.87,5.0,2000-11-15 18:32:11.400000+00:00,isc,no_data,,2026-09-12T19:41:58.108298+00:00
smi:ISC/evid=1768604,KARS,233.91,5.0,2000-11-21 02:57:41.500000+00:00,isc,no_data,,2026-09-12T19:41:58.625112+00:00
smi:ISC/evid=3367836,ISK,46.2,5.0,2000-12-07 12:16:38.700000+00:00,isc,no_data,,2026-09-12T19:41:59.270465+00:00
smi:ISC/evid=3367836,HRTX,72.46,5.0,2000-12-07 12:16:38.700000+00:00,isc,no_data,,2026-09-12T19:41:59.833179+00:00
smi:ISC/evid=3367836,YLV,93.76,5.0,2000-12-07 12:16:38.700000+00:00,isc,no_data,,2026-09-12T19:42:00.403532+00:00
smi:ISC/evid=3367836,IZI,118.24,5.0,2000-12-07 12:16:38.700000+00:00,isc,no_data,,2026-09-12T19:42:00.906917+00:00
smi:ISC/evid=6488970,KARS,92.07,4.6,2001-02-03 12:37:56.600000+00:00,isc,no_data,,2026-09-12T19:42:01.427704+00:00
smi:ISC/evid=6489003,TOKT,344.33,4.8,2001-03-04 23:32:13.600000+00:00,isc,no_data,,2026-09-12T19:42:02.016229+00:00
smi:ISC/evid=6489130,KARS,116.51,4.8,2001-06-06 18:54:20.100000+00:00,isc,no_data,,2026-09-12T19:42:02.716698+00:00
smi:ISC/evid=1997879,KARS,147.63,4.5,2001-07-13 18:31:26.200000+00:00,isc,no_data,,2026-09-12T19:42:03.316210+00:00
smi:ISC/evid=3337603,VANB,367.53,4.61,2001-11-26 14:13:52.060000+00:00,isc,no_data,,2026-09-12T19:42:03.906963+00:00
smi:ISC/evid=3337945,VANB,359.68,4.55,2001-11-29 16:21:43.280000+00:00,isc,no_data,,2026-09-12T19:42:04.716640+00:00
smi:ISC/evid=3221108,KARS,134.61,5.0,2002-03-23 18:43:15.200000+00:00,isc,no_data,,2026-09-12T19:42:05.236054+00:00
smi:ISC/evid=3221108,VANB,349.48,5.0,2002-03-23 18:43:15.200000+00:00,isc,no_data,,2026-09-12T19:42:05.803675+00:00
smi:ISC/evid=3361416,KARS,77.73,4.5,2002-04-11 00:41:12.500000+00:00,"emsc,isc",no_data,,2026-09-12T19:42:07.982276+00:00
smi:ISC/evid=3361416,VANB,239.34,4.5,2002-04-11 00:41:12.500000+00:00,"emsc,isc",no_data,,2026-09-12T19:42:09.572414+00:00
smi:ISC/evid=3645276,CEYT,71.67,4.9,2002-08-23 04:10:42+00:00,isc,no_data,,2026-09-12T19:42:10.577725+00:00
smi:ISC/evid=3645276,BNN,137.08,4.9,2002-08-23 04:10:42+00:00,isc,no_data,,2026-09-12T19:42:11.364436+00:00
smi:ISC/evid=3645276,GAZ,154.01,4.9,2002-08-23 04:10:42+00:00,isc,no_data,,2026-09-12T19:42:11.845496+00:00
smi:ISC/evid=3645276,IKL,228.77,4.9,2002-08-23 04:10:42+00:00,isc,no_data,,2026-09-12T19:42:12.341080+00:00
smi:ISC/evid=6489883,KARS,98.64,4.5,2002-09-26 04:17:10+00:00,isc,no_data,,2026-09-12T19:42:12.842072+00:00
smi:ISC/evid=6489883,VANB,305.98,4.5,2002-09-26 04:17:10+00:00,isc,no_data,,2026-09-12T19:42:13.342636+00:00
smi:ISC/evid=6489883,GUMT,384.75,4.5,2002-09-26 04:17:10+00:00,isc,no_data,,2026-09-12T19:42:13.838741+00:00
smi:ISC/evid=6254029,KARS,130.62,4.6,2002-12-07 02:27:57.100000+00:00,isc,no_data,,2026-09-12T19:42:14.349851+00:00
smi:ISC/evid=6254029,GUMT,357.52,4.6,2002-12-07 02:27:57.100000+00:00,isc,no_data,,2026-09-12T19:42:14.837731+00:00
smi:ISC/evid=6254029,VANB,362.61,4.6,2002-12-07 02:27:57.100000+00:00,isc,no_data,,2026-09-12T19:42:15.334649+00:00
smi:ISC/evid=6542962,KARS,281.4,4.7,2003-01-24 14:03:49.400000+00:00,isc,no_data,,2026-09-12T19:42:15.839320+00:00
smi:ISC/evid=6929395,KARS,204.29,5.0,2003-06-06 11:30:28.100000+00:00,isc,no_data,,2026-09-12T19:42:16.353654+00:00
smi:ISC/evid=6929395,GUMT,381.89,5.0,2003-06-06 11:30:28.100000+00:00,isc,no_data,,2026-09-12T19:42:16.850347+00:00
smi:ISC/evid=7712195,KARS,172.29,4.8,2004-06-19 17:22:27.900000+00:00,"emsc,isc",no_data,,2026-09-12T19:42:17.497502+00:00
smi:ISC/evid=7712195,VANB,215.32,4.8,2004-06-19 17:22:27.900000+00:00,"emsc,isc",no_data,,2026-09-12T19:42:18.054496+00:00
smi:ISC/evid=7712195,BCA,323.5,4.8,2004-06-19 17:22:27.900000+00:00,"emsc,isc",no_data,,2026-09-12T19:42:18.613516+00:00
smi:ISC/evid=7785900,KARS,104.04,4.5,2004-07-01 20:57:26.700000+00:00,isc,no_data,,2026-09-12T19:42:19.128988+00:00
smi:ISC/evid=7785900,VANB,151.48,4.5,2004-07-01 20:57:26.700000+00:00,isc,no_data,,2026-09-12T19:42:19.613839+00:00
smi:ISC/evid=7785900,BCA,254.92,4.5,2004-07-01 20:57:26.700000+00:00,isc,no_data,,2026-09-12T19:42:20.222429+00:00
smi:ISC/evid=7785900,GUMT,372.16,4.5,2004-07-01 20:57:26.700000+00:00,isc,no_data,,2026-09-12T19:42:20.776274+00:00
smi:ISC/evid=7387236,KARS,112.2,4.8,2004-08-09 19:51:11+00:00,"emsc,isc",no_data,,2026-09-12T19:42:21.333706+00:00
smi:ISC/evid=7387236,VANB,150.57,4.8,2004-08-09 19:51:11+00:00,"emsc,isc",no_data,,2026-09-12T19:42:22.169639+00:00
smi:ISC/evid=7387236,BCA,263.95,4.8,2004-08-09 19:51:11+00:00,"emsc,isc",no_data,,2026-09-12T19:42:23.147847+00:00
smi:ISC/evid=7387236,GUMT,382.05,4.8,2004-08-09 19:51:11+00:00,"emsc,isc",no_data,,2026-09-12T19:42:23.908262+00:00
smi:ISC/evid=8003762,KARS,130.74,4.5,2004-08-10 10:35:39.800000+00:00,isc,no_data,,2026-09-12T19:42:24.421799+00:00
smi:ISC/evid=8003762,VANB,153.21,4.5,2004-08-10 10:35:39.800000+00:00,isc,no_data,,2026-09-12T19:42:24.904528+00:00
smi:ISC/evid=8003762,BCA,283.95,4.5,2004-08-10 10:35:39.800000+00:00,isc,no_data,,2026-09-12T19:42:25.395998+00:00
smi:ISC/evid=7392459,KARS,141.84,4.6,2004-08-24 14:17:58.400000+00:00,"emsc,isc",no_data,,2026-09-12T19:42:25.906635+00:00
smi:ISC/evid=7392459,VANB,169.11,4.6,2004-08-24 14:17:58.400000+00:00,"emsc,isc",no_data,,2026-09-12T19:42:26.458592+00:00
smi:ISC/evid=7392459,BCA,295.93,4.6,2004-08-24 14:17:58.400000+00:00,"emsc,isc",no_data,,2026-09-12T19:42:26.983103+00:00
smi:ISC/evid=7394346,KARS,120.85,4.5,2004-08-29 06:35:51.900000+00:00,isc,no_data,,2026-09-12T19:42:27.522903+00:00
smi:ISC/evid=7394346,VANB,173.55,4.5,2004-08-29 06:35:51.900000+00:00,isc,no_data,,2026-09-12T19:42:28.008189+00:00
smi:ISC/evid=7394346,BCA,274.94,4.5,2004-08-29 06:35:51.900000+00:00,isc,no_data,,2026-09-12T19:42:28.781570+00:00
smi:ISC/evid=7397837,VANB,134.79,4.5,2004-09-04 08:15:27.100000+00:00,"emsc,isc",no_data,,2026-09-12T19:42:29.280128+00:00
smi:ISC/evid=7397837,KARS,136.32,4.5,2004-09-04 08:15:27.100000+00:00,"emsc,isc",no_data,,2026-09-12T19:42:29.811451+00:00
smi:ISC/evid=7397837,BCA,287.35,4.5,2004-09-04 08:15:27.100000+00:00,"emsc,isc",no_data,,2026-09-12T19:42:30.302181+00:00
smi:ISC/evid=7397837,GUMT,398.71,4.5,2004-09-04 08:15:27.100000+00:00,"emsc,isc",no_data,,2026-09-12T19:42:30.830639+00:00
smi:ISC/evid=8064290,VANB,121.3,5.0,2004-09-22 02:56:52.700000+00:00,"emsc,isc",no_data,,2026-09-12T19:42:31.315205+00:00
smi:ISC/evid=8064290,KARS,257.26,5.0,2004-09-22 02:56:52.700000+00:00,"emsc,isc",no_data,,2026-09-12T19:42:31.875377+00:00
smi:ISC/evid=8107909,KARS,206.8,4.5,2004-10-25 12:52:25.300000+00:00,isc,no_data,,2026-09-12T19:42:32.379489+00:00
smi:ISC/evid=8107909,VANB,239.45,4.5,2004-10-25 12:52:25.300000+00:00,isc,no_data,,2026-09-12T19:42:32.914898+00:00
smi:ISC/evid=8107909,BCA,356.04,4.5,2004-10-25 12:52:25.300000+00:00,isc,no_data,,2026-09-12T19:42:33.422628+00:00
quakeml:eu.emsc/event/20050125_0000058,VANB,108.33,4.5,2005-01-25 16:33:45+00:00,emsc,no_data,,2026-09-12T19:42:33.947856+00:00
quakeml:eu.emsc/event/20050125_0000058,CLDR,157.89,4.5,2005-01-25 16:33:45+00:00,emsc,no_data,,2026-09-12T19:42:34.498813+00:00
quakeml:eu.emsc/event/20050125_0000058,KARS,332.99,4.5,2005-01-25 16:33:45+00:00,emsc,no_data,,2026-09-12T19:42:34.992178+00:00
quakeml:eu.emsc/event/20050605_0000030,VANB,116.46,4.6,2005-06-05 03:45:54+00:00,emsc,no_data,,2026-09-12T19:42:35.608042+00:00
quakeml:eu.emsc/event/20050605_0000030,CLDR,179.5,4.6,2005-06-05 03:45:54+00:00,emsc,no_data,,2026-09-12T19:42:36.109567+00:00
quakeml:eu.emsc/event/20050605_0000030,KARS,349.67,4.6,2005-06-05 03:45:54+00:00,emsc,no_data,,2026-09-12T19:42:37.019335+00:00
quakeml:eu.emsc/event/20060518_0000045,CUKT,263.65,4.5,2006-05-18 23:37:24.300000+00:00,emsc,no_data,,2026-09-12T19:42:37.875521+00:00
quakeml:eu.emsc/event/20060518_0000045,SIRT,340.12,4.5,2006-05-18 23:37:24.300000+00:00,emsc,no_data,,2026-09-12T19:42:38.585533+00:00
quakeml:eu.emsc/event/20060711_0000022,BCA,200.98,4.5,2006-07-11 02:27:58.200000+00:00,emsc,no_data,,2026-09-12T19:42:40.181522+00:00
quakeml:eu.emsc/event/20060711_0000022,KARS,222.78,4.5,2006-07-11 02:27:58.200000+00:00,emsc,no_data,,2026-09-12T19:42:40.721609+00:00
quakeml:eu.emsc/event/20060711_0000022,CLDR,385.42,4.5,2006-07-11 02:27:58.200000+00:00,emsc,no_data,,2026-09-12T19:42:41.221534+00:00
smi:ISC/evid=10661169,KARS,219.04,4.6,2006-11-14 09:49:34.300000+00:00,"emsc,isc",no_data,,2026-09-12T19:42:41.877769+00:00
smi:ISC/evid=10661169,BCA,236.91,4.6,2006-11-14 09:49:34.300000+00:00,"emsc,isc",no_data,,2026-09-12T19:42:42.715534+00:00
smi:ISC/evid=10661169,CLDR,363.92,4.6,2006-11-14 09:49:34.300000+00:00,"emsc,isc",no_data,,2026-09-12T19:42:43.368276+00:00
smi:ISC/evid=10661169,KTUT,398.71,4.6,2006-11-14 09:49:34.300000+00:00,"emsc,isc",no_data,,2026-09-12T19:42:43.892717+00:00
smi:ISC/evid=12702302,BODT,76.68,4.56,2009-03-02 22:02:07.310000+00:00,"emsc,isc",no_data,,2026-09-12T19:42:44.532888+00:00
smi:ISC/evid=12702302,DAT,87.85,4.56,2009-03-02 22:02:07.310000+00:00,"emsc,isc",no_data,,2026-09-12T19:42:45.366070+00:00
smi:ISC/evid=12702302,MLSB,125.45,4.56,2009-03-02 22:02:07.310000+00:00,"emsc,isc",no_data,,2026-09-12T19:42:46.285712+00:00
quakeml:eu.emsc/event/20090718_0000047,VANB,304.87,4.8,2009-07-18 00:00:00+00:00,emsc,no_data,,2026-09-12T19:42:50.606068+00:00
quakeml:eu.emsc/event/20110302_0000058,BCA,345.3,4.5,2011-03-02 22:13:57.300000+00:00,emsc,no_data,,2026-09-12T19:42:55.549642+00:00
quakeml:eu.emsc/event/20110430_0000003,VANB,266.54,4.6,2011-04-30 00:38:18.700000+00:00,emsc,no_data,,2026-09-12T19:42:59.908928+00:00
quakeml:eu.emsc/event/20110430_0000003,CLDR,317.93,4.6,2011-04-30 00:38:18.700000+00:00,emsc,no_data,,2026-09-12T19:43:00.673742+00:00
smi:ISC/evid=17507250,VANB,23.52,4.54,2011-10-23 10:52:53.920000+00:00,isc,no_data,,2026-09-12T19:43:01.374611+00:00
smi:ISC/evid=17507250,CLDR,98.54,4.54,2011-10-23 10:52:53.920000+00:00,isc,no_data,,2026-09-12T19:43:02.381222+00:00
smi:ISC/evid=17507250,SIRT,126.75,4.54,2011-10-23 10:52:53.920000+00:00,isc,no_data,,2026-09-12T19:43:03.943345+00:00
smi:ISC/evid=602825626,VANB,31.64,4.67,2011-10-24 06:44:57.630000+00:00,"emsc,isc",no_data,,2026-09-12T19:43:04.589231+00:00
smi:ISC/evid=602825626,CLDR,83.0,4.67,2011-10-24 06:44:57.630000+00:00,"emsc,isc",no_data,,2026-09-12T19:43:05.088793+00:00
smi:ISC/evid=602825626,SIRT,147.28,4.67,2011-10-24 06:44:57.630000+00:00,"emsc,isc",no_data,,2026-09-12T19:43:07.342407+00:00
quakeml:eu.emsc/event/20140524_0000027,ENZZ,25.86,5.0,2014-05-24 09:31:18.800000+00:00,emsc,no_data,,2026-09-12T19:43:28.563586+00:00
quakeml:eu.emsc/event/20140524_0000027,GOKC,37.9,5.0,2014-05-24 09:31:18.800000+00:00,emsc,no_data,,2026-09-12T19:43:30.488674+00:00
smi:ISC/evid=606449948,ARPRA,36.68,4.5,2014-11-06 18:17:51.800000+00:00,isc,no_data,,2026-09-12T19:43:31.259187+00:00
smi:ISC/evid=606449948,ILIC,45.06,4.5,2014-11-06 18:17:51.800000+00:00,isc,no_data,,2026-09-12T19:43:31.857036+00:00
quakeml:eu.emsc/event/20150528_0000043,BBRN,218.51,4.5,2015-05-28 12:59:23.500000+00:00,emsc,no_data,,2026-09-12T19:43:38.022314+00:00
smi:ISC/evid=611461965,DATC,227.91,4.8,2016-05-25 08:36:15.360000+00:00,isc,no_data,,2026-09-12T19:43:51.241707+00:00
smi:ISC/evid=611461965,BBRN,242.8,4.8,2016-05-25 08:36:15.360000+00:00,isc,no_data,,2026-09-12T19:43:52.159592+00:00
quakeml:eu.emsc/event/20170721_0000092,DATC,14.63,4.6,2017-07-21 05:05:24.800000+00:00,emsc,no_data,,2026-09-12T19:43:54.764001+00:00
quakeml:eu.emsc/event/20170721_0000092,BODT,36.49,4.6,2017-07-21 05:05:24.800000+00:00,emsc,no_data,,2026-09-12T19:43:56.616105+00:00
quakeml:eu.emsc/event/20170721_0000092,BBRN,42.52,4.6,2017-07-21 05:05:24.800000+00:00,emsc,no_data,,2026-09-12T19:43:58.525299+00:00
quakeml:eu.emsc/event/20171019_0000126,SUTC,38.05,4.5,2017-10-19 16:21:12.900000+00:00,emsc,no_data,,2026-09-12T19:43:59.079607+00:00
quakeml:eu.emsc/event/20171019_0000126,MNVG,61.9,4.5,2017-10-19 16:21:12.900000+00:00,emsc,no_data,,2026-09-12T19:44:01.706497+00:00
smi:ISC/evid=616173852,BODT,280.72,5.14,2019-07-31 04:40:03.280000+00:00,isc,no_data,,2026-09-12T19:44:17.617398+00:00
quakeml:eu.emsc/event/20191212_0000017,BODA,235.4,4.9,2019-12-12 03:05:44.800000+00:00,emsc,no_data,,2026-09-12T19:44:24.767839+00:00
smi:ISC/evid=617504661,BBRN,166.4,4.52,2020-01-30 11:24:13.320000+00:00,isc,no_data,,2026-09-12T19:44:25.381577+00:00
smi:ISC/evid=617504661,MRSB,171.55,4.52,2020-01-30 11:24:13.320000+00:00,isc,no_data,,2026-09-12T19:44:25.907843+00:00
smi:ISC/evid=618707167,CLDR,59.0,4.7,2020-04-03 05:43:20.910000+00:00,isc,no_data,,2026-09-12T19:44:48.067842+00:00
quakeml:eu.emsc/event/20201030_0000093,GMLD,32.02,4.8,2020-10-30 11:56:04+00:00,emsc,no_data,,2026-09-12T19:44:51.297998+00:00
smi:ISC/evid=641959986,VANB,132.75,4.8,2023-01-28 18:18:01.150000+00:00,isc,no_data,,2026-09-12T19:45:07.787923+00:00
smi:ISC/evid=625729748,KRTD,69.93,5.0,2023-02-06 01:27:09.200000+00:00,isc,no_data,,2026-09-12T19:45:16.690472+00:00
smi:ISC/evid=642709488,MALT,26.68,4.7,2023-02-06 01:33:30+00:00,isc,no_data,,2026-09-12T19:45:18.733009+00:00
smi:ISC/evid=642709488,SVRC,58.03,4.7,2023-02-06 01:33:30+00:00,isc,no_data,,2026-09-12T19:45:19.249669+00:00
smi:ISC/evid=642709488,PTK,99.57,4.7,2023-02-06 01:33:30+00:00,isc,no_data,,2026-09-12T19:45:21.655257+00:00
quakeml:eu.emsc/event/20230206_0000015,SIRT,61.43,5.0,2023-02-06 01:47:46.700000+00:00,emsc,no_data,,2026-09-12T19:45:22.155214+00:00
quakeml:eu.emsc/event/20230206_0000019,YUNK,25.83,5.0,2023-02-06 01:59:17+00:00,emsc,no_data,,2026-09-12T19:45:30.396412+00:00
smi:ISC/evid=626661309,KHMN,96.49,4.8,2023-02-06 10:30:27.800000+00:00,isc,no_data,,2026-09-12T19:45:38.571588+00:00
smi:ISC/evid=642689049,MALT,54.08,4.9,2023-02-06 10:33:42+00:00,isc,no_data,,2026-09-12T19:45:40.098602+00:00
smi:ISC/evid=642689049,KHMN,102.18,4.9,2023-02-06 10:33:42+00:00,isc,no_data,,2026-09-12T19:45:43.247109+00:00
smi:ISC/evid=642689050,KHMN,80.19,4.56,2023-02-06 10:43:25.640000+00:00,isc,no_data,,2026-09-12T19:45:49.606386+00:00
smi:ISC/evid=625729916,MALT,23.86,5.61,2023-02-06 10:51:31.630000+00:00,"emsc,isc",no_data,,2026-09-12T19:45:51.164237+00:00
smi:ISC/evid=625729916,SVRC,100.82,5.61,2023-02-06 10:51:31.630000+00:00,"emsc,isc",no_data,,2026-09-12T19:45:59.756275+00:00
smi:ISC/evid=642689053,MALT,12.07,4.52,2023-02-06 10:55:05.450000+00:00,"emsc,isc",no_data,,2026-09-12T19:46:03.688853+00:00
smi:ISC/evid=642689053,SVRC,89.03,4.52,2023-02-06 10:55:05.450000+00:00,"emsc,isc",no_data,,2026-09-12T19:46:10.091885+00:00
smi:ISC/evid=625730003,KHMN,74.85,4.58,2023-02-06 15:14:35.510000+00:00,"emsc,isc",no_data,,2026-09-12T19:46:11.849350+00:00
smi:ISC/evid=625730003,MALT,78.76,4.58,2023-02-06 15:14:35.510000+00:00,"emsc,isc",no_data,,2026-09-12T19:46:12.896118+00:00
quakeml:eu.emsc/event/20230206_0000472,MALT,93.94,5.1,2023-02-06 20:43:51.500000+00:00,emsc,no_data,,2026-09-12T19:46:18.061914+00:00
quakeml:eu.emsc/event/20230301_0000077,MAZI,182.2,4.9,2023-03-01 07:19:52.500000+00:00,emsc,no_data,,2026-09-12T19:46:22.328069+00:00
smi:ISC/evid=644682322,GORD,28.33,4.8,2025-02-06 02:54:24.100000+00:00,isc,no_data,,2026-09-12T19:47:01.319678+00:00
smi:ISC/evid=644682322,AKS,56.62,4.8,2025-02-06 02:54:24.100000+00:00,isc,no_data,,2026-09-12T19:47:06.168250+00:00
smi:ISC/evid=643284596,SERE,37.44,5.24,2025-05-15 12:46:39.330000+00:00,isc,no_data,,2026-09-12T19:47:40.089296+00:00
smi:ISC/evid=643506483,DATC,258.14,5.4,2025-06-03 11:26:36.830000+00:00,isc,no_data,,2026-09-12T19:47:45.255047+00:00
smi:ISC/evid=643600095,BBRN,219.85,5.03,2025-07-07 17:46:06.550000+00:00,"emsc,isc",no_data,,2026-09-12T19:47:52.898449+00:00
smi:ISC/evid=643600095,MRSB,230.29,5.03,2025-07-07 17:46:06.550000+00:00,"emsc,isc",no_data,,2026-09-12T19:47:53.449947+00:00
smi:ISC/evid=644221306,MRMT,34.75,5.3,2025-10-02 11:55:06.470000+00:00,isc,no_data,,2026-09-12T19:47:57.081626+00:00
smi:ISC/evid=645589932,ERCV,36.81,5.45,2026-04-04 05:52:43.090000+00:00,isc,no_data,,2026-09-12T19:48:09.891906+00:00
smi:ISC/evid=645589932,VANB,38.84,5.45,2026-04-04 05:52:43.090000+00:00,isc,no_data,,2026-09-12T19:48:10.396888+00:00
smi:ISC/evid=645589932,CLDR,44.56,5.45,2026-04-04 05:52:43.090000+00:00,isc,no_data,,2026-09-12T19:48:10.991842+00:00
smi:ISC/evid=12702302,YER,158.58,4.56,2009-03-02 22:02:07.310000+00:00,"emsc,isc",ok,data/processed/waveforms/smi-c-ISC-s-evid-e-12702302_YER.mseed,2026-09-12T19:51:22.765484+00:00
quakeml:eu.emsc/event/20090718_0000047,CUKT,164.32,4.8,2009-07-18 00:00:00+00:00,emsc,ok,data/processed/waveforms/quakeml-c-eu.emsc-s-event-s-20090718_0000047_CUKT.mseed,2026-09-12T19:51:23.736585+00:00
quakeml:eu.emsc/event/20090718_0000047,SIRT,216.9,4.8,2009-07-18 00:00:00+00:00,emsc,ok,data/processed/waveforms/quakeml-c-eu.emsc-s-event-s-20090718_0000047_SIRT.mseed,2026-09-12T19:51:24.588835+00:00
quakeml:eu.emsc/event/20090718_0000047,MAZI,335.39,4.8,2009-07-18 00:00:00+00:00,emsc,ok,data/processed/waveforms/quakeml-c-eu.emsc-s-event-s-20090718_0000047_MAZI.mseed,2026-09-12T19:51:25.650028+00:00
quakeml:eu.emsc/event/20110302_0000058,KARS,299.92,4.5,2011-03-02 22:13:57.300000+00:00,emsc,ok,data/processed/waveforms/quakeml-c-eu.emsc-s-event-s-20110302_0000058_KARS.mseed,2026-09-12T19:51:27.154843+00:00
quakeml:eu.emsc/event/20110302_0000058,AGRB,399.2,4.5,2011-03-02 22:13:57.300000+00:00,emsc,ok,data/processed/waveforms/quakeml-c-eu.emsc-s-event-s-20110302_0000058_AGRB.mseed,2026-09-12T19:51:28.444224+00:00
quakeml:eu.emsc/event/20110430_0000003,CUKT,141.32,4.6,2011-04-30 00:38:18.700000+00:00,emsc,ok,data/processed/waveforms/quakeml-c-eu.emsc-s-event-s-20110430_0000003_CUKT.mseed,2026-09-12T19:51:29.032909+00:00
quakeml:eu.emsc/event/20110430_0000003,SIRT,240.98,4.6,2011-04-30 00:38:18.700000+00:00,emsc,ok,data/processed/waveforms/quakeml-c-eu.emsc-s-event-s-20110430_0000003_SIRT.mseed,2026-09-12T19:51:29.737870+00:00
smi:ISC/evid=17507250,AGRB,120.22,4.54,2011-10-23 10:52:53.920000+00:00,isc,ok,data/processed/waveforms/smi-c-ISC-s-evid-e-17507250_AGRB.mseed,2026-09-12T19:51:30.396380+00:00
smi:ISC/evid=602825626,AGRB,97.67,4.67,2011-10-24 06:44:57.630000+00:00,"emsc,isc",ok,data/processed/waveforms/smi-c-ISC-s-evid-e-602825626_AGRB.mseed,2026-09-12T19:51:31.125218+00:00
smi:ISC/evid=606441310,VRTB,16.63,5.3,2014-03-08 23:19:56.400000+00:00,isc,ok,data/processed/waveforms/smi-c-ISC-s-evid-e-606441310_VRTB.mseed,2026-09-12T19:51:32.137559+00:00
smi:ISC/evid=606441310,KARO,52.65,5.3,2014-03-08 23:19:56.400000+00:00,isc,ok,data/processed/waveforms/smi-c-ISC-s-evid-e-606441310_KARO.mseed,2026-09-12T19:51:32.746383+00:00
smi:ISC/evid=606441310,GURO,67.93,5.3,2014-03-08 23:19:56.400000+00:00,isc,ok,data/processed/waveforms/smi-c-ISC-s-evid-e-606441310_GURO.mseed,2026-09-12T19:51:33.360469+00:00
smi:ISC/evid=606441310,BNGB,74.3,5.3,2014-03-08 23:19:56.400000+00:00,isc,ok,data/processed/waveforms/smi-c-ISC-s-evid-e-606441310_BNGB.mseed,2026-09-12T19:51:34.105062+00:00
smi:ISC/evid=606444276,KARO,31.29,4.7,2014-05-09 09:17:50.100000+00:00,isc,ok,data/processed/waveforms/smi-c-ISC-s-evid-e-606444276_KARO.mseed,2026-09-12T19:51:34.656607+00:00
smi:ISC/evid=606444276,BNGB,34.01,4.7,2014-05-09 09:17:50.100000+00:00,isc,ok,data/processed/waveforms/smi-c-ISC-s-evid-e-606444276_BNGB.mseed,2026-09-12T19:51:35.449953+00:00
smi:ISC/evid=606444276,VRTB,36.4,4.7,2014-05-09 09:17:50.100000+00:00,isc,ok,data/processed/waveforms/smi-c-ISC-s-evid-e-606444276_VRTB.mseed,2026-09-12T19:51:36.127209+00:00
smi:ISC/evid=606444276,YEDI,64.23,4.7,2014-05-09 09:17:50.100000+00:00,isc,ok,data/processed/waveforms/smi-c-ISC-s-evid-e-606444276_YEDI.mseed,2026-09-12T19:51:36.692198+00:00
smi:ISC/evid=606444767,VANB,31.98,4.8,2014-05-21 00:29:04.900000+00:00,isc,ok,data/processed/waveforms/smi-c-ISC-s-evid-e-606444767_VANB.mseed,2026-09-12T19:51:37.428034+00:00
smi:ISC/evid=606444767,ERCV,40.42,4.8,2014-05-21 00:29:04.900000+00:00,isc,ok,data/processed/waveforms/smi-c-ISC-s-evid-e-606444767_ERCV.mseed,2026-09-12T19:51:38.027134+00:00
smi:ISC/evid=606444767,AKDM,42.79,4.8,2014-05-21 00:29:04.900000+00:00,isc,ok,data/processed/waveforms/smi-c-ISC-s-evid-e-606444767_AKDM.mseed,2026-09-12T19:51:38.771163+00:00
smi:ISC/evid=606444767,MLAZ,70.25,4.8,2014-05-21 00:29:04.900000+00:00,isc,ok,data/processed/waveforms/smi-c-ISC-s-evid-e-606444767_MLAZ.mseed,2026-09-12T19:51:39.541873+00:00
quakeml:eu.emsc/event/20140524_0000027,GELI,16.45,5.0,2014-05-24 09:31:18.800000+00:00,emsc,ok,data/processed/waveforms/quakeml-c-eu.emsc-s-event-s-20140524_0000027_GELI.mseed,2026-09-12T19:51:40.559894+00:00
quakeml:eu.emsc/event/20140524_0000027,ERIK,35.99,5.0,2014-05-24 09:31:18.800000+00:00,emsc,ok,data/processed/waveforms/quakeml-c-eu.emsc-s-event-s-20140524_0000027_ERIK.mseed,2026-09-12T19:51:41.874082+00:00
smi:ISC/evid=606449948,PTK,58.31,4.5,2014-11-06 18:17:51.800000+00:00,isc,ok,data/processed/waveforms/smi-c-ISC-s-evid-e-606449948_PTK.mseed,2026-09-12T19:51:43.132341+00:00
smi:ISC/evid=606449948,MALT,89.47,4.5,2014-11-06 18:17:51.800000+00:00,isc,ok,data/processed/waveforms/smi-c-ISC-s-evid-e-606449948_MALT.mseed,2026-09-12T19:51:43.731472+00:00
quakeml:eu.emsc/event/20150528_0000043,DAT,204.36,4.5,2015-05-28 12:59:23.500000+00:00,emsc,ok,data/processed/waveforms/quakeml-c-eu.emsc-s-event-s-20150528_0000043_DAT.mseed,2026-09-12T19:51:44.403103+00:00
quakeml:eu.emsc/event/20150528_0000043,DATC,209.96,4.5,2015-05-28 12:59:23.500000+00:00,emsc,ok,data/processed/waveforms/quakeml-c-eu.emsc-s-event-s-20150528_0000043_DATC.mseed,2026-09-12T19:51:45.004436+00:00
quakeml:eu.emsc/event/20150528_0000043,MRSB,228.67,4.5,2015-05-28 12:59:23.500000+00:00,emsc,ok,data/processed/waveforms/quakeml-c-eu.emsc-s-event-s-20150528_0000043_MRSB.mseed,2026-09-12T19:51:45.827087+00:00
quakeml:eu.emsc/event/20151009_0000101,CLDR,18.27,4.8,2015-10-09 09:46:40.800000+00:00,emsc,ok,data/processed/waveforms/quakeml-c-eu.emsc-s-event-s-20151009_0000101_CLDR.mseed,2026-09-12T19:51:46.501540+00:00
quakeml:eu.emsc/event/20151009_0000101,ERCV,33.64,4.8,2015-10-09 09:46:40.800000+00:00,emsc,ok,data/processed/waveforms/quakeml-c-eu.emsc-s-event-s-20151009_0000101_ERCV.mseed,2026-09-12T19:51:47.098068+00:00
quakeml:eu.emsc/event/20151009_0000101,VANB,71.84,4.8,2015-10-09 09:46:40.800000+00:00,emsc,ok,data/processed/waveforms/quakeml-c-eu.emsc-s-event-s-20151009_0000101_VANB.mseed,2026-09-12T19:51:47.720299+00:00
quakeml:eu.emsc/event/20151009_0000101,AGRB,80.57,4.8,2015-10-09 09:46:40.800000+00:00,emsc,ok,data/processed/waveforms/quakeml-c-eu.emsc-s-event-s-20151009_0000101_AGRB.mseed,2026-09-12T19:51:48.327806+00:00
quakeml:eu.emsc/event/20151009_0000049,TOKT,40.22,4.9,2015-10-09 14:39:18.500000+00:00,emsc,ok,data/processed/waveforms/quakeml-c-eu.emsc-s-event-s-20151009_0000049_TOKT.mseed,2026-09-12T19:51:48.929333+00:00
quakeml:eu.emsc/event/20151009_0000049,KUPE,55.59,4.9,2015-10-09 14:39:18.500000+00:00,emsc,ok,data/processed/waveforms/quakeml-c-eu.emsc-s-event-s-20151009_0000049_KUPE.mseed,2026-09-12T19:51:49.542642+00:00
quakeml:eu.emsc/event/20151009_0000049,HKOY,60.93,4.9,2015-10-09 14:39:18.500000+00:00,emsc,ok,data/processed/waveforms/quakeml-c-eu.emsc-s-event-s-20151009_0000049_HKOY.mseed,2026-09-12T19:51:50.111762+00:00
quakeml:eu.emsc/event/20151009_0000049,RSDY,64.79,4.9,2015-10-09 14:39:18.500000+00:00,emsc,ok,data/processed/waveforms/quakeml-c-eu.emsc-s-event-s-20151009_0000049_RSDY.mseed,2026-09-12T19:51:50.699982+00:00
smi:ISC/evid=611461965,DAT,221.29,4.8,2016-05-25 08:36:15.360000+00:00,isc,ok,data/processed/waveforms/smi-c-ISC-s-evid-e-611461965_DAT.mseed,2026-09-12T19:51:51.285938+00:00
smi:ISC/evid=611461965,BODT,243.04,4.8,2016-05-25 08:36:15.360000+00:00,isc,ok,data/processed/waveforms/smi-c-ISC-s-evid-e-611461965_BODT.mseed,2026-09-12T19:51:52.003447+00:00
quakeml:eu.emsc/event/20170721_0000092,DAT,19.19,4.6,2017-07-21 05:05:24.800000+00:00,emsc,ok,data/processed/waveforms/quakeml-c-eu.emsc-s-event-s-20170721_0000092_DAT.mseed,2026-09-12T19:51:52.736034+00:00
quakeml:eu.emsc/event/20171019_0000126,SEYD,39.18,4.5,2017-10-19 16:21:12.900000+00:00,emsc,ok,data/processed/waveforms/quakeml-c-eu.emsc-s-event-s-20171019_0000126_SEYD.mseed,2026-09-12T19:51:53.341178+00:00
quakeml:eu.emsc/event/20171019_0000126,BCK,72.72,4.5,2017-10-19 16:21:12.900000+00:00,emsc,ok,data/processed/waveforms/quakeml-c-eu.emsc-s-event-s-20171019_0000126_BCK.mseed,2026-09-12T19:51:54.035337+00:00
quakeml:eu.emsc/event/20180814_0000155,SNOP,90.09,4.5,2018-08-14 12:24:07.200000+00:00,emsc,ok,data/processed/waveforms/quakeml-c-eu.emsc-s-event-s-20180814_0000155_SNOP.mseed,2026-09-12T19:51:54.757070+00:00
quakeml:eu.emsc/event/20180814_0000155,SINP,95.72,4.5,2018-08-14 12:24:07.200000+00:00,emsc,ok,data/processed/waveforms/quakeml-c-eu.emsc-s-event-s-20180814_0000155_SINP.mseed,2026-09-12T19:51:55.334284+00:00
quakeml:eu.emsc/event/20180814_0000155,DIKM,130.69,4.5,2018-08-14 12:24:07.200000+00:00,emsc,ok,data/processed/waveforms/quakeml-c-eu.emsc-s-event-s-20180814_0000155_DIKM.mseed,2026-09-12T19:51:56.620678+00:00
quakeml:eu.emsc/event/20180814_0000155,BZK,146.11,4.5,2018-08-14 12:24:07.200000+00:00,emsc,ok,data/processed/waveforms/quakeml-c-eu.emsc-s-event-s-20180814_0000155_BZK.mseed,2026-09-12T19:51:57.984837+00:00
smi:ISC/evid=612794627,CUKT,267.87,4.55,2018-09-16 15:03:42.590000+00:00,isc,ok,data/processed/waveforms/smi-c-ISC-s-evid-e-612794627_CUKT.mseed,2026-09-12T19:51:58.725191+00:00
smi:ISC/evid=612794627,SIRT,358.21,4.55,2018-09-16 15:03:42.590000+00:00,isc,ok,data/processed/waveforms/smi-c-ISC-s-evid-e-612794627_SIRT.mseed,2026-09-12T19:51:59.310628+00:00
smi:ISC/evid=612794627,VANB,397.44,4.55,2018-09-16 15:03:42.590000+00:00,isc,ok,data/processed/waveforms/smi-c-ISC-s-evid-e-612794627_VANB.mseed,2026-09-12T19:51:59.955703+00:00
smi:ISC/evid=612794627,AKDM,398.28,4.55,2018-09-16 15:03:42.590000+00:00,isc,ok,data/processed/waveforms/smi-c-ISC-s-evid-e-612794627_AKDM.mseed,2026-09-12T19:52:00.642496+00:00
smi:ISC/evid=616173852,DAT,276.84,5.14,2019-07-31 04:40:03.280000+00:00,isc,ok,data/processed/waveforms/smi-c-ISC-s-evid-e-616173852_DAT.mseed,2026-09-12T19:52:01.289102+00:00
smi:ISC/evid=616173852,YKAV,283.5,5.14,2019-07-31 04:40:03.280000+00:00,isc,ok,data/processed/waveforms/smi-c-ISC-s-evid-e-616173852_YKAV.mseed,2026-09-12T19:52:01.858054+00:00
smi:ISC/evid=616173852,DATC,284.75,5.14,2019-07-31 04:40:03.280000+00:00,isc,ok,data/processed/waveforms/smi-c-ISC-s-evid-e-616173852_DATC.mseed,2026-09-12T19:52:02.447824+00:00
quakeml:eu.emsc/event/20191212_0000017,DAT,213.77,4.9,2019-12-12 03:05:44.800000+00:00,emsc,ok,data/processed/waveforms/quakeml-c-eu.emsc-s-event-s-20191212_0000017_DAT.mseed,2026-09-12T19:52:03.118783+00:00
quakeml:eu.emsc/event/20191212_0000017,DATC,220.68,4.9,2019-12-12 03:05:44.800000+00:00,emsc,ok,data/processed/waveforms/quakeml-c-eu.emsc-s-event-s-20191212_0000017_DATC.mseed,2026-09-12T19:52:03.817234+00:00
quakeml:eu.emsc/event/20191212_0000017,BODT,233.22,4.9,2019-12-12 03:05:44.800000+00:00,emsc,ok,data/processed/waveforms/quakeml-c-eu.emsc-s-event-s-20191212_0000017_BODT.mseed,2026-09-12T19:52:04.535256+00:00
smi:ISC/evid=617504661,DAT,175.28,4.52,2020-01-30 11:24:13.320000+00:00,isc,ok,data/processed/waveforms/smi-c-ISC-s-evid-e-617504661_DAT.mseed,2026-09-12T19:52:05.263407+00:00
smi:ISC/evid=617504661,DATC,176.99,4.52,2020-01-30 11:24:13.320000+00:00,isc,ok,data/processed/waveforms/smi-c-ISC-s-evid-e-617504661_DATC.mseed,2026-09-12T19:52:05.854979+00:00
smi:ISC/evid=618707167,ERCV,27.16,4.7,2020-04-03 05:43:20.910000+00:00,isc,ok,data/processed/waveforms/smi-c-ISC-s-evid-e-618707167_ERCV.mseed,2026-09-12T19:52:06.635109+00:00
smi:ISC/evid=618707167,VANB,30.52,4.7,2020-04-03 05:43:20.910000+00:00,isc,ok,data/processed/waveforms/smi-c-ISC-s-evid-e-618707167_VANB.mseed,2026-09-12T19:52:07.305738+00:00
smi:ISC/evid=618707167,AKDM,63.24,4.7,2020-04-03 05:43:20.910000+00:00,isc,ok,data/processed/waveforms/smi-c-ISC-s-evid-e-618707167_AKDM.mseed,2026-09-12T19:52:07.983343+00:00
quakeml:eu.emsc/event/20201030_0000093,CESE,42.29,4.8,2020-10-30 11:56:04+00:00,emsc,ok,data/processed/waveforms/quakeml-c-eu.emsc-s-event-s-20201030_0000093_CESE.mseed,2026-09-12T19:52:08.694672+00:00
quakeml:eu.emsc/event/20201030_0000093,BLCB,59.29,4.8,2020-10-30 11:56:04+00:00,emsc,ok,data/processed/waveforms/quakeml-c-eu.emsc-s-event-s-20201030_0000093_BLCB.mseed,2026-09-12T19:52:09.278780+00:00
quakeml:eu.emsc/event/20201030_0000093,KRBN,64.9,4.8,2020-10-30 11:56:04+00:00,emsc,ok,data/processed/waveforms/quakeml-c-eu.emsc-s-event-s-20201030_0000093_KRBN.mseed,2026-09-12T19:52:09.912801+00:00
quakeml:eu.emsc/event/20201031_0000312,GMLD,46.08,4.5,2020-10-31 14:42:42.900000+00:00,emsc,ok,data/processed/waveforms/quakeml-c-eu.emsc-s-event-s-20201031_0000312_GMLD.mseed,2026-09-12T19:52:10.578341+00:00
quakeml:eu.emsc/event/20201031_0000312,CESE,53.1,4.5,2020-10-31 14:42:42.900000+00:00,emsc,ok,data/processed/waveforms/quakeml-c-eu.emsc-s-event-s-20201031_0000312_CESE.mseed,2026-09-12T19:52:12.888853+00:00
quakeml:eu.emsc/event/20201031_0000312,KUSD,72.59,4.5,2020-10-31 14:42:42.900000+00:00,emsc,ok,data/processed/waveforms/quakeml-c-eu.emsc-s-event-s-20201031_0000312_KUSD.mseed,2026-09-12T19:52:13.626844+00:00
quakeml:eu.emsc/event/20201031_0000312,BLCB,76.65,4.5,2020-10-31 14:42:42.900000+00:00,emsc,ok,data/processed/waveforms/quakeml-c-eu.emsc-s-event-s-20201031_0000312_BLCB.mseed,2026-09-12T19:52:14.196266+00:00
smi:ISC/evid=641959986,CLDR,109.04,4.8,2023-01-28 18:18:01.150000+00:00,isc,ok,data/processed/waveforms/smi-c-ISC-s-evid-e-641959986_CLDR.mseed,2026-09-12T19:52:15.004353+00:00
smi:ISC/evid=641959986,ERCV,147.1,4.8,2023-01-28 18:18:01.150000+00:00,isc,ok,data/processed/waveforms/smi-c-ISC-s-evid-e-641959986_ERCV.mseed,2026-09-12T19:52:15.552227+00:00
smi:ISC/evid=641959986,TASB,168.98,4.8,2023-01-28 18:18:01.150000+00:00,isc,ok,data/processed/waveforms/smi-c-ISC-s-evid-e-641959986_TASB.mseed,2026-09-12T19:52:16.306050+00:00
smi:ISC/evid=625729748,TAHT,64.35,5.0,2023-02-06 01:27:09.200000+00:00,isc,ok,data/processed/waveforms/smi-c-ISC-s-evid-e-625729748_TAHT.mseed,2026-09-12T19:52:16.912094+00:00
smi:ISC/evid=625729748,KRTS,68.98,5.0,2023-02-06 01:27:09.200000+00:00,isc,ok,data/processed/waveforms/smi-c-ISC-s-evid-e-625729748_KRTS.mseed,2026-09-12T19:52:17.566083+00:00
smi:ISC/evid=625729748,CEYT,113.51,5.0,2023-02-06 01:27:09.200000+00:00,isc,ok,data/processed/waveforms/smi-c-ISC-s-evid-e-625729748_CEYT.mseed,2026-09-12T19:52:18.162153+00:00
smi:ISC/evid=642709488,URFA,83.8,4.7,2023-02-06 01:33:30+00:00,isc,ok,data/processed/waveforms/smi-c-ISC-s-evid-e-642709488_URFA.mseed,2026-09-12T19:52:19.056290+00:00
quakeml:eu.emsc/event/20230206_0000015,SVAN,102.28,5.0,2023-02-06 01:47:46.700000+00:00,emsc,ok,data/processed/waveforms/quakeml-c-eu.emsc-s-event-s-20230206_0000015_SVAN.mseed,2026-09-12T19:52:19.892676+00:00
quakeml:eu.emsc/event/20230206_0000015,MAZI,117.53,5.0,2023-02-06 01:47:46.700000+00:00,emsc,ok,data/processed/waveforms/quakeml-c-eu.emsc-s-event-s-20230206_0000015_MAZI.mseed,2026-09-12T19:52:20.621157+00:00
quakeml:eu.emsc/event/20230206_0000015,GURO,135.5,5.0,2023-02-06 01:47:46.700000+00:00,emsc,ok,data/processed/waveforms/quakeml-c-eu.emsc-s-event-s-20230206_0000015_GURO.mseed,2026-09-12T19:52:21.363380+00:00
quakeml:eu.emsc/event/20230206_0000019,KIZT,18.36,5.0,2023-02-06 01:59:17+00:00,emsc,ok,data/processed/waveforms/quakeml-c-eu.emsc-s-event-s-20230206_0000019_KIZT.mseed,2026-09-12T19:52:22.008707+00:00
quakeml:eu.emsc/event/20230206_0000019,LADK,70.77,5.0,2023-02-06 01:59:17+00:00,emsc,ok,data/processed/waveforms/quakeml-c-eu.emsc-s-event-s-20230206_0000019_LADK.mseed,2026-09-12T19:52:22.692279+00:00
quakeml:eu.emsc/event/20230206_0000019,CHBY,75.67,5.0,2023-02-06 01:59:17+00:00,emsc,ok,data/processed/waveforms/quakeml-c-eu.emsc-s-event-s-20230206_0000019_CHBY.mseed,2026-09-12T19:52:23.384485+00:00
smi:ISC/evid=626661309,SARI,48.53,4.8,2023-02-06 10:30:27.800000+00:00,isc,ok,data/processed/waveforms/smi-c-ISC-s-evid-e-626661309_SARI.mseed,2026-09-12T19:52:24.302432+00:00
smi:ISC/evid=626661309,KMRS,71.15,4.8,2023-02-06 10:30:27.800000+00:00,isc,ok,data/processed/waveforms/smi-c-ISC-s-evid-e-626661309_KMRS.mseed,2026-09-12T19:52:24.967379+00:00
smi:ISC/evid=626661309,KOZT,71.49,4.8,2023-02-06 10:30:27.800000+00:00,isc,ok,data/processed/waveforms/smi-c-ISC-s-evid-e-626661309_KOZT.mseed,2026-09-12T19:52:25.988153+00:00
smi:ISC/evid=642689049,DARE,59.22,4.9,2023-02-06 10:33:42+00:00,isc,ok,data/processed/waveforms/smi-c-ISC-s-evid-e-642689049_DARE.mseed,2026-09-12T19:52:27.477126+00:00
smi:ISC/evid=642689049,KMRS,108.46,4.9,2023-02-06 10:33:42+00:00,isc,ok,data/processed/waveforms/smi-c-ISC-s-evid-e-642689049_KMRS.mseed,2026-09-12T19:52:28.346182+00:00
smi:ISC/evid=642689050,DARE,55.35,4.56,2023-02-06 10:43:25.640000+00:00,isc,ok,data/processed/waveforms/smi-c-ISC-s-evid-e-642689050_DARE.mseed,2026-09-12T19:52:29.029595+00:00
smi:ISC/evid=642689050,KMRS,73.4,4.56,2023-02-06 10:43:25.640000+00:00,isc,ok,data/processed/waveforms/smi-c-ISC-s-evid-e-642689050_KMRS.mseed,2026-09-12T19:52:29.904191+00:00
smi:ISC/evid=642689050,SARI,79.57,4.56,2023-02-06 10:43:25.640000+00:00,isc,ok,data/processed/waveforms/smi-c-ISC-s-evid-e-642689050_SARI.mseed,2026-09-12T19:52:30.548640+00:00
smi:ISC/evid=625729916,DARE,66.26,5.61,2023-02-06 10:51:31.630000+00:00,"emsc,isc",ok,data/processed/waveforms/smi-c-ISC-s-evid-e-625729916_DARE.mseed,2026-09-12T19:52:31.380778+00:00
smi:ISC/evid=625729916,ARPRA,90.43,5.61,2023-02-06 10:51:31.630000+00:00,"emsc,isc",ok,data/processed/waveforms/smi-c-ISC-s-evid-e-625729916_ARPRA.mseed,2026-09-12T19:52:32.105394+00:00
smi:ISC/evid=642689053,DARE,76.37,4.52,2023-02-06 10:55:05.450000+00:00,"emsc,isc",ok,data/processed/waveforms/smi-c-ISC-s-evid-e-642689053_DARE.mseed,2026-09-12T19:52:32.688764+00:00
smi:ISC/evid=642689053,ARPRA,88.06,4.52,2023-02-06 10:55:05.450000+00:00,"emsc,isc",ok,data/processed/waveforms/smi-c-ISC-s-evid-e-642689053_ARPRA.mseed,2026-09-12T19:52:33.299917+00:00
smi:ISC/evid=625730003,DARE,73.51,4.58,2023-02-06 15:14:35.510000+00:00,"emsc,isc",ok,data/processed/waveforms/smi-c-ISC-s-evid-e-625730003_DARE.mseed,2026-09-12T19:52:34.016670+00:00
smi:ISC/evid=625730003,KMRS,82.36,4.58,2023-02-06 15:14:35.510000+00:00,"emsc,isc",ok,data/processed/waveforms/smi-c-ISC-s-evid-e-625730003_KMRS.mseed,2026-09-12T19:52:34.615613+00:00
quakeml:eu.emsc/event/20230206_0000472,KHMN,61.47,5.1,2023-02-06 20:43:51.500000+00:00,emsc,ok,data/processed/waveforms/quakeml-c-eu.emsc-s-event-s-20230206_0000472_KHMN.mseed,2026-09-12T19:52:35.336294+00:00
quakeml:eu.emsc/event/20230206_0000472,GAZ,72.43,5.1,2023-02-06 20:43:51.500000+00:00,emsc,ok,data/processed/waveforms/quakeml-c-eu.emsc-s-event-s-20230206_0000472_GAZ.mseed,2026-09-12T19:52:35.993503+00:00
quakeml:eu.emsc/event/20230206_0000472,KMRS,78.92,5.1,2023-02-06 20:43:51.500000+00:00,emsc,ok,data/processed/waveforms/quakeml-c-eu.emsc-s-event-s-20230206_0000472_KMRS.mseed,2026-09-12T19:52:36.616686+00:00
quakeml:eu.emsc/event/20230301_0000077,URFA,122.95,4.9,2023-03-01 07:19:52.500000+00:00,emsc,ok,data/processed/waveforms/quakeml-c-eu.emsc-s-event-s-20230301_0000077_URFA.mseed,2026-09-12T19:52:37.399999+00:00
quakeml:eu.emsc/event/20230301_0000077,GAZ,180.55,4.9,2023-03-01 07:19:52.500000+00:00,emsc,ok,data/processed/waveforms/quakeml-c-eu.emsc-s-event-s-20230301_0000077_GAZ.mseed,2026-09-12T19:52:38.078187+00:00
quakeml:eu.emsc/event/20230301_0000077,KHMN,197.74,4.9,2023-03-01 07:19:52.500000+00:00,emsc,ok,data/processed/waveforms/quakeml-c-eu.emsc-s-event-s-20230301_0000077_KHMN.mseed,2026-09-12T19:52:38.736301+00:00
quakeml:eu.emsc/event/20230913_0000147,MAZI,100.49,4.5,2023-09-13 20:40:51.751937+00:00,emsc,ok,data/processed/waveforms/quakeml-c-eu.emsc-s-event-s-20230913_0000147_MAZI.mseed,2026-09-12T19:52:39.430125+00:00
quakeml:eu.emsc/event/20230913_0000147,DYBB,158.49,4.5,2023-09-13 20:40:51.751937+00:00,emsc,ok,data/processed/waveforms/quakeml-c-eu.emsc-s-event-s-20230913_0000147_DYBB.mseed,2026-09-12T19:52:40.031909+00:00
quakeml:eu.emsc/event/20230913_0000147,URFA,178.3,4.5,2023-09-13 20:40:51.751937+00:00,emsc,ok,data/processed/waveforms/quakeml-c-eu.emsc-s-event-s-20230913_0000147_URFA.mseed,2026-09-12T19:52:41.267454+00:00
quakeml:eu.emsc/event/20230913_0000147,SVAN,187.88,4.5,2023-09-13 20:40:51.751937+00:00,emsc,ok,data/processed/waveforms/quakeml-c-eu.emsc-s-event-s-20230913_0000147_SVAN.mseed,2026-09-12T19:52:42.633527+00:00
smi:ISC/evid=642817752,YKAV,159.71,4.6,2025-02-03 07:36:26+00:00,isc,ok,data/processed/waveforms/smi-c-ISC-s-evid-e-642817752_YKAV.mseed,2026-09-12T19:52:43.418262+00:00
smi:ISC/evid=642817752,BODT,160.51,4.6,2025-02-03 07:36:26+00:00,isc,ok,data/processed/waveforms/smi-c-ISC-s-evid-e-642817752_BODT.mseed,2026-09-12T19:52:43.982109+00:00
smi:ISC/evid=642817752,DIDI,166.5,4.6,2025-02-03 07:36:26+00:00,isc,ok,data/processed/waveforms/smi-c-ISC-s-evid-e-642817752_DIDI.mseed,2026-09-12T19:52:44.598012+00:00
smi:ISC/evid=642817752,BODA,170.25,4.6,2025-02-03 07:36:26+00:00,isc,ok,data/processed/waveforms/smi-c-ISC-s-evid-e-642817752_BODA.mseed,2026-09-12T19:52:45.211475+00:00
smi:ISC/evid=642817765,YKAV,151.13,4.8,2025-02-03 20:19:39.300000+00:00,"emsc,isc",ok,data/processed/waveforms/smi-c-ISC-s-evid-e-642817765_YKAV.mseed,2026-09-12T19:52:45.806031+00:00
smi:ISC/evid=642817765,BODT,151.34,4.8,2025-02-03 20:19:39.300000+00:00,"emsc,isc",ok,data/processed/waveforms/smi-c-ISC-s-evid-e-642817765_BODT.mseed,2026-09-12T19:52:46.489192+00:00
smi:ISC/evid=642817765,DIDI,160.18,4.8,2025-02-03 20:19:39.300000+00:00,"emsc,isc",ok,data/processed/waveforms/smi-c-ISC-s-evid-e-642817765_DIDI.mseed,2026-09-12T19:52:47.095837+00:00
smi:ISC/evid=642817765,BODA,160.65,4.8,2025-02-03 20:19:39.300000+00:00,"emsc,isc",ok,data/processed/waveforms/smi-c-ISC-s-evid-e-642817765_BODA.mseed,2026-09-12T19:52:47.745769+00:00
smi:ISC/evid=642817768,YKAV,158.41,4.8,2025-02-04 02:46:04.910000+00:00,isc,ok,data/processed/waveforms/smi-c-ISC-s-evid-e-642817768_YKAV.mseed,2026-09-12T19:52:48.379911+00:00
smi:ISC/evid=642817768,BODT,158.53,4.8,2025-02-04 02:46:04.910000+00:00,isc,ok,data/processed/waveforms/smi-c-ISC-s-evid-e-642817768_BODT.mseed,2026-09-12T19:52:48.974146+00:00
smi:ISC/evid=642817768,DIDI,167.64,4.8,2025-02-04 02:46:04.910000+00:00,isc,ok,data/processed/waveforms/smi-c-ISC-s-evid-e-642817768_DIDI.mseed,2026-09-12T19:52:49.696805+00:00
smi:ISC/evid=642817768,BODA,167.76,4.8,2025-02-04 02:46:04.910000+00:00,isc,ok,data/processed/waveforms/smi-c-ISC-s-evid-e-642817768_BODA.mseed,2026-09-12T19:52:50.363828+00:00
smi:ISC/evid=642817770,BODT,160.15,4.5,2025-02-04 06:09:09.610000+00:00,isc,ok,data/processed/waveforms/smi-c-ISC-s-evid-e-642817770_BODT.mseed,2026-09-12T19:52:50.986697+00:00
smi:ISC/evid=642817770,YKAV,160.21,4.5,2025-02-04 06:09:09.610000+00:00,isc,ok,data/processed/waveforms/smi-c-ISC-s-evid-e-642817770_YKAV.mseed,2026-09-12T19:52:51.630468+00:00
smi:ISC/evid=642817770,BODA,169.23,4.5,2025-02-04 06:09:09.610000+00:00,isc,ok,data/processed/waveforms/smi-c-ISC-s-evid-e-642817770_BODA.mseed,2026-09-12T19:52:52.204428+00:00
smi:ISC/evid=642817770,DIDI,170.03,4.5,2025-02-04 06:09:09.610000+00:00,isc,ok,data/processed/waveforms/smi-c-ISC-s-evid-e-642817770_DIDI.mseed,2026-09-12T19:52:52.948570+00:00
smi:ISC/evid=642816819,YKAV,162.01,4.6,2025-02-04 13:04:12.720000+00:00,isc,ok,data/processed/waveforms/smi-c-ISC-s-evid-e-642816819_YKAV.mseed,2026-09-12T19:52:53.658764+00:00
smi:ISC/evid=642816819,BODT,162.05,4.6,2025-02-04 13:04:12.720000+00:00,isc,ok,data/processed/waveforms/smi-c-ISC-s-evid-e-642816819_BODT.mseed,2026-09-12T19:52:54.311858+00:00
smi:ISC/evid=642816819,BODA,171.21,4.6,2025-02-04 13:04:12.720000+00:00,isc,ok,data/processed/waveforms/smi-c-ISC-s-evid-e-642816819_BODA.mseed,2026-09-12T19:52:54.925588+00:00
smi:ISC/evid=642816819,DIDI,171.43,4.6,2025-02-04 13:04:12.720000+00:00,isc,ok,data/processed/waveforms/smi-c-ISC-s-evid-e-642816819_DIDI.mseed,2026-09-12T19:52:55.511934+00:00
smi:ISC/evid=644682322,SMAA,49.25,4.8,2025-02-06 02:54:24.100000+00:00,isc,ok,data/processed/waveforms/smi-c-ISC-s-evid-e-644682322_SMAA.mseed,2026-09-12T19:52:57.187619+00:00
smi:ISC/evid=644682322,SIMA,49.42,4.8,2025-02-06 02:54:24.100000+00:00,isc,ok,data/processed/waveforms/smi-c-ISC-s-evid-e-644682322_SIMA.mseed,2026-09-12T19:52:58.468222+00:00
smi:ISC/evid=642917516,BODT,173.56,4.6,2025-02-09 19:16:42.880000+00:00,"emsc,isc",ok,data/processed/waveforms/smi-c-ISC-s-evid-e-642917516_BODT.mseed,2026-09-12T19:52:59.148270+00:00
smi:ISC/evid=642917516,YKAV,173.63,4.6,2025-02-09 19:16:42.880000+00:00,"emsc,isc",ok,data/processed/waveforms/smi-c-ISC-s-evid-e-642917516_YKAV.mseed,2026-09-12T19:52:59.777542+00:00
smi:ISC/evid=642917516,BODA,182.62,4.6,2025-02-09 19:16:42.880000+00:00,"emsc,isc",ok,data/processed/waveforms/smi-c-ISC-s-evid-e-642917516_BODA.mseed,2026-09-12T19:53:00.379877+00:00
smi:ISC/evid=642917516,DIDI,183.26,4.6,2025-02-09 19:16:42.880000+00:00,"emsc,isc",ok,data/processed/waveforms/smi-c-ISC-s-evid-e-642917516_DIDI.mseed,2026-09-12T19:53:01.003650+00:00
smi:ISC/evid=642850876,BODT,163.42,4.9,2025-02-12 01:14:58.960000+00:00,isc,ok,data/processed/waveforms/smi-c-ISC-s-evid-e-642850876_BODT.mseed,2026-09-12T19:53:01.858381+00:00
smi:ISC/evid=642850876,YKAV,163.58,4.9,2025-02-12 01:14:58.960000+00:00,isc,ok,data/processed/waveforms/smi-c-ISC-s-evid-e-642850876_YKAV.mseed,2026-09-12T19:53:02.511533+00:00
smi:ISC/evid=642850876,BODA,172.4,4.9,2025-02-12 01:14:58.960000+00:00,isc,ok,data/processed/waveforms/smi-c-ISC-s-evid-e-642850876_BODA.mseed,2026-09-12T19:53:03.101814+00:00
smi:ISC/evid=642850876,DIDI,173.71,4.9,2025-02-12 01:14:58.960000+00:00,isc,ok,data/processed/waveforms/smi-c-ISC-s-evid-e-642850876_DIDI.mseed,2026-09-12T19:53:03.719318+00:00
smi:ISC/evid=643165028,BOTS,24.67,5.8,2025-04-23 09:49:11.630000+00:00,isc,ok,data/processed/waveforms/smi-c-ISC-s-evid-e-643165028_BOTS.mseed,2026-09-12T19:53:04.474974+00:00
smi:ISC/evid=643165028,MAEG,25.22,5.8,2025-04-23 09:49:11.630000+00:00,isc,ok,data/processed/waveforms/smi-c-ISC-s-evid-e-643165028_MAEG.mseed,2026-09-12T19:53:05.166063+00:00
smi:ISC/evid=643165028,SILV,26.8,5.8,2025-04-23 09:49:11.630000+00:00,isc,ok,data/processed/waveforms/smi-c-ISC-s-evid-e-643165028_SILV.mseed,2026-09-12T19:53:05.820966+00:00
smi:ISC/evid=643165028,GUZE,32.43,5.8,2025-04-23 09:49:11.630000+00:00,isc,ok,data/processed/waveforms/smi-c-ISC-s-evid-e-643165028_GUZE.mseed,2026-09-12T19:53:06.532674+00:00
quakeml:eu.emsc/event/20250423_0000296,GUZE,23.03,5.3,2025-04-23 09:51:18.210000+00:00,emsc,ok,data/processed/waveforms/quakeml-c-eu.emsc-s-event-s-20250423_0000296_GUZE.mseed,2026-09-12T19:53:07.311976+00:00
quakeml:eu.emsc/event/20250423_0000296,SINB,24.88,5.3,2025-04-23 09:51:18.210000+00:00,emsc,ok,data/processed/waveforms/quakeml-c-eu.emsc-s-event-s-20250423_0000296_SINB.mseed,2026-09-12T19:53:07.897527+00:00
quakeml:eu.emsc/event/20250423_0000296,SILV,26.39,5.3,2025-04-23 09:51:18.210000+00:00,emsc,ok,data/processed/waveforms/quakeml-c-eu.emsc-s-event-s-20250423_0000296_SILV.mseed,2026-09-12T19:53:08.558660+00:00
quakeml:eu.emsc/event/20250423_0000296,BUYK,28.85,5.3,2025-04-23 09:51:18.210000+00:00,emsc,ok,data/processed/waveforms/quakeml-c-eu.emsc-s-event-s-20250423_0000296_BUYK.mseed,2026-09-12T19:53:09.242578+00:00
smi:ISC/evid=643284596,KULU,22.16,5.24,2025-05-15 12:46:39.330000+00:00,isc,ok,data/processed/waveforms/smi-c-ISC-s-evid-e-643284596_KULU.mseed,2026-09-12T19:53:09.886539+00:00
smi:ISC/evid=643284596,AFSR,35.68,5.24,2025-05-15 12:46:39.330000+00:00,isc,ok,data/processed/waveforms/smi-c-ISC-s-evid-e-643284596_AFSR.mseed,2026-09-12T19:53:10.727109+00:00
smi:ISC/evid=643284596,KAMT,49.21,5.24,2025-05-15 12:46:39.330000+00:00,isc,ok,data/processed/waveforms/smi-c-ISC-s-evid-e-643284596_KAMT.mseed,2026-09-12T19:53:13.146877+00:00
smi:ISC/evid=643506483,DAT,250.91,5.4,2025-06-03 11:26:36.830000+00:00,isc,ok,data/processed/waveforms/smi-c-ISC-s-evid-e-643506483_DAT.mseed,2026-09-12T19:53:13.864023+00:00
smi:ISC/evid=643506483,BODT,266.44,5.4,2025-06-03 11:26:36.830000+00:00,isc,ok,data/processed/waveforms/smi-c-ISC-s-evid-e-643506483_BODT.mseed,2026-09-12T19:53:14.465813+00:00
smi:ISC/evid=643506483,BODA,269.71,5.4,2025-06-03 11:26:36.830000+00:00,isc,ok,data/processed/waveforms/smi-c-ISC-s-evid-e-643506483_BODA.mseed,2026-09-12T19:53:15.122314+00:00
smi:ISC/evid=643600095,DAT,204.13,5.03,2025-07-07 17:46:06.550000+00:00,"emsc,isc",ok,data/processed/waveforms/smi-c-ISC-s-evid-e-643600095_DAT.mseed,2026-09-12T19:53:15.728450+00:00
smi:ISC/evid=643600095,DATC,209.95,5.03,2025-07-07 17:46:06.550000+00:00,"emsc,isc",ok,data/processed/waveforms/smi-c-ISC-s-evid-e-643600095_DATC.mseed,2026-09-12T19:53:16.395165+00:00
smi:ISC/evid=644221306,NMR9,24.78,5.3,2025-10-02 11:55:06.470000+00:00,isc,ok,data/processed/waveforms/smi-c-ISC-s-evid-e-644221306_NMR9.mseed,2026-09-12T19:53:17.092493+00:00
smi:ISC/evid=644221306,EDC,30.72,5.3,2025-10-02 11:55:06.470000+00:00,isc,ok,data/processed/waveforms/smi-c-ISC-s-evid-e-644221306_EDC.mseed,2026-09-12T19:53:18.003990+00:00
smi:ISC/evid=644221306,NMR8,38.85,5.3,2025-10-02 11:55:06.470000+00:00,isc,ok,data/processed/waveforms/smi-c-ISC-s-evid-e-644221306_NMR8.mseed,2026-09-12T19:53:18.726928+00:00
smi:ISC/evid=644547991,BALB,41.1,5.9,2025-10-27 19:48:29.300000+00:00,isc,ok,data/processed/waveforms/smi-c-ISC-s-evid-e-644547991_BALB.mseed,2026-09-12T19:53:19.553569+00:00
smi:ISC/evid=644547991,GORD,45.94,5.9,2025-10-27 19:48:29.300000+00:00,isc,ok,data/processed/waveforms/smi-c-ISC-s-evid-e-644547991_GORD.mseed,2026-09-12T19:53:20.328315+00:00
smi:ISC/evid=644547991,SOMA,47.6,5.9,2025-10-27 19:48:29.300000+00:00,isc,ok,data/processed/waveforms/smi-c-ISC-s-evid-e-644547991_SOMA.mseed,2026-09-12T19:53:21.069057+00:00
smi:ISC/evid=644547991,AKS,52.16,5.9,2025-10-27 19:48:29.300000+00:00,isc,ok,data/processed/waveforms/smi-c-ISC-s-evid-e-644547991_AKS.mseed,2026-09-12T19:53:21.811354+00:00
smi:ISC/evid=645589932,AKDM,78.62,5.45,2026-04-04 05:52:43.090000+00:00,isc,ok,data/processed/waveforms/smi-c-ISC-s-evid-e-645589932_AKDM.mseed,2026-09-12T19:53:22.549996+00:00
smi:ISC/evid=645616075,SMAA,23.68,4.87,2026-04-11 14:32:00.420000+00:00,isc,ok,data/processed/waveforms/smi-c-ISC-s-evid-e-645616075_SMAA.mseed,2026-09-12T19:53:23.419423+00:00
smi:ISC/evid=645616075,SIMA,25.6,4.87,2026-04-11 14:32:00.420000+00:00,isc,ok,data/processed/waveforms/smi-c-ISC-s-evid-e-645616075_SIMA.mseed,2026-09-12T19:53:24.048225+00:00
smi:ISC/evid=645616075,SHAP,39.21,4.87,2026-04-11 14:32:00.420000+00:00,isc,ok,data/processed/waveforms/smi-c-ISC-s-evid-e-645616075_SHAP.mseed,2026-09-12T19:53:24.703159+00:00
smi:ISC/evid=645616075,DST,43.37,4.87,2026-04-11 14:32:00.420000+00:00,isc,ok,data/processed/waveforms/smi-c-ISC-s-evid-e-645616075_DST.mseed,2026-09-12T19:53:25.299530+00:00
smi:ISC/evid=645651999,DAT,234.71,4.59,2026-04-27 07:45:08.990000+00:00,isc,ok,data/processed/waveforms/smi-c-ISC-s-evid-e-645651999_DAT.mseed,2026-09-12T19:53:27.657647+00:00
smi:ISC/evid=645651999,DATC,241.57,4.59,2026-04-27 07:45:08.990000+00:00,isc,ok,data/processed/waveforms/smi-c-ISC-s-evid-e-645651999_DATC.mseed,2026-09-12T19:53:28.627380+00:00
smi:ISC/evid=645651999,BODT,254.31,4.59,2026-04-27 07:45:08.990000+00:00,isc,ok,data/processed/waveforms/smi-c-ISC-s-evid-e-645651999_BODT.mseed,2026-09-12T19:53:29.367856+00:00
smi:ISC/evid=645651999,BODA,256.51,4.59,2026-04-27 07:45:08.990000+00:00,isc,ok,data/processed/waveforms/smi-c-ISC-s-evid-e-645651999_BODA.mseed,2026-09-12T19:53:30.103189+00:00
