event_id,station,file,p_pick_time,s_pick_time,p_pick_confidence,s_pick_confidence
quakeml:eu.emsc/event/20140524_0000027,GELI,data/processed/waveforms/quakeml-c-eu.emsc-s-event-s-20140524_0000027_GELI.mseed,2014-05-24T09:31:38.240000Z,2014-05-24T09:32:09.430000Z,0.097,0.008
quakeml:eu.emsc/event/20140524_0000027,ERIK,data/processed/waveforms/quakeml-c-eu.emsc-s-event-s-20140524_0000027_ERIK.mseed,2014-05-24T09:31:20.240000Z,2014-05-24T09:31:55.350000Z,0.063,0.097
quakeml:eu.emsc/event/20140524_0000027,GADA,data/processed/waveforms/quakeml-c-eu.emsc-s-event-s-20140524_0000027_GADA.mseed,2014-05-24T09:31:36.580000Z,2014-05-24T09:32:01.560000Z,0.132,0.134
quakeml:eu.emsc/event/20151009_0000049,TOKT,data/processed/waveforms/quakeml-c-eu.emsc-s-event-s-20151009_0000049_TOKT.mseed,2015-10-09T14:39:24.420000Z,,0.468,
quakeml:eu.emsc/event/20151009_0000049,RSDY,data/processed/waveforms/quakeml-c-eu.emsc-s-event-s-20151009_0000049_RSDY.mseed,2015-10-09T14:39:27.220000Z,,0.563,
quakeml:eu.emsc/event/20170721_0000092,DAT,data/processed/waveforms/quakeml-c-eu.emsc-s-event-s-20170721_0000092_DAT.mseed,2017-07-21T05:05:30.820000Z,,0.355,
quakeml:eu.emsc/event/20201030_0000093,BLCB,data/processed/waveforms/quakeml-c-eu.emsc-s-event-s-20201030_0000093_BLCB.mseed,2020-10-30T11:56:05.060000Z,,0.08,
quakeml:eu.emsc/event/20201030_0000093,KRBN,data/processed/waveforms/quakeml-c-eu.emsc-s-event-s-20201030_0000093_KRBN.mseed,2020-10-30T11:56:15.590000Z,2020-10-30T11:56:27.510000Z,0.332,0.265
quakeml:eu.emsc/event/20230206_0000015,SVAN,data/processed/waveforms/quakeml-c-eu.emsc-s-event-s-20230206_0000015_SVAN.mseed,2023-02-06T01:47:56.780000Z,2023-02-06T01:50:02.850000Z,0.089,0.018
quakeml:eu.emsc/event/20230206_0000015,GURO,data/processed/waveforms/quakeml-c-eu.emsc-s-event-s-20230206_0000015_GURO.mseed,2023-02-06T01:48:25.160000Z,2023-02-06T01:50:22.110000Z,0.077,0.041
quakeml:eu.emsc/event/20230206_0000015,AKDM,data/processed/waveforms/quakeml-c-eu.emsc-s-event-s-20230206_0000015_AKDM.mseed,2023-02-06T01:47:48.750000Z,2023-02-06T01:49:22.210000Z,0.069,0.033
quakeml:eu.emsc/event/20230206_0000015,VRTB,data/processed/waveforms/quakeml-c-eu.emsc-s-event-s-20230206_0000015_VRTB.mseed,2023-02-06T01:47:49.610000Z,2023-02-06T01:48:12.860000Z,0.114,0.008
quakeml:eu.emsc/event/20230206_0000015,MLAZ,data/processed/waveforms/quakeml-c-eu.emsc-s-event-s-20230206_0000015_MLAZ.mseed,2023-02-06T01:47:49.900000Z,2023-02-06T01:47:59.150000Z,0.088,0.0
quakeml:eu.emsc/event/20230206_0000019,KIZT,data/processed/waveforms/quakeml-c-eu.emsc-s-event-s-20230206_0000019_KIZT.mseed,2023-02-06T01:59:17.710000Z,2023-02-06T01:59:36.900000Z,0.054,0.041
quakeml:eu.emsc/event/20230206_0000019,LADK,data/processed/waveforms/quakeml-c-eu.emsc-s-event-s-20230206_0000019_LADK.mseed,2023-02-06T01:59:35.530000Z,2023-02-06T01:59:58.390000Z,0.157,0.009
quakeml:eu.emsc/event/20230206_0000019,CHBY,data/processed/waveforms/quakeml-c-eu.emsc-s-event-s-20230206_0000019_CHBY.mseed,2023-02-06T02:00:42.610000Z,2023-02-06T02:01:43.730000Z,0.033,0.126
quakeml:eu.emsc/event/20230206_0000019,BLVD,data/processed/waveforms/quakeml-c-eu.emsc-s-event-s-20230206_0000019_BLVD.mseed,2023-02-06T01:59:47.810000Z,2023-02-06T02:01:13.490000Z,0.026,0.074
quakeml:eu.emsc/event/20230206_0000019,SDAG,data/processed/waveforms/quakeml-c-eu.emsc-s-event-s-20230206_0000019_SDAG.mseed,2023-02-06T01:59:19.090000Z,2023-02-06T01:59:35.550000Z,0.009,0.001
quakeml:eu.emsc/event/20230301_0000077,URFA,data/processed/waveforms/quakeml-c-eu.emsc-s-event-s-20230301_0000077_URFA.mseed,2023-03-01T07:21:12.190000Z,2023-03-01T07:21:43.250000Z,0.192,0.185
quakeml:eu.emsc/event/20230301_0000077,GAZ,data/processed/waveforms/quakeml-c-eu.emsc-s-event-s-20230301_0000077_GAZ.mseed,2023-03-01T07:21:04.940000Z,,0.039,
smi:ISC/evid=17507250,AGRB,data/processed/waveforms/smi-c-ISC-s-evid-e-17507250_AGRB.mseed,2011-10-23T10:53:52.240000Z,,0.031,
smi:ISC/evid=17507250,CUKT,data/processed/waveforms/smi-c-ISC-s-evid-e-17507250_CUKT.mseed,2011-10-23T10:53:03.540000Z,2011-10-23T10:54:17.680000Z,0.141,0.028
smi:ISC/evid=17507250,SVAN,data/processed/waveforms/smi-c-ISC-s-evid-e-17507250_SVAN.mseed,2011-10-23T10:53:06.480000Z,,0.009,
smi:ISC/evid=618707167,VANB,data/processed/waveforms/smi-c-ISC-s-evid-e-618707167_VANB.mseed,2020-04-03T05:44:06.730000Z,,0.553,
smi:ISC/evid=618707167,AKDM,data/processed/waveforms/smi-c-ISC-s-evid-e-618707167_AKDM.mseed,2020-04-03T05:44:37.800000Z,,0.554,
smi:ISC/evid=618707167,MLAZ,data/processed/waveforms/smi-c-ISC-s-evid-e-618707167_MLAZ.mseed,2020-04-03T05:44:42.070000Z,2020-04-03T05:44:45.540000Z,0.222,0.248
smi:ISC/evid=618707167,GURO,data/processed/waveforms/smi-c-ISC-s-evid-e-618707167_GURO.mseed,2020-04-03T05:45:05.750000Z,,0.186,
smi:ISC/evid=625729748,CEYT,data/processed/waveforms/smi-c-ISC-s-evid-e-625729748_CEYT.mseed,2023-02-06T01:27:09.810000Z,2023-02-06T01:27:20.270000Z,0.147,0.156
smi:ISC/evid=625729748,CMRD,data/processed/waveforms/smi-c-ISC-s-evid-e-625729748_CMRD.mseed,2023-02-06T01:28:46.190000Z,2023-02-06T01:28:48.200000Z,0.244,0.217
smi:ISC/evid=625729748,KHMN,data/processed/waveforms/smi-c-ISC-s-evid-e-625729748_KHMN.mseed,2023-02-06T01:28:24.840000Z,,0.04,
smi:ISC/evid=625729916,DARE,data/processed/waveforms/smi-c-ISC-s-evid-e-625729916_DARE.mseed,2023-02-06T10:51:41.960000Z,,0.34,
smi:ISC/evid=625729916,TUNC,data/processed/waveforms/smi-c-ISC-s-evid-e-625729916_TUNC.mseed,2023-02-06T10:52:21.750000Z,,0.305,
smi:ISC/evid=625730003,DARE,data/processed/waveforms/smi-c-ISC-s-evid-e-625730003_DARE.mseed,2023-02-06T15:14:35.500000Z,,0.39,
smi:ISC/evid=625730003,KMRS,data/processed/waveforms/smi-c-ISC-s-evid-e-625730003_KMRS.mseed,2023-02-06T15:14:48.120000Z,2023-02-06T15:14:59.670000Z,0.53,0.11
smi:ISC/evid=642689049,DARE,data/processed/waveforms/smi-c-ISC-s-evid-e-642689049_DARE.mseed,2023-02-06T10:33:55.620000Z,,0.015,
smi:ISC/evid=642689049,KMRS,data/processed/waveforms/smi-c-ISC-s-evid-e-642689049_KMRS.mseed,2023-02-06T10:33:53.300000Z,2023-02-06T10:34:53.130000Z,0.027,0.03
smi:ISC/evid=642689049,TUNC,data/processed/waveforms/smi-c-ISC-s-evid-e-642689049_TUNC.mseed,2023-02-06T10:36:29.530000Z,,0.001,
smi:ISC/evid=642689049,CMRD,data/processed/waveforms/smi-c-ISC-s-evid-e-642689049_CMRD.mseed,2023-02-06T10:36:41.930000Z,,0.218,
smi:ISC/evid=642689050,DARE,data/processed/waveforms/smi-c-ISC-s-evid-e-642689050_DARE.mseed,2023-02-06T10:43:28.520000Z,,0.051,
smi:ISC/evid=642689050,KMRS,data/processed/waveforms/smi-c-ISC-s-evid-e-642689050_KMRS.mseed,2023-02-06T10:43:51.490000Z,,0.073,
smi:ISC/evid=642689050,SARI,data/processed/waveforms/smi-c-ISC-s-evid-e-642689050_SARI.mseed,2023-02-06T10:44:09.830000Z,2023-02-06T10:46:19.660000Z,0.023,0.279
smi:ISC/evid=642689050,YOZ,data/processed/waveforms/smi-c-ISC-s-evid-e-642689050_YOZ.mseed,2023-02-06T10:43:32.290000Z,2023-02-06T10:43:57.210000Z,0.036,0.166
smi:ISC/evid=642709488,URFA,data/processed/waveforms/smi-c-ISC-s-evid-e-642709488_URFA.mseed,2023-02-06T01:33:37.100000Z,2023-02-06T01:34:32.980000Z,0.004,0.083
smi:ISC/evid=642709488,KARO,data/processed/waveforms/smi-c-ISC-s-evid-e-642709488_KARO.mseed,2023-02-06T01:33:32.070000Z,2023-02-06T01:35:40.480000Z,0.021,0.03
smi:ISC/evid=644547991,BALB,data/processed/waveforms/smi-c-ISC-s-evid-e-644547991_BALB.mseed,2025-10-27T19:48:40.590000Z,,0.529,
smi:ISC/evid=644547991,GORD,data/processed/waveforms/smi-c-ISC-s-evid-e-644547991_GORD.mseed,2025-10-27T19:48:35.580000Z,2025-10-27T19:50:45.210000Z,0.565,0.063
smi:ISC/evid=644547991,SOMA,data/processed/waveforms/smi-c-ISC-s-evid-e-644547991_SOMA.mseed,2025-10-27T19:48:40.370000Z,,0.541,
smi:ISC/evid=644547991,AKS,data/processed/waveforms/smi-c-ISC-s-evid-e-644547991_AKS.mseed,2025-10-27T19:48:39.410000Z,,0.149,
smi:ISC/evid=644682322,SIMA,data/processed/waveforms/smi-c-ISC-s-evid-e-644682322_SIMA.mseed,2025-02-06T02:54:41.750000Z,2025-02-06T02:54:43.410000Z,0.009,0.104
us10001rdw,BODT,data/processed/waveforms/us10001rdw_BODT.mseed,2015-03-27T23:35:19.220000Z,2015-03-27T23:35:38.160000Z,0.505,0.328
us10001rdw,MRSB,data/processed/waveforms/us10001rdw_MRSB.mseed,2015-03-27T23:35:44.010000Z,,0.096,
us10001udq,DALY,data/processed/waveforms/us10001udq_DALY.mseed,2015-04-06T16:43:34.740000Z,,0.043,
us10001udq,BODT,data/processed/waveforms/us10001udq_BODT.mseed,2015-04-06T16:43:04.600000Z,,0.274,
us10002l9m,VANB,data/processed/waveforms/us10002l9m_VANB.mseed,2015-06-23T22:35:26.680000Z,,0.563,
us10002l9m,AKDM,data/processed/waveforms/us10002l9m_AKDM.mseed,2015-06-23T22:35:29.000000Z,,0.497,
us10002l9m,CLDR,data/processed/waveforms/us10002l9m_CLDR.mseed,2015-06-23T22:35:34.220000Z,,0.282,
us10002lbs,DAT,data/processed/waveforms/us10002lbs_DAT.mseed,2015-06-24T08:37:35.200000Z,2015-06-24T08:37:49.940000Z,0.224,0.208
us10002lbs,BODT,data/processed/waveforms/us10002lbs_BODT.mseed,2015-06-24T08:37:34.100000Z,2015-06-24T08:37:48.640000Z,0.547,0.53
us10002lbs,MLSB,data/processed/waveforms/us10002lbs_MLSB.mseed,2015-06-24T08:37:37.940000Z,2015-06-24T08:37:54.140000Z,0.238,0.378
us10002w89,KRTS,data/processed/waveforms/us10002w89_KRTS.mseed,2015-07-29T22:01:04.660000Z,,0.434,
us10002w89,MERS,data/processed/waveforms/us10002w89_MERS.mseed,2015-07-29T22:01:06.140000Z,,0.564,
us1000339b,LEF,data/processed/waveforms/us1000339b_LEF.mseed,2015-08-18T21:20:07.220000Z,2015-08-18T21:20:26.760000Z,0.321,0.049
us10003ksq,DEMR,data/processed/waveforms/us10003ksq_DEMR.mseed,2015-10-06T21:27:39.690000Z,,0.332,
us10003ksq,ELL,data/processed/waveforms/us10003ksq_ELL.mseed,2015-10-06T21:27:46.060000Z,,0.458,
us10003ksq,FETY,data/processed/waveforms/us10003ksq_FETY.mseed,2015-10-06T21:27:49.420000Z,2015-10-06T21:28:02.040000Z,0.559,0.423
us100041yx,DARE,data/processed/waveforms/us100041yx_DARE.mseed,2015-11-29T00:28:16.640000Z,,0.554,
us100041yx,MALT,data/processed/waveforms/us100041yx_MALT.mseed,2015-11-29T00:28:22.400000Z,,0.489,
us100041yx,ILIC,data/processed/waveforms/us100041yx_ILIC.mseed,2015-11-29T00:28:24.760000Z,,0.469,
us100044xr,YEDI,data/processed/waveforms/us100044xr_YEDI.mseed,2015-12-07T23:27:23.760000Z,,0.492,
us100044xr,BNGB,data/processed/waveforms/us100044xr_BNGB.mseed,2015-12-07T23:27:26.900000Z,,0.369,
us100044xr,ERZN,data/processed/waveforms/us100044xr_ERZN.mseed,2015-12-07T23:27:28.440000Z,,0.094,
us100044xr,KARO,data/processed/waveforms/us100044xr_KARO.mseed,2015-12-07T23:27:30.370000Z,2015-12-07T23:27:41.820000Z,0.34,0.14
us100062vt,KARS,data/processed/waveforms/us100062vt_KARS.mseed,2016-07-12T10:14:22.480000Z,,0.33,
us100062vt,TASB,data/processed/waveforms/us100062vt_TASB.mseed,2016-07-12T10:14:51.350000Z,,0.107,
us100062vt,SENK,data/processed/waveforms/us100062vt_SENK.mseed,2016-07-12T10:14:57.880000Z,,0.051,
us10006ndm,BODT,data/processed/waveforms/us10006ndm_BODT.mseed,2016-09-09T17:24:51.920000Z,2016-09-09T17:25:14.800000Z,0.543,0.44
us10006nzz,AKS,data/processed/waveforms/us10006nzz_AKS.mseed,2016-09-12T08:26:07.310000Z,2016-09-12T08:26:08.930000Z,0.135,0.145
us10006nzz,DKL,data/processed/waveforms/us10006nzz_DKL.mseed,2016-09-12T08:26:18.440000Z,2016-09-12T08:27:13.700000Z,0.375,0.009
us10006nzz,BLCB,data/processed/waveforms/us10006nzz_BLCB.mseed,2016-09-12T08:26:19.320000Z,,0.321,
us10007vdu,DAT,data/processed/waveforms/us10007vdu_DAT.mseed,2017-01-25T18:51:40.660000Z,,0.331,
us10007vdu,MLSB,data/processed/waveforms/us10007vdu_MLSB.mseed,2017-01-25T18:51:55.100000Z,,0.248,
us10007vdu,DALY,data/processed/waveforms/us10007vdu_DALY.mseed,2017-01-25T18:51:30.000000Z,2017-01-25T18:51:57.840000Z,0.191,0.179
us10007vdu,YER,data/processed/waveforms/us10007vdu_YER.mseed,2017-01-25T18:51:30.580000Z,2017-01-25T18:51:56.480000Z,0.05,0.394
us10007vud,FETY,data/processed/waveforms/us10007vud_FETY.mseed,2017-01-27T20:51:41.150000Z,2017-01-27T20:51:55.530000Z,0.545,0.186
us10007vud,DALY,data/processed/waveforms/us10007vud_DALY.mseed,2017-01-27T20:51:43.780000Z,2017-01-27T20:51:57.060000Z,0.505,0.507
us10007vud,YER,data/processed/waveforms/us10007vud_YER.mseed,2017-01-27T20:52:11.420000Z,,0.314,
us10007vud,DAT,data/processed/waveforms/us10007vud_DAT.mseed,2017-01-27T20:51:51.720000Z,2017-01-27T20:52:08.000000Z,0.124,0.136
us100085uc,EZN,data/processed/waveforms/us100085uc_EZN.mseed,2017-02-28T23:27:42.190000Z,2017-02-28T23:30:53.500000Z,0.561,0.119
us100085uc,GADA,data/processed/waveforms/us100085uc_GADA.mseed,2017-02-28T23:27:48.180000Z,,0.178,
us100085uc,DKL,data/processed/waveforms/us100085uc_DKL.mseed,2017-02-28T23:27:51.220000Z,2017-02-28T23:28:03.060000Z,0.386,0.274
us100086gw,URFA,data/processed/waveforms/us100086gw_URFA.mseed,2017-03-02T11:07:34.600000Z,,0.383,
us100086gw,GAZ,data/processed/waveforms/us100086gw_GAZ.mseed,2017-03-02T11:07:46.860000Z,2017-03-02T11:08:01.980000Z,0.538,0.311
us100086gw,DARE,data/processed/waveforms/us100086gw_DARE.mseed,2017-03-02T11:07:50.100000Z,2017-03-02T11:08:06.220000Z,0.53,0.425
us10008d42,SHUT,data/processed/waveforms/us10008d42_SHUT.mseed,2017-03-29T18:10:55.720000Z,2017-03-29T18:10:57.280000Z,0.172,0.394
us10008d42,BCK,data/processed/waveforms/us10008d42_BCK.mseed,2017-03-29T18:11:19.100000Z,,0.068,
us10008d42,BASM,data/processed/waveforms/us10008d42_BASM.mseed,2017-03-29T18:11:19.090000Z,,0.013,
us10008hbd,DALY,data/processed/waveforms/us10008hbd_DALY.mseed,2017-04-13T16:22:21.780000Z,,0.554,
us10008hbd,YER,data/processed/waveforms/us10008hbd_YER.mseed,2017-04-13T16:22:22.620000Z,,0.414,
us10008hbd,CAME,data/processed/waveforms/us10008hbd_CAME.mseed,2017-04-13T16:22:29.000000Z,,0.193,
us10008hbd,APMY,data/processed/waveforms/us10008hbd_APMY.mseed,2017-04-13T16:22:27.690000Z,2017-04-13T16:25:31.640000Z,0.444,0.017
us10008ji3,SMAA,data/processed/waveforms/us10008ji3_SMAA.mseed,2017-04-21T13:09:28.900000Z,,0.042,
us10008ji3,GEDZ,data/processed/waveforms/us10008ji3_GEDZ.mseed,2017-04-21T13:09:28.720000Z,2017-04-21T13:12:35.020000Z,0.552,0.024
us10008ji3,KULA,data/processed/waveforms/us10008ji3_KULA.mseed,2017-04-21T13:09:29.440000Z,,0.499,
us10008t03,BODT,data/processed/waveforms/us10008t03_BODT.mseed,2017-05-17T11:30:53.400000Z,2017-05-17T11:31:08.200000Z,0.535,0.15
us10008t03,DALY,data/processed/waveforms/us10008t03_DALY.mseed,2017-05-17T11:30:56.220000Z,,0.485,
us10008t03,YER,data/processed/waveforms/us10008t03_YER.mseed,2017-05-17T11:30:59.400000Z,2017-05-17T11:31:14.940000Z,0.002,0.215
us10008t03,MLSB,data/processed/waveforms/us10008t03_MLSB.mseed,2017-05-17T11:30:57.820000Z,2017-05-17T11:31:15.320000Z,0.053,0.346
us10008vt5,KULA,data/processed/waveforms/us10008vt5_KULA.mseed,2017-05-27T15:53:38.340000Z,2017-05-27T15:56:18.980000Z,0.484,0.024
us10008vt5,DKL,data/processed/waveforms/us10008vt5_DKL.mseed,2017-05-27T15:53:40.560000Z,2017-05-27T15:55:42.540000Z,0.178,0.036
us100096da,DALY,data/processed/waveforms/us100096da_DALY.mseed,2017-07-03T13:55:05.040000Z,,0.095,
us1000bvut,DKL,data/processed/waveforms/us1000bvut_DKL.mseed,2017-12-25T05:14:01.000000Z,,0.537,
us1000dr1j,URFA,data/processed/waveforms/us1000dr1j_URFA.mseed,2018-04-24T00:34:36.180000Z,2018-04-24T00:34:39.920000Z,0.259,0.348
us1000dr1j,GAZ,data/processed/waveforms/us1000dr1j_GAZ.mseed,2018-04-24T00:34:51.100000Z,2018-04-24T00:35:07.580000Z,0.525,0.251
us1000dr1j,DARE,data/processed/waveforms/us1000dr1j_DARE.mseed,2018-04-24T00:34:53.380000Z,2018-04-24T00:35:13.440000Z,0.523,0.428
us1000ezck,VANB,data/processed/waveforms/us1000ezck_VANB.mseed,2018-06-23T03:50:17.470000Z,,0.396,
us1000ezck,AKDM,data/processed/waveforms/us1000ezck_AKDM.mseed,2018-06-23T03:50:25.210000Z,2018-06-23T03:50:41.110000Z,0.043,0.135
us1000ezck,TASB,data/processed/waveforms/us1000ezck_TASB.mseed,2018-06-23T03:50:33.320000Z,2018-06-23T03:50:54.350000Z,0.024,0.413
us1000ezck,MLAZ,data/processed/waveforms/us1000ezck_MLAZ.mseed,2018-06-23T03:50:55.430000Z,2018-06-23T03:52:32.910000Z,0.108,0.005
us1000gdb1,KOZT,data/processed/waveforms/us1000gdb1_KOZT.mseed,2018-08-19T15:22:23.340000Z,,0.542,
us1000hwa8,FETY,data/processed/waveforms/us1000hwa8_FETY.mseed,2018-11-25T02:40:52.120000Z,,0.011,
us1000hwa8,DALY,data/processed/waveforms/us1000hwa8_DALY.mseed,2018-11-25T02:40:50.900000Z,,0.184,
us1000jj23,APMY,data/processed/waveforms/us1000jj23_APMY.mseed,2019-03-20T06:34:30.640000Z,,0.565,
us1000jj23,CAME,data/processed/waveforms/us1000jj23_CAME.mseed,2019-03-20T06:34:37.230000Z,,0.448,
us1000jj23,BASM,data/processed/waveforms/us1000jj23_BASM.mseed,2019-03-20T06:34:40.830000Z,,0.343,
us1000jj23,ELL,data/processed/waveforms/us1000jj23_ELL.mseed,2019-03-20T06:34:42.780000Z,,0.271,
us1000jl8f,ARPRA,data/processed/waveforms/us1000jl8f_ARPRA.mseed,2019-03-25T11:29:31.410000Z,2019-03-25T11:31:29.470000Z,0.562,0.078
us1000jl8f,DARE,data/processed/waveforms/us1000jl8f_DARE.mseed,2019-03-25T11:29:35.100000Z,,0.374,
us1000jl8f,PTK,data/processed/waveforms/us1000jl8f_PTK.mseed,2019-03-25T11:29:42.220000Z,,0.468,
us1000jl8f,SARI,data/processed/waveforms/us1000jl8f_SARI.mseed,2019-03-25T11:29:52.240000Z,2019-03-25T11:30:12.140000Z,0.315,0.368
us2000272w,BODT,data/processed/waveforms/us2000272w_BODT.mseed,2015-04-16T18:52:45.780000Z,2015-04-16T18:53:14.180000Z,0.013,0.222
us2000272w,DALY,data/processed/waveforms/us2000272w_DALY.mseed,2015-04-16T18:53:19.020000Z,2015-04-16T18:53:25.240000Z,0.143,0.004
us20002732,BODT,data/processed/waveforms/us20002732_BODT.mseed,2015-04-16T19:02:47.660000Z,,0.502,
us20002732,DALY,data/processed/waveforms/us20002732_DALY.mseed,2015-04-16T19:02:56.760000Z,2015-04-16T19:02:58.220000Z,0.029,0.083
us20002732,MLSB,data/processed/waveforms/us20002732_MLSB.mseed,2015-04-16T19:03:37.800000Z,2015-04-16T19:03:43.540000Z,0.005,0.014
us2000277l,BODT,data/processed/waveforms/us2000277l_BODT.mseed,2015-04-17T02:06:15.080000Z,2015-04-17T02:06:16.720000Z,0.439,0.267
us2000277l,DALY,data/processed/waveforms/us2000277l_DALY.mseed,2015-04-17T02:06:22.980000Z,2015-04-17T02:06:25.120000Z,0.362,0.153
us2000277l,MLSB,data/processed/waveforms/us2000277l_MLSB.mseed,2015-04-17T02:06:34.680000Z,2015-04-17T02:07:02.700000Z,0.109,0.045
us20002zr5,GELI,data/processed/waveforms/us20002zr5_GELI.mseed,2015-07-24T02:39:47.830000Z,2015-07-24T02:42:17.920000Z,0.558,0.092
us20002zr5,GADA,data/processed/waveforms/us20002zr5_GADA.mseed,2015-07-24T02:39:49.470000Z,,0.553,
us20002zt0,BODT,data/processed/waveforms/us20002zt0_BODT.mseed,2015-07-24T09:58:58.840000Z,2015-07-24T09:59:14.160000Z,0.565,0.518
us20002zt0,DAT,data/processed/waveforms/us20002zt0_DAT.mseed,2015-07-24T09:58:59.320000Z,2015-07-24T09:59:15.140000Z,0.532,0.347
us20003h1b,YEDI,data/processed/waveforms/us20003h1b_YEDI.mseed,2015-09-07T00:37:43.780000Z,,0.465,
us20003h1b,BNGB,data/processed/waveforms/us20003h1b_BNGB.mseed,2015-09-07T00:37:44.140000Z,,0.553,
us20003h1b,ERZN,data/processed/waveforms/us20003h1b_ERZN.mseed,2015-09-07T00:37:48.080000Z,,0.337,
us20003h1b,KARO,data/processed/waveforms/us20003h1b_KARO.mseed,2015-09-07T00:37:51.190000Z,,0.225,
us20003hpu,KRBN,data/processed/waveforms/us20003hpu_KRBN.mseed,2015-09-10T08:12:53.510000Z,,0.392,
us20003hpu,BLCB,data/processed/waveforms/us20003hpu_BLCB.mseed,2015-09-10T08:13:00.880000Z,,0.464,
us20003j43,DALY,data/processed/waveforms/us20003j43_DALY.mseed,2015-09-13T02:57:34.860000Z,,0.524,
us20003j43,FETY,data/processed/waveforms/us20003j43_FETY.mseed,2015-09-13T02:57:37.320000Z,,0.526,
us20003j43,YER,data/processed/waveforms/us20003j43_YER.mseed,2015-09-13T02:57:38.340000Z,2015-09-13T02:57:45.680000Z,0.311,0.235
us20003k4g,DAT,data/processed/waveforms/us20003k4g_DAT.mseed,2015-09-16T19:52:57.940000Z,,0.385,
us20003k4g,DALY,data/processed/waveforms/us20003k4g_DALY.mseed,2015-09-16T19:52:45.160000Z,2015-09-16T19:53:08.720000Z,0.036,0.137
us20003k4g,FETY,data/processed/waveforms/us20003k4g_FETY.mseed,2015-09-16T19:52:44.320000Z,2015-09-16T19:53:16.280000Z,0.185,0.165
us200040e1,CLDR,data/processed/waveforms/us200040e1_CLDR.mseed,2015-10-29T09:46:43.100000Z,,0.565,
us200040e1,VANB,data/processed/waveforms/us200040e1_VANB.mseed,2015-10-29T09:46:53.800000Z,,0.222,
us200040e1,AGRB,data/processed/waveforms/us200040e1_AGRB.mseed,2015-10-29T09:46:55.270000Z,,0.351,
us200040e1,TASB,data/processed/waveforms/us200040e1_TASB.mseed,2015-10-29T09:47:35.500000Z,,0.121,
us200040e1,MLAZ,data/processed/waveforms/us200040e1_MLAZ.mseed,2015-10-29T09:47:04.910000Z,2015-10-29T09:47:12.910000Z,0.092,0.178
us20005dx2,BODT,data/processed/waveforms/us20005dx2_BODT.mseed,2016-04-01T14:31:21.980000Z,2016-04-01T14:31:46.600000Z,0.22,0.06
us20007ebw,KDZE,data/processed/waveforms/us20007ebw_KDZE.mseed,2016-10-15T08:18:53.140000Z,2016-10-15T08:19:06.400000Z,0.53,0.318
us20007ebw,SILT,data/processed/waveforms/us20007ebw_SILT.mseed,2016-10-15T08:18:58.730000Z,2016-10-15T08:19:33.980000Z,0.036,0.004
us20007ebw,SAUV,data/processed/waveforms/us20007ebw_SAUV.mseed,2016-10-15T08:19:00.180000Z,2016-10-15T08:19:19.070000Z,0.404,0.163
us20007ebw,KAVV,data/processed/waveforms/us20007ebw_KAVV.mseed,2016-10-15T08:19:03.750000Z,,0.113,
us200082q4,DAT,data/processed/waveforms/us200082q4_DAT.mseed,2016-12-20T06:04:03.700000Z,2016-12-20T06:04:17.900000Z,0.527,0.51
us200082q4,BODT,data/processed/waveforms/us200082q4_BODT.mseed,2016-12-20T06:04:02.800000Z,2016-12-20T06:04:16.800000Z,0.562,0.554
us200082q4,MLSB,data/processed/waveforms/us200082q4_MLSB.mseed,2016-12-20T06:04:08.280000Z,2016-12-20T06:04:24.160000Z,0.21,0.521
us200082q4,YER,data/processed/waveforms/us200082q4_YER.mseed,2016-12-20T06:04:10.300000Z,2016-12-20T06:04:28.560000Z,0.502,0.516
us20008hv1,GPNR,data/processed/waveforms/us20008hv1_GPNR.mseed,2017-02-06T03:51:45.770000Z,,0.016,
us20008hv1,EZN,data/processed/waveforms/us20008hv1_EZN.mseed,2017-02-06T03:51:47.170000Z,2017-02-06T03:53:34.360000Z,0.565,0.035
us20008hv1,GADA,data/processed/waveforms/us20008hv1_GADA.mseed,2017-02-06T03:51:53.860000Z,,0.445,
us20008hv1,DKL,data/processed/waveforms/us20008hv1_DKL.mseed,2017-02-06T03:51:57.500000Z,2017-02-06T03:52:10.300000Z,0.511,0.408
us20008hv1,KRBG,data/processed/waveforms/us20008hv1_KRBG.mseed,2017-02-06T03:52:03.830000Z,2017-02-06T03:52:22.070000Z,0.551,0.392
us20008hwm,GPNR,data/processed/waveforms/us20008hwm_GPNR.mseed,2017-02-06T10:58:06.850000Z,,0.256,
us20008hwm,GADA,data/processed/waveforms/us20008hwm_GADA.mseed,2017-02-06T10:58:15.240000Z,,0.502,
us20008hwm,DKL,data/processed/waveforms/us20008hwm_DKL.mseed,2017-02-06T10:58:18.540000Z,2017-02-06T10:59:56.480000Z,0.515,0.015
us20008hwm,KRBG,data/processed/waveforms/us20008hwm_KRBG.mseed,2017-02-06T10:58:25.240000Z,2017-02-06T10:58:43.110000Z,0.54,0.499
us20008hwu,EZN,data/processed/waveforms/us20008hwu_EZN.mseed,2017-02-06T11:45:08.570000Z,,0.558,
us20008hwu,GADA,data/processed/waveforms/us20008hwu_GADA.mseed,2017-02-06T11:45:17.820000Z,,0.031,
us20008hwu,KRBG,data/processed/waveforms/us20008hwu_KRBG.mseed,2017-02-06T11:45:25.290000Z,2017-02-06T11:45:42.490000Z,0.309,0.442
us20008i2k,GPNR,data/processed/waveforms/us20008i2k_GPNR.mseed,2017-02-07T02:24:07.440000Z,,0.126,
us20008i2k,EZN,data/processed/waveforms/us20008i2k_EZN.mseed,2017-02-07T02:24:10.410000Z,,0.563,
us20008i2k,GADA,data/processed/waveforms/us20008i2k_GADA.mseed,2017-02-07T02:24:17.260000Z,,0.421,
us20008i2k,DKL,data/processed/waveforms/us20008i2k_DKL.mseed,2017-02-07T02:24:20.280000Z,2017-02-07T02:24:32.220000Z,0.484,0.43
us20008i2k,KRBG,data/processed/waveforms/us20008i2k_KRBG.mseed,2017-02-07T02:24:27.000000Z,2017-02-07T02:24:45.080000Z,0.495,0.407
us20008ibf,EZN,data/processed/waveforms/us20008ibf_EZN.mseed,2017-02-07T21:01:01.000000Z,,0.563,
us20008ibf,GADA,data/processed/waveforms/us20008ibf_GADA.mseed,2017-02-07T21:01:17.820000Z,,0.059,
us20008ibf,DKL,data/processed/waveforms/us20008ibf_DKL.mseed,2017-02-07T21:01:23.300000Z,,0.099,
us20008ibf,KRBG,data/processed/waveforms/us20008ibf_KRBG.mseed,2017-02-07T21:01:17.850000Z,2017-02-07T21:01:34.870000Z,0.142,0.435
us20008idh,EZN,data/processed/waveforms/us20008idh_EZN.mseed,2017-02-08T01:38:10.430000Z,,0.557,
us20008idh,GADA,data/processed/waveforms/us20008idh_GADA.mseed,2017-02-08T01:38:20.340000Z,,0.348,
us20008idh,DKL,data/processed/waveforms/us20008idh_DKL.mseed,2017-02-08T01:38:20.860000Z,2017-02-08T01:39:57.680000Z,0.182,0.031
us20008idh,KRBG,data/processed/waveforms/us20008idh_KRBG.mseed,2017-02-08T01:38:27.570000Z,2017-02-08T01:38:44.790000Z,0.226,0.411
us20008iwv,AGRB,data/processed/waveforms/us20008iwv_AGRB.mseed,2017-02-10T12:27:40.460000Z,2017-02-10T12:30:01.000000Z,0.53,0.007
us20008iwv,KOPR,data/processed/waveforms/us20008iwv_KOPR.mseed,2017-02-10T12:28:49.690000Z,,0.021,
us20008iwv,MLAZ,data/processed/waveforms/us20008iwv_MLAZ.mseed,2017-02-10T12:27:44.770000Z,2017-02-10T12:27:55.780000Z,0.099,0.101
us20008jcc,GPNR,data/processed/waveforms/us20008jcc_GPNR.mseed,2017-02-12T13:48:19.890000Z,,0.144,
us20008jcc,GADA,data/processed/waveforms/us20008jcc_GADA.mseed,2017-02-12T13:48:29.700000Z,2017-02-12T13:48:38.860000Z,0.383,0.233
us20008jcc,DKL,data/processed/waveforms/us20008jcc_DKL.mseed,2017-02-12T13:48:32.600000Z,2017-02-12T13:50:10.720000Z,0.38,0.052
us20008jcc,KRBG,data/processed/waveforms/us20008jcc_KRBG.mseed,2017-02-12T13:48:39.160000Z,2017-02-12T13:48:57.160000Z,0.489,0.31
us20008k41,GPNR,data/processed/waveforms/us20008k41_GPNR.mseed,2017-02-16T00:19:05.760000Z,,0.018,
us20008k41,EZN,data/processed/waveforms/us20008k41_EZN.mseed,2017-02-16T00:19:07.850000Z,,0.562,
us20008k41,GADA,data/processed/waveforms/us20008k41_GADA.mseed,2017-02-16T00:19:14.240000Z,2017-02-16T00:20:14.720000Z,0.236,0.007
us20008k41,DKL,data/processed/waveforms/us20008k41_DKL.mseed,2017-02-16T00:19:17.800000Z,,0.022,
us20008k41,KRBG,data/processed/waveforms/us20008k41_KRBG.mseed,2017-02-16T00:19:24.910000Z,2017-02-16T00:19:41.960000Z,0.504,0.473
us20008kiw,EZN,data/processed/waveforms/us20008kiw_EZN.mseed,2017-02-07T05:17:15.410000Z,2017-02-07T05:18:44.800000Z,0.561,0.062
us20008kiw,DKL,data/processed/waveforms/us20008kiw_DKL.mseed,2017-02-07T05:17:38.700000Z,,0.008,
us20008kiw,KRBG,data/processed/waveforms/us20008kiw_KRBG.mseed,2017-02-07T05:17:32.240000Z,2017-02-07T05:17:35.300000Z,0.216,0.045
us20008mfu,KOZT,data/processed/waveforms/us20008mfu_KOZT.mseed,2017-02-25T21:06:14.980000Z,,0.093,
us20009nz3,BLCB,data/processed/waveforms/us20009nz3_BLCB.mseed,2017-06-22T02:49:05.440000Z,,0.378,
us20009ynd,DAT,data/processed/waveforms/us20009ynd_DAT.mseed,2017-07-20T22:31:15.940000Z,2017-07-20T22:32:16.080000Z,0.564,0.002
us20009ynd,MLSB,data/processed/waveforms/us20009ynd_MLSB.mseed,2017-07-20T22:31:19.420000Z,2017-07-20T22:32:36.180000Z,0.477,0.152
us20009ynd,YER,data/processed/waveforms/us20009ynd_YER.mseed,2017-07-20T22:31:25.240000Z,2017-07-20T22:32:08.160000Z,0.493,0.002
us20009ynd,DALY,data/processed/waveforms/us20009ynd_DALY.mseed,2017-07-20T22:31:30.120000Z,2017-07-20T22:33:34.300000Z,0.535,0.015
us20009ypp,DAT,data/processed/waveforms/us20009ypp_DAT.mseed,2017-07-20T23:23:58.000000Z,2017-07-20T23:25:17.580000Z,0.444,0.065
us20009ypp,MLSB,data/processed/waveforms/us20009ypp_MLSB.mseed,2017-07-20T23:24:03.140000Z,2017-07-20T23:25:26.780000Z,0.506,0.131
us20009ypp,YER,data/processed/waveforms/us20009ypp_YER.mseed,2017-07-20T23:24:11.980000Z,2017-07-20T23:24:20.880000Z,0.366,0.339
us20009ypp,DALY,data/processed/waveforms/us20009ypp_DALY.mseed,2017-07-20T23:24:12.780000Z,2017-07-20T23:24:17.540000Z,0.282,0.326
us20009ys1,DAT,data/processed/waveforms/us20009ys1_DAT.mseed,2017-07-21T01:38:53.840000Z,2017-07-21T01:40:51.320000Z,0.472,0.006
us20009ys1,MLSB,data/processed/waveforms/us20009ys1_MLSB.mseed,2017-07-21T01:38:58.480000Z,,0.32,
us20009ys1,YER,data/processed/waveforms/us20009ys1_YER.mseed,2017-07-21T01:39:02.720000Z,2017-07-21T01:39:04.060000Z,0.165,0.064
us20009ys1,DALY,data/processed/waveforms/us20009ys1_DALY.mseed,2017-07-21T01:39:07.120000Z,2017-07-21T01:39:08.280000Z,0.306,0.274
us20009ysa,DAT,data/processed/waveforms/us20009ysa_DAT.mseed,2017-07-21T02:12:39.920000Z,2017-07-21T02:15:48.240000Z,0.513,0.049
us20009ysa,MLSB,data/processed/waveforms/us20009ysa_MLSB.mseed,2017-07-21T02:12:49.060000Z,2017-07-21T02:12:50.200000Z,0.364,0.422
us20009ysa,YER,data/processed/waveforms/us20009ysa_YER.mseed,2017-07-21T02:12:52.000000Z,2017-07-21T02:13:05.020000Z,0.343,0.171
us20009ysa,DALY,data/processed/waveforms/us20009ysa_DALY.mseed,2017-07-21T02:12:55.440000Z,2017-07-21T02:13:11.980000Z,0.412,0.254
us20009zaf,DAT,data/processed/waveforms/us20009zaf_DAT.mseed,2017-07-21T17:09:52.960000Z,,0.508,
us20009zaf,MLSB,data/processed/waveforms/us20009zaf_MLSB.mseed,2017-07-21T17:10:01.200000Z,,0.412,
us20009zaf,YER,data/processed/waveforms/us20009zaf_YER.mseed,2017-07-21T17:10:07.180000Z,2017-07-21T17:10:19.020000Z,0.351,0.327
us20009zaf,DALY,data/processed/waveforms/us20009zaf_DALY.mseed,2017-07-21T17:10:10.940000Z,2017-07-21T17:12:48.200000Z,0.345,0.046
us20009zsc,DAT,data/processed/waveforms/us20009zsc_DAT.mseed,2017-07-22T17:26:08.900000Z,2017-07-22T17:26:24.100000Z,0.049,0.445
us20009zsc,YER,data/processed/waveforms/us20009zsc_YER.mseed,2017-07-22T17:26:15.220000Z,2017-07-22T17:26:34.840000Z,0.158,0.226
us20009zsc,DALY,data/processed/waveforms/us20009zsc_DALY.mseed,2017-07-22T17:26:17.020000Z,2017-07-22T17:26:38.520000Z,0.49,0.425
us2000a5ft,DAT,data/processed/waveforms/us2000a5ft_DAT.mseed,2017-08-07T05:18:54.280000Z,,0.254,
us2000a5ft,BODT,data/processed/waveforms/us2000a5ft_BODT.mseed,2017-08-07T05:18:53.900000Z,2017-08-07T05:20:41.280000Z,0.477,0.01
us2000a5ft,MLSB,data/processed/waveforms/us2000a5ft_MLSB.mseed,2017-08-07T05:18:55.920000Z,,0.401,
us2000a5ft,YER,data/processed/waveforms/us2000a5ft_YER.mseed,2017-08-07T05:19:02.440000Z,,0.286,
us2000a7s6,MLSB,data/processed/waveforms/us2000a7s6_MLSB.mseed,2017-08-13T11:16:56.580000Z,,0.406,
us2000a7s6,BODT,data/processed/waveforms/us2000a7s6_BODT.mseed,2017-08-13T11:16:59.820000Z,,0.41,
us2000a7s6,DAT,data/processed/waveforms/us2000a7s6_DAT.mseed,2017-08-13T11:17:02.060000Z,,0.274,
us2000a7s6,YER,data/processed/waveforms/us2000a7s6_YER.mseed,2017-08-13T11:17:04.440000Z,,0.234,
us2000a7wg,MLSB,data/processed/waveforms/us2000a7wg_MLSB.mseed,2017-08-14T02:43:52.800000Z,,0.551,
us2000a7wg,BODT,data/processed/waveforms/us2000a7wg_BODT.mseed,2017-08-14T02:43:56.040000Z,2017-08-14T02:46:57.140000Z,0.403,0.106
us2000a7wg,DAT,data/processed/waveforms/us2000a7wg_DAT.mseed,2017-08-14T02:43:57.800000Z,,0.146,
us2000a7wg,YER,data/processed/waveforms/us2000a7wg_YER.mseed,2017-08-14T02:43:58.780000Z,,0.239,
us2000advt,DAT,data/processed/waveforms/us2000advt_DAT.mseed,2017-09-01T16:48:51.500000Z,,0.371,
us2000advt,DALY,data/processed/waveforms/us2000advt_DALY.mseed,2017-09-01T16:48:53.120000Z,,0.51,
us2000advt,YER,data/processed/waveforms/us2000advt_YER.mseed,2017-09-01T16:48:56.360000Z,2017-09-01T16:49:12.220000Z,0.175,0.355
us2000advt,BODT,data/processed/waveforms/us2000advt_BODT.mseed,2017-09-01T16:49:11.800000Z,,0.382,
us2000bjnj,DALY,data/processed/waveforms/us2000bjnj_DALY.mseed,2017-11-07T02:40:45.620000Z,,0.426,
us2000bjnj,FETY,data/processed/waveforms/us2000bjnj_FETY.mseed,2017-11-07T02:40:46.330000Z,2017-11-07T02:40:56.550000Z,0.558,0.479
us2000bjnj,DAT,data/processed/waveforms/us2000bjnj_DAT.mseed,2017-11-07T02:40:52.120000Z,,0.041,
us2000bjnj,YER,data/processed/waveforms/us2000bjnj_YER.mseed,2017-11-07T02:40:50.280000Z,2017-11-07T02:41:02.480000Z,0.07,0.219
us2000bjnj,CAME,data/processed/waveforms/us2000bjnj_CAME.mseed,2017-11-07T02:40:51.290000Z,2017-11-07T02:41:04.400000Z,0.355,0.546
us2000bt6a,DALY,data/processed/waveforms/us2000bt6a_DALY.mseed,2017-11-22T20:22:58.560000Z,,0.501,
us2000bt6a,YER,data/processed/waveforms/us2000bt6a_YER.mseed,2017-11-22T20:22:59.080000Z,,0.442,
us2000bt6a,CAME,data/processed/waveforms/us2000bt6a_CAME.mseed,2017-11-22T20:23:13.770000Z,2017-11-22T20:23:14.840000Z,0.089,0.278
us2000bt6a,APMY,data/processed/waveforms/us2000bt6a_APMY.mseed,2017-11-22T20:23:04.970000Z,2017-11-22T20:23:16.940000Z,0.459,0.28
us2000bu6g,DALY,data/processed/waveforms/us2000bu6g_DALY.mseed,2017-11-24T21:49:21.420000Z,,0.556,
us2000bu6g,YER,data/processed/waveforms/us2000bu6g_YER.mseed,2017-11-24T21:49:21.680000Z,,0.518,
us2000bu6g,CAME,data/processed/waveforms/us2000bu6g_CAME.mseed,2017-11-24T21:49:31.660000Z,2017-11-24T21:49:40.960000Z,0.035,0.203
us2000bu6g,APMY,data/processed/waveforms/us2000bu6g_APMY.mseed,2017-11-24T21:49:27.770000Z,2017-11-24T21:49:38.910000Z,0.447,0.122
us2000c1yf,DAT,data/processed/waveforms/us2000c1yf_DAT.mseed,2017-12-08T05:20:48.800000Z,,0.369,
us2000c1yf,BODT,data/processed/waveforms/us2000c1yf_BODT.mseed,2017-12-08T05:21:00.200000Z,2017-12-08T05:21:07.160000Z,0.032,0.341
us2000c1yf,DALY,data/processed/waveforms/us2000c1yf_DALY.mseed,2017-12-08T05:21:13.080000Z,,0.081,
us2000c1yf,YER,data/processed/waveforms/us2000c1yf_YER.mseed,2017-12-08T05:21:15.340000Z,,0.005,
us2000dw6w,YUVA,data/processed/waveforms/us2000dw6w_YUVA.mseed,2018-04-07T21:16:43.570000Z,2018-04-07T21:16:47.430000Z,0.157,0.465
us2000dw6w,MDUB,data/processed/waveforms/us2000dw6w_MDUB.mseed,2018-04-07T21:16:42.340000Z,,0.545,
us2000dw6w,SAUV,data/processed/waveforms/us2000dw6w_SAUV.mseed,2018-04-07T21:16:51.250000Z,2018-04-07T21:16:53.160000Z,0.424,0.16
us2000dzu5,SEYD,data/processed/waveforms/us2000dzu5_SEYD.mseed,2018-04-13T17:14:08.480000Z,,0.463,
us2000dzu5,HDMB,data/processed/waveforms/us2000dzu5_HDMB.mseed,2018-04-13T17:14:10.070000Z,,0.552,
us2000dzu5,KONT,data/processed/waveforms/us2000dzu5_KONT.mseed,2018-04-13T17:14:18.820000Z,,0.462,
us2000e0te,CUKT,data/processed/waveforms/us2000e0te_CUKT.mseed,2018-04-16T04:31:29.300000Z,,0.215,
us2000hc6y,BCK,data/processed/waveforms/us2000hc6y_BCK.mseed,2018-09-10T23:03:10.940000Z,,0.564,
us2000hc6y,ELL,data/processed/waveforms/us2000hc6y_ELL.mseed,2018-09-10T23:03:15.480000Z,2018-09-10T23:03:31.480000Z,0.56,0.536
us2000hc6y,BASM,data/processed/waveforms/us2000hc6y_BASM.mseed,2018-09-10T23:03:15.390000Z,2018-09-10T23:03:30.650000Z,0.519,0.511
us2000hdam,ALAN,data/processed/waveforms/us2000hdam_ALAN.mseed,2018-09-12T06:22:03.630000Z,,0.178,
us2000hdam,ELL,data/processed/waveforms/us2000hdam_ELL.mseed,2018-09-12T06:22:09.820000Z,2018-09-12T06:22:27.720000Z,0.527,0.262
us2000i79c,BCA,data/processed/waveforms/us2000i79c_BCA.mseed,2018-11-06T01:17:50.880000Z,2018-11-06T01:18:16.140000Z,0.272,0.431
us2000i79c,KARS,data/processed/waveforms/us2000i79c_KARS.mseed,2018-11-06T01:17:53.880000Z,2018-11-06T01:17:55.570000Z,0.296,0.142
us2000i79c,CHOM,data/processed/waveforms/us2000i79c_CHOM.mseed,2018-11-06T01:18:06.600000Z,2018-11-06T01:18:39.460000Z,0.081,0.04
us2000j6mu,FETY,data/processed/waveforms/us2000j6mu_FETY.mseed,2019-01-20T15:50:14.990000Z,2019-01-20T15:50:35.110000Z,0.331,0.102
us2000j6mu,DAT,data/processed/waveforms/us2000j6mu_DAT.mseed,2019-01-20T15:50:15.540000Z,2019-01-20T15:50:33.440000Z,0.361,0.178
us2000j6mu,YER,data/processed/waveforms/us2000j6mu_YER.mseed,2019-01-20T15:50:21.260000Z,2019-01-20T15:50:44.520000Z,0.014,0.073
us2000j7fs,DAT,data/processed/waveforms/us2000j7fs_DAT.mseed,2019-01-22T20:13:28.480000Z,,0.192,
us2000j7fs,YER,data/processed/waveforms/us2000j7fs_YER.mseed,2019-01-22T20:12:20.920000Z,,0.042,
us2000jbrb,DALY,data/processed/waveforms/us2000jbrb_DALY.mseed,2019-02-01T10:30:17.240000Z,2019-02-01T10:30:38.920000Z,0.21,0.105
us2000jdne,ELL,data/processed/waveforms/us2000jdne_ELL.mseed,2019-02-05T15:11:56.800000Z,,0.491,
us2000jgqe,LOD,data/processed/waveforms/us2000jgqe_LOD.mseed,2019-02-12T17:14:45.580000Z,,0.225,
us2000jgqe,YUVA,data/processed/waveforms/us2000jgqe_YUVA.mseed,2019-02-12T17:14:53.380000Z,2019-02-12T17:15:10.280000Z,0.078,0.198
us2000kacn,PTK,data/processed/waveforms/us2000kacn_PTK.mseed,2019-04-04T17:31:18.500000Z,,0.49,
us2000kacn,MAZI,data/processed/waveforms/us2000kacn_MAZI.mseed,2019-04-04T17:31:34.520000Z,2019-04-04T17:31:37.340000Z,0.538,0.071
us2000kacn,DARE,data/processed/waveforms/us2000kacn_DARE.mseed,2019-04-04T17:31:32.560000Z,2019-04-04T17:31:53.660000Z,0.435,0.306
us60003sex,YER,data/processed/waveforms/us60003sex_YER.mseed,2019-05-26T12:07:20.220000Z,,0.266,
us60003sy2,MLSB,data/processed/waveforms/us60003sy2_MLSB.mseed,2019-05-28T05:28:06.740000Z,,0.033,
us60005mmr,CTYL,data/processed/waveforms/us60005mmr_CTYL.mseed,2019-09-24T08:00:35.450000Z,2019-09-24T08:00:43.560000Z,0.359,0.484
us600062ps,DALY,data/processed/waveforms/us600062ps_DALY.mseed,2019-10-24T21:06:54.320000Z,,0.324,
us600062ps,FETY,data/processed/waveforms/us600062ps_FETY.mseed,2019-10-24T21:06:49.830000Z,,0.37,
us600062ps,CAME,data/processed/waveforms/us600062ps_CAME.mseed,2019-10-24T21:07:10.990000Z,,0.211,
us60006pvc,BALB,data/processed/waveforms/us60006pvc_BALB.mseed,2019-12-10T20:14:08.090000Z,,0.565,
us60007f7j,SVRC,data/processed/waveforms/us60007f7j_SVRC.mseed,2020-01-24T18:08:07.960000Z,,0.56,
us60007f7j,URFA,data/processed/waveforms/us60007f7j_URFA.mseed,2020-01-24T18:08:08.540000Z,2020-01-24T18:08:38.880000Z,0.004,0.177
us60007f7j,ILIC,data/processed/waveforms/us60007f7j_ILIC.mseed,2020-01-24T18:08:40.160000Z,2020-01-24T18:09:28.680000Z,0.013,0.129
us60007fs4,SVRC,data/processed/waveforms/us60007fs4_SVRC.mseed,2020-01-25T16:30:11.740000Z,2020-01-25T16:31:51.080000Z,0.565,0.156
us60007fs4,URFA,data/processed/waveforms/us60007fs4_URFA.mseed,2020-01-25T16:30:24.340000Z,2020-01-25T16:30:25.880000Z,0.555,0.501
us60007fs4,ILIC,data/processed/waveforms/us60007fs4_ILIC.mseed,2020-01-25T16:30:30.680000Z,2020-01-25T16:30:32.460000Z,0.181,0.166
us60007i7j,DAT,data/processed/waveforms/us60007i7j_DAT.mseed,2020-01-28T15:39:04.720000Z,2020-01-28T15:39:29.340000Z,0.367,0.128
us60007i7j,DALY,data/processed/waveforms/us60007i7j_DALY.mseed,2020-01-28T15:39:08.260000Z,2020-01-28T15:39:33.420000Z,0.243,0.156
us60007jzj,DAT,data/processed/waveforms/us60007jzj_DAT.mseed,2020-01-30T11:22:05.740000Z,2020-01-30T11:22:28.580000Z,0.436,0.361
us60007jzj,DALY,data/processed/waveforms/us60007jzj_DALY.mseed,2020-01-30T11:22:12.200000Z,2020-01-30T11:22:34.160000Z,0.235,0.071
us60007l19,DAT,data/processed/waveforms/us60007l19_DAT.mseed,2020-01-31T04:35:32.100000Z,,0.001,
us60007phg,AKS,data/processed/waveforms/us60007phg_AKS.mseed,2020-02-04T16:47:12.500000Z,,0.441,
us60007pkf,AKS,data/processed/waveforms/us60007pkf_AKS.mseed,2020-02-04T17:55:26.950000Z,,0.458,
us600084bs,SVRC,data/processed/waveforms/us600084bs_SVRC.mseed,2020-02-25T23:03:44.380000Z,,0.56,
us600084bs,ARPRA,data/processed/waveforms/us600084bs_ARPRA.mseed,2020-02-25T23:03:46.090000Z,2020-02-25T23:03:52.730000Z,0.563,0.563
us600084bs,URFA,data/processed/waveforms/us600084bs_URFA.mseed,2020-02-25T23:03:50.360000Z,2020-02-25T23:03:51.720000Z,0.525,0.441
us600084bs,ILIC,data/processed/waveforms/us600084bs_ILIC.mseed,2020-02-25T23:03:58.680000Z,2020-02-25T23:04:13.680000Z,0.315,0.25
us600084bs,DYBB,data/processed/waveforms/us600084bs_DYBB.mseed,2020-02-25T23:03:58.520000Z,2020-02-25T23:04:15.360000Z,0.506,0.255
us600084lh,DALY,data/processed/waveforms/us600084lh_DALY.mseed,2020-02-26T14:21:33.260000Z,,0.035,
us60008594,DALY,data/processed/waveforms/us60008594_DALY.mseed,2020-02-27T14:37:13.540000Z,,0.019,
us600086w9,DYBB,data/processed/waveforms/us600086w9_DYBB.mseed,2020-02-29T12:30:04.700000Z,2020-02-29T12:30:06.080000Z,0.411,0.234
us600086w9,URFA,data/processed/waveforms/us600086w9_URFA.mseed,2020-02-29T12:30:04.000000Z,2020-02-29T12:30:05.360000Z,0.559,0.418
us600086w9,ILIC,data/processed/waveforms/us600086w9_ILIC.mseed,2020-02-29T12:30:09.160000Z,2020-02-29T12:30:25.960000Z,0.042,0.286
us60009bfq,DALY,data/processed/waveforms/us60009bfq_DALY.mseed,2020-04-24T13:16:28.200000Z,2020-04-24T13:16:38.600000Z,0.099,0.144
us60009ety,CUKT,data/processed/waveforms/us60009ety_CUKT.mseed,2020-04-29T17:02:12.520000Z,2020-04-29T17:02:14.080000Z,0.108,0.246
us60009ety,VANB,data/processed/waveforms/us60009ety_VANB.mseed,2020-04-29T17:02:30.780000Z,2020-04-29T17:02:45.970000Z,0.066,0.049
us60009ety,AKDM,data/processed/waveforms/us60009ety_AKDM.mseed,2020-04-29T17:03:29.500000Z,2020-04-29T17:03:33.210000Z,0.022,0.006
us6000a6qw,SVRC,data/processed/waveforms/us6000a6qw_SVRC.mseed,2020-06-05T18:06:29.000000Z,2020-06-05T18:08:18.020000Z,0.56,0.01
us6000a6qw,URFA,data/processed/waveforms/us6000a6qw_URFA.mseed,2020-06-05T18:06:35.980000Z,2020-06-05T18:06:37.040000Z,0.502,0.438
us6000a6qw,DYBB,data/processed/waveforms/us6000a6qw_DYBB.mseed,2020-06-05T18:06:42.840000Z,2020-06-05T18:07:00.760000Z,0.556,0.303
us6000a6qw,ILIC,data/processed/waveforms/us6000a6qw_ILIC.mseed,2020-06-05T18:06:43.800000Z,2020-06-05T18:07:00.040000Z,0.32,0.427
us6000abp5,KARO,data/processed/waveforms/us6000abp5_KARO.mseed,2020-06-14T14:34:52.960000Z,2020-06-14T14:36:42.190000Z,0.529,0.122
us6000abp5,BNGB,data/processed/waveforms/us6000abp5_BNGB.mseed,2020-06-14T14:34:54.160000Z,2020-06-14T14:34:55.320000Z,0.508,0.502
us6000abp5,VRTB,data/processed/waveforms/us6000abp5_VRTB.mseed,2020-06-14T14:34:54.260000Z,2020-06-14T14:35:05.160000Z,0.134,0.386
us6000abpe,KARO,data/processed/waveforms/us6000abpe_KARO.mseed,2020-06-14T15:09:20.950000Z,,0.562,
us6000abpe,BNGB,data/processed/waveforms/us6000abpe_BNGB.mseed,2020-06-14T15:09:23.640000Z,,0.548,
us6000abpe,ERZN,data/processed/waveforms/us6000abpe_ERZN.mseed,2020-06-14T15:09:32.140000Z,,0.407,
us6000ac28,KARO,data/processed/waveforms/us6000ac28_KARO.mseed,2020-06-15T06:51:34.620000Z,2020-06-15T06:53:24.980000Z,0.565,0.022
us6000ac28,BNGB,data/processed/waveforms/us6000ac28_BNGB.mseed,2020-06-15T06:51:37.260000Z,2020-06-15T06:54:18.740000Z,0.564,0.025
us6000ac28,VRTB,data/processed/waveforms/us6000ac28_VRTB.mseed,2020-06-15T06:51:41.160000Z,2020-06-15T06:53:15.980000Z,0.564,0.029
us6000aew8,KARO,data/processed/waveforms/us6000aew8_KARO.mseed,2020-06-14T22:40:47.380000Z,,0.17,
us6000aew8,BNGB,data/processed/waveforms/us6000aew8_BNGB.mseed,2020-06-14T22:40:44.380000Z,2020-06-14T22:40:48.920000Z,0.365,0.424
us6000aew8,VRTB,data/processed/waveforms/us6000aew8_VRTB.mseed,2020-06-14T22:41:05.440000Z,2020-06-14T22:41:18.600000Z,0.037,0.003
us6000csja,BAYT,data/processed/waveforms/us6000csja_BAYT.mseed,2020-11-22T14:40:28.380000Z,,0.541,
us6000csja,KTUT,data/processed/waveforms/us6000csja_KTUT.mseed,2020-11-22T14:40:39.880000Z,2020-11-22T14:40:50.760000Z,0.283,0.312
us6000d3dd,SVRC,data/processed/waveforms/us6000d3dd_SVRC.mseed,2020-12-27T06:37:35.360000Z,,0.565,
us6000d3dd,DYBB,data/processed/waveforms/us6000d3dd_DYBB.mseed,2020-12-27T06:37:50.300000Z,2020-12-27T06:38:03.140000Z,0.564,0.188
us6000d3dd,URFA,data/processed/waveforms/us6000d3dd_URFA.mseed,2020-12-27T06:37:54.120000Z,2020-12-27T06:38:09.900000Z,0.564,0.333
us6000d3dd,ILIC,data/processed/waveforms/us6000d3dd_ILIC.mseed,2020-12-27T06:37:52.180000Z,2020-12-27T06:39:38.080000Z,0.412,0.069
us6000ddkk,FOCM,data/processed/waveforms/us6000ddkk_FOCM.mseed,2021-02-01T05:47:05.410000Z,,0.343,
us6000ddkk,DKL,data/processed/waveforms/us6000ddkk_DKL.mseed,2021-02-01T05:47:06.100000Z,2021-02-01T05:47:17.940000Z,0.505,0.277
us6000dds6,BNN,data/processed/waveforms/us6000dds6_BNN.mseed,2021-02-02T00:02:49.860000Z,,0.559,
us6000dds6,SARI,data/processed/waveforms/us6000dds6_SARI.mseed,2021-02-02T00:02:58.440000Z,,0.371,
us6000dds6,YOZ,data/processed/waveforms/us6000dds6_YOZ.mseed,2021-02-02T00:02:58.530000Z,,0.554,
us6000dds6,KOZK,data/processed/waveforms/us6000dds6_KOZK.mseed,2021-02-02T00:03:04.080000Z,2021-02-02T00:03:16.050000Z,0.071,0.189
us6000detl,TASB,data/processed/waveforms/us6000detl_TASB.mseed,2021-02-05T15:36:29.460000Z,2021-02-05T15:38:09.490000Z,0.376,0.037
us6000detl,KARS,data/processed/waveforms/us6000detl_KARS.mseed,2021-02-05T15:36:42.980000Z,2021-02-05T15:37:05.680000Z,0.307,0.24
us6000detl,AGRB,data/processed/waveforms/us6000detl_AGRB.mseed,2021-02-05T15:36:48.270000Z,2021-02-05T15:36:51.320000Z,0.238,0.159
us6000detl,SENK,data/processed/waveforms/us6000detl_SENK.mseed,2021-02-05T15:37:37.740000Z,,0.013,
us6000detl,MLAZ,data/processed/waveforms/us6000detl_MLAZ.mseed,2021-02-05T15:38:00.450000Z,2021-02-05T15:38:19.690000Z,0.095,0.019
us6000dfyz,KIZT,data/processed/waveforms/us6000dfyz_KIZT.mseed,2021-02-09T15:52:00.800000Z,2021-02-09T15:52:47.020000Z,0.509,0.41
us6000dfyz,BLVD,data/processed/waveforms/us6000dfyz_BLVD.mseed,2021-02-09T15:52:03.630000Z,2021-02-09T15:52:52.310000Z,0.563,0.196
us6000dfyz,SDAG,data/processed/waveforms/us6000dfyz_SDAG.mseed,2021-02-09T15:52:06.230000Z,2021-02-09T15:52:15.100000Z,0.415,0.277
us6000dfyz,LADK,data/processed/waveforms/us6000dfyz_LADK.mseed,2021-02-09T15:52:07.820000Z,2021-02-09T15:52:58.820000Z,0.276,0.026
us6000dgvq,BZK,data/processed/waveforms/us6000dgvq_BZK.mseed,2021-02-12T03:38:08.820000Z,,0.331,
us6000di2c,KIZT,data/processed/waveforms/us6000di2c_KIZT.mseed,2021-02-09T15:54:03.500000Z,2021-02-09T15:54:04.520000Z,0.334,0.458
us6000di2c,BLVD,data/processed/waveforms/us6000di2c_BLVD.mseed,2021-02-09T15:54:05.790000Z,,0.561,
us6000di2c,SDAG,data/processed/waveforms/us6000di2c_SDAG.mseed,2021-02-09T15:54:08.450000Z,,0.291,
us6000di2c,LADK,data/processed/waveforms/us6000di2c_LADK.mseed,2021-02-09T15:54:10.020000Z,,0.193,
us6000e1bu,YER,data/processed/waveforms/us6000e1bu_YER.mseed,2021-04-13T20:28:27.300000Z,2021-04-13T20:28:29.280000Z,0.117,0.034
us6000e1bu,DALY,data/processed/waveforms/us6000e1bu_DALY.mseed,2021-04-13T20:28:29.140000Z,2021-04-13T20:28:45.080000Z,0.458,0.351
us6000e2f0,YER,data/processed/waveforms/us6000e2f0_YER.mseed,2021-04-17T17:08:42.220000Z,,0.129,
us6000epst,BNGB,data/processed/waveforms/us6000epst_BNGB.mseed,2021-06-25T18:28:44.580000Z,,0.559,
us6000epst,ERZN,data/processed/waveforms/us6000epst_ERZN.mseed,2021-06-25T18:28:48.360000Z,,0.464,
us6000epst,VRTB,data/processed/waveforms/us6000epst_VRTB.mseed,2021-06-25T18:28:55.160000Z,2021-06-25T18:28:59.160000Z,0.443,0.304
us6000f11n,YER,data/processed/waveforms/us6000f11n_YER.mseed,2021-07-31T19:58:44.900000Z,,0.033,
us6000f16z,YER,data/processed/waveforms/us6000f16z_YER.mseed,2021-08-01T09:15:18.300000Z,,0.011,
us6000f1u4,BODT,data/processed/waveforms/us6000f1u4_BODT.mseed,2021-08-03T12:38:49.360000Z,,0.065,
us6000f1u4,YER,data/processed/waveforms/us6000f1u4_YER.mseed,2021-08-03T12:38:46.920000Z,2021-08-03T12:39:03.120000Z,0.032,0.167
us6000f1yr,YER,data/processed/waveforms/us6000f1yr_YER.mseed,2021-08-03T19:54:02.160000Z,,0.011,
us6000f6s8,AGRB,data/processed/waveforms/us6000f6s8_AGRB.mseed,2021-08-16T01:44:41.480000Z,2021-08-16T01:44:44.150000Z,0.229,0.103
us6000f6s8,CHOM,data/processed/waveforms/us6000f6s8_CHOM.mseed,2021-08-16T01:44:48.600000Z,2021-08-16T01:44:50.740000Z,0.333,0.129
us6000f6s8,VRTB,data/processed/waveforms/us6000f6s8_VRTB.mseed,2021-08-16T01:46:08.060000Z,,0.0,
us6000f8b9,YER,data/processed/waveforms/us6000f8b9_YER.mseed,2021-08-19T11:27:18.040000Z,,0.032,
us6000f8b9,BABD,data/processed/waveforms/us6000f8b9_BABD.mseed,2021-08-19T11:27:44.130000Z,,0.022,
us6000fq9m,DALY,data/processed/waveforms/us6000fq9m_DALY.mseed,2021-09-29T22:23:02.160000Z,2021-09-29T22:23:43.960000Z,0.141,0.006
us6000fq9n,DALY,data/processed/waveforms/us6000fq9n_DALY.mseed,2021-09-29T22:23:02.160000Z,2021-09-29T22:23:43.960000Z,0.141,0.006
us6000ftxu,BODT,data/processed/waveforms/us6000ftxu_BODT.mseed,2021-10-12T09:25:18.820000Z,2021-10-12T09:25:27.980000Z,0.043,0.046
us6000ftxu,YER,data/processed/waveforms/us6000ftxu_YER.mseed,2021-10-12T09:24:49.280000Z,2021-10-12T09:25:24.120000Z,0.389,0.216
us6000g7ta,DIDI,data/processed/waveforms/us6000g7ta_DIDI.mseed,2021-11-30T04:01:01.620000Z,,0.061,
us6000g7ta,BLCB,data/processed/waveforms/us6000g7ta_BLCB.mseed,2021-11-30T04:01:00.040000Z,,0.331,
us6000g9c1,VANB,data/processed/waveforms/us6000g9c1_VANB.mseed,2021-12-05T21:46:58.180000Z,,0.51,
us6000g9c1,AKDM,data/processed/waveforms/us6000g9c1_AKDM.mseed,2021-12-05T21:47:01.040000Z,2021-12-05T21:48:34.880000Z,0.368,0.033
us6000g9c1,TASB,data/processed/waveforms/us6000g9c1_TASB.mseed,2021-12-05T21:48:07.660000Z,2021-12-05T21:49:04.840000Z,0.074,0.106
us6000gfhq,DALY,data/processed/waveforms/us6000gfhq_DALY.mseed,2021-12-26T18:59:42.540000Z,2021-12-26T19:00:17.740000Z,0.412,0.121
us6000h4c4,KARS,data/processed/waveforms/us6000h4c4_KARS.mseed,2022-03-14T01:16:38.070000Z,,0.012,
us6000h4pa,BCA,data/processed/waveforms/us6000h4pa_BCA.mseed,2022-03-15T12:26:18.980000Z,2022-03-15T12:26:31.640000Z,0.145,0.255
us6000h4pa,KARS,data/processed/waveforms/us6000h4pa_KARS.mseed,2022-03-15T12:26:26.000000Z,,0.242,
us6000hfzb,DALY,data/processed/waveforms/us6000hfzb_DALY.mseed,2022-04-24T04:14:46.920000Z,,0.017,
us6000iq6f,CAME,data/processed/waveforms/us6000iq6f_CAME.mseed,2022-10-02T10:58:10.080000Z,,0.295,
us6000iq6f,DALY,data/processed/waveforms/us6000iq6f_DALY.mseed,2022-10-02T10:58:09.540000Z,,0.43,
us6000iq6f,FETY,data/processed/waveforms/us6000iq6f_FETY.mseed,2022-10-02T10:58:11.200000Z,,0.524,
us6000iq6f,APMY,data/processed/waveforms/us6000iq6f_APMY.mseed,2022-10-02T10:58:13.960000Z,,0.404,
us6000iq6f,YER,data/processed/waveforms/us6000iq6f_YER.mseed,2022-10-02T10:58:24.660000Z,,0.171,
us6000iqx6,CLDR,data/processed/waveforms/us6000iqx6_CLDR.mseed,2022-10-05T00:21:49.480000Z,,0.512,
us6000iqx6,VANB,data/processed/waveforms/us6000iqx6_VANB.mseed,2022-10-05T00:21:53.480000Z,2022-10-05T00:22:13.900000Z,0.452,0.273
us6000iqx6,TASB,data/processed/waveforms/us6000iqx6_TASB.mseed,2022-10-05T00:21:59.140000Z,2022-10-05T00:22:04.310000Z,0.32,0.162
us6000ir26,CLDR,data/processed/waveforms/us6000ir26_CLDR.mseed,2022-10-05T13:51:59.880000Z,2022-10-05T13:52:02.080000Z,0.088,0.252
us6000ir26,VANB,data/processed/waveforms/us6000ir26_VANB.mseed,2022-10-05T13:52:06.300000Z,2022-10-05T13:52:24.840000Z,0.097,0.045
us6000ir26,AKDM,data/processed/waveforms/us6000ir26_AKDM.mseed,2022-10-05T13:52:10.840000Z,2022-10-05T13:52:35.460000Z,0.178,0.313
us6000isrr,CEYT,data/processed/waveforms/us6000isrr_CEYT.mseed,2022-10-11T15:48:56.600000Z,2022-10-11T15:51:33.740000Z,0.382,0.016
us6000isrr,KMRS,data/processed/waveforms/us6000isrr_KMRS.mseed,2022-10-11T15:48:56.540000Z,,0.55,
us6000isrr,TAHT,data/processed/waveforms/us6000isrr_TAHT.mseed,2022-10-11T15:49:04.520000Z,,0.514,
us6000ja6e,TAHT,data/processed/waveforms/us6000ja6e_TAHT.mseed,2022-12-18T18:13:14.700000Z,,0.565,
us6000ja6e,CEYT,data/processed/waveforms/us6000ja6e_CEYT.mseed,2022-12-18T18:13:26.210000Z,,0.414,
us6000jk5x,CLDR,data/processed/waveforms/us6000jk5x_CLDR.mseed,2023-01-29T14:41:31.460000Z,2023-01-29T14:41:33.940000Z,0.076,0.358
us6000jk5x,AKDM,data/processed/waveforms/us6000jk5x_AKDM.mseed,2023-01-29T14:41:44.340000Z,2023-01-29T14:42:06.960000Z,0.067,0.149
us6000jk5x,MLAZ,data/processed/waveforms/us6000jk5x_MLAZ.mseed,2023-01-29T14:42:25.670000Z,,0.007,
us6000jk61,AKDM,data/processed/waveforms/us6000jk61_AKDM.mseed,2023-01-29T15:13:55.270000Z,2023-01-29T15:14:17.260000Z,0.044,0.276
us6000jllz,KHMN,data/processed/waveforms/us6000jllz_KHMN.mseed,2023-02-06T01:17:39.790000Z,2023-02-06T01:19:42.830000Z,0.502,0.069
us6000jllz,KMRS,data/processed/waveforms/us6000jllz_KMRS.mseed,2023-02-06T01:17:39.120000Z,,0.564,
us6000jllz,KOZT,data/processed/waveforms/us6000jllz_KOZT.mseed,2023-02-06T01:17:52.400000Z,,0.53,
us6000jllz,KRTS,data/processed/waveforms/us6000jllz_KRTS.mseed,2023-02-06T01:19:47.170000Z,,0.009,
us6000jllz,CMRD,data/processed/waveforms/us6000jllz_CMRD.mseed,2023-02-06T01:18:07.920000Z,2023-02-06T01:18:09.960000Z,0.198,0.164
us6000jllz,TUNC,data/processed/waveforms/us6000jllz_TUNC.mseed,2023-02-06T01:18:24.310000Z,2023-02-06T01:19:00.160000Z,0.206,0.101
us6000jlm9,KMRS,data/processed/waveforms/us6000jlm9_KMRS.mseed,2023-02-06T01:36:37.730000Z,2023-02-06T01:36:42.520000Z,0.432,0.362
us6000jlm9,TAHT,data/processed/waveforms/us6000jlm9_TAHT.mseed,2023-02-06T01:39:14.010000Z,,0.043,
us6000jlm9,CMRD,data/processed/waveforms/us6000jlm9_CMRD.mseed,2023-02-06T01:36:57.170000Z,2023-02-06T01:37:15.060000Z,0.03,0.251
us6000jlmd,URFA,data/processed/waveforms/us6000jlmd_URFA.mseed,2023-02-06T01:48:31.480000Z,2023-02-06T01:48:43.470000Z,0.212,0.046
us6000jlmd,DARE,data/processed/waveforms/us6000jlmd_DARE.mseed,2023-02-06T01:48:29.910000Z,2023-02-06T01:48:39.670000Z,0.034,0.061
us6000jlmm,GAZ,data/processed/waveforms/us6000jlmm_GAZ.mseed,2023-02-06T02:17:48.810000Z,2023-02-06T02:17:54.430000Z,0.154,0.455
us6000jlmm,KMRS,data/processed/waveforms/us6000jlmm_KMRS.mseed,2023-02-06T02:17:54.600000Z,2023-02-06T02:18:36.870000Z,0.289,0.263
us6000jlmm,CEYT,data/processed/waveforms/us6000jlmm_CEYT.mseed,2023-02-06T02:17:59.040000Z,2023-02-06T02:18:11.170000Z,0.128,0.229
us6000jlmn,GAZ,data/processed/waveforms/us6000jlmn_GAZ.mseed,2023-02-06T02:23:18.730000Z,2023-02-06T02:23:51.070000Z,0.557,0.196
us6000jlmn,KMRS,data/processed/waveforms/us6000jlmn_KMRS.mseed,2023-02-06T02:23:21.480000Z,2023-02-06T02:23:51.950000Z,0.409,0.162
us6000jlmn,KOZT,data/processed/waveforms/us6000jlmn_KOZT.mseed,2023-02-06T02:23:14.330000Z,2023-02-06T02:23:32.670000Z,0.083,0.387
us6000jlmv,TAHT,data/processed/waveforms/us6000jlmv_TAHT.mseed,2023-02-06T02:54:04.470000Z,2023-02-06T02:54:05.600000Z,0.476,0.501
us6000jlmv,CEYT,data/processed/waveforms/us6000jlmv_CEYT.mseed,2023-02-06T02:54:09.520000Z,2023-02-06T02:54:21.340000Z,0.066,0.016
us6000jln0,URFA,data/processed/waveforms/us6000jln0_URFA.mseed,2023-02-06T03:05:00.900000Z,2023-02-06T03:08:03.920000Z,0.382,0.039
us6000jln0,DARE,data/processed/waveforms/us6000jln0_DARE.mseed,2023-02-06T03:05:01.690000Z,,0.208,
us6000jln3,KMRS,data/processed/waveforms/us6000jln3_KMRS.mseed,2023-02-06T03:12:18.380000Z,2023-02-06T03:12:22.180000Z,0.44,0.487
us6000jln3,GAZ,data/processed/waveforms/us6000jln3_GAZ.mseed,2023-02-06T03:12:26.090000Z,2023-02-06T03:14:17.160000Z,0.209,0.089
us6000jln3,DARE,data/processed/waveforms/us6000jln3_DARE.mseed,2023-02-06T03:12:51.740000Z,2023-02-06T03:12:52.990000Z,0.054,0.029
us6000jln9,URFA,data/processed/waveforms/us6000jln9_URFA.mseed,2023-02-06T03:46:06.860000Z,2023-02-06T03:48:34.600000Z,0.511,0.049
us6000jlnd,KMRS,data/processed/waveforms/us6000jlnd_KMRS.mseed,2023-02-06T04:16:55.150000Z,2023-02-06T04:19:14.130000Z,0.541,0.205
us6000jlnd,GAZ,data/processed/waveforms/us6000jlnd_GAZ.mseed,2023-02-06T04:16:56.640000Z,2023-02-06T04:16:58.550000Z,0.39,0.5
us6000jlnd,DARE,data/processed/waveforms/us6000jlnd_DARE.mseed,2023-02-06T04:17:23.900000Z,2023-02-06T04:19:03.820000Z,0.207,0.183
us6000jlnf,URFA,data/processed/waveforms/us6000jlnf_URFA.mseed,2023-02-06T04:19:02.720000Z,2023-02-06T04:20:27.390000Z,0.49,0.092
us6000jlnf,DARE,data/processed/waveforms/us6000jlnf_DARE.mseed,2023-02-06T04:19:03.170000Z,,0.218,
us6000jlns,TAHT,data/processed/waveforms/us6000jlns_TAHT.mseed,2023-02-06T04:48:04.450000Z,2023-02-06T04:48:47.630000Z,0.533,0.184
us6000jlns,CEYT,data/processed/waveforms/us6000jlns_CEYT.mseed,2023-02-06T04:47:58.050000Z,2023-02-06T04:48:20.740000Z,0.003,0.061
us6000jlns,GAZ,data/processed/waveforms/us6000jlns_GAZ.mseed,2023-02-06T04:48:13.420000Z,2023-02-06T04:50:51.760000Z,0.382,0.044
us6000jlnv,GAZ,data/processed/waveforms/us6000jlnv_GAZ.mseed,2023-02-06T05:02:22.400000Z,2023-02-06T05:04:38.760000Z,0.256,0.504
us6000jlnv,KMRS,data/processed/waveforms/us6000jlnv_KMRS.mseed,2023-02-06T05:02:07.560000Z,2023-02-06T05:02:18.630000Z,0.209,0.36
us6000jlp1,URFA,data/processed/waveforms/us6000jlp1_URFA.mseed,2023-02-06T05:56:06.000000Z,2023-02-06T05:56:08.820000Z,0.389,0.141
us6000jlp1,DARE,data/processed/waveforms/us6000jlp1_DARE.mseed,2023-02-06T05:56:10.970000Z,2023-02-06T05:56:19.570000Z,0.046,0.082
us6000jlpi,URFA,data/processed/waveforms/us6000jlpi_URFA.mseed,2023-02-06T07:41:31.980000Z,2023-02-06T07:43:44.470000Z,0.489,0.197
us6000jlpi,DARE,data/processed/waveforms/us6000jlpi_DARE.mseed,2023-02-06T07:41:32.140000Z,2023-02-06T07:41:38.450000Z,0.194,0.229
us6000jlpv,KMRS,data/processed/waveforms/us6000jlpv_KMRS.mseed,2023-02-06T08:52:41.460000Z,2023-02-06T08:55:48.490000Z,0.538,0.118
us6000jlpv,GAZ,data/processed/waveforms/us6000jlpv_GAZ.mseed,2023-02-06T08:52:44.110000Z,,0.46,
us6000jlpv,KOZT,data/processed/waveforms/us6000jlpv_KOZT.mseed,2023-02-06T08:52:58.840000Z,2023-02-06T08:53:02.570000Z,0.189,0.009
us6000jlpx,URFA,data/processed/waveforms/us6000jlpx_URFA.mseed,2023-02-06T08:58:51.090000Z,,0.506,
us6000jlq2,URFA,data/processed/waveforms/us6000jlq2_URFA.mseed,2023-02-06T09:21:18.380000Z,,0.452,
us6000jlq2,GAZ,data/processed/waveforms/us6000jlq2_GAZ.mseed,2023-02-06T09:21:13.670000Z,2023-02-06T09:21:16.790000Z,0.064,0.107
us6000jlqc,LFK,data/processed/waveforms/us6000jlqc_LFK.mseed,2023-02-06T10:08:21.220000Z,2023-02-06T10:09:08.740000Z,0.137,0.009
us6000jlqe,DARE,data/processed/waveforms/us6000jlqe_DARE.mseed,2023-02-06T10:36:10.370000Z,,0.268,
us6000jlqe,KMRS,data/processed/waveforms/us6000jlqe_KMRS.mseed,2023-02-06T10:36:16.570000Z,2023-02-06T10:36:32.110000Z,0.095,0.214
us6000jlqe,TUNC,data/processed/waveforms/us6000jlqe_TUNC.mseed,2023-02-06T10:36:29.530000Z,,0.001,
us6000jlqe,CMRD,data/processed/waveforms/us6000jlqe_CMRD.mseed,2023-02-06T10:36:41.930000Z,,0.218,
us6000jlql,DARE,data/processed/waveforms/us6000jlql_DARE.mseed,2023-02-06T10:51:41.960000Z,,0.34,
us6000jlql,TUNC,data/processed/waveforms/us6000jlql_TUNC.mseed,2023-02-06T10:52:21.750000Z,,0.305,
us6000jlqm,GAZ,data/processed/waveforms/us6000jlqm_GAZ.mseed,2023-02-06T10:51:26.060000Z,2023-02-06T10:51:29.070000Z,0.168,0.108
us6000jlqm,URFA,data/processed/waveforms/us6000jlqm_URFA.mseed,2023-02-06T10:51:13.760000Z,2023-02-06T10:52:05.850000Z,0.102,0.344
us6000jlqm,TUNC,data/processed/waveforms/us6000jlqm_TUNC.mseed,2023-02-06T10:52:21.750000Z,,0.305,
us6000jlqm,CMRD,data/processed/waveforms/us6000jlqm_CMRD.mseed,2023-02-06T10:52:54.300000Z,2023-02-06T10:53:01.710000Z,0.075,0.042
us6000jlqx,KMRS,data/processed/waveforms/us6000jlqx_KMRS.mseed,2023-02-06T11:11:44.240000Z,2023-02-06T11:11:53.620000Z,0.336,0.035
us6000jlqx,DARE,data/processed/waveforms/us6000jlqx_DARE.mseed,2023-02-06T11:11:50.150000Z,,0.306,
us6000jlqx,GAZ,data/processed/waveforms/us6000jlqx_GAZ.mseed,2023-02-06T11:11:42.240000Z,2023-02-06T11:12:00.340000Z,0.122,0.042
us6000jlr7,SARI,data/processed/waveforms/us6000jlr7_SARI.mseed,2023-02-06T11:39:48.950000Z,2023-02-06T11:41:39.270000Z,0.413,0.066
us6000jlr7,KMRS,data/processed/waveforms/us6000jlr7_KMRS.mseed,2023-02-06T11:39:41.660000Z,2023-02-06T11:39:54.120000Z,0.192,0.521
us6000jlr7,KOZT,data/processed/waveforms/us6000jlr7_KOZT.mseed,2023-02-06T11:40:09.550000Z,,0.359,
us6000jlr7,CMRD,data/processed/waveforms/us6000jlr7_CMRD.mseed,2023-02-06T11:40:30.040000Z,,0.01,
us6000jlra,SARI,data/processed/waveforms/us6000jlra_SARI.mseed,2023-02-06T11:50:12.660000Z,2023-02-06T11:51:52.860000Z,0.322,0.194
us6000jlra,KOZT,data/processed/waveforms/us6000jlra_KOZT.mseed,2023-02-06T11:50:21.130000Z,2023-02-06T11:50:33.510000Z,0.093,0.12
us6000jlra,KMRS,data/processed/waveforms/us6000jlra_KMRS.mseed,2023-02-06T11:50:17.320000Z,2023-02-06T11:51:40.380000Z,0.233,0.01
us6000jlra,YOZ,data/processed/waveforms/us6000jlra_YOZ.mseed,2023-02-06T11:50:23.680000Z,,0.09,
us6000jlrb,DARE,data/processed/waveforms/us6000jlrb_DARE.mseed,2023-02-06T11:58:46.640000Z,,0.428,
us6000jlrb,KMRS,data/processed/waveforms/us6000jlrb_KMRS.mseed,2023-02-06T11:58:37.420000Z,2023-02-06T11:58:54.040000Z,0.147,0.044
us6000jlrc,SARI,data/processed/waveforms/us6000jlrc_SARI.mseed,2023-02-06T12:02:18.430000Z,2023-02-06T12:04:58.680000Z,0.327,0.255
us6000jlrc,KMRS,data/processed/waveforms/us6000jlrc_KMRS.mseed,2023-02-06T12:02:17.900000Z,2023-02-06T12:02:24.870000Z,0.465,0.455
us6000jlrc,KOZT,data/processed/waveforms/us6000jlrc_KOZT.mseed,2023-02-06T12:02:26.050000Z,2023-02-06T12:04:50.320000Z,0.385,0.064
us6000jlrc,CMRD,data/processed/waveforms/us6000jlrc_CMRD.mseed,2023-02-06T12:02:35.480000Z,2023-02-06T12:02:54.610000Z,0.224,0.331
us6000jlrc,KOZK,data/processed/waveforms/us6000jlrc_KOZK.mseed,2023-02-06T12:02:44.470000Z,2023-02-06T12:03:08.140000Z,0.368,0.349
us6000jlrc,TUNC,data/processed/waveforms/us6000jlrc_TUNC.mseed,2023-02-06T12:03:15.880000Z,,0.028,
us6000jlrj,DARE,data/processed/waveforms/us6000jlrj_DARE.mseed,2023-02-06T12:34:55.010000Z,,0.326,
us6000jlrj,URFA,data/processed/waveforms/us6000jlrj_URFA.mseed,2023-02-06T12:35:02.650000Z,,0.231,
us6000jlrj,KARO,data/processed/waveforms/us6000jlrj_KARO.mseed,2023-02-06T12:35:01.070000Z,,0.049,
us6000jlrk,DARE,data/processed/waveforms/us6000jlrk_DARE.mseed,2023-02-06T12:37:03.500000Z,,0.187,
us6000jlrk,KMRS,data/processed/waveforms/us6000jlrk_KMRS.mseed,2023-02-06T12:36:52.370000Z,2023-02-06T12:36:58.580000Z,0.021,0.485
us6000jlrq,SARI,data/processed/waveforms/us6000jlrq_SARI.mseed,2023-02-06T12:54:50.040000Z,2023-02-06T12:54:56.080000Z,0.139,0.363
us6000jlrq,KMRS,data/processed/waveforms/us6000jlrq_KMRS.mseed,2023-02-06T12:54:43.370000Z,2023-02-06T12:55:00.030000Z,0.221,0.345
us6000jlrq,DARE,data/processed/waveforms/us6000jlrq_DARE.mseed,2023-02-06T12:55:07.610000Z,,0.267,
us6000jlrt,SARI,data/processed/waveforms/us6000jlrt_SARI.mseed,2023-02-06T13:00:28.310000Z,,0.335,
us6000jlrt,KMRS,data/processed/waveforms/us6000jlrt_KMRS.mseed,2023-02-06T13:00:20.230000Z,2023-02-06T13:00:29.020000Z,0.401,0.538
us6000jlrt,DARE,data/processed/waveforms/us6000jlrt_DARE.mseed,2023-02-06T13:00:24.580000Z,,0.307,
us6000jlrt,YOZ,data/processed/waveforms/us6000jlrt_YOZ.mseed,2023-02-06T13:01:21.730000Z,,0.308,
us6000jlry,SARI,data/processed/waveforms/us6000jlry_SARI.mseed,2023-02-06T13:12:03.080000Z,2023-02-06T13:12:14.330000Z,0.3,0.295
us6000jlry,KMRS,data/processed/waveforms/us6000jlry_KMRS.mseed,2023-02-06T13:12:03.480000Z,2023-02-06T13:12:08.730000Z,0.53,0.536
us6000jlry,KOZT,data/processed/waveforms/us6000jlry_KOZT.mseed,2023-02-06T13:12:13.100000Z,2023-02-06T13:12:14.480000Z,0.236,0.289
us6000jlry,CMRD,data/processed/waveforms/us6000jlry_CMRD.mseed,2023-02-06T13:13:17.480000Z,,0.01,
us6000jlry,KOZK,data/processed/waveforms/us6000jlry_KOZK.mseed,2023-02-06T13:13:30.050000Z,,0.021,
us6000jls3,DARE,data/processed/waveforms/us6000jls3_DARE.mseed,2023-02-06T13:39:33.960000Z,,0.518,
us6000jls3,KMRS,data/processed/waveforms/us6000jls3_KMRS.mseed,2023-02-06T13:39:41.660000Z,2023-02-06T13:39:50.400000Z,0.195,0.438
us6000jls3,CMRD,data/processed/waveforms/us6000jls3_CMRD.mseed,2023-02-06T13:40:04.310000Z,2023-02-06T13:40:06.010000Z,0.146,0.118
us6000jls6,DARE,data/processed/waveforms/us6000jls6_DARE.mseed,2023-02-06T13:44:52.640000Z,,0.058,
us6000jls6,KMRS,data/processed/waveforms/us6000jls6_KMRS.mseed,2023-02-06T13:44:55.650000Z,2023-02-06T13:45:03.710000Z,0.077,0.538
us6000jls6,GAZ,data/processed/waveforms/us6000jls6_GAZ.mseed,2023-02-06T13:45:07.480000Z,2023-02-06T13:46:19.660000Z,0.489,0.099
us6000jlsb,KMRS,data/processed/waveforms/us6000jlsb_KMRS.mseed,2023-02-06T14:10:23.890000Z,2023-02-06T14:12:45.360000Z,0.422,0.143
us6000jlsb,GAZ,data/processed/waveforms/us6000jlsb_GAZ.mseed,2023-02-06T14:10:29.030000Z,2023-02-06T14:10:55.200000Z,0.136,0.004
us6000jlsb,DARE,data/processed/waveforms/us6000jlsb_DARE.mseed,2023-02-06T14:10:21.420000Z,,0.455,
us6000jlse,GAZ,data/processed/waveforms/us6000jlse_GAZ.mseed,2023-02-06T14:27:56.760000Z,2023-02-06T14:27:58.170000Z,0.269,0.084
us6000jlse,CEYT,data/processed/waveforms/us6000jlse_CEYT.mseed,2023-02-06T14:27:57.450000Z,2023-02-06T14:30:38.370000Z,0.421,0.208
us6000jlse,KMRS,data/processed/waveforms/us6000jlse_KMRS.mseed,2023-02-06T14:27:58.330000Z,2023-02-06T14:30:09.890000Z,0.352,0.228
us6000jlsg,KMRS,data/processed/waveforms/us6000jlsg_KMRS.mseed,2023-02-06T06:26:34.140000Z,2023-02-06T06:28:33.340000Z,0.555,0.052
us6000jlsg,GAZ,data/processed/waveforms/us6000jlsg_GAZ.mseed,2023-02-06T06:26:33.300000Z,,0.552,
us6000jlsj,DARE,data/processed/waveforms/us6000jlsj_DARE.mseed,2023-02-06T14:42:09.970000Z,,0.341,
us6000jlsj,KMRS,data/processed/waveforms/us6000jlsj_KMRS.mseed,2023-02-06T14:41:59.600000Z,2023-02-06T14:42:28.300000Z,0.223,0.431
us6000jlsu,DARE,data/processed/waveforms/us6000jlsu_DARE.mseed,2023-02-06T15:33:43.510000Z,,0.556,
us6000jlsu,URFA,data/processed/waveforms/us6000jlsu_URFA.mseed,2023-02-06T15:33:53.300000Z,,0.515,
us6000jlsu,TUNC,data/processed/waveforms/us6000jlsu_TUNC.mseed,2023-02-06T15:34:02.970000Z,,0.318,
us6000jlt0,CEYT,data/processed/waveforms/us6000jlt0_CEYT.mseed,2023-02-06T16:11:18.910000Z,,0.014,
us6000jlt1,SARI,data/processed/waveforms/us6000jlt1_SARI.mseed,2023-02-06T16:26:51.170000Z,2023-02-06T16:26:52.470000Z,0.342,0.488
us6000jlt1,KMRS,data/processed/waveforms/us6000jlt1_KMRS.mseed,2023-02-06T16:26:51.890000Z,2023-02-06T16:27:00.850000Z,0.153,0.421
us6000jlt1,KHMN,data/processed/waveforms/us6000jlt1_KHMN.mseed,2023-02-06T16:28:53.220000Z,,0.511,
us6000jlt1,KOZT,data/processed/waveforms/us6000jlt1_KOZT.mseed,2023-02-06T16:26:39.500000Z,2023-02-06T16:26:52.080000Z,0.291,0.203
us6000jlt1,KOZK,data/processed/waveforms/us6000jlt1_KOZK.mseed,2023-02-06T16:27:12.910000Z,2023-02-06T16:27:38.390000Z,0.058,0.036
us6000jlwh,SARI,data/processed/waveforms/us6000jlwh_SARI.mseed,2023-02-06T17:26:31.830000Z,,0.559,
us6000jlwh,KMRS,data/processed/waveforms/us6000jlwh_KMRS.mseed,2023-02-06T17:26:38.080000Z,,0.551,
us6000jlwh,DARE,data/processed/waveforms/us6000jlwh_DARE.mseed,2023-02-06T17:26:40.650000Z,,0.237,
us6000jlwh,CMRD,data/processed/waveforms/us6000jlwh_CMRD.mseed,2023-02-06T17:27:14.540000Z,,0.044,
us6000jlwh,TUNC,data/processed/waveforms/us6000jlwh_TUNC.mseed,2023-02-06T17:26:59.370000Z,,0.075,
us6000jlwh,KOZK,data/processed/waveforms/us6000jlwh_KOZK.mseed,2023-02-06T17:26:58.730000Z,,0.052,
us6000jm13,DARE,data/processed/waveforms/us6000jm13_DARE.mseed,2023-02-06T17:46:59.620000Z,2023-02-06T17:49:18.050000Z,0.414,0.495
us6000jm13,KMRS,data/processed/waveforms/us6000jm13_KMRS.mseed,2023-02-06T17:47:10.760000Z,2023-02-06T17:47:12.500000Z,0.218,0.11
us6000jm1p,SARI,data/processed/waveforms/us6000jm1p_SARI.mseed,2023-02-06T18:04:01.420000Z,2023-02-06T18:05:15.180000Z,0.466,0.264
us6000jm1p,KMRS,data/processed/waveforms/us6000jm1p_KMRS.mseed,2023-02-06T18:04:06.170000Z,2023-02-06T18:05:22.890000Z,0.555,0.088
us6000jm1p,KOZT,data/processed/waveforms/us6000jm1p_KOZT.mseed,2023-02-06T18:04:09.030000Z,2023-02-06T18:04:10.740000Z,0.319,0.338
us6000jm1p,CMRD,data/processed/waveforms/us6000jm1p_CMRD.mseed,2023-02-06T18:04:39.420000Z,,0.146,
us6000jm1p,KOZK,data/processed/waveforms/us6000jm1p_KOZK.mseed,2023-02-06T18:04:27.430000Z,2023-02-06T18:04:51.300000Z,0.264,0.045
us6000jm1y,DARE,data/processed/waveforms/us6000jm1y_DARE.mseed,2023-02-06T10:28:41.350000Z,,0.119,
us6000jm1y,URFA,data/processed/waveforms/us6000jm1y_URFA.mseed,2023-02-06T10:29:19.470000Z,,0.105,
us6000jm1y,TUNC,data/processed/waveforms/us6000jm1y_TUNC.mseed,2023-02-06T10:27:32.460000Z,,0.072,
us6000jm1y,CMRD,data/processed/waveforms/us6000jm1y_CMRD.mseed,2023-02-06T10:28:52.400000Z,,0.008,
us6000jm29,SARI,data/processed/waveforms/us6000jm29_SARI.mseed,2023-02-06T20:05:42.030000Z,,0.519,
us6000jm29,KOZT,data/processed/waveforms/us6000jm29_KOZT.mseed,2023-02-06T20:05:48.810000Z,2023-02-06T20:05:50.840000Z,0.29,0.222
us6000jm29,KMRS,data/processed/waveforms/us6000jm29_KMRS.mseed,2023-02-06T20:05:44.260000Z,2023-02-06T20:05:47.590000Z,0.51,0.417
us6000jm29,BNN,data/processed/waveforms/us6000jm29_BNN.mseed,2023-02-06T20:05:53.270000Z,2023-02-06T20:05:55.620000Z,0.328,0.319
us6000jm29,CMRD,data/processed/waveforms/us6000jm29_CMRD.mseed,2023-02-06T20:06:16.770000Z,,0.065,
us6000jm29,KOZK,data/processed/waveforms/us6000jm29_KOZK.mseed,2023-02-06T20:06:07.620000Z,2023-02-06T20:06:30.880000Z,0.173,0.124
us6000jm2t,SARI,data/processed/waveforms/us6000jm2t_SARI.mseed,2023-02-06T20:44:09.120000Z,,0.557,
us6000jm2t,KMRS,data/processed/waveforms/us6000jm2t_KMRS.mseed,2023-02-06T20:44:11.060000Z,,0.563,
us6000jm2t,KOZT,data/processed/waveforms/us6000jm2t_KOZT.mseed,2023-02-06T20:44:15.450000Z,2023-02-06T20:44:18.190000Z,0.226,0.262
us6000jm2t,CMRD,data/processed/waveforms/us6000jm2t_CMRD.mseed,2023-02-06T20:44:28.470000Z,,0.017,
us6000jm2t,KOZK,data/processed/waveforms/us6000jm2t_KOZK.mseed,2023-02-06T20:44:36.000000Z,2023-02-06T20:45:00.640000Z,0.011,0.107
us6000jm2x,CEYT,data/processed/waveforms/us6000jm2x_CEYT.mseed,2023-02-06T21:02:20.130000Z,,0.277,
us6000jm2x,GAZ,data/processed/waveforms/us6000jm2x_GAZ.mseed,2023-02-06T21:02:21.490000Z,2023-02-06T21:02:23.060000Z,0.169,0.449
us6000jm2x,KMRS,data/processed/waveforms/us6000jm2x_KMRS.mseed,2023-02-06T21:02:23.240000Z,2023-02-06T21:03:19.850000Z,0.249,0.283
us6000jm30,KMRS,data/processed/waveforms/us6000jm30_KMRS.mseed,2023-02-06T21:15:28.660000Z,2023-02-06T21:15:36.980000Z,0.559,0.032
us6000jm30,SARI,data/processed/waveforms/us6000jm30_SARI.mseed,2023-02-06T21:15:28.970000Z,,0.486,
us6000jm30,DARE,data/processed/waveforms/us6000jm30_DARE.mseed,2023-02-06T21:15:28.880000Z,,0.544,
us6000jm30,KOZK,data/processed/waveforms/us6000jm30_KOZK.mseed,2023-02-06T21:15:59.040000Z,,0.006,
us6000jm3c,SARI,data/processed/waveforms/us6000jm3c_SARI.mseed,2023-02-06T21:57:51.100000Z,2023-02-06T22:00:09.330000Z,0.547,0.062
us6000jm3c,KMRS,data/processed/waveforms/us6000jm3c_KMRS.mseed,2023-02-06T21:57:55.600000Z,,0.527,
us6000jm3c,KOZT,data/processed/waveforms/us6000jm3c_KOZT.mseed,2023-02-06T21:57:59.430000Z,,0.314,
us6000jm3c,CMRD,data/processed/waveforms/us6000jm3c_CMRD.mseed,2023-02-06T21:58:30.670000Z,2023-02-06T21:58:32.750000Z,0.035,0.016
us6000jm3c,KOZK,data/processed/waveforms/us6000jm3c_KOZK.mseed,2023-02-06T21:58:17.810000Z,2023-02-06T21:58:41.550000Z,0.097,0.118
us6000jm3x,LFK,data/processed/waveforms/us6000jm3x_LFK.mseed,2023-02-06T23:29:52.910000Z,,0.03,
us6000jm4n,KMRS,data/processed/waveforms/us6000jm4n_KMRS.mseed,2023-02-06T01:51:49.840000Z,2023-02-06T01:51:53.660000Z,0.354,0.371
us6000jm4n,KOZT,data/processed/waveforms/us6000jm4n_KOZT.mseed,2023-02-06T01:51:49.340000Z,2023-02-06T01:52:23.240000Z,0.051,0.12
us6000jm55,CEYT,data/processed/waveforms/us6000jm55_CEYT.mseed,2023-02-07T02:47:57.990000Z,,0.213,
us6000jm6p,KARO,data/processed/waveforms/us6000jm6p_KARO.mseed,2023-02-07T07:11:59.210000Z,2023-02-07T07:12:32.350000Z,0.205,0.014
us6000jm76,DARE,data/processed/waveforms/us6000jm76_DARE.mseed,2023-02-06T11:51:29.620000Z,,0.254,
us6000jm76,KMRS,data/processed/waveforms/us6000jm76_KMRS.mseed,2023-02-06T11:51:37.050000Z,2023-02-06T11:51:40.380000Z,0.187,0.01
us6000jm7f,URFA,data/processed/waveforms/us6000jm7f_URFA.mseed,2023-02-07T10:18:29.040000Z,,0.555,
us6000jm7f,DARE,data/processed/waveforms/us6000jm7f_DARE.mseed,2023-02-07T10:18:29.460000Z,2023-02-07T10:19:46.150000Z,0.491,0.034
us6000jm7f,KARO,data/processed/waveforms/us6000jm7f_KARO.mseed,2023-02-07T10:19:32.410000Z,2023-02-07T10:19:39.410000Z,0.017,0.064
us6000jm7h,DARE,data/processed/waveforms/us6000jm7h_DARE.mseed,2023-02-07T10:27:34.720000Z,2023-02-07T10:27:42.440000Z,0.057,0.271
us6000jm7h,GUMT,data/processed/waveforms/us6000jm7h_GUMT.mseed,2023-02-07T10:28:16.140000Z,,0.024,
us6000jm7k,KMRS,data/processed/waveforms/us6000jm7k_KMRS.mseed,2023-02-07T10:56:38.760000Z,2023-02-07T10:56:44.330000Z,0.324,0.5
us6000jm7k,KOZT,data/processed/waveforms/us6000jm7k_KOZT.mseed,2023-02-07T10:58:04.250000Z,2023-02-07T10:58:14.050000Z,0.03,0.004
us6000jm7q,DARE,data/processed/waveforms/us6000jm7q_DARE.mseed,2023-02-07T12:07:15.770000Z,2023-02-07T12:10:07.360000Z,0.207,0.036
us6000jm95,KMRS,data/processed/waveforms/us6000jm95_KMRS.mseed,2023-02-07T15:31:33.540000Z,,0.531,
us6000jm95,KOZT,data/processed/waveforms/us6000jm95_KOZT.mseed,2023-02-07T15:31:47.670000Z,2023-02-07T15:32:03.880000Z,0.47,0.189
us6000jmat,KMRS,data/processed/waveforms/us6000jmat_KMRS.mseed,2023-02-07T18:10:11.890000Z,2023-02-07T18:10:50.800000Z,0.478,0.125
us6000jmat,SARI,data/processed/waveforms/us6000jmat_SARI.mseed,2023-02-07T18:10:06.940000Z,,0.561,
us6000jmat,KOZT,data/processed/waveforms/us6000jmat_KOZT.mseed,2023-02-07T18:10:16.130000Z,2023-02-07T18:10:18.990000Z,0.469,0.196
us6000jmat,CMRD,data/processed/waveforms/us6000jmat_CMRD.mseed,2023-02-07T18:10:29.050000Z,2023-02-07T18:10:47.950000Z,0.019,0.123
us6000jmat,KOZK,data/processed/waveforms/us6000jmat_KOZK.mseed,2023-02-07T18:10:33.230000Z,2023-02-07T18:10:34.440000Z,0.289,0.09
us6000jmbq,VRTB,data/processed/waveforms/us6000jmbq_VRTB.mseed,2023-02-07T19:54:47.290000Z,2023-02-07T19:55:16.040000Z,0.145,0.087
us6000jmg1,SARI,data/processed/waveforms/us6000jmg1_SARI.mseed,2023-02-08T07:48:38.880000Z,,0.522,
us6000jmg1,KMRS,data/processed/waveforms/us6000jmg1_KMRS.mseed,2023-02-08T07:48:43.780000Z,,0.555,
us6000jmg1,CMRD,data/processed/waveforms/us6000jmg1_CMRD.mseed,2023-02-08T07:49:16.880000Z,,0.103,
us6000jmg1,KOZK,data/processed/waveforms/us6000jmg1_KOZK.mseed,2023-02-08T07:49:04.560000Z,2023-02-08T07:49:05.600000Z,0.384,0.166
us6000jmgf,DARE,data/processed/waveforms/us6000jmgf_DARE.mseed,2023-02-08T11:12:02.370000Z,2023-02-08T11:12:12.290000Z,0.55,0.17
us6000jmgf,KMRS,data/processed/waveforms/us6000jmgf_KMRS.mseed,2023-02-08T11:12:06.590000Z,,0.551,
us6000jmgf,TUNC,data/processed/waveforms/us6000jmgf_TUNC.mseed,2023-02-08T11:12:50.990000Z,,0.044,
us6000jmgf,CMRD,data/processed/waveforms/us6000jmgf_CMRD.mseed,2023-02-08T11:12:34.780000Z,,0.048,
us6000jmgg,DARE,data/processed/waveforms/us6000jmgg_DARE.mseed,2023-02-08T11:24:10.840000Z,,0.501,
us6000jmgg,KMRS,data/processed/waveforms/us6000jmgg_KMRS.mseed,2023-02-08T11:24:14.780000Z,2023-02-08T11:24:26.160000Z,0.509,0.23
us6000jmkh,DARE,data/processed/waveforms/us6000jmkh_DARE.mseed,2023-02-08T20:12:16.900000Z,,0.084,
us6000jmkh,URFA,data/processed/waveforms/us6000jmkh_URFA.mseed,2023-02-08T20:12:25.640000Z,2023-02-08T20:12:38.520000Z,0.128,0.218
us6000jmn0,DARE,data/processed/waveforms/us6000jmn0_DARE.mseed,2023-02-06T02:06:35.710000Z,2023-02-06T02:06:50.870000Z,0.099,0.167
us6000jn0h,DARE,data/processed/waveforms/us6000jn0h_DARE.mseed,2023-02-10T04:50:34.570000Z,2023-02-10T04:51:39.150000Z,0.524,0.033
us6000jn0h,URFA,data/processed/waveforms/us6000jn0h_URFA.mseed,2023-02-10T04:50:41.570000Z,,0.482,
us6000jnar,DARE,data/processed/waveforms/us6000jnar_DARE.mseed,2023-02-11T13:10:08.410000Z,,0.41,
us6000jnh1,KMRS,data/processed/waveforms/us6000jnh1_KMRS.mseed,2023-02-12T18:33:18.030000Z,,0.548,
us6000jnh1,GAZ,data/processed/waveforms/us6000jnh1_GAZ.mseed,2023-02-12T18:33:21.360000Z,2023-02-12T18:33:22.680000Z,0.29,0.452
us6000jnh1,KOZT,data/processed/waveforms/us6000jnh1_KOZT.mseed,2023-02-12T18:33:32.400000Z,2023-02-12T18:33:47.120000Z,0.109,0.253
us6000jnmc,SARI,data/processed/waveforms/us6000jnmc_SARI.mseed,2023-02-13T19:20:34.620000Z,,0.537,
us6000jnmc,KMRS,data/processed/waveforms/us6000jnmc_KMRS.mseed,2023-02-13T19:20:40.220000Z,,0.551,
us6000jnmc,KOZT,data/processed/waveforms/us6000jnmc_KOZT.mseed,2023-02-13T19:20:41.670000Z,2023-02-13T19:20:43.540000Z,0.169,0.314
us6000jnmc,KOZK,data/processed/waveforms/us6000jnmc_KOZK.mseed,2023-02-13T19:20:59.810000Z,,0.167,
us6000jnr5,TAHT,data/processed/waveforms/us6000jnr5_TAHT.mseed,2023-02-06T01:41:38.200000Z,2023-02-06T01:41:48.730000Z,0.189,0.39
us6000jnr5,CEYT,data/processed/waveforms/us6000jnr5_CEYT.mseed,2023-02-06T01:40:51.170000Z,2023-02-06T01:43:53.720000Z,0.216,0.018
us6000jnr6,TAHT,data/processed/waveforms/us6000jnr6_TAHT.mseed,2023-02-06T01:51:20.670000Z,2023-02-06T01:51:23.740000Z,0.15,0.094
us6000jnr6,CEYT,data/processed/waveforms/us6000jnr6_CEYT.mseed,2023-02-06T01:51:25.040000Z,2023-02-06T01:52:49.860000Z,0.014,0.015
us6000jns2,DARE,data/processed/waveforms/us6000jns2_DARE.mseed,2023-02-06T05:33:25.420000Z,,0.118,
us6000jns2,URFA,data/processed/waveforms/us6000jns2_URFA.mseed,2023-02-06T05:33:27.120000Z,2023-02-06T05:34:04.860000Z,0.443,0.073
us6000jns9,URFA,data/processed/waveforms/us6000jns9_URFA.mseed,2023-02-06T01:50:39.240000Z,2023-02-06T01:51:51.680000Z,0.028,0.019
us6000jns9,KARO,data/processed/waveforms/us6000jns9_KARO.mseed,2023-02-06T01:50:11.540000Z,2023-02-06T01:50:51.090000Z,0.242,0.076
us6000jnsf,LFK,data/processed/waveforms/us6000jnsf_LFK.mseed,2023-02-06T07:30:18.860000Z,,0.08,
us6000jnsj,GAZ,data/processed/waveforms/us6000jnsj_GAZ.mseed,2023-02-06T02:34:56.720000Z,2023-02-06T02:34:59.780000Z,0.317,0.524
us6000jnsj,KMRS,data/processed/waveforms/us6000jnsj_KMRS.mseed,2023-02-06T02:35:04.360000Z,2023-02-06T02:35:27.770000Z,0.433,0.236
us6000jnsj,TAHT,data/processed/waveforms/us6000jnsj_TAHT.mseed,2023-02-06T02:34:59.030000Z,2023-02-06T02:35:22.210000Z,0.126,0.223
us6000jnss,URFA,data/processed/waveforms/us6000jnss_URFA.mseed,2023-02-06T05:40:54.170000Z,2023-02-06T05:41:07.980000Z,0.093,0.168
us6000jnss,DARE,data/processed/waveforms/us6000jnss_DARE.mseed,2023-02-06T05:41:04.120000Z,,0.091,
us6000jnt4,KMRS,data/processed/waveforms/us6000jnt4_KMRS.mseed,2023-02-06T10:56:39.460000Z,2023-02-06T10:56:50.440000Z,0.064,0.1
us6000jnt4,DARE,data/processed/waveforms/us6000jnt4_DARE.mseed,2023-02-06T10:56:27.680000Z,,0.094,
us6000jnt4,GAZ,data/processed/waveforms/us6000jnt4_GAZ.mseed,2023-02-06T10:56:39.310000Z,2023-02-06T10:59:06.000000Z,0.129,0.0
us6000jnt5,SARI,data/processed/waveforms/us6000jnt5_SARI.mseed,2023-02-06T10:47:11.150000Z,2023-02-06T10:47:12.540000Z,0.416,0.26
us6000jnt5,KMRS,data/processed/waveforms/us6000jnt5_KMRS.mseed,2023-02-06T10:47:01.430000Z,2023-02-06T10:47:59.770000Z,0.006,0.177
us6000jnt5,DARE,data/processed/waveforms/us6000jnt5_DARE.mseed,2023-02-06T10:47:29.510000Z,,0.037,
us6000jnt5,CMRD,data/processed/waveforms/us6000jnt5_CMRD.mseed,2023-02-06T10:48:29.650000Z,2023-02-06T10:48:31.030000Z,0.043,0.205
us6000jntk,DARE,data/processed/waveforms/us6000jntk_DARE.mseed,2023-02-06T13:03:26.950000Z,,0.394,
us6000jntk,KMRS,data/processed/waveforms/us6000jntk_KMRS.mseed,2023-02-06T13:03:38.940000Z,2023-02-06T13:04:43.600000Z,0.261,0.011
us6000jntl,GAZ,data/processed/waveforms/us6000jntl_GAZ.mseed,2023-02-06T13:14:38.920000Z,,0.121,
us6000jntm,LFK,data/processed/waveforms/us6000jntm_LFK.mseed,2023-02-06T13:09:49.140000Z,,0.037,
us6000jntn,CEYT,data/processed/waveforms/us6000jntn_CEYT.mseed,2023-02-06T13:32:08.680000Z,,0.089,
us6000jntn,LFK,data/processed/waveforms/us6000jntn_LFK.mseed,2023-02-06T13:32:36.880000Z,,0.003,
us6000jntw,DARE,data/processed/waveforms/us6000jntw_DARE.mseed,2023-02-06T14:33:29.610000Z,,0.063,
us6000jntw,KMRS,data/processed/waveforms/us6000jntw_KMRS.mseed,2023-02-06T14:33:26.180000Z,2023-02-06T14:33:40.580000Z,0.139,0.145
us6000jnu4,KMRS,data/processed/waveforms/us6000jnu4_KMRS.mseed,2023-02-06T13:06:57.690000Z,2023-02-06T13:07:38.930000Z,0.1,0.347
us6000jnu4,SARI,data/processed/waveforms/us6000jnu4_SARI.mseed,2023-02-06T13:07:06.530000Z,2023-02-06T13:08:14.370000Z,0.031,0.075
us6000jnu7,KMRS,data/processed/waveforms/us6000jnu7_KMRS.mseed,2023-02-06T16:28:12.490000Z,2023-02-06T16:30:16.230000Z,0.475,0.297
us6000jnu7,KHMN,data/processed/waveforms/us6000jnu7_KHMN.mseed,2023-02-06T16:28:53.220000Z,,0.511,
us6000jnu7,GAZ,data/processed/waveforms/us6000jnu7_GAZ.mseed,2023-02-06T16:28:15.980000Z,2023-02-06T16:28:19.840000Z,0.367,0.52
us6000jnu7,KOZT,data/processed/waveforms/us6000jnu7_KOZT.mseed,2023-02-06T16:28:27.070000Z,2023-02-06T16:28:39.400000Z,0.119,0.203
us6000jnut,DARE,data/processed/waveforms/us6000jnut_DARE.mseed,2023-02-06T20:40:16.390000Z,2023-02-06T20:40:24.710000Z,0.207,0.451
us6000jnuz,KMRS,data/processed/waveforms/us6000jnuz_KMRS.mseed,2023-02-06T19:25:15.930000Z,,0.283,
us6000jnuz,SARI,data/processed/waveforms/us6000jnuz_SARI.mseed,2023-02-06T19:25:01.630000Z,2023-02-06T19:25:22.780000Z,0.002,0.205
us6000jnuz,KOZT,data/processed/waveforms/us6000jnuz_KOZT.mseed,2023-02-06T19:25:20.680000Z,,0.112,
us6000jnvi,KMRS,data/processed/waveforms/us6000jnvi_KMRS.mseed,2023-02-06T02:01:50.780000Z,2023-02-06T02:02:52.930000Z,0.347,0.097
us6000jnvk,KMRS,data/processed/waveforms/us6000jnvk_KMRS.mseed,2023-02-06T13:12:49.750000Z,2023-02-06T13:14:18.440000Z,0.091,0.151
us6000jnvk,SARI,data/processed/waveforms/us6000jnvk_SARI.mseed,2023-02-06T13:12:41.040000Z,2023-02-06T13:14:52.920000Z,0.054,0.025
us6000jnvk,KOZT,data/processed/waveforms/us6000jnvk_KOZT.mseed,2023-02-06T13:12:28.080000Z,2023-02-06T13:13:00.130000Z,0.046,0.187
us6000jnvk,CMRD,data/processed/waveforms/us6000jnvk_CMRD.mseed,2023-02-06T13:13:17.480000Z,,0.01,
us6000jnvk,KOZK,data/processed/waveforms/us6000jnvk_KOZK.mseed,2023-02-06T13:13:30.050000Z,,0.021,
us6000jnvq,URFA,data/processed/waveforms/us6000jnvq_URFA.mseed,2023-02-06T01:41:26.900000Z,2023-02-06T01:42:40.720000Z,0.079,0.021
us6000jnvq,DARE,data/processed/waveforms/us6000jnvq_DARE.mseed,2023-02-06T01:42:21.570000Z,2023-02-06T01:44:33.620000Z,0.207,0.108
us6000jnvq,KARO,data/processed/waveforms/us6000jnvq_KARO.mseed,2023-02-06T01:41:15.420000Z,2023-02-06T01:41:39.610000Z,0.212,0.057
us6000jnw7,SARI,data/processed/waveforms/us6000jnw7_SARI.mseed,2023-02-06T10:47:48.470000Z,2023-02-06T10:47:56.990000Z,0.203,0.017
us6000jnw7,KMRS,data/processed/waveforms/us6000jnw7_KMRS.mseed,2023-02-06T10:48:00.520000Z,,0.113,
us6000jnw7,DARE,data/processed/waveforms/us6000jnw7_DARE.mseed,2023-02-06T10:48:03.830000Z,,0.016,
us6000jnw7,CMRD,data/processed/waveforms/us6000jnw7_CMRD.mseed,2023-02-06T10:48:29.650000Z,2023-02-06T10:48:31.030000Z,0.043,0.205
us6000jnwk,KMRS,data/processed/waveforms/us6000jnwk_KMRS.mseed,2023-02-06T10:39:07.180000Z,2023-02-06T10:40:29.230000Z,0.013,0.083
us6000jnwk,DARE,data/processed/waveforms/us6000jnwk_DARE.mseed,2023-02-06T10:39:16.670000Z,,0.07,
us6000jnwk,GAZ,data/processed/waveforms/us6000jnwk_GAZ.mseed,2023-02-06T10:40:18.930000Z,2023-02-06T10:41:25.740000Z,0.008,0.0
us6000jnwy,SARI,data/processed/waveforms/us6000jnwy_SARI.mseed,2023-02-06T16:27:30.110000Z,2023-02-06T16:28:48.200000Z,0.277,0.161
us6000jnwy,KMRS,data/processed/waveforms/us6000jnwy_KMRS.mseed,2023-02-06T16:28:12.490000Z,2023-02-06T16:30:16.230000Z,0.475,0.297
us6000jnwy,KOZT,data/processed/waveforms/us6000jnwy_KOZT.mseed,2023-02-06T16:27:45.170000Z,2023-02-06T16:28:39.400000Z,0.03,0.203
us6000jnwy,KHMN,data/processed/waveforms/us6000jnwy_KHMN.mseed,2023-02-06T16:28:53.220000Z,,0.511,
us6000jnwy,KOZK,data/processed/waveforms/us6000jnwy_KOZK.mseed,2023-02-06T16:28:19.040000Z,,0.006,
us6000jp3y,KMRS,data/processed/waveforms/us6000jp3y_KMRS.mseed,2023-02-07T03:16:23.610000Z,2023-02-07T03:16:28.410000Z,0.28,0.458
us6000jp3y,GAZ,data/processed/waveforms/us6000jp3y_GAZ.mseed,2023-02-07T03:16:31.860000Z,2023-02-07T03:18:05.430000Z,0.107,0.154
us6000jp3y,DARE,data/processed/waveforms/us6000jp3y_DARE.mseed,2023-02-07T03:16:32.890000Z,2023-02-07T03:16:53.310000Z,0.121,0.028
us6000jpdx,DARE,data/processed/waveforms/us6000jpdx_DARE.mseed,2023-02-16T14:45:51.590000Z,,0.479,
us6000jphu,ERZN,data/processed/waveforms/us6000jphu_ERZN.mseed,2023-02-17T00:36:08.040000Z,,0.306,
us6000jphu,KARO,data/processed/waveforms/us6000jphu_KARO.mseed,2023-02-17T00:36:11.500000Z,,0.267,
us6000jphu,VRTB,data/processed/waveforms/us6000jphu_VRTB.mseed,2023-02-17T00:36:16.420000Z,2023-02-17T00:36:24.050000Z,0.305,0.034
us6000jphu,GUMT,data/processed/waveforms/us6000jphu_GUMT.mseed,2023-02-17T00:36:23.430000Z,2023-02-17T00:36:24.530000Z,0.406,0.183
us6000jpyq,KMRS,data/processed/waveforms/us6000jpyq_KMRS.mseed,2023-02-18T19:31:43.970000Z,,0.563,
us6000jpyq,CMRD,data/processed/waveforms/us6000jpyq_CMRD.mseed,2023-02-18T19:32:18.040000Z,,0.286,
us6000jpyq,KOZK,data/processed/waveforms/us6000jpyq_KOZK.mseed,2023-02-18T19:32:04.960000Z,,0.425,
us6000jq3c,DARE,data/processed/waveforms/us6000jq3c_DARE.mseed,2023-02-19T12:04:45.590000Z,,0.516,
us6000jq3c,SVRC,data/processed/waveforms/us6000jq3c_SVRC.mseed,2023-02-19T12:04:49.710000Z,,0.369,
us6000jq73,SVRC,data/processed/waveforms/us6000jq73_SVRC.mseed,2023-02-20T00:37:42.180000Z,2023-02-20T00:39:16.740000Z,0.218,0.135
us6000jq73,KARO,data/processed/waveforms/us6000jq73_KARO.mseed,2023-02-20T00:38:10.760000Z,2023-02-20T00:39:38.960000Z,0.011,0.087
us6000jq73,VRTB,data/processed/waveforms/us6000jq73_VRTB.mseed,2023-02-20T00:37:55.550000Z,2023-02-20T00:38:19.900000Z,0.137,0.146
us6000jq73,GURO,data/processed/waveforms/us6000jq73_GURO.mseed,2023-02-20T00:38:24.600000Z,2023-02-20T00:39:56.830000Z,0.02,0.025
us6000jq74,SVRC,data/processed/waveforms/us6000jq74_SVRC.mseed,2023-02-20T00:39:15.150000Z,2023-02-20T00:39:16.740000Z,0.019,0.135
us6000jq74,KARO,data/processed/waveforms/us6000jq74_KARO.mseed,2023-02-20T00:40:32.680000Z,,0.025,
us6000jq74,VRTB,data/processed/waveforms/us6000jq74_VRTB.mseed,2023-02-20T00:39:54.420000Z,2023-02-20T00:39:58.670000Z,0.054,0.068
us6000jq74,GURO,data/processed/waveforms/us6000jq74_GURO.mseed,2023-02-20T00:39:57.780000Z,,0.016,
us6000jqjc,CEYT,data/processed/waveforms/us6000jqjc_CEYT.mseed,2023-02-20T17:08:08.410000Z,2023-02-20T17:08:23.700000Z,0.036,0.04
us6000jqjc,CMRD,data/processed/waveforms/us6000jqjc_CMRD.mseed,2023-02-20T17:08:31.060000Z,,0.05,
us6000jral,YESY,data/processed/waveforms/us6000jral_YESY.mseed,2023-02-24T14:02:04.750000Z,,0.499,
us6000jral,GULA,data/processed/waveforms/us6000jral_GULA.mseed,2023-02-24T14:02:07.170000Z,,0.508,
us6000jral,KRMN,data/processed/waveforms/us6000jral_KRMN.mseed,2023-02-24T14:02:35.360000Z,,0.192,
us6000jral,KOZK,data/processed/waveforms/us6000jral_KOZK.mseed,2023-02-24T14:02:26.920000Z,2023-02-24T14:02:49.180000Z,0.031,0.004
us6000jrej,SVRC,data/processed/waveforms/us6000jrej_SVRC.mseed,2023-02-24T20:25:38.710000Z,2023-02-24T20:25:49.800000Z,0.552,0.08
us6000jrej,URFA,data/processed/waveforms/us6000jrej_URFA.mseed,2023-02-24T20:25:43.800000Z,2023-02-24T20:25:45.470000Z,0.426,0.315
us6000jriw,YESY,data/processed/waveforms/us6000jriw_YESY.mseed,2023-02-25T10:27:15.790000Z,,0.565,
us6000jriw,GULA,data/processed/waveforms/us6000jriw_GULA.mseed,2023-02-25T10:27:18.280000Z,,0.555,
us6000jriw,CMRD,data/processed/waveforms/us6000jriw_CMRD.mseed,2023-02-25T10:27:26.850000Z,,0.264,
us6000jriw,KRMN,data/processed/waveforms/us6000jriw_KRMN.mseed,2023-02-25T10:27:30.730000Z,,0.26,
us6000jriw,KAMT,data/processed/waveforms/us6000jriw_KAMT.mseed,2023-02-25T10:27:40.830000Z,2023-02-25T10:27:56.670000Z,0.135,0.255
us6000jriw,KOZK,data/processed/waveforms/us6000jriw_KOZK.mseed,2023-02-25T10:27:37.780000Z,2023-02-25T10:27:59.240000Z,0.327,0.092
us6000jrn1,TAHT,data/processed/waveforms/us6000jrn1_TAHT.mseed,2023-02-26T02:26:37.920000Z,,0.476,
us6000jrn1,CEYT,data/processed/waveforms/us6000jrn1_CEYT.mseed,2023-02-26T02:27:06.310000Z,,0.185,
us6000jrtz,KMRS,data/processed/waveforms/us6000jrtz_KMRS.mseed,2023-02-27T02:51:34.120000Z,2023-02-27T02:51:44.290000Z,0.529,0.339
us6000jrtz,GAZ,data/processed/waveforms/us6000jrtz_GAZ.mseed,2023-02-27T02:51:39.190000Z,2023-02-27T02:51:49.400000Z,0.07,0.086
us6000jrw4,SVRC,data/processed/waveforms/us6000jrw4_SVRC.mseed,2023-02-27T09:05:05.230000Z,2023-02-27T09:05:17.540000Z,0.544,0.163
us6000k2m4,BNGB,data/processed/waveforms/us6000k2m4_BNGB.mseed,2023-04-07T08:29:41.390000Z,,0.564,
us6000k2m4,KOPR,data/processed/waveforms/us6000k2m4_KOPR.mseed,2023-04-07T08:30:36.990000Z,,0.004,
us6000ka6g,TAHT,data/processed/waveforms/us6000ka6g_TAHT.mseed,2023-05-07T08:36:13.730000Z,,0.565,
us6000ka6g,CEYT,data/processed/waveforms/us6000ka6g_CEYT.mseed,2023-05-07T08:36:25.700000Z,,0.242,
us6000kagp,URFA,data/processed/waveforms/us6000kagp_URFA.mseed,2023-05-08T20:20:50.750000Z,,0.505,
us6000kagp,SVRC,data/processed/waveforms/us6000kagp_SVRC.mseed,2023-05-08T20:20:48.130000Z,2023-05-08T20:21:02.150000Z,0.513,0.13
us6000kagp,DARE,data/processed/waveforms/us6000kagp_DARE.mseed,2023-05-08T20:20:50.550000Z,,0.125,
us6000kbcq,KOZT,data/processed/waveforms/us6000kbcq_KOZT.mseed,2023-05-12T08:33:34.370000Z,2023-05-12T08:33:35.400000Z,0.311,0.359
us6000kbcq,SARI,data/processed/waveforms/us6000kbcq_SARI.mseed,2023-05-12T08:33:32.770000Z,,0.432,
us6000kx2n,LADK,data/processed/waveforms/us6000kx2n_LADK.mseed,2023-08-01T15:06:56.570000Z,,0.564,
us6000kx2n,KONT,data/processed/waveforms/us6000kx2n_KONT.mseed,2023-08-01T15:06:56.550000Z,,0.562,
us6000kx2n,CHBY,data/processed/waveforms/us6000kx2n_CHBY.mseed,2023-08-01T15:07:02.350000Z,2023-08-01T15:10:02.670000Z,0.553,0.017
us6000kx2n,SDAG,data/processed/waveforms/us6000kx2n_SDAG.mseed,2023-08-01T15:07:19.500000Z,2023-08-01T15:07:39.510000Z,0.191,0.307
us6000kx2n,BLVD,data/processed/waveforms/us6000kx2n_BLVD.mseed,2023-08-01T15:07:17.750000Z,2023-08-01T15:07:18.830000Z,0.452,0.383
us6000kzjz,DARE,data/processed/waveforms/us6000kzjz_DARE.mseed,2023-08-12T13:39:27.460000Z,2023-08-12T13:40:23.270000Z,0.531,0.003
us6000kzjz,SVRC,data/processed/waveforms/us6000kzjz_SVRC.mseed,2023-08-12T13:39:31.700000Z,2023-08-12T13:39:44.600000Z,0.545,0.134
us6000kzjz,SINE,data/processed/waveforms/us6000kzjz_SINE.mseed,2023-08-12T13:39:37.880000Z,2023-08-12T13:39:58.670000Z,0.398,0.153
us6000lf1y,CLDR,data/processed/waveforms/us6000lf1y_CLDR.mseed,2023-10-12T11:04:11.310000Z,2023-10-12T11:06:16.940000Z,0.533,0.06
us6000lf1y,AKDM,data/processed/waveforms/us6000lf1y_AKDM.mseed,2023-10-12T11:04:17.670000Z,2023-10-12T11:05:51.740000Z,0.416,0.012
us6000lf1y,MLAZ,data/processed/waveforms/us6000lf1y_MLAZ.mseed,2023-10-12T11:04:22.790000Z,2023-10-12T11:04:33.120000Z,0.01,0.155
us6000lf1y,GURO,data/processed/waveforms/us6000lf1y_GURO.mseed,2023-10-12T11:04:27.240000Z,,0.123,
us6000lf1y,TASB,data/processed/waveforms/us6000lf1y_TASB.mseed,2023-10-12T11:05:37.710000Z,,0.003,
us6000lfk2,RUZG,data/processed/waveforms/us6000lfk2_RUZG.mseed,2023-10-14T14:07:13.350000Z,2023-10-14T14:08:07.170000Z,0.56,0.271
us6000lfk2,KDZE,data/processed/waveforms/us6000lfk2_KDZE.mseed,2023-10-14T14:07:20.220000Z,,0.315,
us6000lfk2,YUVA,data/processed/waveforms/us6000lfk2_YUVA.mseed,2023-10-14T14:07:20.270000Z,2023-10-14T14:07:21.670000Z,0.371,0.506
us6000lfk2,UVEZ,data/processed/waveforms/us6000lfk2_UVEZ.mseed,2023-10-14T14:07:22.230000Z,,0.417,
us6000lq9s,SVRC,data/processed/waveforms/us6000lq9s_SVRC.mseed,2023-11-23T14:46:19.720000Z,,0.562,
us6000lq9s,URFA,data/processed/waveforms/us6000lq9s_URFA.mseed,2023-11-23T14:46:22.750000Z,,0.565,
us6000lq9s,DARE,data/processed/waveforms/us6000lq9s_DARE.mseed,2023-11-23T14:46:26.120000Z,,0.476,
us6000lq9s,SINE,data/processed/waveforms/us6000lq9s_SINE.mseed,2023-11-23T14:46:31.640000Z,2023-11-23T14:46:49.140000Z,0.372,0.087
us6000m009,KURC,data/processed/waveforms/us6000m009_KURC.mseed,2023-12-27T13:04:34.880000Z,,0.13,
us6000m498,KOZT,data/processed/waveforms/us6000m498_KOZT.mseed,2024-01-09T09:15:19.480000Z,,0.03,
us6000m498,KMRS,data/processed/waveforms/us6000m498_KMRS.mseed,2024-01-09T09:15:13.270000Z,,0.028,
us6000n80m,SOMA,data/processed/waveforms/us6000n80m_SOMA.mseed,2024-06-24T22:36:48.420000Z,,0.561,
us6000n80m,BALB,data/processed/waveforms/us6000n80m_BALB.mseed,2024-06-24T22:36:53.550000Z,,0.511,
us6000n80m,YAYO,data/processed/waveforms/us6000n80m_YAYO.mseed,2024-06-24T22:36:54.060000Z,,0.565,
us6000n80m,GORD,data/processed/waveforms/us6000n80m_GORD.mseed,2024-06-24T22:36:59.080000Z,2024-06-24T22:37:00.150000Z,0.196,0.149
us6000nwgc,SULT,data/processed/waveforms/us6000nwgc_SULT.mseed,2024-10-04T05:57:26.020000Z,2024-10-04T05:57:34.290000Z,0.508,0.185
us6000nwgc,KONT,data/processed/waveforms/us6000nwgc_KONT.mseed,2024-10-04T05:57:48.740000Z,,0.049,
us6000ny1h,KDZE,data/processed/waveforms/us6000ny1h_KDZE.mseed,2024-10-11T07:17:05.440000Z,2024-10-11T07:17:21.460000Z,0.158,0.501
us6000ny1h,BOLI,data/processed/waveforms/us6000ny1h_BOLI.mseed,2024-10-11T07:17:35.910000Z,2024-10-11T07:17:37.090000Z,0.07,0.394
us6000nyvh,FETY,data/processed/waveforms/us6000nyvh_FETY.mseed,2024-10-15T16:54:48.550000Z,,0.232,
us6000nyzk,SVRC,data/processed/waveforms/us6000nyzk_SVRC.mseed,2024-10-16T07:46:38.710000Z,,0.565,
us6000nyzk,KBAN,data/processed/waveforms/us6000nyzk_KBAN.mseed,2024-10-16T07:46:40.700000Z,,0.537,
us6000nyzk,SINE,data/processed/waveforms/us6000nyzk_SINE.mseed,2024-10-16T07:46:48.760000Z,,0.539,
us6000nza6,TUNC,data/processed/waveforms/us6000nza6_TUNC.mseed,2024-10-17T08:30:00.010000Z,2024-10-17T08:30:01.630000Z,0.173,0.162
us6000nza6,RSDY,data/processed/waveforms/us6000nza6_RSDY.mseed,2024-10-17T08:30:11.910000Z,,0.128,
us6000nza6,CAYL,data/processed/waveforms/us6000nza6_CAYL.mseed,2024-10-17T08:30:21.140000Z,,0.128,
us6000nzqk,KMRS,data/processed/waveforms/us6000nzqk_KMRS.mseed,2024-10-19T11:41:14.890000Z,,0.55,
us6000nzqk,GAZ,data/processed/waveforms/us6000nzqk_GAZ.mseed,2024-10-19T11:41:18.990000Z,2024-10-19T11:41:20.730000Z,0.338,0.373
us6000phj9,LMOS,data/processed/waveforms/us6000phj9_LMOS.mseed,2025-01-03T13:51:16.030000Z,2025-01-03T13:51:25.640000Z,0.333,0.07
us6000phj9,HDMB,data/processed/waveforms/us6000phj9_HDMB.mseed,2025-01-03T13:51:17.110000Z,,0.404,
us6000phj9,SEYD,data/processed/waveforms/us6000phj9_SEYD.mseed,2025-01-03T13:51:24.100000Z,2025-01-03T13:51:35.210000Z,0.056,0.171
us6000pii1,KOPR,data/processed/waveforms/us6000pii1_KOPR.mseed,2025-01-08T01:30:05.790000Z,2025-01-08T01:31:56.120000Z,0.53,0.006
us6000plhn,EZNE,data/processed/waveforms/us6000plhn_EZNE.mseed,2025-01-21T20:38:51.580000Z,,0.033,
us6000plhn,EZN,data/processed/waveforms/us6000plhn_EZN.mseed,2025-01-21T20:38:51.960000Z,2025-01-21T20:41:57.340000Z,0.565,0.047
us6000plhn,YAYO,data/processed/waveforms/us6000plhn_YAYO.mseed,2025-01-21T20:38:56.430000Z,,0.499,
us6000py6h,VANB,data/processed/waveforms/us6000py6h_VANB.mseed,2025-03-11T18:03:45.890000Z,2025-03-11T18:04:09.550000Z,0.565,0.054
us6000py6h,AKDM,data/processed/waveforms/us6000py6h_AKDM.mseed,2025-03-11T18:03:46.910000Z,2025-03-11T18:04:07.590000Z,0.256,0.215
us6000q5sb,CAYL,data/processed/waveforms/us6000q5sb_CAYL.mseed,2025-04-13T14:43:11.860000Z,,0.477,
us6000q5sb,OSMA,data/processed/waveforms/us6000q5sb_OSMA.mseed,2025-04-13T14:43:22.070000Z,,0.455,
us6000qg7w,OSMA,data/processed/waveforms/us6000qg7w_OSMA.mseed,2025-05-12T09:26:34.660000Z,,0.402,
us6000qg7w,CAYL,data/processed/waveforms/us6000qg7w_CAYL.mseed,2025-05-12T09:26:57.060000Z,,0.129,
us6000qznb,BALB,data/processed/waveforms/us6000qznb_BALB.mseed,2025-08-10T16:53:56.100000Z,,0.537,
us6000qznb,SOMA,data/processed/waveforms/us6000qznb_SOMA.mseed,2025-08-10T16:53:55.940000Z,,0.538,
us6000qznb,GORD,data/processed/waveforms/us6000qznb_GORD.mseed,2025-08-10T16:53:54.110000Z,,0.554,
us6000r1um,SOMA,data/processed/waveforms/us6000r1um_SOMA.mseed,2025-08-18T08:26:39.480000Z,2025-08-18T08:26:43.050000Z,0.288,0.313
us6000r1um,GORD,data/processed/waveforms/us6000r1um_GORD.mseed,2025-08-18T08:26:35.410000Z,2025-08-18T08:26:40.090000Z,0.212,0.406
us6000r1um,BALB,data/processed/waveforms/us6000r1um_BALB.mseed,2025-08-18T08:26:36.960000Z,2025-08-18T08:26:38.570000Z,0.22,0.385
us6000r3ie,GORD,data/processed/waveforms/us6000r3ie_GORD.mseed,2025-08-24T18:58:24.620000Z,2025-08-24T19:00:44.050000Z,0.442,0.206
us6000r3ie,SOMA,data/processed/waveforms/us6000r3ie_SOMA.mseed,2025-08-24T18:58:28.500000Z,2025-08-24T19:00:49.380000Z,0.408,0.267
us6000r3ie,BALB,data/processed/waveforms/us6000r3ie_BALB.mseed,2025-08-24T18:58:29.030000Z,2025-08-24T19:00:50.120000Z,0.4,0.478
us6000rcfc,GORD,data/processed/waveforms/us6000rcfc_GORD.mseed,2025-09-23T22:27:54.710000Z,,0.507,
us6000rcfc,AKS,data/processed/waveforms/us6000rcfc_AKS.mseed,2025-09-23T22:27:57.020000Z,,0.496,
us6000rcfc,SOMA,data/processed/waveforms/us6000rcfc_SOMA.mseed,2025-09-23T22:28:00.500000Z,2025-09-23T22:28:05.580000Z,0.254,0.42
us6000rcfc,BALB,data/processed/waveforms/us6000rcfc_BALB.mseed,2025-09-23T22:27:59.530000Z,,0.35,
us6000rdf2,SMAA,data/processed/waveforms/us6000rdf2_SMAA.mseed,2025-09-28T09:59:19.430000Z,2025-09-28T09:59:22.290000Z,0.426,0.188
us6000rdf2,SIMA,data/processed/waveforms/us6000rdf2_SIMA.mseed,2025-09-28T09:59:19.220000Z,2025-09-28T10:01:51.010000Z,0.565,0.067
us6000rdf2,GORD,data/processed/waveforms/us6000rdf2_GORD.mseed,2025-09-28T09:59:30.590000Z,2025-09-28T09:59:40.630000Z,0.549,0.492
us6000rdhv,SMAA,data/processed/waveforms/us6000rdhv_SMAA.mseed,2025-09-28T22:48:32.530000Z,,0.295,
us6000rdhv,SIMA,data/processed/waveforms/us6000rdhv_SIMA.mseed,2025-09-28T22:48:32.320000Z,2025-09-28T22:49:54.030000Z,0.565,0.342
us6000rdhv,TVSB,data/processed/waveforms/us6000rdhv_TVSB.mseed,2025-09-28T22:48:39.880000Z,2025-09-28T22:50:04.410000Z,0.478,0.273
us6000rdhv,GORD,data/processed/waveforms/us6000rdhv_GORD.mseed,2025-09-28T22:48:44.870000Z,2025-09-28T22:48:53.070000Z,0.269,0.481
us6000re6a,MAEG,data/processed/waveforms/us6000re6a_MAEG.mseed,2025-10-02T11:55:08.180000Z,,0.565,
us6000re6a,NMR9,data/processed/waveforms/us6000re6a_NMR9.mseed,2025-10-02T11:55:09.110000Z,2025-10-02T11:58:12.480000Z,0.551,0.042
us6000re6a,NMR8,data/processed/waveforms/us6000re6a_NMR8.mseed,2025-10-02T11:55:10.740000Z,,0.405,
us6000rfqg,SMAA,data/processed/waveforms/us6000rfqg_SMAA.mseed,2025-10-08T23:54:10.200000Z,2025-10-08T23:54:13.250000Z,0.334,0.205
us6000rfqg,SIMA,data/processed/waveforms/us6000rfqg_SIMA.mseed,2025-10-08T23:54:10.080000Z,2025-10-08T23:56:19.180000Z,0.565,0.008
us6000rfqg,SHAP,data/processed/waveforms/us6000rfqg_SHAP.mseed,2025-10-08T23:54:16.470000Z,,0.089,
us6000rfqg,TVSB,data/processed/waveforms/us6000rfqg_TVSB.mseed,2025-10-08T23:54:14.460000Z,,0.468,
us6000rhb0,KOZK,data/processed/waveforms/us6000rhb0_KOZK.mseed,2025-09-22T06:04:19.620000Z,,0.065,
us6000rjsu,GORD,data/processed/waveforms/us6000rjsu_GORD.mseed,2025-10-27T19:48:35.580000Z,2025-10-27T19:50:45.210000Z,0.565,0.063
us6000rjsu,AKS,data/processed/waveforms/us6000rjsu_AKS.mseed,2025-10-27T19:48:39.410000Z,,0.149,
us6000rjsu,BALB,data/processed/waveforms/us6000rjsu_BALB.mseed,2025-10-27T19:48:40.590000Z,,0.529,
us6000rjvu,GORD,data/processed/waveforms/us6000rjvu_GORD.mseed,2025-10-28T07:54:19.070000Z,,0.555,
us6000rjvu,BALB,data/processed/waveforms/us6000rjvu_BALB.mseed,2025-10-28T07:54:26.170000Z,2025-10-28T07:54:33.880000Z,0.13,0.38
us6000rl1h,GORD,data/processed/waveforms/us6000rl1h_GORD.mseed,2025-11-02T12:41:15.710000Z,,0.538,
us6000rl1h,SOMA,data/processed/waveforms/us6000rl1h_SOMA.mseed,2025-11-02T12:41:22.730000Z,2025-11-02T12:41:28.860000Z,0.218,0.327
us6000rl6n,GORD,data/processed/waveforms/us6000rl6n_GORD.mseed,2025-11-03T12:35:43.960000Z,,0.549,
us6000rl6n,SMAA,data/processed/waveforms/us6000rl6n_SMAA.mseed,2025-11-03T12:35:49.260000Z,,0.14,
us6000rl6n,SIMA,data/processed/waveforms/us6000rl6n_SIMA.mseed,2025-11-03T12:35:43.020000Z,2025-11-03T12:37:50.810000Z,0.294,0.035
us6000rmjf,GORD,data/processed/waveforms/us6000rmjf_GORD.mseed,2025-11-10T02:49:19.740000Z,2025-11-10T02:49:24.970000Z,0.148,0.02
us6000rmjf,SOMA,data/processed/waveforms/us6000rmjf_SOMA.mseed,2025-11-10T02:49:15.190000Z,2025-11-10T02:50:21.280000Z,0.198,0.358
us6000rmjf,BALB,data/processed/waveforms/us6000rmjf_BALB.mseed,2025-11-10T02:49:15.830000Z,2025-11-10T02:49:28.860000Z,0.213,0.075
us6000rmjv,GORD,data/processed/waveforms/us6000rmjv_GORD.mseed,2025-11-10T06:41:46.830000Z,,0.526,
us6000rt9q,ANTB,data/processed/waveforms/us6000rt9q_ANTB.mseed,2025-12-08T00:32:07.410000Z,,0.132,
us6000rt9q,ELL,data/processed/waveforms/us6000rt9q_ELL.mseed,2025-12-08T00:32:04.610000Z,,0.302,
us6000rt9q,BCK,data/processed/waveforms/us6000rt9q_BCK.mseed,2025-12-08T00:32:03.720000Z,2025-12-08T00:33:02.940000Z,0.137,0.281
us6000ru32,GORD,data/processed/waveforms/us6000ru32_GORD.mseed,2025-12-11T07:06:21.510000Z,,0.537,
us6000ru32,BALB,data/processed/waveforms/us6000ru32_BALB.mseed,2025-12-11T07:06:27.490000Z,2025-12-11T07:06:28.510000Z,0.301,0.523
us6000s6wg,DIVR,data/processed/waveforms/us6000s6wg_DIVR.mseed,2026-02-06T11:16:26.780000Z,,0.522,
us6000s6wg,SINE,data/processed/waveforms/us6000s6wg_SINE.mseed,2026-02-06T11:16:27.770000Z,,0.409,
us6000spkw,ELL,data/processed/waveforms/us6000spkw_ELL.mseed,2026-04-13T05:48:55.170000Z,2026-04-13T05:49:05.960000Z,0.029,0.186
us6000syx6,MLTY,data/processed/waveforms/us6000syx6_MLTY.mseed,2026-05-20T06:00:19.280000Z,,0.565,
us6000syx6,AKDG,data/processed/waveforms/us6000syx6_AKDG.mseed,2026-05-20T06:00:25.580000Z,,0.565,
us6000syx6,KBAN,data/processed/waveforms/us6000syx6_KBAN.mseed,2026-05-20T06:00:26.320000Z,,0.456,
us6000syx6,ARGN,data/processed/waveforms/us6000syx6_ARGN.mseed,2026-05-20T06:00:27.120000Z,,0.557,
us6000t7tc,CAME,data/processed/waveforms/us6000t7tc_CAME.mseed,2026-06-24T08:26:41.040000Z,,0.043,
us6000t9lz,CAME,data/processed/waveforms/us6000t9lz_CAME.mseed,2026-07-02T11:07:04.080000Z,2026-07-02T11:07:05.760000Z,0.125,0.085
us7000365s,ARPRA,data/processed/waveforms/us7000365s_ARPRA.mseed,2019-04-15T04:41:36.560000Z,2019-04-15T04:44:25.230000Z,0.564,0.169
us7000365s,DARE,data/processed/waveforms/us7000365s_DARE.mseed,2019-04-15T04:41:40.400000Z,,0.163,
us7000365s,SARI,data/processed/waveforms/us7000365s_SARI.mseed,2019-04-15T04:41:57.660000Z,2019-04-15T04:42:18.220000Z,0.171,0.182
us7000365s,SVSK,data/processed/waveforms/us7000365s_SVSK.mseed,2019-04-15T04:42:01.840000Z,2019-04-15T04:42:19.720000Z,0.064,0.302
us70003dri,DALY,data/processed/waveforms/us70003dri_DALY.mseed,2019-04-29T04:43:49.880000Z,2019-04-29T04:44:13.720000Z,0.165,0.199
us70003e5j,EZN,data/processed/waveforms/us70003e5j_EZN.mseed,2019-04-29T18:02:52.430000Z,2019-04-29T18:03:44.080000Z,0.448,0.041
us70003e5j,DKL,data/processed/waveforms/us70003e5j_DKL.mseed,2019-04-29T18:02:57.400000Z,,0.274,
us70003e5j,YAYO,data/processed/waveforms/us70003e5j_YAYO.mseed,2019-04-29T18:02:56.630000Z,,0.461,
us7000491h,DALY,data/processed/waveforms/us7000491h_DALY.mseed,2019-07-03T01:04:56.060000Z,,0.038,
us7000594r,CAME,data/processed/waveforms/us7000594r_CAME.mseed,2019-08-28T11:58:53.830000Z,2019-08-28T11:58:56.660000Z,0.057,0.051
us70005a9c,DIDI,data/processed/waveforms/us70005a9c_DIDI.mseed,2019-08-30T15:38:31.030000Z,,0.048,
us70005a9c,BLCB,data/processed/waveforms/us70005a9c_BLCB.mseed,2019-08-30T15:38:31.220000Z,,0.508,
us70005g9r,YUVA,data/processed/waveforms/us70005g9r_YUVA.mseed,2019-09-14T06:03:31.540000Z,2019-09-14T06:03:33.100000Z,0.329,0.161
us70005q4l,DALY,data/processed/waveforms/us70005q4l_DALY.mseed,2019-10-03T04:45:06.300000Z,,0.538,
us70005q4l,FETY,data/processed/waveforms/us70005q4l_FETY.mseed,2019-10-03T04:44:57.170000Z,,0.556,
us70005q4l,CAME,data/processed/waveforms/us70005q4l_CAME.mseed,2019-10-03T04:45:13.580000Z,2019-10-03T04:45:27.100000Z,0.307,0.105
us70005s19,SLVT,data/processed/waveforms/us70005s19_SLVT.mseed,2019-09-26T20:02:48.770000Z,,0.469,
us70005s19,CTYL,data/processed/waveforms/us70005s19_CTYL.mseed,2019-09-26T20:02:53.900000Z,,0.322,
us70005s19,MDNY,data/processed/waveforms/us70005s19_MDNY.mseed,2019-09-26T20:02:54.880000Z,,0.086,
us700069pz,VANB,data/processed/waveforms/us700069pz_VANB.mseed,2019-11-19T00:14:16.280000Z,,0.004,
us700069pz,AKDM,data/processed/waveforms/us700069pz_AKDM.mseed,2019-11-19T00:14:33.820000Z,2019-11-19T00:14:34.830000Z,0.235,0.248
us700069pz,CUKT,data/processed/waveforms/us700069pz_CUKT.mseed,2019-11-19T00:14:24.840000Z,2019-11-19T00:14:43.540000Z,0.324,0.087
us700069pz,TASB,data/processed/waveforms/us700069pz_TASB.mseed,2019-11-19T00:15:06.190000Z,2019-11-19T00:17:06.840000Z,0.018,0.012
us70006fht,DALY,data/processed/waveforms/us70006fht_DALY.mseed,2019-12-03T09:47:07.140000Z,,0.062,
us70006rg4,URFA,data/processed/waveforms/us70006rg4_URFA.mseed,2019-12-27T07:02:42.120000Z,,0.555,
us70006rg4,ILIC,data/processed/waveforms/us70006rg4_ILIC.mseed,2019-12-27T07:02:47.280000Z,,0.398,
us70006rg4,DARE,data/processed/waveforms/us70006rg4_DARE.mseed,2019-12-27T07:02:38.780000Z,2019-12-27T07:02:57.600000Z,0.344,0.27
us70006s5q,SENK,data/processed/waveforms/us70006s5q_SENK.mseed,2019-12-29T11:20:13.440000Z,,0.405,
us70006s5q,KOPR,data/processed/waveforms/us70006s5q_KOPR.mseed,2019-12-29T11:20:16.020000Z,,0.386,
us70006s5q,KARS,data/processed/waveforms/us70006s5q_KARS.mseed,2019-12-29T11:20:26.340000Z,2019-12-29T11:20:27.810000Z,0.09,0.074
us70006s5q,AGRB,data/processed/waveforms/us70006s5q_AGRB.mseed,2019-12-29T11:20:42.070000Z,,0.068,
us70006s5q,BCA,data/processed/waveforms/us70006s5q_BCA.mseed,2019-12-29T11:20:47.600000Z,,0.174,
us70006ye3,BOTS,data/processed/waveforms/us70006ye3_BOTS.mseed,2020-01-11T13:37:42.440000Z,,0.565,
us70006ye3,SINB,data/processed/waveforms/us70006ye3_SINB.mseed,2020-01-11T13:37:41.940000Z,2020-01-11T13:37:43.400000Z,0.561,0.546
us70006ye3,SLVT,data/processed/waveforms/us70006ye3_SLVT.mseed,2020-01-11T13:37:44.980000Z,2020-01-11T13:40:15.790000Z,0.556,0.032
us70006ye3,YKBL,data/processed/waveforms/us70006ye3_YKBL.mseed,2020-01-11T13:37:44.790000Z,2020-01-11T13:40:04.170000Z,0.563,0.04
us70006ye3,CRLT,data/processed/waveforms/us70006ye3_CRLT.mseed,2020-01-11T13:37:47.400000Z,,0.422,
us70006ye3,CTYL,data/processed/waveforms/us70006ye3_CTYL.mseed,2020-01-11T13:37:48.910000Z,,0.545,
us70007mw0,DALY,data/processed/waveforms/us70007mw0_DALY.mseed,2020-02-10T22:47:27.620000Z,2020-02-10T22:47:55.420000Z,0.0,0.065
us70007rei,VANB,data/processed/waveforms/us70007rei_VANB.mseed,2020-02-16T18:02:31.260000Z,2020-02-16T18:04:45.750000Z,0.474,0.153
us70007rei,AKDM,data/processed/waveforms/us70007rei_AKDM.mseed,2020-02-16T18:02:36.560000Z,2020-02-16T18:02:55.210000Z,0.035,0.232
us70007rei,CUKT,data/processed/waveforms/us70007rei_CUKT.mseed,2020-02-16T18:02:43.500000Z,2020-02-16T18:03:03.600000Z,0.23,0.169
us70007uxg,SEYD,data/processed/waveforms/us70007uxg_SEYD.mseed,2020-02-22T22:26:46.860000Z,,0.525,
us70007uxg,BCK,data/processed/waveforms/us70007uxg_BCK.mseed,2020-02-22T22:26:54.760000Z,,0.434,
us70007uxg,KONT,data/processed/waveforms/us70007uxg_KONT.mseed,2020-02-22T22:26:58.180000Z,2020-02-22T22:27:12.320000Z,0.471,0.012
us70007v9g,VANB,data/processed/waveforms/us70007v9g_VANB.mseed,2020-02-23T16:00:47.520000Z,,0.532,
us70007v9g,AKDM,data/processed/waveforms/us70007v9g_AKDM.mseed,2020-02-23T16:00:51.220000Z,2020-02-23T16:00:57.540000Z,0.45,0.224
us70007v9g,CUKT,data/processed/waveforms/us70007v9g_CUKT.mseed,2020-02-23T16:00:57.900000Z,2020-02-23T16:01:17.380000Z,0.491,0.297
us70007v9g,MLAZ,data/processed/waveforms/us70007v9g_MLAZ.mseed,2020-02-23T16:01:02.220000Z,2020-02-23T16:01:04.720000Z,0.225,0.261
us70007vj1,AKS,data/processed/waveforms/us70007vj1_AKS.mseed,2020-02-24T02:43:37.510000Z,2020-02-24T02:43:39.590000Z,0.109,0.273
us70008cbe,SVRC,data/processed/waveforms/us70008cbe_SVRC.mseed,2020-03-19T17:53:34.520000Z,2020-03-19T17:55:40.280000Z,0.565,0.022
us70008cbe,ARPRA,data/processed/waveforms/us70008cbe_ARPRA.mseed,2020-03-19T17:53:42.750000Z,2020-03-19T17:53:49.170000Z,0.058,0.556
us70008cbe,DYBB,data/processed/waveforms/us70008cbe_DYBB.mseed,2020-03-19T17:53:49.760000Z,2020-03-19T17:54:04.440000Z,0.551,0.061
us70008cbe,ILIC,data/processed/waveforms/us70008cbe_ILIC.mseed,2020-03-19T17:53:53.100000Z,2020-03-19T17:53:54.920000Z,0.109,0.485
us70008cbe,ERZN,data/processed/waveforms/us70008cbe_ERZN.mseed,2020-03-19T17:53:56.700000Z,2020-03-19T17:54:17.260000Z,0.252,0.123
us70008mc2,AKDM,data/processed/waveforms/us70008mc2_AKDM.mseed,2020-04-03T05:44:37.800000Z,,0.554,
us70008mc2,MLAZ,data/processed/waveforms/us70008mc2_MLAZ.mseed,2020-04-03T05:44:42.070000Z,2020-04-03T05:44:45.540000Z,0.222,0.248
us70008mc2,GURO,data/processed/waveforms/us70008mc2_GURO.mseed,2020-04-03T05:45:05.750000Z,,0.186,
us70008mx0,TAHT,data/processed/waveforms/us70008mx0_TAHT.mseed,2020-04-03T18:15:56.840000Z,,0.321,
us70008mx0,EREN,data/processed/waveforms/us70008mx0_EREN.mseed,2020-04-03T18:16:06.470000Z,2020-04-03T18:16:24.120000Z,0.086,0.082
us70008ui2,VANB,data/processed/waveforms/us70008ui2_VANB.mseed,2020-04-12T02:23:27.560000Z,2020-04-12T02:25:48.330000Z,0.252,0.0
us70008ui2,AKDM,data/processed/waveforms/us70008ui2_AKDM.mseed,2020-04-12T02:23:32.770000Z,2020-04-12T02:23:33.860000Z,0.162,0.048
us70008ui2,CUKT,data/processed/waveforms/us70008ui2_CUKT.mseed,2020-04-12T02:23:39.780000Z,2020-04-12T02:23:59.000000Z,0.262,0.106
us70008wkw,TAHT,data/processed/waveforms/us70008wkw_TAHT.mseed,2020-04-15T07:40:19.800000Z,,0.377,
us70008wkw,EREN,data/processed/waveforms/us70008wkw_EREN.mseed,2020-04-15T07:40:28.320000Z,,0.167,
us70008wl9,TAHT,data/processed/waveforms/us70008wl9_TAHT.mseed,2020-04-15T08:18:52.200000Z,,0.272,
us70008wl9,EREN,data/processed/waveforms/us70008wl9_EREN.mseed,2020-04-15T08:19:21.770000Z,,0.149,
us700097h4,DALY,data/processed/waveforms/us700097h4_DALY.mseed,2020-04-30T10:09:50.540000Z,,0.563,
us700097h4,YER,data/processed/waveforms/us700097h4_YER.mseed,2020-04-30T10:09:52.080000Z,,0.496,
us7000aavx,AKDM,data/processed/waveforms/us7000aavx_AKDM.mseed,2020-06-25T10:03:44.220000Z,2020-06-25T10:03:59.300000Z,0.526,0.219
us7000aavx,MLAZ,data/processed/waveforms/us7000aavx_MLAZ.mseed,2020-06-25T10:03:55.710000Z,2020-06-25T10:04:18.560000Z,0.416,0.082
us7000adtk,DALY,data/processed/waveforms/us7000adtk_DALY.mseed,2020-06-28T17:43:40.240000Z,,0.565,
us7000adtk,YER,data/processed/waveforms/us7000adtk_YER.mseed,2020-06-28T17:43:41.820000Z,,0.557,
us7000ae1r,DALY,data/processed/waveforms/us7000ae1r_DALY.mseed,2020-06-29T04:06:36.220000Z,,0.564,
us7000ae1r,YER,data/processed/waveforms/us7000ae1r_YER.mseed,2020-06-29T04:06:37.700000Z,,0.405,
us7000bjmq,SVRC,data/processed/waveforms/us7000bjmq_SVRC.mseed,2020-09-08T10:44:17.960000Z,,0.194,
us7000bjmq,URFA,data/processed/waveforms/us7000bjmq_URFA.mseed,2020-09-08T10:44:18.180000Z,2020-09-08T10:46:22.200000Z,0.517,0.074
us7000bjmq,DYBB,data/processed/waveforms/us7000bjmq_DYBB.mseed,2020-09-08T10:44:31.400000Z,2020-09-08T10:44:50.200000Z,0.113,0.18
us7000bjmq,ILIC,data/processed/waveforms/us7000bjmq_ILIC.mseed,2020-09-08T10:44:53.180000Z,2020-09-08T10:45:48.200000Z,0.194,0.03
us7000bnxn,MLAZ,data/processed/waveforms/us7000bnxn_MLAZ.mseed,2020-09-16T14:48:32.720000Z,2020-09-16T14:50:13.340000Z,0.444,0.088
us7000bnxn,VRTB,data/processed/waveforms/us7000bnxn_VRTB.mseed,2020-09-16T14:48:32.360000Z,2020-09-16T14:48:41.820000Z,0.401,0.268
us7000bnxn,AKDM,data/processed/waveforms/us7000bnxn_AKDM.mseed,2020-09-16T14:48:36.840000Z,,0.44,
us7000bnxn,KARO,data/processed/waveforms/us7000bnxn_KARO.mseed,2020-09-16T14:48:52.380000Z,,0.435,
us7000bqjg,YESY,data/processed/waveforms/us7000bqjg_YESY.mseed,2020-09-20T19:08:13.190000Z,,0.561,
us7000bqjg,GULA,data/processed/waveforms/us7000bqjg_GULA.mseed,2020-09-20T19:08:12.870000Z,,0.558,
us7000bqjg,CMRD,data/processed/waveforms/us7000bqjg_CMRD.mseed,2020-09-20T19:08:38.490000Z,,0.045,
us7000bqjg,KRMN,data/processed/waveforms/us7000bqjg_KRMN.mseed,2020-09-20T19:08:44.910000Z,,0.002,
us7000bqjg,KONT,data/processed/waveforms/us7000bqjg_KONT.mseed,2020-09-20T19:08:33.540000Z,2020-09-20T19:08:45.680000Z,0.299,0.025
us7000bqjg,LADK,data/processed/waveforms/us7000bqjg_LADK.mseed,2020-09-20T19:08:33.080000Z,2020-09-20T19:08:53.700000Z,0.302,0.399
us7000c6pg,ERZN,data/processed/waveforms/us7000c6pg_ERZN.mseed,2020-10-28T09:16:23.960000Z,,0.484,
us7000c6pg,BNGB,data/processed/waveforms/us7000c6pg_BNGB.mseed,2020-10-28T09:16:33.680000Z,,0.062,
us7000c7ye,BLCB,data/processed/waveforms/us7000c7ye_BLCB.mseed,2020-10-30T13:00:54.060000Z,,0.349,
us7000c7zh,DIDI,data/processed/waveforms/us7000c7zh_DIDI.mseed,2020-10-30T15:15:22.540000Z,,0.019,
us7000c7zh,BLCB,data/processed/waveforms/us7000c7zh_BLCB.mseed,2020-10-30T15:15:07.820000Z,,0.558,
us7000c8jq,BLCB,data/processed/waveforms/us7000c8jq_BLCB.mseed,2020-10-31T05:31:41.880000Z,,0.561,
us7000c9df,BLCB,data/processed/waveforms/us7000c9df_BLCB.mseed,2020-11-02T19:16:54.820000Z,,0.21,
us7000cat9,BLCB,data/processed/waveforms/us7000cat9_BLCB.mseed,2020-10-30T15:19:28.100000Z,,0.412,
us7000ccpb,CUKT,data/processed/waveforms/us7000ccpb_CUKT.mseed,2020-11-09T23:19:06.320000Z,2020-11-09T23:19:31.880000Z,0.242,0.222
us7000ccpb,AKDM,data/processed/waveforms/us7000ccpb_AKDM.mseed,2020-11-09T23:20:08.670000Z,2020-11-09T23:21:26.550000Z,0.052,0.008
us7000cda2,BLCB,data/processed/waveforms/us7000cda2_BLCB.mseed,2020-11-11T06:49:56.360000Z,,0.554,
us7000ckak,SVRC,data/processed/waveforms/us7000ckak_SVRC.mseed,2020-11-27T08:28:05.980000Z,,0.46,
us7000ckak,URFA,data/processed/waveforms/us7000ckak_URFA.mseed,2020-11-27T08:28:09.920000Z,,0.538,
us7000ckak,DARE,data/processed/waveforms/us7000ckak_DARE.mseed,2020-11-27T08:28:12.300000Z,,0.339,
us7000ckak,DYBB,data/processed/waveforms/us7000ckak_DYBB.mseed,2020-11-27T08:28:18.680000Z,2020-11-27T08:28:36.700000Z,0.533,0.21
us7000cmfa,SVAN,data/processed/waveforms/us7000cmfa_SVAN.mseed,2020-12-03T05:45:28.340000Z,2020-12-03T05:45:36.400000Z,0.563,0.131
us7000cmfa,GURO,data/processed/waveforms/us7000cmfa_GURO.mseed,2020-12-03T05:45:31.170000Z,,0.506,
us7000cmfa,AKDM,data/processed/waveforms/us7000cmfa_AKDM.mseed,2020-12-03T05:45:40.050000Z,2020-12-03T05:47:49.780000Z,0.289,0.019
us7000cmfa,DYBB,data/processed/waveforms/us7000cmfa_DYBB.mseed,2020-12-03T05:45:43.500000Z,2020-12-03T05:46:01.000000Z,0.561,0.329
us7000cnf1,ALAN,data/processed/waveforms/us7000cnf1_ALAN.mseed,2020-12-05T12:44:57.040000Z,,0.379,
us7000cnf1,HDMB,data/processed/waveforms/us7000cnf1_HDMB.mseed,2020-12-05T12:45:02.880000Z,2020-12-05T12:45:18.580000Z,0.304,0.466
us7000cnf1,SEYD,data/processed/waveforms/us7000cnf1_SEYD.mseed,2020-12-05T12:45:06.750000Z,2020-12-05T12:45:24.800000Z,0.509,0.385
us7000cr3p,VANB,data/processed/waveforms/us7000cr3p_VANB.mseed,2020-12-14T21:58:53.410000Z,2020-12-14T22:00:52.410000Z,0.477,0.001
us7000cr3p,MLAZ,data/processed/waveforms/us7000cr3p_MLAZ.mseed,2020-12-14T21:59:02.840000Z,2020-12-14T21:59:05.990000Z,0.048,0.133
us7000d23a,EREN,data/processed/waveforms/us7000d23a_EREN.mseed,2021-01-21T14:27:20.500000Z,,0.465,
us7000d3ec,DYBB,data/processed/waveforms/us7000d3ec_DYBB.mseed,2021-01-26T11:18:17.600000Z,2021-01-26T11:18:40.800000Z,0.136,0.418
us7000d3ec,SVAN,data/processed/waveforms/us7000d3ec_SVAN.mseed,2021-01-26T11:18:15.480000Z,2021-01-26T11:18:21.640000Z,0.027,0.139
us7000d3ec,URFA,data/processed/waveforms/us7000d3ec_URFA.mseed,2021-01-26T11:18:20.960000Z,2021-01-26T11:18:49.940000Z,0.355,0.319
us7000d3ec,GURO,data/processed/waveforms/us7000d3ec_GURO.mseed,2021-01-26T11:19:05.730000Z,,0.027,
us7000e4ey,BLCB,data/processed/waveforms/us7000e4ey_BLCB.mseed,2021-05-19T11:15:05.860000Z,,0.563,
us7000ef1g,BODT,data/processed/waveforms/us7000ef1g_BODT.mseed,2021-06-21T22:14:44.560000Z,,0.043,
us7000ef1g,YER,data/processed/waveforms/us7000ef1g_YER.mseed,2021-06-21T22:14:39.880000Z,2021-06-21T22:14:43.400000Z,0.066,0.079
us7000f8ku,BABD,data/processed/waveforms/us7000f8ku_BABD.mseed,2021-09-06T15:05:52.330000Z,,0.013,
us7000f93t,BABD,data/processed/waveforms/us7000f93t_BABD.mseed,2021-09-08T01:40:39.260000Z,,0.217,
us7000fesd,DALY,data/processed/waveforms/us7000fesd_DALY.mseed,2021-09-27T06:40:56.520000Z,,0.024,
us7000ff36,YER,data/processed/waveforms/us7000ff36_YER.mseed,2021-09-28T04:50:27.460000Z,,0.135,
us7000ff36,DALY,data/processed/waveforms/us7000ff36_DALY.mseed,2021-09-28T04:49:07.220000Z,2021-09-28T04:49:44.200000Z,0.051,0.049
us7000fsfm,KONT,data/processed/waveforms/us7000fsfm_KONT.mseed,2021-11-08T17:43:25.780000Z,,0.565,
us7000fsfm,SEYD,data/processed/waveforms/us7000fsfm_SEYD.mseed,2021-11-08T17:43:32.710000Z,2021-11-08T17:43:34.700000Z,0.166,0.383
us7000fsfm,KIZT,data/processed/waveforms/us7000fsfm_KIZT.mseed,2021-11-08T17:43:41.220000Z,,0.28,
us7000fw5n,KOPR,data/processed/waveforms/us7000fw5n_KOPR.mseed,2021-11-22T08:31:30.070000Z,2021-11-22T08:32:49.550000Z,0.564,0.004
us7000fw5n,VRTB,data/processed/waveforms/us7000fw5n_VRTB.mseed,2021-11-22T08:31:39.680000Z,2021-11-22T08:31:40.940000Z,0.529,0.453
us7000fw5n,KARO,data/processed/waveforms/us7000fw5n_KARO.mseed,2021-11-22T08:31:42.310000Z,2021-11-22T08:31:44.270000Z,0.35,0.402
us7000g9ms,DALY,data/processed/waveforms/us7000g9ms_DALY.mseed,2021-12-26T19:01:45.760000Z,2021-12-26T19:02:37.580000Z,0.02,0.019
us7000gaqu,LFK,data/processed/waveforms/us7000gaqu_LFK.mseed,2022-01-11T01:08:11.750000Z,2022-01-11T01:09:47.430000Z,0.464,0.004
us7000gaqu,ALAN,data/processed/waveforms/us7000gaqu_ALAN.mseed,2022-01-11T01:08:14.130000Z,,0.187,
us7000gaqu,IKL,data/processed/waveforms/us7000gaqu_IKL.mseed,2022-01-11T01:08:17.980000Z,2022-01-11T01:08:42.240000Z,0.526,0.099
us7000gcr9,BNN,data/processed/waveforms/us7000gcr9_BNN.mseed,2022-01-17T23:29:01.240000Z,,0.565,
us7000gcr9,YOZ,data/processed/waveforms/us7000gcr9_YOZ.mseed,2022-01-17T23:29:10.970000Z,,0.494,
us7000gcr9,SARI,data/processed/waveforms/us7000gcr9_SARI.mseed,2022-01-17T23:29:11.280000Z,,0.5,
us7000gcr9,KOZK,data/processed/waveforms/us7000gcr9_KOZK.mseed,2022-01-17T23:29:12.610000Z,2022-01-17T23:29:13.920000Z,0.497,0.252
us7000gghf,BNGB,data/processed/waveforms/us7000gghf_BNGB.mseed,2022-01-31T00:50:04.620000Z,,0.55,
us7000gghf,ERZN,data/processed/waveforms/us7000gghf_ERZN.mseed,2022-01-31T00:50:05.840000Z,,0.401,
us7000gghf,KARO,data/processed/waveforms/us7000gghf_KARO.mseed,2022-01-31T00:50:11.380000Z,2022-01-31T00:50:14.370000Z,0.06,0.275
us7000ggki,KONT,data/processed/waveforms/us7000ggki_KONT.mseed,2022-01-31T09:30:40.140000Z,,0.554,
us7000ggki,LADK,data/processed/waveforms/us7000ggki_LADK.mseed,2022-01-31T09:30:48.260000Z,,0.434,
us7000ggki,SEYD,data/processed/waveforms/us7000ggki_SEYD.mseed,2022-01-31T09:30:53.380000Z,,0.19,
us7000ggki,CHBY,data/processed/waveforms/us7000ggki_CHBY.mseed,2022-01-31T09:30:54.700000Z,,0.538,
us7000ggki,KIZT,data/processed/waveforms/us7000ggki_KIZT.mseed,2022-01-31T09:31:10.540000Z,,0.101,
us7000ghf9,IKL,data/processed/waveforms/us7000ghf9_IKL.mseed,2022-02-02T21:04:20.740000Z,2022-02-02T21:04:45.100000Z,0.454,0.073
us7000ghzy,BNGB,data/processed/waveforms/us7000ghzy_BNGB.mseed,2022-01-31T06:07:09.240000Z,,0.423,
us7000ghzy,ERZN,data/processed/waveforms/us7000ghzy_ERZN.mseed,2022-01-31T06:07:14.620000Z,,0.087,
us7000gkl5,KARS,data/processed/waveforms/us7000gkl5_KARS.mseed,2022-02-13T18:26:12.310000Z,2022-02-13T18:28:15.080000Z,0.547,0.07
us7000gkl5,TASB,data/processed/waveforms/us7000gkl5_TASB.mseed,2022-02-13T18:26:18.260000Z,2022-02-13T18:26:36.140000Z,0.531,0.189
us7000gkl5,SENK,data/processed/waveforms/us7000gkl5_SENK.mseed,2022-02-13T18:26:21.640000Z,2022-02-13T18:26:42.760000Z,0.402,0.078
us7000gkl5,AGRB,data/processed/waveforms/us7000gkl5_AGRB.mseed,2022-02-13T18:26:28.410000Z,2022-02-13T18:26:54.090000Z,0.491,0.122
us7000gkl5,KOPR,data/processed/waveforms/us7000gkl5_KOPR.mseed,2022-02-13T18:26:32.600000Z,2022-02-13T18:26:37.180000Z,0.129,0.132
us7000hepi,DALY,data/processed/waveforms/us7000hepi_DALY.mseed,2022-06-03T16:05:33.880000Z,2022-06-03T16:05:52.340000Z,0.313,0.328
us7000hgyu,VANB,data/processed/waveforms/us7000hgyu_VANB.mseed,2022-06-12T18:35:26.330000Z,,0.56,
us7000hgyu,AKDM,data/processed/waveforms/us7000hgyu_AKDM.mseed,2022-06-12T18:35:32.120000Z,,0.474,
us7000hgyu,GURO,data/processed/waveforms/us7000hgyu_GURO.mseed,2022-06-12T18:35:43.990000Z,2022-06-12T18:36:04.870000Z,0.094,0.001
us7000hgyu,TASB,data/processed/waveforms/us7000hgyu_TASB.mseed,2022-06-12T18:35:49.130000Z,2022-06-12T18:35:51.390000Z,0.035,0.033
us7000i3ym,DIDI,data/processed/waveforms/us7000i3ym_DIDI.mseed,2022-08-31T09:56:55.960000Z,,0.139,
us7000i3ym,BODT,data/processed/waveforms/us7000i3ym_BODT.mseed,2022-08-31T09:57:08.600000Z,,0.023,
us7000i3yp,DIDI,data/processed/waveforms/us7000i3yp_DIDI.mseed,2022-08-31T10:10:24.980000Z,2022-08-31T10:10:26.240000Z,0.369,0.396
us7000i3yp,BODT,data/processed/waveforms/us7000i3yp_BODT.mseed,2022-08-31T10:10:39.040000Z,,0.224,
us7000i3yp,BODA,data/processed/waveforms/us7000i3yp_BODA.mseed,2022-08-31T10:10:39.810000Z,,0.042,
us7000i8nr,KARO,data/processed/waveforms/us7000i8nr_KARO.mseed,2022-09-16T20:30:42.560000Z,,0.558,
us7000i8nr,BNGB,data/processed/waveforms/us7000i8nr_BNGB.mseed,2022-09-16T20:30:43.880000Z,,0.555,
us7000i8nr,VRTB,data/processed/waveforms/us7000i8nr_VRTB.mseed,2022-09-16T20:30:49.240000Z,2022-09-16T20:30:53.660000Z,0.476,0.414
us7000i8nr,ERZN,data/processed/waveforms/us7000i8nr_ERZN.mseed,2022-09-16T20:30:50.440000Z,,0.33,
us7000iqln,DALY,data/processed/waveforms/us7000iqln_DALY.mseed,2022-11-18T04:26:42.800000Z,,0.249,
us7000irp8,UVEZ,data/processed/waveforms/us7000irp8_UVEZ.mseed,2022-11-23T01:08:18.720000Z,,0.565,
us7000irp8,MDUB,data/processed/waveforms/us7000irp8_MDUB.mseed,2022-11-23T01:08:22.860000Z,,0.565,
us7000irp8,SAUV,data/processed/waveforms/us7000irp8_SAUV.mseed,2022-11-23T01:08:25.590000Z,,0.565,
us7000irp8,KDZE,data/processed/waveforms/us7000irp8_KDZE.mseed,2022-11-23T01:08:26.380000Z,,0.563,
us7000isne,UVEZ,data/processed/waveforms/us7000isne_UVEZ.mseed,2022-11-27T03:57:50.010000Z,,0.565,
us7000isne,MDUB,data/processed/waveforms/us7000isne_MDUB.mseed,2022-11-27T03:57:54.060000Z,,0.564,
us7000isne,SAUV,data/processed/waveforms/us7000isne_SAUV.mseed,2022-11-27T03:57:56.950000Z,,0.533,
us7000isne,KDZE,data/processed/waveforms/us7000isne_KDZE.mseed,2022-11-27T03:58:04.060000Z,,0.068,
us7000j2pq,EZN,data/processed/waveforms/us7000j2pq_EZN.mseed,2023-01-07T01:53:07.240000Z,,0.564,
us7000j2pq,YAYO,data/processed/waveforms/us7000j2pq_YAYO.mseed,2023-01-07T01:53:11.380000Z,2023-01-07T01:55:14.170000Z,0.511,0.079
us7000j3cr,EZN,data/processed/waveforms/us7000j3cr_EZN.mseed,2023-01-10T07:38:39.620000Z,2023-01-10T07:40:55.230000Z,0.554,0.008
us7000j4gh,SVRC,data/processed/waveforms/us7000j4gh_SVRC.mseed,2023-01-15T03:36:30.110000Z,2023-01-15T03:39:44.680000Z,0.564,0.032
us7000j4gh,DYBB,data/processed/waveforms/us7000j4gh_DYBB.mseed,2023-01-15T03:36:45.020000Z,2023-01-15T03:36:58.830000Z,0.565,0.291
us7000j4gh,KARO,data/processed/waveforms/us7000j4gh_KARO.mseed,2023-01-15T03:37:00.570000Z,,0.121,
us7000j56z,CLDR,data/processed/waveforms/us7000j56z_CLDR.mseed,2023-01-18T10:08:29.540000Z,2023-01-18T10:10:31.950000Z,0.56,0.008
us7000j56z,VANB,data/processed/waveforms/us7000j56z_VANB.mseed,2023-01-18T10:08:33.260000Z,2023-01-18T10:08:52.300000Z,0.444,0.06
us7000j56z,AKDM,data/processed/waveforms/us7000j56z_AKDM.mseed,2023-01-18T10:08:39.040000Z,2023-01-18T10:09:03.790000Z,0.394,0.288
us7000j56z,TASB,data/processed/waveforms/us7000j56z_TASB.mseed,2023-01-18T10:08:40.690000Z,2023-01-18T10:08:41.770000Z,0.44,0.21
us7000jgyv,KMRS,data/processed/waveforms/us7000jgyv_KMRS.mseed,2023-03-03T02:53:50.740000Z,,0.556,
us7000jgyv,SARI,data/processed/waveforms/us7000jgyv_SARI.mseed,2023-03-03T02:53:53.630000Z,,0.502,
us7000jgyv,KOZT,data/processed/waveforms/us7000jgyv_KOZT.mseed,2023-03-03T02:53:57.250000Z,,0.321,
us7000jgyv,CMRD,data/processed/waveforms/us7000jgyv_CMRD.mseed,2023-03-03T02:54:28.360000Z,2023-03-03T02:54:31.080000Z,0.053,0.022
us7000jhi7,TAHT,data/processed/waveforms/us7000jhi7_TAHT.mseed,2023-03-05T20:49:54.190000Z,,0.562,
us7000jhi7,CEYT,data/processed/waveforms/us7000jhi7_CEYT.mseed,2023-03-05T20:49:54.530000Z,,0.429,
us7000jhvn,BNN,data/processed/waveforms/us7000jhvn_BNN.mseed,2023-03-07T11:47:36.630000Z,2023-03-07T11:47:39.020000Z,0.264,0.305
us7000jhvn,KOZK,data/processed/waveforms/us7000jhvn_KOZK.mseed,2023-03-07T11:47:41.070000Z,2023-03-07T11:47:48.660000Z,0.09,0.265
us7000jhvn,GULA,data/processed/waveforms/us7000jhvn_GULA.mseed,2023-03-07T11:47:45.060000Z,,0.325,
us7000jhvn,YOZ,data/processed/waveforms/us7000jhvn_YOZ.mseed,2023-03-07T11:47:45.840000Z,,0.218,
us7000jhvn,KAMT,data/processed/waveforms/us7000jhvn_KAMT.mseed,2023-03-07T11:48:48.820000Z,,0.028,
us7000jiph,BNN,data/processed/waveforms/us7000jiph_BNN.mseed,2023-03-10T02:28:22.800000Z,,0.444,
us7000jiph,KOZK,data/processed/waveforms/us7000jiph_KOZK.mseed,2023-03-10T02:28:27.480000Z,2023-03-10T02:28:30.840000Z,0.117,0.344
us7000jiph,SARI,data/processed/waveforms/us7000jiph_SARI.mseed,2023-03-10T02:28:33.690000Z,2023-03-10T02:28:35.050000Z,0.2,0.238
us7000jiph,YOZ,data/processed/waveforms/us7000jiph_YOZ.mseed,2023-03-10T02:28:33.470000Z,,0.257,
us7000jiph,KAMT,data/processed/waveforms/us7000jiph_KAMT.mseed,2023-03-10T02:29:35.340000Z,2023-03-10T02:29:39.890000Z,0.024,0.014
us7000jjft,SVRC,data/processed/waveforms/us7000jjft_SVRC.mseed,2023-03-13T01:34:40.290000Z,,0.49,
us7000jjft,URFA,data/processed/waveforms/us7000jjft_URFA.mseed,2023-03-13T01:34:44.770000Z,,0.494,
us7000jjft,KARO,data/processed/waveforms/us7000jjft_KARO.mseed,2023-03-13T01:35:59.150000Z,,0.014,
us7000jjv5,GAZ,data/processed/waveforms/us7000jjv5_GAZ.mseed,2023-03-14T14:50:03.140000Z,2023-03-14T14:50:11.720000Z,0.061,0.229
us7000jjv5,DARE,data/processed/waveforms/us7000jjv5_DARE.mseed,2023-03-14T14:50:02.650000Z,,0.375,
us7000jkeb,RUZG,data/processed/waveforms/us7000jkeb_RUZG.mseed,2023-03-16T10:55:11.440000Z,2023-03-16T10:57:07.310000Z,0.563,0.026
us7000jkeb,MDUB,data/processed/waveforms/us7000jkeb_MDUB.mseed,2023-03-16T10:55:15.010000Z,,0.544,
us7000jkeb,YUVA,data/processed/waveforms/us7000jkeb_YUVA.mseed,2023-03-16T10:55:15.400000Z,,0.414,
us7000jkeb,UVEZ,data/processed/waveforms/us7000jkeb_UVEZ.mseed,2023-03-16T10:55:16.640000Z,2023-03-16T10:57:14.250000Z,0.503,0.015
us7000jkeb,SAUV,data/processed/waveforms/us7000jkeb_SAUV.mseed,2023-03-16T10:55:24.040000Z,2023-03-16T10:55:26.250000Z,0.303,0.119
us7000jkel,VANB,data/processed/waveforms/us7000jkel_VANB.mseed,2023-03-16T11:47:41.100000Z,2023-03-16T11:48:02.770000Z,0.38,0.234
us7000jkel,TASB,data/processed/waveforms/us7000jkel_TASB.mseed,2023-03-16T11:47:47.420000Z,2023-03-16T11:47:48.750000Z,0.339,0.128
us7000jkel,AKDM,data/processed/waveforms/us7000jkel_AKDM.mseed,2023-03-16T11:47:46.390000Z,2023-03-16T11:48:11.010000Z,0.543,0.366
us7000jkel,MLAZ,data/processed/waveforms/us7000jkel_MLAZ.mseed,2023-03-16T11:47:56.060000Z,2023-03-16T11:48:01.900000Z,0.103,0.124
us7000jm54,SARI,data/processed/waveforms/us7000jm54_SARI.mseed,2023-03-23T09:19:59.830000Z,,0.528,
us7000jm54,KMRS,data/processed/waveforms/us7000jm54_KMRS.mseed,2023-03-23T09:20:04.900000Z,2023-03-23T09:22:40.810000Z,0.561,0.082
us7000jm54,KOZT,data/processed/waveforms/us7000jm54_KOZT.mseed,2023-03-23T09:20:06.730000Z,,0.393,
us7000jm54,CMRD,data/processed/waveforms/us7000jm54_CMRD.mseed,2023-03-23T09:20:37.290000Z,,0.216,
us7000jm54,KOZK,data/processed/waveforms/us7000jm54_KOZK.mseed,2023-03-23T09:20:25.700000Z,2023-03-23T09:20:54.040000Z,0.112,0.079
us7000jmay,SARI,data/processed/waveforms/us7000jmay_SARI.mseed,2023-03-24T00:40:01.430000Z,,0.439,
us7000jmay,KMRS,data/processed/waveforms/us7000jmay_KMRS.mseed,2023-03-24T00:40:06.290000Z,2023-03-24T00:40:15.360000Z,0.554,0.277
us7000jmay,KOZT,data/processed/waveforms/us7000jmay_KOZT.mseed,2023-03-24T00:40:07.720000Z,,0.23,
us7000jmay,CMRD,data/processed/waveforms/us7000jmay_CMRD.mseed,2023-03-24T00:40:34.040000Z,,0.03,
us7000jmay,KOZK,data/processed/waveforms/us7000jmay_KOZK.mseed,2023-03-24T00:40:26.430000Z,2023-03-24T00:40:49.850000Z,0.266,0.023
us7000jmbi,VANB,data/processed/waveforms/us7000jmbi_VANB.mseed,2023-03-24T03:17:17.690000Z,2023-03-24T03:17:37.880000Z,0.334,0.148
us7000jmbi,AKDM,data/processed/waveforms/us7000jmbi_AKDM.mseed,2023-03-24T03:17:25.020000Z,2023-03-24T03:17:48.710000Z,0.404,0.364
us7000jmbi,TASB,data/processed/waveforms/us7000jmbi_TASB.mseed,2023-03-24T03:17:27.700000Z,2023-03-24T03:17:31.520000Z,0.135,0.107
us7000jmbi,MLAZ,data/processed/waveforms/us7000jmbi_MLAZ.mseed,2023-03-24T03:17:35.670000Z,2023-03-24T03:17:37.740000Z,0.275,0.158
us7000jmme,KMRS,data/processed/waveforms/us7000jmme_KMRS.mseed,2023-03-25T04:39:43.870000Z,,0.402,
us7000jmme,DARE,data/processed/waveforms/us7000jmme_DARE.mseed,2023-03-25T04:39:44.400000Z,,0.359,
us7000jmme,SARI,data/processed/waveforms/us7000jmme_SARI.mseed,2023-03-25T04:39:44.560000Z,,0.243,
us7000jw42,DIDI,data/processed/waveforms/us7000jw42_DIDI.mseed,2023-04-26T20:01:00.930000Z,,0.061,
us7000jwv7,SARI,data/processed/waveforms/us7000jwv7_SARI.mseed,2023-04-29T01:55:54.900000Z,2023-04-29T01:55:56.460000Z,0.405,0.522
us7000jwv7,KMRS,data/processed/waveforms/us7000jwv7_KMRS.mseed,2023-04-29T01:55:59.950000Z,,0.494,
us7000jwv7,KOZT,data/processed/waveforms/us7000jwv7_KOZT.mseed,2023-04-29T01:56:01.830000Z,,0.422,
us7000jwv7,BNN,data/processed/waveforms/us7000jwv7_BNN.mseed,2023-04-29T01:56:06.100000Z,2023-04-29T01:56:18.590000Z,0.095,0.339
us7000jwv7,CMRD,data/processed/waveforms/us7000jwv7_CMRD.mseed,2023-04-29T01:56:30.550000Z,,0.021,
us7000jwv7,YOZ,data/processed/waveforms/us7000jwv7_YOZ.mseed,2023-04-29T01:56:25.970000Z,2023-04-29T01:56:47.000000Z,0.097,0.373
us7000jxsv,SARI,data/processed/waveforms/us7000jxsv_SARI.mseed,2023-05-03T17:16:45.410000Z,,0.536,
us7000jxsv,KMRS,data/processed/waveforms/us7000jxsv_KMRS.mseed,2023-05-03T17:16:50.870000Z,,0.56,
us7000jxsv,KOZT,data/processed/waveforms/us7000jxsv_KOZT.mseed,2023-05-03T17:16:55.510000Z,,0.389,
us7000jxsv,CMRD,data/processed/waveforms/us7000jxsv_CMRD.mseed,2023-05-03T17:17:27.080000Z,,0.199,
us7000jxsv,KOZK,data/processed/waveforms/us7000jxsv_KOZK.mseed,2023-05-03T17:17:12.140000Z,2023-05-03T17:17:36.450000Z,0.101,0.183
us7000k970,CLDR,data/processed/waveforms/us7000k970_CLDR.mseed,2023-06-17T12:31:03.790000Z,,0.226,
us7000k970,AKDM,data/processed/waveforms/us7000k970_AKDM.mseed,2023-06-17T12:31:14.170000Z,2023-06-17T12:31:38.960000Z,0.347,0.12
us7000k970,TASB,data/processed/waveforms/us7000k970_TASB.mseed,2023-06-17T12:31:53.250000Z,,0.121,
us7000k970,MLAZ,data/processed/waveforms/us7000k970_MLAZ.mseed,2023-06-17T12:31:22.460000Z,2023-06-17T12:31:53.530000Z,0.09,0.064
us7000kqky,DARE,data/processed/waveforms/us7000kqky_DARE.mseed,2023-08-24T05:35:35.180000Z,2023-08-24T05:37:24.610000Z,0.488,0.007
us7000kqky,SVRC,data/processed/waveforms/us7000kqky_SVRC.mseed,2023-08-24T05:35:40.340000Z,2023-08-24T05:35:53.680000Z,0.509,0.132
us7000kqky,SINE,data/processed/waveforms/us7000kqky_SINE.mseed,2023-08-24T05:35:49.070000Z,2023-08-24T05:36:08.070000Z,0.384,0.138
us7000krs4,KULU,data/processed/waveforms/us7000krs4_KULU.mseed,2023-08-29T04:58:17.480000Z,,0.565,
us7000krs4,CHBY,data/processed/waveforms/us7000krs4_CHBY.mseed,2023-08-29T04:58:21.670000Z,,0.565,
us7000krs4,AFSR,data/processed/waveforms/us7000krs4_AFSR.mseed,2023-08-29T04:58:28.310000Z,,0.548,
us7000krs4,SERE,data/processed/waveforms/us7000krs4_SERE.mseed,2023-08-29T04:58:24.780000Z,,0.565,
us7000krs4,KAMT,data/processed/waveforms/us7000krs4_KAMT.mseed,2023-08-29T04:58:29.430000Z,2023-08-29T04:58:39.800000Z,0.072,0.244
us7000krs4,POLA,data/processed/waveforms/us7000krs4_POLA.mseed,2023-08-29T04:58:34.940000Z,2023-08-29T04:58:50.180000Z,0.531,0.394
us7000krs4,BLVD,data/processed/waveforms/us7000krs4_BLVD.mseed,2023-08-29T04:58:42.960000Z,2023-08-29T04:59:04.150000Z,0.274,0.152
us7000krs4,KOZK,data/processed/waveforms/us7000krs4_KOZK.mseed,2023-08-29T04:58:47.640000Z,2023-08-29T04:59:07.500000Z,0.043,0.135
us7000kuw4,CUKT,data/processed/waveforms/us7000kuw4_CUKT.mseed,2023-09-10T21:44:30.270000Z,2023-09-10T21:44:35.900000Z,0.369,0.258
us7000kuw4,SIRT,data/processed/waveforms/us7000kuw4_SIRT.mseed,2023-09-10T21:44:48.060000Z,2023-09-10T21:44:49.540000Z,0.331,0.297
us7000kuw4,AKDM,data/processed/waveforms/us7000kuw4_AKDM.mseed,2023-09-10T21:44:57.970000Z,2023-09-10T21:45:51.010000Z,0.24,0.034
us7000kxls,SARI,data/processed/waveforms/us7000kxls_SARI.mseed,2023-09-23T08:22:30.850000Z,2023-09-23T08:24:27.280000Z,0.53,0.048
us7000kxls,KMRS,data/processed/waveforms/us7000kxls_KMRS.mseed,2023-09-23T08:22:33.790000Z,,0.555,
us7000kxls,KOZT,data/processed/waveforms/us7000kxls_KOZT.mseed,2023-09-23T08:22:36.720000Z,,0.436,
us7000l9r5,TAHT,data/processed/waveforms/us7000l9r5_TAHT.mseed,2023-11-09T02:32:19.630000Z,,0.564,
us7000l9r5,CEYT,data/processed/waveforms/us7000l9r5_CEYT.mseed,2023-11-09T02:32:27.990000Z,,0.403,
us7000l9r5,CMRD,data/processed/waveforms/us7000l9r5_CMRD.mseed,2023-11-09T02:33:03.750000Z,,0.095,
us7000ledq,SVRC,data/processed/waveforms/us7000ledq_SVRC.mseed,2023-11-23T14:50:09.070000Z,,0.537,
us7000ledq,URFA,data/processed/waveforms/us7000ledq_URFA.mseed,2023-11-23T14:49:57.970000Z,2023-11-23T14:50:12.030000Z,0.058,0.487
us7000ledq,DARE,data/processed/waveforms/us7000ledq_DARE.mseed,2023-11-23T14:50:13.930000Z,2023-11-23T14:50:28.750000Z,0.093,0.041
us7000ledq,SINE,data/processed/waveforms/us7000ledq_SINE.mseed,2023-11-23T14:50:22.100000Z,2023-11-23T14:50:38.590000Z,0.109,0.09
us7000leyu,DARE,data/processed/waveforms/us7000leyu_DARE.mseed,2023-12-01T00:18:53.340000Z,,0.553,
us7000leyu,SARI,data/processed/waveforms/us7000leyu_SARI.mseed,2023-12-01T00:19:06.410000Z,,0.206,
us7000leyu,SINE,data/processed/waveforms/us7000leyu_SINE.mseed,2023-12-01T00:19:41.790000Z,,0.172,
us7000lg2l,MDNY,data/processed/waveforms/us7000lg2l_MDNY.mseed,2023-12-04T07:42:23.340000Z,,0.565,
us7000lg2l,GEML,data/processed/waveforms/us7000lg2l_GEML.mseed,2023-12-04T07:42:26.670000Z,2023-12-04T07:45:39.660000Z,0.565,0.269
us7000ltqd,URFA,data/processed/waveforms/us7000ltqd_URFA.mseed,2024-01-25T13:04:23.900000Z,,0.538,
us7000ltqd,DARE,data/processed/waveforms/us7000ltqd_DARE.mseed,2024-01-25T13:04:20.690000Z,,0.512,
us7000ltqd,SINE,data/processed/waveforms/us7000ltqd_SINE.mseed,2024-01-25T13:04:29.370000Z,2024-01-25T13:04:45.770000Z,0.296,0.038
us7000luac,GMLD,data/processed/waveforms/us7000luac_GMLD.mseed,2024-01-27T05:19:27.760000Z,,0.017,
us7000luac,BLCB,data/processed/waveforms/us7000luac_BLCB.mseed,2024-01-27T05:19:27.970000Z,,0.562,
us7000m4jl,ELL,data/processed/waveforms/us7000m4jl_ELL.mseed,2024-03-10T13:56:09.630000Z,2024-03-10T13:56:22.450000Z,0.498,0.112
us7000m4jl,CAME,data/processed/waveforms/us7000m4jl_CAME.mseed,2024-03-10T13:56:16.980000Z,2024-03-10T13:56:31.970000Z,0.139,0.27
us7000m4jl,BCK,data/processed/waveforms/us7000m4jl_BCK.mseed,2024-03-10T13:56:23.140000Z,2024-03-10T13:56:24.340000Z,0.384,0.101
us7000mcs6,CAYL,data/processed/waveforms/us7000mcs6_CAYL.mseed,2024-04-17T22:07:06.400000Z,,0.539,
us7000mcxc,CAYL,data/processed/waveforms/us7000mcxc_CAYL.mseed,2024-04-18T15:11:29.980000Z,,0.562,
us7000mcxc,YOZ,data/processed/waveforms/us7000mcxc_YOZ.mseed,2024-04-18T15:11:35.980000Z,,0.565,
us7000ms04,CAME,data/processed/waveforms/us7000ms04_CAME.mseed,2024-06-12T19:19:36.680000Z,2024-06-12T19:19:54.990000Z,0.276,0.307
us7000n7dh,TAHT,data/processed/waveforms/us7000n7dh_TAHT.mseed,2024-08-16T10:16:03.140000Z,2024-08-16T10:16:23.740000Z,0.47,0.319
us7000n7dh,GAZ,data/processed/waveforms/us7000n7dh_GAZ.mseed,2024-08-16T10:16:19.890000Z,2024-08-16T10:16:42.210000Z,0.018,0.277
us7000nni1,KOZT,data/processed/waveforms/us7000nni1_KOZT.mseed,2024-10-27T17:07:12.770000Z,,0.564,
us7000nni1,CEYT,data/processed/waveforms/us7000nni1_CEYT.mseed,2024-10-27T17:07:22.290000Z,2024-10-27T17:07:37.080000Z,0.525,0.284
us7000nni1,KMRS,data/processed/waveforms/us7000nni1_KMRS.mseed,2024-10-27T17:07:24.510000Z,,0.379,
us7000nni1,CMRD,data/processed/waveforms/us7000nni1_CMRD.mseed,2024-10-27T17:07:26.480000Z,2024-10-27T17:07:33.930000Z,0.057,0.081
us7000nqls,SVRC,data/processed/waveforms/us7000nqls_SVRC.mseed,2024-11-08T14:04:07.510000Z,,0.559,
us7000nqls,SINE,data/processed/waveforms/us7000nqls_SINE.mseed,2024-11-08T14:04:11.740000Z,,0.449,
us7000nqls,DYBB,data/processed/waveforms/us7000nqls_DYBB.mseed,2024-11-08T14:04:18.740000Z,2024-11-08T14:06:33.780000Z,0.431,0.011
us7000nqls,KBAN,data/processed/waveforms/us7000nqls_KBAN.mseed,2024-11-08T14:04:14.580000Z,2024-11-08T14:05:58.960000Z,0.219,0.534
us7000nqls,ARGN,data/processed/waveforms/us7000nqls_ARGN.mseed,2024-11-08T14:04:23.090000Z,,0.345,
us7000nqls,KMAH,data/processed/waveforms/us7000nqls_KMAH.mseed,2024-11-08T14:04:22.840000Z,2024-11-08T14:07:12.940000Z,0.317,0.003
us7000nrxw,NURH,data/processed/waveforms/us7000nrxw_NURH.mseed,2024-11-15T07:46:22.670000Z,,0.563,
us7000nrxw,DARE,data/processed/waveforms/us7000nrxw_DARE.mseed,2024-11-15T07:46:30.590000Z,,0.545,
us7000nrxw,KMRS,data/processed/waveforms/us7000nrxw_KMRS.mseed,2024-11-15T07:46:34.440000Z,,0.454,
us7000nrxw,ARGN,data/processed/waveforms/us7000nrxw_ARGN.mseed,2024-11-15T07:46:37.950000Z,,0.431,
us7000nrxw,KBAN,data/processed/waveforms/us7000nrxw_KBAN.mseed,2024-11-15T07:47:02.260000Z,,0.07,
us7000pf7u,KARO,data/processed/waveforms/us7000pf7u_KARO.mseed,2025-02-21T12:27:48.840000Z,,0.285,
us7000pf7u,MLAZ,data/processed/waveforms/us7000pf7u_MLAZ.mseed,2025-02-21T12:27:51.400000Z,2025-02-21T12:28:01.930000Z,0.136,0.251
us7000pufs,BOTS,data/processed/waveforms/us7000pufs_BOTS.mseed,2025-04-23T09:49:16.110000Z,2025-04-23T09:50:45.470000Z,0.565,0.005
us7000pufs,GUZE,data/processed/waveforms/us7000pufs_GUZE.mseed,2025-04-23T09:49:17.710000Z,,0.147,
us7000pufy,SINB,data/processed/waveforms/us7000pufy_SINB.mseed,2025-04-23T10:02:37.820000Z,2025-04-23T10:04:26.840000Z,0.555,0.377
us7000pugj,SINB,data/processed/waveforms/us7000pugj_SINB.mseed,2025-04-23T12:13:03.500000Z,2025-04-23T12:14:57.190000Z,0.565,0.25
us7000puz4,SMAA,data/processed/waveforms/us7000puz4_SMAA.mseed,2025-04-25T07:20:06.510000Z,2025-04-25T07:20:09.320000Z,0.276,0.202
us7000pvfk,SVRC,data/processed/waveforms/us7000pvfk_SVRC.mseed,2025-04-27T18:09:43.280000Z,,0.56,
us7000pvfk,KBAN,data/processed/waveforms/us7000pvfk_KBAN.mseed,2025-04-27T18:09:45.740000Z,,0.554,
us7000pvfk,ARGN,data/processed/waveforms/us7000pvfk_ARGN.mseed,2025-04-27T18:09:49.550000Z,,0.562,
us7000pvfk,SINE,data/processed/waveforms/us7000pvfk_SINE.mseed,2025-04-27T18:09:53.060000Z,,0.492,
us7000pvfk,NURH,data/processed/waveforms/us7000pvfk_NURH.mseed,2025-04-27T18:09:50.610000Z,2025-04-27T18:10:01.850000Z,0.553,0.525
us7000py7q,SINB,data/processed/waveforms/us7000py7q_SINB.mseed,2025-04-23T10:02:15.990000Z,2025-04-23T10:02:24.340000Z,0.556,0.011
us7000py7q,YKBL,data/processed/waveforms/us7000py7q_YKBL.mseed,2025-04-23T10:02:15.840000Z,2025-04-23T10:02:39.480000Z,0.562,0.471
us7000pz2p,CAME,data/processed/waveforms/us7000pz2p_CAME.mseed,2025-05-13T22:51:55.440000Z,2025-05-13T22:52:25.530000Z,0.375,0.386
us7000q0pq,BODT,data/processed/waveforms/us7000q0pq_BODT.mseed,2025-05-22T03:20:28.790000Z,,0.013,
us7000quja,GORD,data/processed/waveforms/us7000quja_GORD.mseed,2025-09-07T09:35:14.370000Z,,0.537,
us7000quja,AKS,data/processed/waveforms/us7000quja_AKS.mseed,2025-09-07T09:35:17.840000Z,,0.368,
us7000quja,SOMA,data/processed/waveforms/us7000quja_SOMA.mseed,2025-09-07T09:35:19.870000Z,,0.352,
us7000quja,BALB,data/processed/waveforms/us7000quja_BALB.mseed,2025-09-07T09:35:20.540000Z,,0.519,
us7000qxqv,GORD,data/processed/waveforms/us7000qxqv_GORD.mseed,2025-09-21T21:05:52.800000Z,,0.522,
us7000qxqv,AKS,data/processed/waveforms/us7000qxqv_AKS.mseed,2025-09-21T21:05:57.970000Z,,0.0,
us7000qxqv,SOMA,data/processed/waveforms/us7000qxqv_SOMA.mseed,2025-09-21T21:05:57.900000Z,,0.224,
us7000rmaa,SVRC,data/processed/waveforms/us7000rmaa_SVRC.mseed,2026-01-03T17:27:32.540000Z,,0.561,
us7000rmaa,MLTY,data/processed/waveforms/us7000rmaa_MLTY.mseed,2026-01-03T17:27:34.190000Z,,0.561,
us7000rmaa,KBAN,data/processed/waveforms/us7000rmaa_KBAN.mseed,2026-01-03T17:27:35.090000Z,,0.473,
us7000rmaa,ARGN,data/processed/waveforms/us7000rmaa_ARGN.mseed,2026-01-03T17:27:39.010000Z,,0.555,
us7000rmaa,AKDG,data/processed/waveforms/us7000rmaa_AKDG.mseed,2026-01-03T17:27:40.630000Z,2026-01-03T17:27:41.700000Z,0.546,0.336
us7000rr79,GORD,data/processed/waveforms/us7000rr79_GORD.mseed,2026-01-21T20:29:01.870000Z,,0.484,
us7000rrq9,GORD,data/processed/waveforms/us7000rrq9_GORD.mseed,2026-01-23T21:24:43.750000Z,,0.561,
us7000rrq9,AKS,data/processed/waveforms/us7000rrq9_AKS.mseed,2026-01-23T21:24:47.330000Z,,0.533,
us7000s33s,BABD,data/processed/waveforms/us7000s33s_BABD.mseed,2026-03-09T06:21:10.990000Z,,0.506,
us7000s33s,KULA,data/processed/waveforms/us7000s33s_KULA.mseed,2026-03-09T06:21:17.770000Z,2026-03-09T06:22:56.020000Z,0.483,0.0
us7000s33s,BAKL,data/processed/waveforms/us7000s33s_BAKL.mseed,2026-03-09T06:21:14.940000Z,,0.518,
us7000s33s,SERH,data/processed/waveforms/us7000s33s_SERH.mseed,2026-03-09T06:21:15.350000Z,,0.146,
us7000sskd,GAZ,data/processed/waveforms/us7000sskd_GAZ.mseed,2026-06-12T21:08:52.110000Z,,0.397,
us7000sskd,NURH,data/processed/waveforms/us7000sskd_NURH.mseed,2026-06-12T21:09:05.900000Z,2026-06-12T21:09:08.080000Z,0.475,0.298
us7000sskd,AKDG,data/processed/waveforms/us7000sskd_AKDG.mseed,2026-06-12T21:09:16.060000Z,2026-06-12T21:09:39.420000Z,0.497,0.093
us7000t1j0,MLTY,data/processed/waveforms/us7000t1j0_MLTY.mseed,2026-07-18T03:21:02.590000Z,,0.565,
us7000t1j0,AKDG,data/processed/waveforms/us7000t1j0_AKDG.mseed,2026-07-18T03:21:08.110000Z,2026-07-18T03:22:27.690000Z,0.565,0.004
us7000t1j0,ARGN,data/processed/waveforms/us7000t1j0_ARGN.mseed,2026-07-18T03:21:10.830000Z,2026-07-18T03:21:52.670000Z,0.546,0.003
us7000t1j0,KBAN,data/processed/waveforms/us7000t1j0_KBAN.mseed,2026-07-18T03:21:10.660000Z,,0.549,
usb000fisx,CUKT,data/processed/waveforms/usb000fisx_CUKT.mseed,2013-03-11T14:57:18.940000Z,,0.4,
usb000fisx,SIRT,data/processed/waveforms/usb000fisx_SIRT.mseed,2013-03-11T14:57:30.060000Z,2013-03-11T14:57:47.380000Z,0.336,0.503
usb000fisx,AKDM,data/processed/waveforms/usb000fisx_AKDM.mseed,2013-03-11T14:57:40.230000Z,2013-03-11T14:58:05.540000Z,0.378,0.259
usb000fisx,VANB,data/processed/waveforms/usb000fisx_VANB.mseed,2013-03-11T14:57:42.880000Z,2013-03-11T14:58:10.500000Z,0.268,0.09
usb000gac8,CLDR,data/processed/waveforms/usb000gac8_CLDR.mseed,2013-04-18T10:40:05.220000Z,,0.096,
usb000gac8,VANB,data/processed/waveforms/usb000gac8_VANB.mseed,2013-04-18T10:40:07.960000Z,2013-04-18T10:40:09.800000Z,0.538,0.303
usb000gac8,TASB,data/processed/waveforms/usb000gac8_TASB.mseed,2013-04-18T10:40:51.630000Z,,0.0,
usb000gh38,DAT,data/processed/waveforms/usb000gh38_DAT.mseed,2013-04-28T16:31:00.940000Z,,0.108,
usb000gh38,BODT,data/processed/waveforms/usb000gh38_BODT.mseed,2013-04-28T16:31:02.060000Z,,0.547,
usb000h85k,GEDZ,data/processed/waveforms/usb000h85k_GEDZ.mseed,2013-05-29T14:43:38.660000Z,,0.218,
usb000h85k,KULA,data/processed/waveforms/usb000h85k_KULA.mseed,2013-05-29T14:43:55.040000Z,,0.124,
usb000ijb0,TOS,data/processed/waveforms/usb000ijb0_TOS.mseed,2013-07-21T21:43:50.350000Z,,0.345,
usb000ijb0,CANT,data/processed/waveforms/usb000ijb0_CANT.mseed,2013-07-21T21:43:53.020000Z,,0.267,
usb000ijb0,BZK,data/processed/waveforms/usb000ijb0_BZK.mseed,2013-07-21T21:44:01.060000Z,,0.162,
usb000kj64,IKL,data/processed/waveforms/usb000kj64_IKL.mseed,2013-10-23T12:24:34.100000Z,2013-10-23T12:24:42.500000Z,0.53,0.446
usb000kj64,MERS,data/processed/waveforms/usb000kj64_MERS.mseed,2013-10-23T12:24:34.640000Z,2013-10-23T12:25:28.960000Z,0.466,0.184
usb000kj64,EREN,data/processed/waveforms/usb000kj64_EREN.mseed,2013-10-23T12:24:42.430000Z,2013-10-23T12:24:44.390000Z,0.039,0.119
usb000l74s,BOTS,data/processed/waveforms/usb000l74s_BOTS.mseed,2013-11-27T04:13:42.000000Z,,0.565,
usb000l74s,MRMT,data/processed/waveforms/usb000l74s_MRMT.mseed,2013-11-27T04:13:45.400000Z,2013-11-27T04:13:49.810000Z,0.263,0.381
usb000l74s,CTYL,data/processed/waveforms/usb000l74s_CTYL.mseed,2013-11-27T04:13:51.280000Z,,0.522,
usb000l74s,PHSR,data/processed/waveforms/usb000l74s_PHSR.mseed,2013-11-27T04:13:55.830000Z,2013-11-27T04:15:35.670000Z,0.379,0.029
usb000ldsa,BCK,data/processed/waveforms/usb000ldsa_BCK.mseed,2013-12-08T17:32:17.180000Z,2013-12-08T17:32:19.180000Z,0.264,0.139
usb000ldsa,ELL,data/processed/waveforms/usb000ldsa_ELL.mseed,2013-12-08T17:32:19.260000Z,2013-12-08T17:32:20.840000Z,0.269,0.144
usb000r2hc,GADA,data/processed/waveforms/usb000r2hc_GADA.mseed,2014-05-24T09:25:09.950000Z,,0.565,
usb000r3dw,BALB,data/processed/waveforms/usb000r3dw_BALB.mseed,2014-05-25T11:39:07.250000Z,2014-05-25T11:39:28.430000Z,0.478,0.351
usb000rh6j,LEF,data/processed/waveforms/usb000rh6j_LEF.mseed,2014-06-19T20:31:05.280000Z,2014-06-19T20:31:17.180000Z,0.35,0.343
usb000s99n,KEMT,data/processed/waveforms/usb000s99n_KEMT.mseed,2014-09-04T21:00:15.300000Z,2014-09-04T21:00:23.980000Z,0.203,0.034
usb000s99n,ELL,data/processed/waveforms/usb000s99n_ELL.mseed,2014-09-04T21:00:21.700000Z,2014-09-04T21:00:37.780000Z,0.451,0.097
usb000smqw,BODT,data/processed/waveforms/usb000smqw_BODT.mseed,2014-10-16T06:48:54.860000Z,2014-10-16T06:49:14.020000Z,0.472,0.22
usb000t0sw,TVSB,data/processed/waveforms/usb000t0sw_TVSB.mseed,2014-11-28T02:30:17.880000Z,2014-11-28T02:30:19.320000Z,0.102,0.318
usb000tpmv,BCK,data/processed/waveforms/usb000tpmv_BCK.mseed,2015-02-16T11:52:54.600000Z,,0.348,
usb000tpmv,ELL,data/processed/waveforms/usb000tpmv_ELL.mseed,2015-02-16T11:52:53.400000Z,,0.401,
usc000fayn,DIDI,data/processed/waveforms/usc000fayn_DIDI.mseed,2013-02-21T10:18:57.840000Z,2013-02-21T10:19:02.400000Z,0.029,0.008
usc000fayn,BODT,data/processed/waveforms/usc000fayn_BODT.mseed,2013-02-21T10:19:00.340000Z,,0.555,
usc000hnc9,CLDR,data/processed/waveforms/usc000hnc9_CLDR.mseed,2013-06-12T19:03:04.080000Z,,0.141,
usc000hnc9,AKDM,data/processed/waveforms/usc000hnc9_AKDM.mseed,2013-06-12T19:03:04.280000Z,,0.395,
usc000isd7,GADA,data/processed/waveforms/usc000isd7_GADA.mseed,2013-07-30T05:33:12.140000Z,,0.564,
usc000isd7,GELI,data/processed/waveforms/usc000isd7_GELI.mseed,2013-07-30T05:33:18.920000Z,,0.541,
usc000isd7,ENEZ,data/processed/waveforms/usc000isd7_ENEZ.mseed,2013-07-30T05:33:18.920000Z,,0.562,
usc000isd7,LAP,data/processed/waveforms/usc000isd7_LAP.mseed,2013-07-30T05:33:22.920000Z,,0.558,
usc000jwi4,VRTB,data/processed/waveforms/usc000jwi4_VRTB.mseed,2013-09-17T20:40:54.300000Z,,0.565,
usc000jwi4,KARO,data/processed/waveforms/usc000jwi4_KARO.mseed,2013-09-17T20:40:58.480000Z,,0.45,
usc000jwi4,GURO,data/processed/waveforms/usc000jwi4_GURO.mseed,2013-09-17T20:41:03.860000Z,2013-09-17T20:41:13.400000Z,0.437,0.505
usc000jwi4,BNGB,data/processed/waveforms/usc000jwi4_BNGB.mseed,2013-09-17T20:41:01.500000Z,2013-09-17T20:41:11.820000Z,0.55,0.197
usc000ltax,ALAN,data/processed/waveforms/usc000ltax_ALAN.mseed,2013-12-28T15:21:20.800000Z,,0.097,
usc000ltax,ELL,data/processed/waveforms/usc000ltax_ELL.mseed,2013-12-28T15:21:29.960000Z,2013-12-28T15:21:49.380000Z,0.481,0.184
usc000mq8w,TAHT,data/processed/waveforms/usc000mq8w_TAHT.mseed,2014-02-14T00:33:46.320000Z,,0.562,
usc000rctx,TAHT,data/processed/waveforms/usc000rctx_TAHT.mseed,2014-06-09T03:38:43.400000Z,,0.537,
usc000retx,BODT,data/processed/waveforms/usc000retx_BODT.mseed,2014-06-13T00:35:20.980000Z,2014-06-13T00:35:41.420000Z,0.226,0.388
usc000riqb,FETY,data/processed/waveforms/usc000riqb_FETY.mseed,2014-06-20T13:59:54.520000Z,2014-06-20T14:02:21.580000Z,0.495,0.008
usc000riqb,YER,data/processed/waveforms/usc000riqb_YER.mseed,2014-06-20T14:00:12.120000Z,,0.047,
usc000rpuu,EDC,data/processed/waveforms/usc000rpuu_EDC.mseed,2014-07-03T05:04:50.350000Z,,0.561,
usc000rpuu,KCTX,data/processed/waveforms/usc000rpuu_KCTX.mseed,2014-07-03T05:04:53.350000Z,,0.501,
usc000rpuu,MRMT,data/processed/waveforms/usc000rpuu_MRMT.mseed,2014-07-03T05:04:56.190000Z,2014-07-03T05:05:03.050000Z,0.109,0.218
usc000rpuu,BALB,data/processed/waveforms/usc000rpuu_BALB.mseed,2014-07-03T05:04:57.710000Z,,0.493,
usc000svyz,DALY,data/processed/waveforms/usc000svyz_DALY.mseed,2014-11-10T06:16:47.400000Z,,0.561,
usc000svyz,YER,data/processed/waveforms/usc000svyz_YER.mseed,2014-11-10T06:16:49.740000Z,,0.174,
usc000svyz,FETY,data/processed/waveforms/usc000svyz_FETY.mseed,2014-11-10T06:16:51.540000Z,,0.549,
usc000t486,DKL,data/processed/waveforms/usc000t486_DKL.mseed,2014-12-06T06:21:05.060000Z,,0.418,
usc000t486,GADA,data/processed/waveforms/usc000t486_GADA.mseed,2014-12-06T06:21:19.100000Z,2014-12-06T06:21:36.340000Z,0.451,0.176
usc000thtl,AKDM,data/processed/waveforms/usc000thtl_AKDM.mseed,2015-01-21T13:58:07.890000Z,2015-01-21T13:59:40.760000Z,0.564,0.452
usc000thtl,VANB,data/processed/waveforms/usc000thtl_VANB.mseed,2015-01-21T13:58:14.220000Z,,0.559,
usc000thtl,GURO,data/processed/waveforms/usc000thtl_GURO.mseed,2015-01-21T13:58:18.380000Z,2015-01-21T13:58:27.120000Z,0.114,0.182
usc000thtl,SIRT,data/processed/waveforms/usc000thtl_SIRT.mseed,2015-01-21T13:58:21.460000Z,2015-01-21T13:58:22.600000Z,0.412,0.408
usc000tnmn,ELL,data/processed/waveforms/usc000tnmn_ELL.mseed,2015-02-10T08:56:39.860000Z,,0.381,
usc000tnmn,BCK,data/processed/waveforms/usc000tnmn_BCK.mseed,2015-02-10T08:56:40.640000Z,,0.358,
usp000gsqz,KOZT,data/processed/waveforms/usp000gsqz_KOZT.mseed,2009-01-17T07:45:37.520000Z,,0.313,
usp000gsqz,KMRS,data/processed/waveforms/usp000gsqz_KMRS.mseed,2009-01-17T07:45:37.740000Z,2009-01-17T07:45:39.820000Z,0.111,0.349
usp000gt21,CRLT,data/processed/waveforms/usp000gt21_CRLT.mseed,2009-01-24T15:58:47.660000Z,2009-01-24T15:58:53.160000Z,0.54,0.138
usp000gt21,EDC,data/processed/waveforms/usp000gt21_EDC.mseed,2009-01-24T15:58:49.220000Z,,0.346,
usp000gujh,YER,data/processed/waveforms/usp000gujh_YER.mseed,2009-03-02T22:03:08.740000Z,,0.026,
usp000gybc,DALY,data/processed/waveforms/usp000gybc_DALY.mseed,2009-06-18T14:04:30.280000Z,,0.081,
usp000gych,YER,data/processed/waveforms/usp000gych_YER.mseed,2009-06-19T14:05:31.700000Z,2009-06-19T14:06:09.860000Z,0.269,0.062
usp000gych,BCK,data/processed/waveforms/usp000gych_BCK.mseed,2009-06-19T14:05:45.200000Z,2009-06-19T14:06:17.340000Z,0.364,0.271
usp000gydg,KULA,data/processed/waveforms/usp000gydg_KULA.mseed,2009-06-20T08:28:54.580000Z,2009-06-20T08:29:15.540000Z,0.112,0.176
usp000gydg,BALB,data/processed/waveforms/usp000gydg_BALB.mseed,2009-06-20T08:29:00.360000Z,2009-06-20T08:29:03.180000Z,0.021,0.15
usp000gyh9,ELL,data/processed/waveforms/usp000gyh9_ELL.mseed,2009-06-23T04:49:38.320000Z,,0.017,
usp000gyn4,YER,data/processed/waveforms/usp000gyn4_YER.mseed,2009-06-26T20:39:48.900000Z,,0.006,
usp000gyn4,DALY,data/processed/waveforms/usp000gyn4_DALY.mseed,2009-06-26T20:39:09.860000Z,,0.044,
usp000gyn4,KULA,data/processed/waveforms/usp000gyn4_KULA.mseed,2009-06-26T20:39:53.640000Z,,0.078,
usp000gyn4,EZN,data/processed/waveforms/usp000gyn4_EZN.mseed,2009-06-26T20:39:57.640000Z,,0.018,
usp000gze0,CUKT,data/processed/waveforms/usp000gze0_CUKT.mseed,2009-07-18T20:32:53.700000Z,2009-07-18T20:33:13.850000Z,0.562,0.262
usp000gze0,SIRT,data/processed/waveforms/usp000gze0_SIRT.mseed,2009-07-18T20:32:59.620000Z,2009-07-18T20:33:23.180000Z,0.486,0.462
usp000gze0,MAZI,data/processed/waveforms/usp000gze0_MAZI.mseed,2009-07-18T20:33:17.840000Z,2009-07-18T20:33:20.560000Z,0.17,0.303
usp000gzju,KOZT,data/processed/waveforms/usp000gzju_KOZT.mseed,2009-07-24T05:48:23.620000Z,,0.565,
usp000gzju,KARA,data/processed/waveforms/usp000gzju_KARA.mseed,2009-07-24T05:48:30.680000Z,,0.477,
usp000gzju,KMRS,data/processed/waveforms/usp000gzju_KMRS.mseed,2009-07-24T05:48:38.840000Z,,0.459,
usp000gztb,ERZN,data/processed/waveforms/usp000gztb_ERZN.mseed,2009-07-30T07:37:51.700000Z,2009-07-30T07:39:59.740000Z,0.565,0.563
usp000gztb,PTK,data/processed/waveforms/usp000gztb_PTK.mseed,2009-07-30T07:38:05.000000Z,,0.277,
usp000gztb,BAYT,data/processed/waveforms/usp000gztb_BAYT.mseed,2009-07-30T07:38:07.100000Z,2009-07-30T07:40:28.640000Z,0.455,0.005
usp000gztb,ILIC,data/processed/waveforms/usp000gztb_ILIC.mseed,2009-07-30T07:38:08.940000Z,,0.434,
usp000h1ar,AGRB,data/processed/waveforms/usp000h1ar_AGRB.mseed,2009-09-07T22:42:27.060000Z,2009-09-07T22:42:33.020000Z,0.35,0.2
usp000h1ar,BAYT,data/processed/waveforms/usp000h1ar_BAYT.mseed,2009-09-07T22:42:29.960000Z,2009-09-07T22:42:37.140000Z,0.276,0.134
usp000h1ar,CLDR,data/processed/waveforms/usp000h1ar_CLDR.mseed,2009-09-07T22:42:33.340000Z,2009-09-07T22:43:35.480000Z,0.213,0.076
usp000h1ca,KARS,data/processed/waveforms/usp000h1ca_KARS.mseed,2009-09-09T08:36:54.840000Z,2009-09-09T08:37:19.480000Z,0.025,0.063
usp000h1da,KONT,data/processed/waveforms/usp000h1da_KONT.mseed,2009-09-10T18:29:56.500000Z,2009-09-10T18:31:29.960000Z,0.565,0.066
usp000h1da,LADK,data/processed/waveforms/usp000h1da_LADK.mseed,2009-09-10T18:29:59.440000Z,,0.521,
usp000h1da,SULT,data/processed/waveforms/usp000h1da_SULT.mseed,2009-09-10T18:30:11.800000Z,2009-09-10T18:30:17.560000Z,0.246,0.037
usp000h1da,HDMB,data/processed/waveforms/usp000h1da_HDMB.mseed,2009-09-10T18:30:12.420000Z,,0.218,
usp000h1dp,KONT,data/processed/waveforms/usp000h1dp_KONT.mseed,2009-09-11T01:58:33.740000Z,2009-09-11T02:00:28.640000Z,0.565,0.029
usp000h1dp,LADK,data/processed/waveforms/usp000h1dp_LADK.mseed,2009-09-11T01:58:36.680000Z,,0.562,
usp000h1dp,SULT,data/processed/waveforms/usp000h1dp_SULT.mseed,2009-09-11T01:58:46.480000Z,2009-09-11T02:00:52.260000Z,0.314,0.007
usp000h1dp,HDMB,data/processed/waveforms/usp000h1dp_HDMB.mseed,2009-09-11T01:58:50.580000Z,,0.113,
usp000h3tw,LEF,data/processed/waveforms/usp000h3tw_LEF.mseed,2009-11-07T03:14:05.060000Z,2009-11-07T03:14:21.240000Z,0.562,0.238
usp000h3tw,IKL,data/processed/waveforms/usp000h3tw_IKL.mseed,2009-11-07T03:14:09.600000Z,2009-11-07T03:14:28.500000Z,0.486,0.42
usp000h3tw,LFK,data/processed/waveforms/usp000h3tw_LFK.mseed,2009-11-07T03:14:30.660000Z,,0.068,
usp000h43p,BODT,data/processed/waveforms/usp000h43p_BODT.mseed,2009-11-16T11:31:56.040000Z,,0.023,
usp000h43p,YER,data/processed/waveforms/usp000h43p_YER.mseed,2009-11-16T11:32:37.280000Z,,0.007,
usp000h4a1,BZK,data/processed/waveforms/usp000h4a1_BZK.mseed,2009-11-22T02:02:04.460000Z,2009-11-22T02:02:05.700000Z,0.228,0.362
usp000h4a1,CANT,data/processed/waveforms/usp000h4a1_CANT.mseed,2009-11-22T02:02:02.320000Z,,0.466,
usp000h4a1,DIKM,data/processed/waveforms/usp000h4a1_DIKM.mseed,2009-11-22T02:02:13.560000Z,,0.383,
usp000h4a1,CORM,data/processed/waveforms/usp000h4a1_CORM.mseed,2009-11-22T02:02:14.740000Z,2009-11-22T02:02:34.280000Z,0.395,0.261
usp000h4c9,ELL,data/processed/waveforms/usp000h4c9_ELL.mseed,2009-11-24T02:00:19.280000Z,2009-11-24T02:00:22.060000Z,0.075,0.107
usp000h4dp,KULA,data/processed/waveforms/usp000h4dp_KULA.mseed,2009-11-25T10:53:55.220000Z,,0.24,
usp000h4dp,AYDB,data/processed/waveforms/usp000h4dp_AYDB.mseed,2009-11-25T10:53:59.160000Z,,0.017,
usp000h4dp,YER,data/processed/waveforms/usp000h4dp_YER.mseed,2009-11-25T10:54:00.640000Z,,0.195,
usp000h4dp,DALY,data/processed/waveforms/usp000h4dp_DALY.mseed,2009-11-25T10:54:04.840000Z,2009-11-25T10:54:07.660000Z,0.044,0.015
usp000h4qu,KULA,data/processed/waveforms/usp000h4qu_KULA.mseed,2009-12-04T06:02:32.620000Z,,0.502,
usp000h4qu,AYDB,data/processed/waveforms/usp000h4qu_AYDB.mseed,2009-12-04T06:02:35.120000Z,2009-12-04T06:02:46.500000Z,0.517,0.387
usp000h4qu,DALY,data/processed/waveforms/usp000h4qu_DALY.mseed,2009-12-04T06:02:41.660000Z,2009-12-04T06:03:01.280000Z,0.508,0.063
usp000h4qu,FETY,data/processed/waveforms/usp000h4qu_FETY.mseed,2009-12-04T06:02:44.880000Z,2009-12-04T06:03:06.060000Z,0.517,0.305
usp000h4zk,BODT,data/processed/waveforms/usp000h4zk_BODT.mseed,2009-12-12T15:23:38.340000Z,,0.544,
usp000h58s,LEF,data/processed/waveforms/usp000h58s_LEF.mseed,2009-12-22T06:06:41.980000Z,2009-12-22T06:07:00.940000Z,0.529,0.001
usp000h58s,ELL,data/processed/waveforms/usp000h58s_ELL.mseed,2009-12-22T06:06:55.660000Z,2009-12-22T06:06:57.060000Z,0.062,0.051
usp000h58s,LFK,data/processed/waveforms/usp000h58s_LFK.mseed,2009-12-22T06:06:50.880000Z,2009-12-22T06:07:15.540000Z,0.108,0.08
usp000h59e,BLCB,data/processed/waveforms/usp000h59e_BLCB.mseed,2009-12-23T04:44:57.760000Z,2009-12-23T04:45:09.280000Z,0.308,0.24
usp000h59e,BODT,data/processed/waveforms/usp000h59e_BODT.mseed,2009-12-23T04:44:56.900000Z,2009-12-23T04:44:58.120000Z,0.502,0.342
usp000h68q,DALY,data/processed/waveforms/usp000h68q_DALY.mseed,2010-01-17T20:17:06.360000Z,,0.064,
usp000h68q,FETY,data/processed/waveforms/usp000h68q_FETY.mseed,2010-01-17T20:16:37.940000Z,2010-01-17T20:17:07.820000Z,0.038,0.013
usp000h68q,BODT,data/processed/waveforms/usp000h68q_BODT.mseed,2010-01-17T20:16:36.160000Z,2010-01-17T20:16:39.540000Z,0.404,0.261
usp000h68q,ELL,data/processed/waveforms/usp000h68q_ELL.mseed,2010-01-17T20:17:59.380000Z,,0.077,
usp000h8xh,BNGB,data/processed/waveforms/usp000h8xh_BNGB.mseed,2010-03-08T07:47:49.420000Z,,0.554,
usp000h8xh,VRTB,data/processed/waveforms/usp000h8xh_VRTB.mseed,2010-03-08T07:48:01.080000Z,2010-03-08T07:50:13.400000Z,0.546,0.081
usp000h8xh,MAZI,data/processed/waveforms/usp000h8xh_MAZI.mseed,2010-03-08T07:48:04.340000Z,2010-03-08T07:48:23.440000Z,0.559,0.351
usp000h8xn,BNGB,data/processed/waveforms/usp000h8xn_BNGB.mseed,2010-03-08T08:11:32.580000Z,,0.343,
usp000h8xn,VRTB,data/processed/waveforms/usp000h8xn_VRTB.mseed,2010-03-08T08:11:43.920000Z,2010-03-08T08:11:48.520000Z,0.184,0.222
usp000h8xn,MAZI,data/processed/waveforms/usp000h8xn_MAZI.mseed,2010-03-08T08:11:46.340000Z,2010-03-08T08:12:04.980000Z,0.349,0.374
usp000h8xy,BNGB,data/processed/waveforms/usp000h8xy_BNGB.mseed,2010-03-08T10:14:33.180000Z,,0.542,
usp000h8xy,VRTB,data/processed/waveforms/usp000h8xy_VRTB.mseed,2010-03-08T10:14:45.200000Z,2010-03-08T10:14:46.700000Z,0.455,0.305
usp000h8xy,MAZI,data/processed/waveforms/usp000h8xy_MAZI.mseed,2010-03-08T10:14:50.320000Z,2010-03-08T10:15:10.360000Z,0.545,0.286
usp000h8yh,BNGB,data/processed/waveforms/usp000h8yh_BNGB.mseed,2010-03-08T15:05:02.000000Z,,0.471,
usp000h8yh,VRTB,data/processed/waveforms/usp000h8yh_VRTB.mseed,2010-03-08T15:05:14.060000Z,2010-03-08T15:05:15.660000Z,0.377,0.366
usp000h8yh,MAZI,data/processed/waveforms/usp000h8yh_MAZI.mseed,2010-03-08T15:05:17.240000Z,2010-03-08T15:05:36.280000Z,0.468,0.208
usp000ha0f,BODT,data/processed/waveforms/usp000ha0f_BODT.mseed,2010-03-26T18:36:18.900000Z,2010-03-26T18:36:22.400000Z,0.288,0.325
usp000hkuk,SVRC,data/processed/waveforms/usp000hkuk_SVRC.mseed,2010-09-17T10:17:12.920000Z,,0.547,
usp000hkuk,PTK,data/processed/waveforms/usp000hkuk_PTK.mseed,2010-09-17T10:17:25.800000Z,,0.233,
usp000hkuk,MAZI,data/processed/waveforms/usp000hkuk_MAZI.mseed,2010-09-17T10:17:31.200000Z,2010-09-17T10:17:32.420000Z,0.546,0.023
usp000hn37,FETY,data/processed/waveforms/usp000hn37_FETY.mseed,2010-10-14T09:08:35.640000Z,,0.512,
usp000hn37,DALY,data/processed/waveforms/usp000hn37_DALY.mseed,2010-10-14T09:08:41.740000Z,,0.382,
usp000hnya,GELI,data/processed/waveforms/usp000hnya_GELI.mseed,2010-11-03T02:51:31.540000Z,,0.565,
usp000hnya,ERIK,data/processed/waveforms/usp000hnya_ERIK.mseed,2010-11-03T02:51:33.800000Z,,0.565,
usp000hnya,GADA,data/processed/waveforms/usp000hnya_GADA.mseed,2010-11-03T02:51:35.020000Z,2010-11-03T02:51:41.080000Z,0.564,0.311
usp000hnya,EZN,data/processed/waveforms/usp000hnya_EZN.mseed,2010-11-03T02:51:38.880000Z,,0.543,
usp000hpe2,AYDB,data/processed/waveforms/usp000hpe2_AYDB.mseed,2010-11-11T20:08:09.780000Z,,0.54,
usp000hpe2,BLCB,data/processed/waveforms/usp000hpe2_BLCB.mseed,2010-11-11T20:08:06.460000Z,2010-11-11T20:08:14.900000Z,0.508,0.341
usp000hpe2,MLSB,data/processed/waveforms/usp000hpe2_MLSB.mseed,2010-11-11T20:08:14.120000Z,2010-11-11T20:09:46.280000Z,0.358,0.119
usp000hpe2,KULA,data/processed/waveforms/usp000hpe2_KULA.mseed,2010-11-11T20:08:25.700000Z,2010-11-11T20:08:39.200000Z,0.227,0.258
usp000hpnf,TAHT,data/processed/waveforms/usp000hpnf_TAHT.mseed,2010-11-14T23:08:31.640000Z,,0.563,
usp000hpr2,KMRS,data/processed/waveforms/usp000hpr2_KMRS.mseed,2010-11-16T10:50:40.860000Z,,0.526,
usp000hpr2,TAHT,data/processed/waveforms/usp000hpr2_TAHT.mseed,2010-11-16T10:50:53.840000Z,,0.164,
usp000hqg2,AYDB,data/processed/waveforms/usp000hqg2_AYDB.mseed,2010-12-04T03:49:42.860000Z,,0.124,
usp000hqg2,BLCB,data/processed/waveforms/usp000hqg2_BLCB.mseed,2010-12-04T03:49:38.820000Z,2010-12-04T03:50:04.360000Z,0.326,0.245
usp000hqjn,FETY,data/processed/waveforms/usp000hqjn_FETY.mseed,2010-12-05T23:21:11.960000Z,,0.149,
usp000hqjn,BCK,data/processed/waveforms/usp000hqjn_BCK.mseed,2010-12-05T23:22:14.200000Z,,0.1,
usp000hs0j,GELI,data/processed/waveforms/usp000hs0j_GELI.mseed,2010-12-26T05:08:30.400000Z,2010-12-26T05:08:36.300000Z,0.374,0.35
usp000hs0j,ERIK,data/processed/waveforms/usp000hs0j_ERIK.mseed,2010-12-26T05:08:32.160000Z,2010-12-26T05:08:40.020000Z,0.248,0.404
usp000hs0j,EZN,data/processed/waveforms/usp000hs0j_EZN.mseed,2010-12-26T05:08:32.040000Z,,0.276,
usp000hs0j,LAP,data/processed/waveforms/usp000hs0j_LAP.mseed,2010-12-26T05:08:33.640000Z,,0.266,
usp000htbr,KARS,data/processed/waveforms/usp000htbr_KARS.mseed,2011-01-19T09:18:14.460000Z,2011-01-19T09:18:33.640000Z,0.523,0.324
usp000htbr,KTUT,data/processed/waveforms/usp000htbr_KTUT.mseed,2011-01-19T09:18:30.540000Z,,0.003,
usp000htbr,AGRB,data/processed/waveforms/usp000htbr_AGRB.mseed,2011-01-19T09:18:33.940000Z,2011-01-19T09:19:08.580000Z,0.329,0.153
usp000htbr,BAYT,data/processed/waveforms/usp000htbr_BAYT.mseed,2011-01-19T09:18:32.480000Z,2011-01-19T09:19:06.120000Z,0.42,0.095
usp000hu73,DALY,data/processed/waveforms/usp000hu73_DALY.mseed,2011-02-07T18:32:12.480000Z,2011-02-07T18:32:33.220000Z,0.011,0.129
usp000huxz,VRTB,data/processed/waveforms/usp000huxz_VRTB.mseed,2011-02-22T18:16:06.680000Z,2011-02-22T18:16:08.840000Z,0.399,0.414
usp000huxz,AGRB,data/processed/waveforms/usp000huxz_AGRB.mseed,2011-02-22T18:16:09.960000Z,2011-02-22T18:16:19.340000Z,0.032,0.324
usp000huxz,SVAN,data/processed/waveforms/usp000huxz_SVAN.mseed,2011-02-22T18:16:16.140000Z,2011-02-22T18:16:33.040000Z,0.311,0.16
usp000hx7m,AGRB,data/processed/waveforms/usp000hx7m_AGRB.mseed,2011-03-14T18:57:37.560000Z,,0.099,
usp000hx7m,CUKT,data/processed/waveforms/usp000hx7m_CUKT.mseed,2011-03-14T18:57:40.800000Z,2011-03-14T18:58:01.900000Z,0.151,0.093
usp000hx7m,KARS,data/processed/waveforms/usp000hx7m_KARS.mseed,2011-03-14T18:57:52.540000Z,,0.244,
usp000hx7m,VRTB,data/processed/waveforms/usp000hx7m_VRTB.mseed,2011-03-14T18:57:50.560000Z,2011-03-14T18:57:54.740000Z,0.236,0.086
usp000hz2h,YER,data/processed/waveforms/usp000hz2h_YER.mseed,2011-04-01T13:29:44.620000Z,2011-04-01T13:30:08.340000Z,0.564,0.519
usp000hz2h,DALY,data/processed/waveforms/usp000hz2h_DALY.mseed,2011-04-01T13:29:45.020000Z,2011-04-01T13:30:08.460000Z,0.548,0.397
usp000hz2h,FETY,data/processed/waveforms/usp000hz2h_FETY.mseed,2011-04-01T13:29:46.900000Z,2011-04-01T13:30:13.920000Z,0.562,0.264
usp000hz2h,AYDB,data/processed/waveforms/usp000hz2h_AYDB.mseed,2011-04-01T13:29:51.400000Z,2011-04-01T13:30:21.860000Z,0.563,0.099
usp000j0ek,KOZT,data/processed/waveforms/usp000j0ek_KOZT.mseed,2011-04-23T05:22:13.460000Z,2011-04-23T05:22:16.420000Z,0.557,0.503
usp000j0ek,MERS,data/processed/waveforms/usp000j0ek_MERS.mseed,2011-04-23T05:22:33.440000Z,2011-04-23T05:22:49.500000Z,0.067,0.041
usp000j161,YER,data/processed/waveforms/usp000j161_YER.mseed,2011-05-07T18:00:53.160000Z,,0.526,
usp000j161,DALY,data/processed/waveforms/usp000j161_DALY.mseed,2011-05-07T18:01:04.060000Z,,0.294,
usp000j1up,TVSB,data/processed/waveforms/usp000j1up_TVSB.mseed,2011-05-19T20:15:31.880000Z,2011-05-19T20:17:30.120000Z,0.557,0.474
usp000j1up,KULA,data/processed/waveforms/usp000j1up_KULA.mseed,2011-05-19T20:15:37.180000Z,2011-05-19T20:15:47.620000Z,0.561,0.085
usp000j1up,BALB,data/processed/waveforms/usp000j1up_BALB.mseed,2011-05-19T20:15:45.180000Z,2011-05-19T20:15:59.820000Z,0.561,0.412
usp000j1up,CAVI,data/processed/waveforms/usp000j1up_CAVI.mseed,2011-05-19T20:15:47.220000Z,2011-05-19T20:16:06.600000Z,0.537,0.221
usp000j1v9,TVSB,data/processed/waveforms/usp000j1v9_TVSB.mseed,2011-05-20T00:58:42.160000Z,,0.529,
usp000j1v9,KULA,data/processed/waveforms/usp000j1v9_KULA.mseed,2011-05-20T00:58:56.280000Z,,0.257,
usp000j1v9,BALB,data/processed/waveforms/usp000j1v9_BALB.mseed,2011-05-20T00:58:55.720000Z,2011-05-20T00:59:09.720000Z,0.264,0.291
usp000j1v9,CAVI,data/processed/waveforms/usp000j1v9_CAVI.mseed,2011-05-20T00:58:57.920000Z,2011-05-20T00:59:15.480000Z,0.497,0.447
usp000j2b5,TVSB,data/processed/waveforms/usp000j2b5_TVSB.mseed,2011-05-28T05:47:26.680000Z,2011-05-28T05:50:06.780000Z,0.564,0.026
usp000j2b5,KULA,data/processed/waveforms/usp000j2b5_KULA.mseed,2011-05-28T05:47:30.440000Z,,0.519,
usp000j2b5,BALB,data/processed/waveforms/usp000j2b5_BALB.mseed,2011-05-28T05:47:38.600000Z,2011-05-28T05:47:53.260000Z,0.53,0.441
usp000j2dm,CUKT,data/processed/waveforms/usp000j2dm_CUKT.mseed,2011-05-29T11:02:22.640000Z,,0.393,
usp000j2dm,SVAN,data/processed/waveforms/usp000j2dm_SVAN.mseed,2011-05-29T11:02:31.120000Z,2011-05-29T11:02:49.460000Z,0.504,0.411
usp000j2dm,MAZI,data/processed/waveforms/usp000j2dm_MAZI.mseed,2011-05-29T11:02:36.320000Z,2011-05-29T11:02:37.720000Z,0.494,0.24
usp000j3cp,DALY,data/processed/waveforms/usp000j3cp_DALY.mseed,2011-06-18T14:57:52.600000Z,2011-06-18T14:58:15.000000Z,0.018,0.037
usp000j3cp,FETY,data/processed/waveforms/usp000j3cp_FETY.mseed,2011-06-18T14:57:53.760000Z,2011-06-18T14:58:18.500000Z,0.024,0.167
usp000j3ku,SVRC,data/processed/waveforms/usp000j3ku_SVRC.mseed,2011-06-23T07:34:49.600000Z,,0.565,
usp000j3ku,PTK,data/processed/waveforms/usp000j3ku_PTK.mseed,2011-06-23T07:34:51.080000Z,,0.562,
usp000j3ku,ERZN,data/processed/waveforms/usp000j3ku_ERZN.mseed,2011-06-23T07:35:02.660000Z,2011-06-23T07:35:18.960000Z,0.416,0.226
usp000j3ku,YEDI,data/processed/waveforms/usp000j3ku_YEDI.mseed,2011-06-23T07:35:06.880000Z,2011-06-23T07:35:15.580000Z,0.139,0.062
usp000j3ur,GEDZ,data/processed/waveforms/usp000j3ur_GEDZ.mseed,2011-06-27T21:14:05.630000Z,,0.552,
usp000j3ur,TVSB,data/processed/waveforms/usp000j3ur_TVSB.mseed,2011-06-27T21:14:08.320000Z,,0.561,
usp000j3ur,KULA,data/processed/waveforms/usp000j3ur_KULA.mseed,2011-06-27T21:14:12.220000Z,,0.458,
usp000j3ur,BALB,data/processed/waveforms/usp000j3ur_BALB.mseed,2011-06-27T21:14:20.340000Z,,0.481,
usp000j3yg,KOZT,data/processed/waveforms/usp000j3yg_KOZT.mseed,2011-06-29T19:48:10.160000Z,,0.565,
usp000j3yg,KMRS,data/processed/waveforms/usp000j3yg_KMRS.mseed,2011-06-29T19:48:24.300000Z,,0.373,
usp000j3yg,TAHT,data/processed/waveforms/usp000j3yg_TAHT.mseed,2011-06-29T19:48:26.840000Z,,0.385,
usp000j42p,DIDI,data/processed/waveforms/usp000j42p_DIDI.mseed,2011-07-02T21:31:02.900000Z,,0.094,
usp000j42p,YER,data/processed/waveforms/usp000j42p_YER.mseed,2011-07-02T21:31:36.020000Z,,0.236,
usp000j5g9,MRMT,data/processed/waveforms/usp000j5g9_MRMT.mseed,2011-07-25T17:57:26.340000Z,2011-07-25T17:59:27.500000Z,0.565,0.025
usp000j5g9,CRLT,data/processed/waveforms/usp000j5g9_CRLT.mseed,2011-07-25T17:57:28.460000Z,,0.555,
usp000j5g9,RKY,data/processed/waveforms/usp000j5g9_RKY.mseed,2011-07-25T17:57:30.440000Z,2011-07-25T17:58:46.540000Z,0.467,0.004
usp000j5g9,EDC,data/processed/waveforms/usp000j5g9_EDC.mseed,2011-07-25T17:57:30.960000Z,,0.561,
usp000j5js,LADK,data/processed/waveforms/usp000j5js_LADK.mseed,2011-07-27T09:58:22.060000Z,,0.539,
usp000j5js,KONT,data/processed/waveforms/usp000j5js_KONT.mseed,2011-07-27T09:58:24.660000Z,,0.54,
usp000j5js,CHBY,data/processed/waveforms/usp000j5js_CHBY.mseed,2011-07-27T09:58:29.940000Z,,0.369,
usp000j5js,SHUT,data/processed/waveforms/usp000j5js_SHUT.mseed,2011-07-27T09:58:34.940000Z,2011-07-27T09:58:38.120000Z,0.364,0.265
usp000j5js,SVRH,data/processed/waveforms/usp000j5js_SVRH.mseed,2011-07-27T09:58:37.200000Z,2011-07-27T09:58:55.320000Z,0.552,0.194
usp000j7vg,MLSB,data/processed/waveforms/usp000j7vg_MLSB.mseed,2011-09-10T06:06:50.800000Z,,0.074,
usp000j7vg,AYDB,data/processed/waveforms/usp000j7vg_AYDB.mseed,2011-09-10T06:07:07.680000Z,,0.229,
usp000j8sm,BNN,data/processed/waveforms/usp000j8sm_BNN.mseed,2011-09-30T20:40:48.580000Z,,0.309,
usp000j8sm,GAZ,data/processed/waveforms/usp000j8sm_GAZ.mseed,2011-09-30T20:41:30.980000Z,,0.001,
usp000j9rr,AGRB,data/processed/waveforms/usp000j9rr_AGRB.mseed,2011-10-23T10:41:38.900000Z,,0.565,
usp000j9rr,CUKT,data/processed/waveforms/usp000j9rr_CUKT.mseed,2011-10-23T10:41:50.260000Z,2011-10-23T10:44:00.200000Z,0.542,0.043
usp000j9rr,VRTB,data/processed/waveforms/usp000j9rr_VRTB.mseed,2011-10-23T10:41:51.520000Z,,0.555,
usp000j9rs,AGRB,data/processed/waveforms/usp000j9rs_AGRB.mseed,2011-10-23T10:48:45.680000Z,2011-10-23T10:50:42.920000Z,0.137,0.079
usp000j9rs,CUKT,data/processed/waveforms/usp000j9rs_CUKT.mseed,2011-10-23T10:48:22.080000Z,2011-10-23T10:48:53.560000Z,0.038,0.098
usp000j9rs,VRTB,data/processed/waveforms/usp000j9rs_VRTB.mseed,2011-10-23T10:48:55.460000Z,2011-10-23T10:50:15.240000Z,0.004,0.059
usp000j9rs,SVAN,data/processed/waveforms/usp000j9rs_SVAN.mseed,2011-10-23T10:48:29.860000Z,2011-10-23T10:48:40.040000Z,0.131,0.118
usp000j9rt,AGRB,data/processed/waveforms/usp000j9rt_AGRB.mseed,2011-10-23T10:52:11.320000Z,2011-10-23T10:52:33.960000Z,0.037,0.056
usp000j9rt,CUKT,data/processed/waveforms/usp000j9rt_CUKT.mseed,2011-10-23T10:52:09.460000Z,2011-10-23T10:54:17.680000Z,0.157,0.028
usp000j9rt,SVAN,data/processed/waveforms/usp000j9rt_SVAN.mseed,2011-10-23T10:52:22.400000Z,2011-10-23T10:52:54.600000Z,0.088,0.051
usp000j9rv,AGRB,data/processed/waveforms/usp000j9rv_AGRB.mseed,2011-10-23T10:57:04.960000Z,2011-10-23T10:57:08.520000Z,0.332,0.039
usp000j9rv,CUKT,data/processed/waveforms/usp000j9rv_CUKT.mseed,2011-10-23T10:57:01.440000Z,2011-10-23T10:57:20.540000Z,0.116,0.189
usp000j9rv,VRTB,data/processed/waveforms/usp000j9rv_VRTB.mseed,2011-10-23T10:56:57.440000Z,2011-10-23T10:57:02.640000Z,0.031,0.123
usp000j9rv,SVAN,data/processed/waveforms/usp000j9rv_SVAN.mseed,2011-10-23T10:57:13.180000Z,2011-10-23T10:58:59.660000Z,0.013,0.114
usp000j9rw,AGRB,data/processed/waveforms/usp000j9rw_AGRB.mseed,2011-10-23T11:00:17.380000Z,2011-10-23T11:00:25.560000Z,0.045,0.044
usp000j9rw,CUKT,data/processed/waveforms/usp000j9rw_CUKT.mseed,2011-10-23T11:00:14.280000Z,2011-10-23T11:01:09.100000Z,0.138,0.079
usp000j9rw,VRTB,data/processed/waveforms/usp000j9rw_VRTB.mseed,2011-10-23T11:00:16.100000Z,2011-10-23T11:01:50.740000Z,0.003,0.031
usp000j9rw,SVAN,data/processed/waveforms/usp000j9rw_SVAN.mseed,2011-10-23T11:00:51.720000Z,2011-10-23T11:01:22.560000Z,0.3,0.121
usp000j9rx,AGRB,data/processed/waveforms/usp000j9rx_AGRB.mseed,2011-10-23T11:00:29.120000Z,2011-10-23T11:00:48.040000Z,0.081,0.119
usp000j9rx,VRTB,data/processed/waveforms/usp000j9rx_VRTB.mseed,2011-10-23T11:00:29.720000Z,2011-10-23T11:01:50.740000Z,0.057,0.031
usp000j9rx,CUKT,data/processed/waveforms/usp000j9rx_CUKT.mseed,2011-10-23T11:00:51.740000Z,2011-10-23T11:01:09.100000Z,0.019,0.079
usp000j9rx,SVAN,data/processed/waveforms/usp000j9rx_SVAN.mseed,2011-10-23T11:00:51.720000Z,2011-10-23T11:01:22.560000Z,0.3,0.121
usp000j9ry,AGRB,data/processed/waveforms/usp000j9ry_AGRB.mseed,2011-10-23T11:07:54.540000Z,,0.013,
usp000j9ry,CUKT,data/processed/waveforms/usp000j9ry_CUKT.mseed,2011-10-23T11:07:41.480000Z,2011-10-23T11:07:56.100000Z,0.196,0.136
usp000j9ry,SVAN,data/processed/waveforms/usp000j9ry_SVAN.mseed,2011-10-23T11:07:35.820000Z,2011-10-23T11:08:03.780000Z,0.122,0.008
usp000j9s0,AGRB,data/processed/waveforms/usp000j9s0_AGRB.mseed,2011-10-23T11:16:31.160000Z,,0.032,
usp000j9s0,CUKT,data/processed/waveforms/usp000j9s0_CUKT.mseed,2011-10-23T11:16:26.860000Z,2011-10-23T11:16:53.900000Z,0.034,0.234
usp000j9s0,VRTB,data/processed/waveforms/usp000j9s0_VRTB.mseed,2011-10-23T11:16:34.480000Z,2011-10-23T11:16:46.060000Z,0.029,0.007
usp000j9s0,SVAN,data/processed/waveforms/usp000j9s0_SVAN.mseed,2011-10-23T11:16:40.400000Z,2011-10-23T11:16:53.900000Z,0.068,0.057
usp000j9s1,AGRB,data/processed/waveforms/usp000j9s1_AGRB.mseed,2011-10-23T11:19:06.460000Z,2011-10-23T11:20:25.020000Z,0.12,0.04
usp000j9s1,CUKT,data/processed/waveforms/usp000j9s1_CUKT.mseed,2011-10-23T11:19:06.740000Z,2011-10-23T11:20:47.020000Z,0.073,0.008
usp000j9s1,VRTB,data/processed/waveforms/usp000j9s1_VRTB.mseed,2011-10-23T11:20:07.360000Z,2011-10-23T11:20:29.220000Z,0.009,0.011
usp000j9s1,SVAN,data/processed/waveforms/usp000j9s1_SVAN.mseed,2011-10-23T11:19:13.160000Z,2011-10-23T11:20:40.800000Z,0.27,0.017
usp000j9s6,AGRB,data/processed/waveforms/usp000j9s6_AGRB.mseed,2011-10-23T12:03:26.480000Z,,0.104,
usp000j9s6,VRTB,data/processed/waveforms/usp000j9s6_VRTB.mseed,2011-10-23T12:03:38.580000Z,2011-10-23T12:03:41.120000Z,0.009,0.01
usp000j9s6,CUKT,data/processed/waveforms/usp000j9s6_CUKT.mseed,2011-10-23T12:04:02.760000Z,,0.013,
usp000j9s6,SVAN,data/processed/waveforms/usp000j9s6_SVAN.mseed,2011-10-23T12:05:08.980000Z,2011-10-23T12:05:23.540000Z,0.026,0.003
usp000j9sc,AGRB,data/processed/waveforms/usp000j9sc_AGRB.mseed,2011-10-23T12:42:26.740000Z,2011-10-23T12:42:28.620000Z,0.188,0.049
usp000j9sc,VRTB,data/processed/waveforms/usp000j9sc_VRTB.mseed,2011-10-23T12:43:19.800000Z,2011-10-23T12:44:37.180000Z,0.029,0.027
usp000j9sc,SVAN,data/processed/waveforms/usp000j9sc_SVAN.mseed,2011-10-23T12:43:04.380000Z,,0.005,
usp000j9st,AGRB,data/processed/waveforms/usp000j9st_AGRB.mseed,2011-10-23T15:58:16.620000Z,2011-10-23T15:58:18.380000Z,0.186,0.125
usp000j9st,CUKT,data/processed/waveforms/usp000j9st_CUKT.mseed,2011-10-23T15:58:30.760000Z,,0.263,
usp000j9st,VRTB,data/processed/waveforms/usp000j9st_VRTB.mseed,2011-10-23T16:00:52.700000Z,,0.02,
usp000j9su,CUKT,data/processed/waveforms/usp000j9su_CUKT.mseed,2011-10-23T16:05:40.660000Z,2011-10-23T16:05:41.840000Z,0.4,0.436
usp000j9su,VRTB,data/processed/waveforms/usp000j9su_VRTB.mseed,2011-10-23T16:05:44.540000Z,2011-10-23T16:05:49.600000Z,0.018,0.063
usp000j9su,SVAN,data/processed/waveforms/usp000j9su_SVAN.mseed,2011-10-23T16:05:50.220000Z,2011-10-23T16:06:14.200000Z,0.026,0.027
usp000j9t0,VANB,data/processed/waveforms/usp000j9t0_VANB.mseed,2011-10-23T18:10:52.120000Z,,0.251,
usp000j9t0,AGRB,data/processed/waveforms/usp000j9t0_AGRB.mseed,2011-10-23T18:11:02.600000Z,2011-10-23T18:12:49.900000Z,0.526,0.099
usp000j9t0,CUKT,data/processed/waveforms/usp000j9t0_CUKT.mseed,2011-10-23T18:11:16.780000Z,2011-10-23T18:11:38.960000Z,0.33,0.075
usp000j9t2,AGRB,data/processed/waveforms/usp000j9t2_AGRB.mseed,2011-10-23T18:54:05.380000Z,,0.204,
usp000j9t2,CUKT,data/processed/waveforms/usp000j9t2_CUKT.mseed,2011-10-23T18:54:19.760000Z,2011-10-23T18:54:44.380000Z,0.492,0.073
usp000j9t2,VRTB,data/processed/waveforms/usp000j9t2_VRTB.mseed,2011-10-23T18:54:18.720000Z,2011-10-23T18:54:24.400000Z,0.149,0.074
usp000j9t2,SVAN,data/processed/waveforms/usp000j9t2_SVAN.mseed,2011-10-23T18:54:22.560000Z,2011-10-23T18:54:46.720000Z,0.198,0.395
usp000j9t4,AGRB,data/processed/waveforms/usp000j9t4_AGRB.mseed,2011-10-23T19:06:23.800000Z,2011-10-23T19:06:25.020000Z,0.35,0.472
usp000j9t4,VRTB,data/processed/waveforms/usp000j9t4_VRTB.mseed,2011-10-23T19:06:34.940000Z,2011-10-23T19:06:57.920000Z,0.54,0.19
usp000j9t4,CUKT,data/processed/waveforms/usp000j9t4_CUKT.mseed,2011-10-23T19:06:37.480000Z,,0.491,
usp000j9t4,SVAN,data/processed/waveforms/usp000j9t4_SVAN.mseed,2011-10-23T19:06:39.600000Z,2011-10-23T19:07:03.020000Z,0.142,0.47
usp000j9t8,AGRB,data/processed/waveforms/usp000j9t8_AGRB.mseed,2011-10-23T20:45:52.760000Z,,0.52,
usp000j9t8,VRTB,data/processed/waveforms/usp000j9t8_VRTB.mseed,2011-10-23T20:46:01.740000Z,2011-10-23T20:46:03.520000Z,0.434,0.405
usp000j9t8,CUKT,data/processed/waveforms/usp000j9t8_CUKT.mseed,2011-10-23T20:46:04.960000Z,2011-10-23T20:46:31.460000Z,0.495,0.202
usp000j9t8,SVAN,data/processed/waveforms/usp000j9t8_SVAN.mseed,2011-10-23T20:46:05.340000Z,2011-10-23T20:46:27.880000Z,0.537,0.414
usp000j9th,AGRB,data/processed/waveforms/usp000j9th_AGRB.mseed,2011-10-23T22:21:48.560000Z,2011-10-23T22:21:50.300000Z,0.154,0.09
usp000j9th,VRTB,data/processed/waveforms/usp000j9th_VRTB.mseed,2011-10-23T22:22:01.700000Z,2011-10-23T22:23:19.260000Z,0.185,0.044
usp000j9th,CUKT,data/processed/waveforms/usp000j9th_CUKT.mseed,2011-10-23T22:23:38.000000Z,,0.038,
usp000j9th,SVAN,data/processed/waveforms/usp000j9th_SVAN.mseed,2011-10-23T22:22:02.320000Z,2011-10-23T22:22:22.320000Z,0.014,0.118
usp000j9u0,AGRB,data/processed/waveforms/usp000j9u0_AGRB.mseed,2011-10-24T04:43:22.340000Z,2011-10-24T04:43:34.740000Z,0.06,0.004
usp000j9u0,CUKT,data/processed/waveforms/usp000j9u0_CUKT.mseed,2011-10-24T04:43:54.980000Z,,0.0,
usp000j9u0,VRTB,data/processed/waveforms/usp000j9u0_VRTB.mseed,2011-10-24T04:45:20.780000Z,,0.048,
usp000j9u0,SVAN,data/processed/waveforms/usp000j9u0_SVAN.mseed,2011-10-24T04:43:56.720000Z,2011-10-24T04:44:55.500000Z,0.035,0.019
usp000j9u8,AGRB,data/processed/waveforms/usp000j9u8_AGRB.mseed,2011-10-24T08:12:28.940000Z,,0.181,
usp000j9u8,VRTB,data/processed/waveforms/usp000j9u8_VRTB.mseed,2011-10-24T08:13:17.340000Z,,0.005,
usp000j9u8,CUKT,data/processed/waveforms/usp000j9u8_CUKT.mseed,2011-10-24T08:12:45.600000Z,2011-10-24T08:13:09.580000Z,0.143,0.138
usp000j9ub,CUKT,data/processed/waveforms/usp000j9ub_CUKT.mseed,2011-10-24T08:49:51.940000Z,2011-10-24T08:50:12.440000Z,0.163,0.163
usp000j9ub,SVAN,data/processed/waveforms/usp000j9ub_SVAN.mseed,2011-10-24T08:50:51.200000Z,2011-10-24T08:51:02.020000Z,0.029,0.029
usp000j9ur,AGRB,data/processed/waveforms/usp000j9ur_AGRB.mseed,2011-10-24T15:28:23.560000Z,2011-10-24T15:31:08.100000Z,0.512,0.009
usp000j9ur,VRTB,data/processed/waveforms/usp000j9ur_VRTB.mseed,2011-10-24T15:28:34.580000Z,2011-10-24T15:28:38.920000Z,0.164,0.076
usp000j9ur,CUKT,data/processed/waveforms/usp000j9ur_CUKT.mseed,2011-10-24T15:28:37.440000Z,,0.077,
usp000j9vg,AGRB,data/processed/waveforms/usp000j9vg_AGRB.mseed,2011-10-25T02:34:10.260000Z,2011-10-25T02:34:11.820000Z,0.116,0.065
usp000j9vg,VRTB,data/processed/waveforms/usp000j9vg_VRTB.mseed,2011-10-25T02:34:53.180000Z,,0.134,
usp000j9vg,CUKT,data/processed/waveforms/usp000j9vg_CUKT.mseed,2011-10-25T02:34:28.120000Z,2011-10-25T02:34:50.500000Z,0.07,0.053
usp000j9x9,AGRB,data/processed/waveforms/usp000j9x9_AGRB.mseed,2011-10-26T03:02:28.200000Z,,0.02,
usp000j9x9,CUKT,data/processed/waveforms/usp000j9x9_CUKT.mseed,2011-10-26T03:00:04.920000Z,,0.016,
usp000j9x9,VRTB,data/processed/waveforms/usp000j9x9_VRTB.mseed,2011-10-26T03:00:15.560000Z,2011-10-26T03:01:25.620000Z,0.018,0.006
usp000j9x9,SVAN,data/processed/waveforms/usp000j9x9_SVAN.mseed,2011-10-26T03:00:11.740000Z,,0.126,
usp000j9xd,AGRB,data/processed/waveforms/usp000j9xd_AGRB.mseed,2011-10-26T03:16:35.980000Z,,0.264,
usp000j9xd,VRTB,data/processed/waveforms/usp000j9xd_VRTB.mseed,2011-10-26T03:16:46.880000Z,2011-10-26T03:16:49.200000Z,0.045,0.155
usp000j9xd,CUKT,data/processed/waveforms/usp000j9xd_CUKT.mseed,2011-10-26T03:16:50.600000Z,2011-10-26T03:17:14.680000Z,0.152,0.169
usp000j9xd,SVAN,data/processed/waveforms/usp000j9xd_SVAN.mseed,2011-10-26T03:17:14.980000Z,,0.268,
usp000j9yk,AGRB,data/processed/waveforms/usp000j9yk_AGRB.mseed,2011-10-26T23:42:45.080000Z,2011-10-26T23:42:47.120000Z,0.128,0.158
usp000j9yk,VRTB,data/processed/waveforms/usp000j9yk_VRTB.mseed,2011-10-26T23:43:26.820000Z,2011-10-26T23:45:46.840000Z,0.098,0.006
usp000j9yk,SVAN,data/processed/waveforms/usp000j9yk_SVAN.mseed,2011-10-26T23:43:21.360000Z,2011-10-26T23:43:23.620000Z,0.049,0.004
usp000ja0r,AGRB,data/processed/waveforms/usp000ja0r_AGRB.mseed,2011-10-28T08:48:49.000000Z,2011-10-28T08:48:51.180000Z,0.107,0.021
usp000ja0r,VRTB,data/processed/waveforms/usp000ja0r_VRTB.mseed,2011-10-28T08:49:18.760000Z,,0.052,
usp000ja0r,SVAN,data/processed/waveforms/usp000ja0r_SVAN.mseed,2011-10-28T08:49:28.560000Z,,0.023,
usp000ja35,AGRB,data/processed/waveforms/usp000ja35_AGRB.mseed,2011-10-29T18:46:07.660000Z,2011-10-29T18:46:12.620000Z,0.191,0.086
usp000ja35,CUKT,data/processed/waveforms/usp000ja35_CUKT.mseed,2011-10-29T18:46:19.440000Z,2011-10-29T18:46:20.980000Z,0.016,0.02
usp000ja35,VRTB,data/processed/waveforms/usp000ja35_VRTB.mseed,2011-10-29T18:47:20.540000Z,,0.042,
usp000ja3h,AGRB,data/processed/waveforms/usp000ja3h_AGRB.mseed,2011-10-29T22:24:38.260000Z,,0.438,
usp000ja3h,CUKT,data/processed/waveforms/usp000ja3h_CUKT.mseed,2011-10-29T22:24:55.220000Z,2011-10-29T22:25:22.120000Z,0.272,0.145
usp000ja3h,VRTB,data/processed/waveforms/usp000ja3h_VRTB.mseed,2011-10-29T22:24:53.940000Z,2011-10-29T22:24:55.320000Z,0.423,0.228
usp000ja3h,SENK,data/processed/waveforms/usp000ja3h_SENK.mseed,2011-10-29T22:25:01.500000Z,2011-10-29T22:25:30.960000Z,0.121,0.036
usp000ja3q,AGRB,data/processed/waveforms/usp000ja3q_AGRB.mseed,2011-10-30T01:55:24.820000Z,2011-10-30T01:55:39.300000Z,0.294,0.204
usp000ja3q,CUKT,data/processed/waveforms/usp000ja3q_CUKT.mseed,2011-10-30T01:55:40.480000Z,2011-10-30T01:55:58.920000Z,0.062,0.224
usp000ja3q,VRTB,data/processed/waveforms/usp000ja3q_VRTB.mseed,2011-10-30T01:55:38.240000Z,2011-10-30T01:55:41.020000Z,0.155,0.057
usp000ja7v,AGRB,data/processed/waveforms/usp000ja7v_AGRB.mseed,2011-11-02T04:34:37.680000Z,2011-11-02T04:34:39.360000Z,0.16,0.122
usp000ja7v,CUKT,data/processed/waveforms/usp000ja7v_CUKT.mseed,2011-11-02T04:34:55.640000Z,2011-11-02T04:35:24.480000Z,0.122,0.047
usp000ja7v,VRTB,data/processed/waveforms/usp000ja7v_VRTB.mseed,2011-11-02T04:34:54.900000Z,2011-11-02T04:34:57.520000Z,0.097,0.126
usp000ja86,SVAN,data/processed/waveforms/usp000ja86_SVAN.mseed,2011-11-02T11:43:46.160000Z,,0.101,
usp000ja86,VRTB,data/processed/waveforms/usp000ja86_VRTB.mseed,2011-11-02T11:44:42.000000Z,2011-11-02T11:45:24.340000Z,0.057,0.0
usp000jadk,AGRB,data/processed/waveforms/usp000jadk_AGRB.mseed,2011-11-06T02:43:27.620000Z,2011-11-06T02:43:40.900000Z,0.376,0.121
usp000jadk,VRTB,data/processed/waveforms/usp000jadk_VRTB.mseed,2011-11-06T02:43:46.000000Z,2011-11-06T02:43:48.520000Z,0.17,0.107
usp000jahb,AGRB,data/processed/waveforms/usp000jahb_AGRB.mseed,2011-11-07T15:54:12.380000Z,2011-11-07T15:57:01.060000Z,0.169,0.059
usp000jahb,TASB,data/processed/waveforms/usp000jahb_TASB.mseed,2011-11-07T15:55:41.390000Z,,0.029,
usp000jahb,CUKT,data/processed/waveforms/usp000jahb_CUKT.mseed,2011-11-07T15:54:22.180000Z,2011-11-07T15:54:46.800000Z,0.204,0.009
usp000jahb,VRTB,data/processed/waveforms/usp000jahb_VRTB.mseed,2011-11-07T15:54:24.940000Z,2011-11-07T15:54:27.460000Z,0.277,0.238
usp000jaj1,AGRB,data/processed/waveforms/usp000jaj1_AGRB.mseed,2011-11-07T22:14:28.960000Z,,0.208,
usp000jaj1,CUKT,data/processed/waveforms/usp000jaj1_CUKT.mseed,2011-11-07T22:14:49.320000Z,2011-11-07T22:14:52.620000Z,0.001,0.15
usp000jak5,AGRB,data/processed/waveforms/usp000jak5_AGRB.mseed,2011-11-08T14:35:57.120000Z,2011-11-08T14:36:16.260000Z,0.043,0.116
usp000jak5,CUKT,data/processed/waveforms/usp000jak5_CUKT.mseed,2011-11-08T14:36:06.860000Z,2011-11-08T14:36:08.500000Z,0.056,0.161
usp000jak5,VRTB,data/processed/waveforms/usp000jak5_VRTB.mseed,2011-11-08T14:38:02.540000Z,,0.064,
usp000jakm,AGRB,data/processed/waveforms/usp000jakm_AGRB.mseed,2011-11-08T19:34:43.940000Z,2011-11-08T19:34:47.940000Z,0.171,0.349
usp000jakm,CUKT,data/processed/waveforms/usp000jakm_CUKT.mseed,2011-11-08T19:35:21.760000Z,2011-11-08T19:35:26.200000Z,0.159,0.056
usp000jan0,AGRB,data/processed/waveforms/usp000jan0_AGRB.mseed,2011-11-09T19:30:35.020000Z,2011-11-09T19:32:37.840000Z,0.026,0.11
usp000jan0,CUKT,data/processed/waveforms/usp000jan0_CUKT.mseed,2011-11-09T19:30:12.340000Z,2011-11-09T19:30:36.820000Z,0.159,0.08
usp000jan0,SVAN,data/processed/waveforms/usp000jan0_SVAN.mseed,2011-11-09T19:30:27.800000Z,,0.006,
usp000jan5,AGRB,data/processed/waveforms/usp000jan5_AGRB.mseed,2011-11-09T20:46:00.520000Z,2011-11-09T20:46:02.080000Z,0.1,0.067
usp000jan5,SVAN,data/processed/waveforms/usp000jan5_SVAN.mseed,2011-11-09T20:46:10.920000Z,2011-11-09T20:46:36.580000Z,0.155,0.173
usp000jan9,AGRB,data/processed/waveforms/usp000jan9_AGRB.mseed,2011-11-09T22:39:05.700000Z,2011-11-09T22:40:20.520000Z,0.024,0.051
usp000jan9,SVAN,data/processed/waveforms/usp000jan9_SVAN.mseed,2011-11-09T22:38:49.740000Z,2011-11-09T22:39:21.120000Z,0.032,0.03
usp000javr,CLDR,data/processed/waveforms/usp000javr_CLDR.mseed,2011-11-14T16:31:52.360000Z,,0.126,
usp000javr,AGRB,data/processed/waveforms/usp000javr_AGRB.mseed,2011-11-14T16:31:49.560000Z,,0.393,
usp000javr,VRTB,data/processed/waveforms/usp000javr_VRTB.mseed,2011-11-14T16:31:59.880000Z,,0.027,
usp000javz,CLDR,data/processed/waveforms/usp000javz_CLDR.mseed,2011-11-14T22:08:29.700000Z,2011-11-14T22:11:28.460000Z,0.415,0.003
usp000javz,AGRB,data/processed/waveforms/usp000javz_AGRB.mseed,2011-11-14T22:08:31.340000Z,2011-11-14T22:10:25.400000Z,0.523,0.003
usp000javz,VRTB,data/processed/waveforms/usp000javz_VRTB.mseed,2011-11-14T22:08:42.220000Z,2011-11-14T22:08:43.940000Z,0.334,0.125
usp000javz,CUKT,data/processed/waveforms/usp000javz_CUKT.mseed,2011-11-14T22:08:43.020000Z,2011-11-14T22:09:08.480000Z,0.374,0.105
usp000jayw,YEDI,data/processed/waveforms/usp000jayw_YEDI.mseed,2011-11-17T02:37:49.500000Z,,0.014,
usp000jayw,SVAN,data/processed/waveforms/usp000jayw_SVAN.mseed,2011-11-17T02:37:39.020000Z,2011-11-17T02:37:43.140000Z,0.083,0.025
usp000jayw,AGRB,data/processed/waveforms/usp000jayw_AGRB.mseed,2011-11-17T02:37:43.660000Z,2011-11-17T02:38:00.880000Z,0.152,0.248
usp000jb2m,CLDR,data/processed/waveforms/usp000jb2m_CLDR.mseed,2011-11-18T17:39:46.580000Z,2011-11-18T17:42:06.200000Z,0.56,0.016
usp000jb2m,AGRB,data/processed/waveforms/usp000jb2m_AGRB.mseed,2011-11-18T17:39:58.280000Z,2011-11-18T17:40:15.240000Z,0.273,0.03
usp000jb2m,TASB,data/processed/waveforms/usp000jb2m_TASB.mseed,2011-11-18T17:40:54.060000Z,,0.14,
usp000jb2m,CUKT,data/processed/waveforms/usp000jb2m_CUKT.mseed,2011-11-18T17:40:12.800000Z,2011-11-18T17:40:38.740000Z,0.481,0.003
usp000jb8a,CLDR,data/processed/waveforms/usp000jb8a_CLDR.mseed,2011-11-22T03:30:52.560000Z,,0.115,
usp000jb8a,AGRB,data/processed/waveforms/usp000jb8a_AGRB.mseed,2011-11-22T03:30:55.960000Z,2011-11-22T03:31:01.020000Z,0.072,0.12
usp000jb8a,CUKT,data/processed/waveforms/usp000jb8a_CUKT.mseed,2011-11-22T03:31:11.740000Z,2011-11-22T03:31:13.120000Z,0.043,0.013
usp000jb8a,VRTB,data/processed/waveforms/usp000jb8a_VRTB.mseed,2011-11-22T03:31:04.620000Z,2011-11-22T03:31:07.380000Z,0.009,0.113
usp000jbmn,CLDR,data/processed/waveforms/usp000jbmn_CLDR.mseed,2011-11-30T00:47:37.400000Z,,0.458,
usp000jbmn,AGRB,data/processed/waveforms/usp000jbmn_AGRB.mseed,2011-11-30T00:47:45.400000Z,2011-11-30T00:47:47.080000Z,0.123,0.181
usp000jbmn,CUKT,data/processed/waveforms/usp000jbmn_CUKT.mseed,2011-11-30T00:47:47.580000Z,,0.233,
usp000jbmn,TASB,data/processed/waveforms/usp000jbmn_TASB.mseed,2011-11-30T00:48:46.180000Z,,0.126,
usp000jbrf,CLDR,data/processed/waveforms/usp000jbrf_CLDR.mseed,2011-12-03T01:31:00.820000Z,,0.462,
usp000jbrf,AGRB,data/processed/waveforms/usp000jbrf_AGRB.mseed,2011-12-03T01:31:13.800000Z,,0.068,
usp000jbrf,TASB,data/processed/waveforms/usp000jbrf_TASB.mseed,2011-12-03T01:32:36.460000Z,,0.002,
usp000jbrf,CUKT,data/processed/waveforms/usp000jbrf_CUKT.mseed,2011-12-03T01:31:28.760000Z,,0.303,
usp000jbuq,DKL,data/processed/waveforms/usp000jbuq_DKL.mseed,2011-12-05T08:17:38.020000Z,,0.362,
usp000jbuq,EZN,data/processed/waveforms/usp000jbuq_EZN.mseed,2011-12-05T08:17:46.380000Z,,0.482,
usp000jbvv,CLDR,data/processed/waveforms/usp000jbvv_CLDR.mseed,2011-12-06T02:56:07.880000Z,,0.515,
usp000jbvv,AGRB,data/processed/waveforms/usp000jbvv_AGRB.mseed,2011-12-06T02:56:16.540000Z,2011-12-06T02:56:18.060000Z,0.31,0.186
usp000jbvv,TASB,data/processed/waveforms/usp000jbvv_TASB.mseed,2011-12-06T02:57:46.320000Z,,0.07,
usp000jbvv,CUKT,data/processed/waveforms/usp000jbvv_CUKT.mseed,2011-12-06T02:56:32.000000Z,2011-12-06T02:56:56.940000Z,0.121,0.047
usp000jbw9,SIRT,data/processed/waveforms/usp000jbw9_SIRT.mseed,2011-12-06T15:46:48.980000Z,2011-12-06T15:47:08.640000Z,0.308,0.295
usp000jbw9,CLDR,data/processed/waveforms/usp000jbw9_CLDR.mseed,2011-12-06T15:47:04.540000Z,2011-12-06T15:47:33.120000Z,0.058,0.006
usp000jd3j,CLDR,data/processed/waveforms/usp000jd3j_CLDR.mseed,2012-01-06T00:16:59.640000Z,,0.347,
usp000jd3j,AGRB,data/processed/waveforms/usp000jd3j_AGRB.mseed,2012-01-06T00:17:29.300000Z,,0.133,
usp000jdrj,CLDR,data/processed/waveforms/usp000jdrj_CLDR.mseed,2012-01-20T09:57:48.500000Z,,0.54,
usp000jdrj,AGRB,data/processed/waveforms/usp000jdrj_AGRB.mseed,2012-01-20T09:57:58.380000Z,,0.101,
usp000jdrj,TASB,data/processed/waveforms/usp000jdrj_TASB.mseed,2012-01-20T09:58:06.010000Z,2012-01-20T09:58:28.540000Z,0.028,0.282
usp000je47,CLDR,data/processed/waveforms/usp000je47_CLDR.mseed,2012-01-29T04:15:06.940000Z,,0.445,
usp000je47,CUKT,data/processed/waveforms/usp000je47_CUKT.mseed,2012-01-29T04:15:30.600000Z,2012-01-29T04:15:58.700000Z,0.084,0.051
usp000jj2d,SIMA,data/processed/waveforms/usp000jj2d_SIMA.mseed,2012-04-16T10:11:13.890000Z,2012-04-16T10:12:43.200000Z,0.497,0.324
usp000jj2d,TVSB,data/processed/waveforms/usp000jj2d_TVSB.mseed,2012-04-16T10:11:24.100000Z,,0.361,
usp000jj2d,KULA,data/processed/waveforms/usp000jj2d_KULA.mseed,2012-04-16T10:11:10.520000Z,2012-04-16T10:11:34.000000Z,0.241,0.279
usp000jj2d,BALB,data/processed/waveforms/usp000jj2d_BALB.mseed,2012-04-16T10:11:10.000000Z,2012-04-16T10:11:24.440000Z,0.18,0.377
usp000jjjz,GADA,data/processed/waveforms/usp000jjjz_GADA.mseed,2012-04-25T10:07:15.560000Z,,0.177,
usp000jjn3,SIMA,data/processed/waveforms/usp000jjn3_SIMA.mseed,2012-04-26T22:05:37.130000Z,2012-04-26T22:07:45.450000Z,0.565,0.178
usp000jjn3,TVSB,data/processed/waveforms/usp000jjn3_TVSB.mseed,2012-04-26T22:05:41.460000Z,2012-04-26T22:08:23.800000Z,0.552,0.217
usp000jjn3,KULA,data/processed/waveforms/usp000jjn3_KULA.mseed,2012-04-26T22:05:48.320000Z,2012-04-26T22:05:57.480000Z,0.367,0.35
usp000jjn3,BALB,data/processed/waveforms/usp000jjn3_BALB.mseed,2012-04-26T22:05:57.180000Z,,0.441,
usp000jjv2,AYDB,data/processed/waveforms/usp000jjv2_AYDB.mseed,2012-05-01T14:48:52.260000Z,,0.171,
usp000jjyr,SIMA,data/processed/waveforms/usp000jjyr_SIMA.mseed,2012-05-03T15:20:29.310000Z,2012-05-03T15:22:04.840000Z,0.565,0.232
usp000jjyr,TVSB,data/processed/waveforms/usp000jjyr_TVSB.mseed,2012-05-03T15:20:33.600000Z,,0.557,
usp000jjyr,KULA,data/processed/waveforms/usp000jjyr_KULA.mseed,2012-05-03T15:20:40.040000Z,2012-05-03T15:20:49.680000Z,0.515,0.326
usp000jjyr,BALB,data/processed/waveforms/usp000jjyr_BALB.mseed,2012-05-03T15:20:48.080000Z,2012-05-03T15:21:02.640000Z,0.469,0.142
usp000jmkj,FETY,data/processed/waveforms/usp000jmkj_FETY.mseed,2012-06-10T12:44:22.240000Z,,0.565,
usp000jmkj,DALY,data/processed/waveforms/usp000jmkj_DALY.mseed,2012-06-10T12:44:25.920000Z,,0.565,
usp000jmkk,FETY,data/processed/waveforms/usp000jmkk_FETY.mseed,2012-06-10T12:49:42.380000Z,2012-06-10T12:51:01.860000Z,0.446,0.2
usp000jmkk,DALY,data/processed/waveforms/usp000jmkk_DALY.mseed,2012-06-10T12:49:45.480000Z,2012-06-10T12:49:53.240000Z,0.155,0.502
usp000jmkw,FETY,data/processed/waveforms/usp000jmkw_FETY.mseed,2012-06-10T18:28:38.760000Z,2012-06-10T18:28:43.920000Z,0.564,0.244
usp000jmkw,DALY,data/processed/waveforms/usp000jmkw_DALY.mseed,2012-06-10T18:28:43.000000Z,,0.397,
usp000jmr8,SIRT,data/processed/waveforms/usp000jmr8_SIRT.mseed,2012-06-14T05:52:57.960000Z,,0.564,
usp000jmr8,SVAN,data/processed/waveforms/usp000jmr8_SVAN.mseed,2012-06-14T05:53:19.220000Z,2012-06-14T05:53:38.000000Z,0.501,0.43
usp000jmr8,GURO,data/processed/waveforms/usp000jmr8_GURO.mseed,2012-06-14T05:53:19.400000Z,2012-06-14T05:53:20.580000Z,0.37,0.156
usp000jmr8,MAZI,data/processed/waveforms/usp000jmr8_MAZI.mseed,2012-06-14T05:53:22.540000Z,,0.385,
usp000jmyc,SMAA,data/processed/waveforms/usp000jmyc_SMAA.mseed,2012-06-19T01:46:17.480000Z,,0.565,
usp000jmyc,SIMA,data/processed/waveforms/usp000jmyc_SIMA.mseed,2012-06-19T01:46:17.360000Z,,0.565,
usp000jmyc,GEDZ,data/processed/waveforms/usp000jmyc_GEDZ.mseed,2012-06-19T01:46:19.040000Z,,0.535,
usp000jmyc,TVSB,data/processed/waveforms/usp000jmyc_TVSB.mseed,2012-06-19T01:46:21.080000Z,,0.561,
usp000jn6q,CLDR,data/processed/waveforms/usp000jn6q_CLDR.mseed,2012-06-24T20:07:30.980000Z,,0.555,
usp000jn6q,AGRB,data/processed/waveforms/usp000jn6q_AGRB.mseed,2012-06-24T20:07:40.860000Z,2012-06-24T20:07:57.860000Z,0.449,0.015
usp000jn6q,GURO,data/processed/waveforms/usp000jn6q_GURO.mseed,2012-06-24T20:07:46.110000Z,2012-06-24T20:08:03.720000Z,0.205,0.113
usp000jn7f,FETY,data/processed/waveforms/usp000jn7f_FETY.mseed,2012-06-25T13:05:34.880000Z,,0.565,
usp000jn7f,DALY,data/processed/waveforms/usp000jn7f_DALY.mseed,2012-06-25T13:05:38.880000Z,,0.563,
usp000jn7f,DEMR,data/processed/waveforms/usp000jn7f_DEMR.mseed,2012-06-25T13:05:46.660000Z,,0.108,
usp000jnt4,FETY,data/processed/waveforms/usp000jnt4_FETY.mseed,2012-07-09T13:55:18.640000Z,2012-07-09T13:55:33.180000Z,0.558,0.285
usp000jnt4,DALY,data/processed/waveforms/usp000jnt4_DALY.mseed,2012-07-09T13:55:21.500000Z,2012-07-09T13:55:39.820000Z,0.557,0.005
usp000jpe0,CLDR,data/processed/waveforms/usp000jpe0_CLDR.mseed,2012-07-24T22:53:52.640000Z,,0.362,
usp000jpe0,AGRB,data/processed/waveforms/usp000jpe0_AGRB.mseed,2012-07-24T22:53:58.440000Z,2012-07-24T22:54:11.740000Z,0.062,0.128
usp000jpe0,GURO,data/processed/waveforms/usp000jpe0_GURO.mseed,2012-07-24T22:53:59.780000Z,2012-07-24T22:54:14.000000Z,0.049,0.071
usp000jpxn,SIRT,data/processed/waveforms/usp000jpxn_SIRT.mseed,2012-08-05T20:37:31.160000Z,,0.561,
usp000jpxn,CUKT,data/processed/waveforms/usp000jpxn_CUKT.mseed,2012-08-05T20:37:32.840000Z,,0.563,
usp000jpxn,GURO,data/processed/waveforms/usp000jpxn_GURO.mseed,2012-08-05T20:37:48.050000Z,2012-08-05T20:38:08.270000Z,0.304,0.283
usp000jpxn,SVAN,data/processed/waveforms/usp000jpxn_SVAN.mseed,2012-08-05T20:37:50.960000Z,2012-08-05T20:38:13.660000Z,0.516,0.482
usp000js8e,SIRT,data/processed/waveforms/usp000js8e_SIRT.mseed,2012-09-13T02:42:41.940000Z,2012-09-13T02:42:43.460000Z,0.443,0.112
usp000jsk2,GAZ,data/processed/waveforms/usp000jsk2_GAZ.mseed,2012-09-19T09:17:50.760000Z,,0.563,
usp000jsk2,KMRS,data/processed/waveforms/usp000jsk2_KMRS.mseed,2012-09-19T09:17:52.280000Z,2012-09-19T09:19:51.920000Z,0.536,0.027
usp000jsk2,TAHT,data/processed/waveforms/usp000jsk2_TAHT.mseed,2012-09-19T09:18:10.540000Z,2012-09-19T09:18:27.960000Z,0.523,0.406
usp000jsk2,DARE,data/processed/waveforms/usp000jsk2_DARE.mseed,2012-09-19T09:18:12.040000Z,2012-09-19T09:18:30.240000Z,0.319,0.4
usp000jt7k,DALY,data/processed/waveforms/usp000jt7k_DALY.mseed,2012-09-29T05:26:47.760000Z,2012-09-29T05:27:25.460000Z,0.018,0.002
usp000jt7k,FETY,data/processed/waveforms/usp000jt7k_FETY.mseed,2012-09-29T05:26:45.820000Z,,0.034,
usp000ju1f,GAZ,data/processed/waveforms/usp000ju1f_GAZ.mseed,2012-10-16T01:16:06.920000Z,,0.558,
usp000ju1f,KMRS,data/processed/waveforms/usp000ju1f_KMRS.mseed,2012-10-16T01:16:09.000000Z,,0.485,
usp000ju1f,TAHT,data/processed/waveforms/usp000ju1f_TAHT.mseed,2012-10-16T01:16:26.760000Z,,0.364,
usp000ju1f,KOZT,data/processed/waveforms/usp000ju1f_KOZT.mseed,2012-10-16T01:16:24.180000Z,,0.46,
usp000ju1s,GAZ,data/processed/waveforms/usp000ju1s_GAZ.mseed,2012-10-16T10:25:08.840000Z,,0.516,
usp000ju1s,KMRS,data/processed/waveforms/usp000ju1s_KMRS.mseed,2012-10-16T10:25:10.900000Z,,0.514,
usp000ju1s,KOZT,data/processed/waveforms/usp000ju1s_KOZT.mseed,2012-10-16T10:25:26.240000Z,2012-10-16T10:25:28.040000Z,0.376,0.127
usp000ju1s,TAHT,data/processed/waveforms/usp000ju1s_TAHT.mseed,2012-10-16T10:25:29.380000Z,2012-10-16T10:25:45.720000Z,0.331,0.287
usp000jvjf,GAZ,data/processed/waveforms/usp000jvjf_GAZ.mseed,2012-11-13T23:55:53.100000Z,,0.55,
usp000jvjf,KMRS,data/processed/waveforms/usp000jvjf_KMRS.mseed,2012-11-13T23:55:54.340000Z,,0.554,
usp000jvjf,KOZT,data/processed/waveforms/usp000jvjf_KOZT.mseed,2012-11-13T23:56:10.240000Z,,0.43,
usp000jvjf,DARE,data/processed/waveforms/usp000jvjf_DARE.mseed,2012-11-13T23:56:16.040000Z,,0.236,
usp000jvw1,ERZN,data/processed/waveforms/usp000jvw1_ERZN.mseed,2012-11-20T17:56:31.980000Z,2012-11-20T17:59:31.620000Z,0.553,0.182
usp000jvw1,YEDI,data/processed/waveforms/usp000jvw1_YEDI.mseed,2012-11-20T17:56:40.860000Z,2012-11-20T17:56:50.420000Z,0.013,0.317
usp000jvw1,PTK,data/processed/waveforms/usp000jvw1_PTK.mseed,2012-11-20T17:56:54.360000Z,,0.041,
usp000jw1b,DALY,data/processed/waveforms/usp000jw1b_DALY.mseed,2012-11-24T21:04:30.480000Z,2012-11-24T21:04:39.340000Z,0.048,0.29
usp000jw1b,MLSB,data/processed/waveforms/usp000jw1b_MLSB.mseed,2012-11-24T21:04:42.540000Z,,0.135,
usp000jxa7,CLDR,data/processed/waveforms/usp000jxa7_CLDR.mseed,2012-12-23T06:39:15.320000Z,,0.525,
usp000jxa7,AKDM,data/processed/waveforms/usp000jxa7_AKDM.mseed,2012-12-23T06:39:25.390000Z,2012-12-23T06:39:26.630000Z,0.216,0.188
usp000jxa7,CUKT,data/processed/waveforms/usp000jxa7_CUKT.mseed,2012-12-23T06:39:26.420000Z,2012-12-23T06:39:50.660000Z,0.352,0.175
usp000jxaj,CHOM,data/processed/waveforms/usp000jxaj_CHOM.mseed,2012-12-23T13:32:03.420000Z,2012-12-23T13:32:21.320000Z,0.528,0.138
usp000jxaj,CHAY,data/processed/waveforms/usp000jxaj_CHAY.mseed,2012-12-23T13:32:03.430000Z,,0.559,
usp000jxdg,BCA,data/processed/waveforms/usp000jxdg_BCA.mseed,2012-12-25T22:44:52.860000Z,,0.546,
usp000jxdg,CHOM,data/processed/waveforms/usp000jxdg_CHOM.mseed,2012-12-25T22:44:56.720000Z,2012-12-25T22:45:14.560000Z,0.493,0.286
usp000jxdg,CHAY,data/processed/waveforms/usp000jxdg_CHAY.mseed,2012-12-25T22:44:57.230000Z,,0.359,
usp000jybv,GADA,data/processed/waveforms/usp000jybv_GADA.mseed,2013-01-13T08:55:26.760000Z,2013-01-13T08:55:40.720000Z,0.475,0.131
usp000jybv,EZN,data/processed/waveforms/usp000jybv_EZN.mseed,2013-01-13T08:55:27.020000Z,,0.321,
